thisN,thisTrialN,thisRepN,trials.thisRepN,trials.thisTrialN,trials.thisN,trials.thisIndex,thisRow.t,notes,calibration.started,mouse_2.started,polygon_2.started,calibration.stopped,mouse_2.x,mouse_2.y,mouse_2.leftButton,mouse_2.midButton,mouse_2.rightButton,mouse_2.time,mouse_2.corr,trial.started,mouse.started,polygon.started,time_in_run,x_coord_mouse,y_coord_mouse,x_coord_target,y_coord_target,opacity,trial.stopped,participant,session,date,expName,psychopyVersion,frameRate,expStart,
,,,,,,,,,0.010542100004386157,0.010345000016968697,0.018703199981246144,4.44604559999425,[0.056666666666666664],[0.058333333333333334],[1],[0],[0],[4.435140700021293],[],,,,,,,,,,,407153,001,2025-07-15_10h01.00.695,ContPsyTracking,2024.2.4,159.19688352547558,2025-07-15 10h01.05.025414 +0100,
0,0,0,0,0,0,0,4.453593500016723,,,,,,,,,,,,,4.449175000016112,0.003066500008571893,4.453593500016723,3.007537841796875,-0.011666666666666667,0.0016666666666666668,0.03649657318569424,-0.012441255279214285,1.0,,407153,001,2025-07-15_10h01.00.695,ContPsyTracking,2024.2.4,159.19688352547558,2025-07-15 10h01.05.025414 +0100,
0,0,0,0,0,0,0,,,,,,,,,,,,,,,,,3.015636682510376,-0.011666666666666667,0.0016666666666666668,0.535581475384625,0.40013970019864303,1.0,,407153,001,2025-07-15_10h01.00.695,ContPsyTracking,2024.2.4,159.19688352547558,2025-07-15 10h01.05.025414 +0100,
0,0,0,0,0,0,0,,,,,,,,,,,,,,,,,3.0246450901031494,-0.011666666666666667,0.0016666666666666668,0.7137821024870314,-0.4951429418953159,1.0,,407153,001,2025-07-15_10h01.00.695,ContPsyTracking,2024.2.4,159.19688352547558,2025-07-15 10h01.05.025414 +0100,
0,0,0,0,0,0,0,,,,,,,,,,,,,,,,,3.0336616039276123,-0.011666666666666667,0.0016666666666666668,1.065084522405353,-0.9334667674303216,1.0,,407153,001,2025-07-15_10h01.00.695,ContPsyTracking,2024.2.4,159.19688352547558,2025-07-15 10h01.05.025414 +0100,
0,0,0,0,0,0,0,,,,,,,,,,,,,,,,,3.0427350997924805,-0.011666666666666667,0.0016666666666666668,0.7673642042637928,-1.265580250851904,1.0,,407153,001,2025-07-15_10h01.00.695,ContPsyTracking,2024.2.4,159.19688352547558,2025-07-15 10h01.05.025414 +0100,
0,0,0,0,0,0,0,,,,,,,,,,,,,,,,,3.051750898361206,-0.011666666666666667,0.0016666666666666668,0.8862941332627694,-1.377939086775498,1.0,,407153,001,2025-07-15_10h01.00.695,ContPsyTracking,2024.2.4,159.19688352547558,2025-07-15 10h01.05.025414 +0100,
0,0,0,0,0,0,0,,,,,,,,,,,,,,,,,3.060746669769287,-0.011666666666666667,0.0016666666666666668,0.7017844760369694,-1.3180711523317463,1.0,,407153,001,2025-07-15_10h01.00.695,ContPsyTracking,2024.2.4,159.19688352547558,2025-07-15 10h01.05.025414 +0100,
0,0,0,0,0,0,0,,,,,,,,,,,,,,,,,3.069751262664795,-0.011666666666666667,0.0016666666666666668,0.7041920722659678,-1.8189191849543964,1.0,,407153,001,2025-07-15_10h01.00.695,ContPsyTracking,2024.2.4,159.19688352547558,2025-07-15 10h01.05.025414 +0100,
0,0,0,0,0,0,0,,,,,,,,,,,,,,,,,3.0797524452209473,-0.011666666666666667,0.0016666666666666668,0.7862787659535365,-2.237496955090514,1.0,,407153,001,2025-07-15_10h01.00.695,ContPsyTracking,2024.2.4,159.19688352547558,2025-07-15 10h01.05.025414 +0100,
0,0,0,0,0,0,0,,,,,,,,,,,,,,,,,3.0877764225006104,-0.011666666666666667,0.0016666666666666668,1.2069339693487584,-1.6780661724479016,1.0,,407153,001,2025-07-15_10h01.00.695,ContPsyTracking,2024.2.4,159.19688352547558,2025-07-15 10h01.05.025414 +0100,
0,0,0,0,0,0,0,,,,,,,,,,,,,,,,,3.09779953956604,-0.006666666666666667,0.0016666666666666668,1.0046021730509964,-1.9158332334330561,1.0,,407153,001,2025-07-15_10h01.00.695,ContPsyTracking,2024.2.4,159.19688352547558,2025-07-15 10h01.05.025414 +0100,
0,0,0,0,0,0,0,,,,,,,,,,,,,,,,,3.105800151824951,-0.0016666666666666668,0.0,0.9769134827154465,-1.592483212773541,1.0,,407153,001,2025-07-15_10h01.00.695,ContPsyTracking,2024.2.4,159.19688352547558,2025-07-15 10h01.05.025414 +0100,
0,0,0,0,0,0,0,,,,,,,,,,,,,,,,,3.11579966545105,0.0,0.0,0.4496563481903808,-2.0181049402392084,1.0,,407153,001,2025-07-15_10h01.00.695,ContPsyTracking,2024.2.4,159.19688352547558,2025-07-15 10h01.05.025414 +0100,
0,0,0,0,0,0,0,,,,,,,,,,,,,,,,,3.124835252761841,0.0,0.0,0.5031923818971148,-2.0944130336181406,1.0,,407153,001,2025-07-15_10h01.00.695,ContPsyTracking,2024.2.4,159.19688352547558,2025-07-15 10h01.05.025414 +0100,
0,0,0,0,0,0,0,,,,,,,,,,,,,,,,,3.133833885192871,0.0,0.0,0.39515068309721707,-1.7131733844557022,1.0,,407153,001,2025-07-15_10h01.00.695,ContPsyTracking,2024.2.4,159.19688352547558,2025-07-15 10h01.05.025414 +0100,
0,0,0,0,0,0,0,,,,,,,,,,,,,,,,,3.142834186553955,0.0,0.0,0.5156991265558604,-1.8442392688798552,1.0,,407153,001,2025-07-15_10h01.00.695,ContPsyTracking,2024.2.4,159.19688352547558,2025-07-15 10h01.05.025414 +0100,
0,0,0,0,0,0,0,,,,,,,,,,,,,,,,,3.151834011077881,0.0,0.0,0.2006787140602933,-2.327875879017488,1.0,,407153,001,2025-07-15_10h01.00.695,ContPsyTracking,2024.2.4,159.19688352547558,2025-07-15 10h01.05.025414 +0100,
0,0,0,0,0,0,0,,,,,,,,,,,,,,,,,3.160851240158081,0.0,0.0,0.2046492896597882,-2.1309017258625897,1.0,,407153,001,2025-07-15_10h01.00.695,ContPsyTracking,2024.2.4,159.19688352547558,2025-07-15 10h01.05.025414 +0100,
0,0,0,0,0,0,0,,,,,,,,,,,,,,,,,3.169947862625122,0.0,0.0,0.3681875048304818,-2.5665012625549735,1.0,,407153,001,2025-07-15_10h01.00.695,ContPsyTracking,2024.2.4,159.19688352547558,2025-07-15 10h01.05.025414 +0100,
0,0,0,0,0,0,0,,,,,,,,,,,,,,,,,3.178947925567627,0.0033333333333333335,-0.0016666666666666668,0.24313982296787584,-2.5046972753325587,1.0,,407153,001,2025-07-15_10h01.00.695,ContPsyTracking,2024.2.4,159.19688352547558,2025-07-15 10h01.05.025414 +0100,
0,0,0,0,0,0,0,,,,,,,,,,,,,,,,,3.188948154449463,0.005,-0.0033333333333333335,0.4054194792501663,-2.981014251458291,1.0,,407153,001,2025-07-15_10h01.00.695,ContPsyTracking,2024.2.4,159.19688352547558,2025-07-15 10h01.05.025414 +0100,
0,0,0,0,0,0,0,,,,,,,,,,,,,,,,,3.1969475746154785,0.005,-0.0033333333333333335,0.24964190941953285,-3.4882837098749246,1.0,,407153,001,2025-07-15_10h01.00.695,ContPsyTracking,2024.2.4,159.19688352547558,2025-07-15 10h01.05.025414 +0100,
0,0,0,0,0,0,0,,,,,,,,,,,,,,,,,3.206997871398926,0.006666666666666667,-0.0033333333333333335,0.558679583047131,-2.884195561487559,1.0,,407153,001,2025-07-15_10h01.00.695,ContPsyTracking,2024.2.4,159.19688352547558,2025-07-15 10h01.05.025414 +0100,
0,0,0,0,0,0,0,,,,,,,,,,,,,,,,,3.2179980278015137,0.006666666666666667,-0.0033333333333333335,0.6956489521654039,-2.9737044673952275,1.0,,407153,001,2025-07-15_10h01.00.695,ContPsyTracking,2024.2.4,159.19688352547558,2025-07-15 10h01.05.025414 +0100,
0,0,0,0,0,0,0,,,,,,,,,,,,,,,,,3.2270989418029785,0.006666666666666667,-0.0033333333333333335,0.7695758442470486,-3.1780794532213186,1.0,,407153,001,2025-07-15_10h01.00.695,ContPsyTracking,2024.2.4,159.19688352547558,2025-07-15 10h01.05.025414 +0100,
0,0,0,0,0,0,0,,,,,,,,,,,,,,,,,3.2370989322662354,0.006666666666666667,-0.0033333333333333335,0.9953357767152309,-3.3979764765927145,1.0,,407153,001,2025-07-15_10h01.00.695,ContPsyTracking,2024.2.4,159.19688352547558,2025-07-15 10h01.05.025414 +0100,
0,0,0,0,0,0,0,,,,,,,,,,,,,,,,,3.246095895767212,0.006666666666666667,-0.0033333333333333335,0.9306899131277688,-3.53822919452591,1.0,,407153,001,2025-07-15_10h01.00.695,ContPsyTracking,2024.2.4,159.19688352547558,2025-07-15 10h01.05.025414 +0100,
0,0,0,0,0,0,0,,,,,,,,,,,,,,,,,3.2551066875457764,0.006666666666666667,-0.0033333333333333335,0.784155859232707,-3.7992619354113346,1.0,,407153,001,2025-07-15_10h01.00.695,ContPsyTracking,2024.2.4,159.19688352547558,2025-07-15 10h01.05.025414 +0100,
0,0,0,0,0,0,0,,,,,,,,,,,,,,,,,3.2641022205352783,0.006666666666666667,-0.0033333333333333335,0.5124702263982518,-3.692462761738219,1.0,,407153,001,2025-07-15_10h01.00.695,ContPsyTracking,2024.2.4,159.19688352547558,2025-07-15 10h01.05.025414 +0100,
0,0,0,0,0,0,0,,,,,,,,,,,,,,,,,3.273102283477783,0.008333333333333333,-0.0033333333333333335,1.0272734402715775,-3.533812379354221,1.0,,407153,001,2025-07-15_10h01.00.695,ContPsyTracking,2024.2.4,159.19688352547558,2025-07-15 10h01.05.025414 +0100,
0,0,0,0,0,0,0,,,,,,,,,,,,,,,,,3.2821028232574463,0.008333333333333333,-0.0033333333333333335,1.358161252637164,-3.512883474385202,1.0,,407153,001,2025-07-15_10h01.00.695,ContPsyTracking,2024.2.4,159.19688352547558,2025-07-15 10h01.05.025414 +0100,
0,0,0,0,0,0,0,,,,,,,,,,,,,,,,,3.2912449836730957,0.008333333333333333,-0.0033333333333333335,1.0503210107547085,-3.8117743866858023,1.0,,407153,001,2025-07-15_10h01.00.695,ContPsyTracking,2024.2.4,159.19688352547558,2025-07-15 10h01.05.025414 +0100,
0,0,0,0,0,0,0,,,,,,,,,,,,,,,,,3.3002541065216064,0.01,-0.0033333333333333335,1.4368526450237673,-3.6158631388799916,1.0,,407153,001,2025-07-15_10h01.00.695,ContPsyTracking,2024.2.4,159.19688352547558,2025-07-15 10h01.05.025414 +0100,
0,0,0,0,0,0,0,,,,,,,,,,,,,,,,,3.3092703819274902,0.011666666666666667,-0.0033333333333333335,1.3748694036156142,-3.8688005726807706,1.0,,407153,001,2025-07-15_10h01.00.695,ContPsyTracking,2024.2.4,159.19688352547558,2025-07-15 10h01.05.025414 +0100,
0,0,0,0,0,0,0,,,,,,,,,,,,,,,,,3.318270444869995,0.011666666666666667,-0.0033333333333333335,1.5910904405523465,-3.747089256806351,1.0,,407153,001,2025-07-15_10h01.00.695,ContPsyTracking,2024.2.4,159.19688352547558,2025-07-15 10h01.05.025414 +0100,
0,0,0,0,0,0,0,,,,,,,,,,,,,,,,,3.328305959701538,0.013333333333333334,-0.0033333333333333335,1.2635148718921976,-4.220520320043492,1.0,,407153,001,2025-07-15_10h01.00.695,ContPsyTracking,2024.2.4,159.19688352547558,2025-07-15 10h01.05.025414 +0100,
0,0,0,0,0,0,0,,,,,,,,,,,,,,,,,3.336305618286133,0.013333333333333334,-0.0033333333333333335,1.0033409991094322,-4.309694453510201,1.0,,407153,001,2025-07-15_10h01.00.695,ContPsyTracking,2024.2.4,159.19688352547558,2025-07-15 10h01.05.025414 +0100,
0,0,0,0,0,0,0,,,,,,,,,,,,,,,,,3.346306324005127,0.015,-0.0033333333333333335,1.198030196372756,-4.370727511105793,1.0,,407153,001,2025-07-15_10h01.00.695,ContPsyTracking,2024.2.4,159.19688352547558,2025-07-15 10h01.05.025414 +0100,
0,0,0,0,0,0,0,,,,,,,,,,,,,,,,,3.354322910308838,0.016666666666666666,-0.0033333333333333335,1.7123349385099371,-4.697903650170909,1.0,,407153,001,2025-07-15_10h01.00.695,ContPsyTracking,2024.2.4,159.19688352547558,2025-07-15 10h01.05.025414 +0100,
0,0,0,0,0,0,0,,,,,,,,,,,,,,,,,3.364330530166626,0.021666666666666667,-0.011666666666666667,2.4591063223238674,-4.464180029090009,1.0,,407153,001,2025-07-15_10h01.00.695,ContPsyTracking,2024.2.4,159.19688352547558,2025-07-15 10h01.05.025414 +0100,
0,0,0,0,0,0,0,,,,,,,,,,,,,,,,,3.3733303546905518,0.021666666666666667,-0.02,2.4962221897361077,-4.448513016984888,1.0,,407153,001,2025-07-15_10h01.00.695,ContPsyTracking,2024.2.4,159.19688352547558,2025-07-15 10h01.05.025414 +0100,
0,0,0,0,0,0,0,,,,,,,,,,,,,,,,,3.3823301792144775,0.023333333333333334,-0.03,2.552868796929498,-4.535487942989487,1.0,,407153,001,2025-07-15_10h01.00.695,ContPsyTracking,2024.2.4,159.19688352547558,2025-07-15 10h01.05.025414 +0100,
0,0,0,0,0,0,0,,,,,,,,,,,,,,,,,3.3913300037384033,0.025,-0.041666666666666664,2.176266214045546,-4.529679157356723,1.0,,407153,001,2025-07-15_10h01.00.695,ContPsyTracking,2024.2.4,159.19688352547558,2025-07-15 10h01.05.025414 +0100,
0,0,0,0,0,0,0,,,,,,,,,,,,,,,,,3.4003307819366455,0.02666666666666667,-0.05,2.671469208020811,-4.197207764313601,1.0,,407153,001,2025-07-15_10h01.00.695,ContPsyTracking,2024.2.4,159.19688352547558,2025-07-15 10h01.05.025414 +0100,
0,0,0,0,0,0,0,,,,,,,,,,,,,,,,,3.4093315601348877,0.03,-0.056666666666666664,1.9412307704642318,-3.9116459856060057,1.0,,407153,001,2025-07-15_10h01.00.695,ContPsyTracking,2024.2.4,159.19688352547558,2025-07-15 10h01.05.025414 +0100,
0,0,0,0,0,0,0,,,,,,,,,,,,,,,,,3.418332099914551,0.035,-0.065,2.0751719972115628,-3.136619821030336,1.0,,407153,001,2025-07-15_10h01.00.695,ContPsyTracking,2024.2.4,159.19688352547558,2025-07-15 10h01.05.025414 +0100,
0,0,0,0,0,0,0,,,,,,,,,,,,,,,,,3.4273316860198975,0.041666666666666664,-0.07166666666666667,2.118465483417472,-3.0054147132234554,1.0,,407153,001,2025-07-15_10h01.00.695,ContPsyTracking,2024.2.4,159.19688352547558,2025-07-15 10h01.05.025414 +0100,
0,0,0,0,0,0,0,,,,,,,,,,,,,,,,,3.4373321533203125,0.04833333333333333,-0.08166666666666667,2.0668728065594677,-2.8302831273865476,1.0,,407153,001,2025-07-15_10h01.00.695,ContPsyTracking,2024.2.4,159.19688352547558,2025-07-15 10h01.05.025414 +0100,
0,0,0,0,0,0,0,,,,,,,,,,,,,,,,,3.4453318119049072,0.055,-0.09666666666666666,1.945183943590927,-3.1473661348905435,1.0,,407153,001,2025-07-15_10h01.00.695,ContPsyTracking,2024.2.4,159.19688352547558,2025-07-15 10h01.05.025414 +0100,
0,0,0,0,0,0,0,,,,,,,,,,,,,,,,,3.456392526626587,0.06,-0.11166666666666666,1.7819847258759018,-2.879634760817441,1.0,,407153,001,2025-07-15_10h01.00.695,ContPsyTracking,2024.2.4,159.19688352547558,2025-07-15 10h01.05.025414 +0100,
0,0,0,0,0,0,0,,,,,,,,,,,,,,,,,3.4633336067199707,0.06166666666666667,-0.13,1.4723682631416173,-2.862625230872628,1.0,,407153,001,2025-07-15_10h01.00.695,ContPsyTracking,2024.2.4,159.19688352547558,2025-07-15 10h01.05.025414 +0100,
0,0,0,0,0,0,0,,,,,,,,,,,,,,,,,3.473346710205078,0.065,-0.155,1.2520435292366707,-2.985814101539052,1.0,,407153,001,2025-07-15_10h01.00.695,ContPsyTracking,2024.2.4,159.19688352547558,2025-07-15 10h01.05.025414 +0100,
0,0,0,0,0,0,0,,,,,,,,,,,,,,,,,3.4813485145568848,0.06833333333333333,-0.185,1.2706433494097589,-3.02904881064467,1.0,,407153,001,2025-07-15_10h01.00.695,ContPsyTracking,2024.2.4,159.19688352547558,2025-07-15 10h01.05.025414 +0100,
0,0,0,0,0,0,0,,,,,,,,,,,,,,,,,3.491347074508667,0.07333333333333333,-0.20333333333333334,0.9672401244963715,-3.010250891291225,1.0,,407153,001,2025-07-15_10h01.00.695,ContPsyTracking,2024.2.4,159.19688352547558,2025-07-15 10h01.05.025414 +0100,
0,0,0,0,0,0,0,,,,,,,,,,,,,,,,,3.5003421306610107,0.08,-0.225,1.0236365082614383,-3.2852973403249686,1.0,,407153,001,2025-07-15_10h01.00.695,ContPsyTracking,2024.2.4,159.19688352547558,2025-07-15 10h01.05.025414 +0100,
0,0,0,0,0,0,0,,,,,,,,,,,,,,,,,3.50935959815979,0.08666666666666667,-0.235,0.8686547831745841,-3.4060777062450147,1.0,,407153,001,2025-07-15_10h01.00.695,ContPsyTracking,2024.2.4,159.19688352547558,2025-07-15 10h01.05.025414 +0100,
0,0,0,0,0,0,0,,,,,,,,,,,,,,,,,3.5183722972869873,0.08833333333333333,-0.23833333333333334,1.0569675014388928,-2.9599582528824233,1.0,,407153,001,2025-07-15_10h01.00.695,ContPsyTracking,2024.2.4,159.19688352547558,2025-07-15 10h01.05.025414 +0100,
0,0,0,0,0,0,0,,,,,,,,,,,,,,,,,3.52736759185791,0.08833333333333333,-0.23833333333333334,1.1589573164194658,-2.8812387846603578,1.0,,407153,001,2025-07-15_10h01.00.695,ContPsyTracking,2024.2.4,159.19688352547558,2025-07-15 10h01.05.025414 +0100,
0,0,0,0,0,0,0,,,,,,,,,,,,,,,,,3.5363850593566895,0.08833333333333333,-0.23833333333333334,1.3305719565855998,-2.6285757012552757,1.0,,407153,001,2025-07-15_10h01.00.695,ContPsyTracking,2024.2.4,159.19688352547558,2025-07-15 10h01.05.025414 +0100,
0,0,0,0,0,0,0,,,,,,,,,,,,,,,,,3.5453853607177734,0.08833333333333333,-0.24,1.2033395055214902,-2.3767103623980304,1.0,,407153,001,2025-07-15_10h01.00.695,ContPsyTracking,2024.2.4,159.19688352547558,2025-07-15 10h01.05.025414 +0100,
0,0,0,0,0,0,0,,,,,,,,,,,,,,,,,3.5543973445892334,0.08833333333333333,-0.24,0.9190862853009243,-2.099531903447087,1.0,,407153,001,2025-07-15_10h01.00.695,ContPsyTracking,2024.2.4,159.19688352547558,2025-07-15 10h01.05.025414 +0100,
0,0,0,0,0,0,0,,,,,,,,,,,,,,,,,3.5644333362579346,0.08833333333333333,-0.24166666666666667,0.8880980112841379,-1.9759918642706122,1.0,,407153,001,2025-07-15_10h01.00.695,ContPsyTracking,2024.2.4,159.19688352547558,2025-07-15 10h01.05.025414 +0100,
0,0,0,0,0,0,0,,,,,,,,,,,,,,,,,3.5734331607818604,0.09166666666666666,-0.24666666666666667,0.618728174012039,-1.4045030978725173,1.0,,407153,001,2025-07-15_10h01.00.695,ContPsyTracking,2024.2.4,159.19688352547558,2025-07-15 10h01.05.025414 +0100,
0,0,0,0,0,0,0,,,,,,,,,,,,,,,,,3.5824332237243652,0.09333333333333334,-0.25,-0.14225962111463786,-1.3007983682418625,1.0,,407153,001,2025-07-15_10h01.00.695,ContPsyTracking,2024.2.4,159.19688352547558,2025-07-15 10h01.05.025414 +0100,
0,0,0,0,0,0,0,,,,,,,,,,,,,,,,,3.5914459228515625,0.09833333333333333,-0.25333333333333335,0.2705377464948195,-1.6908450494988672,1.0,,407153,001,2025-07-15_10h01.00.695,ContPsyTracking,2024.2.4,159.19688352547558,2025-07-15 10h01.05.025414 +0100,
0,0,0,0,0,0,0,,,,,,,,,,,,,,,,,3.600450277328491,0.1,-0.255,-0.09110373046032016,-1.554636261726205,1.0,,407153,001,2025-07-15_10h01.00.695,ContPsyTracking,2024.2.4,159.19688352547558,2025-07-15 10h01.05.025414 +0100,
0,0,0,0,0,0,0,,,,,,,,,,,,,,,,,3.6094470024108887,0.10166666666666667,-0.255,-0.5558663998400368,-1.9550594776438621,1.0,,407153,001,2025-07-15_10h01.00.695,ContPsyTracking,2024.2.4,159.19688352547558,2025-07-15 10h01.05.025414 +0100,
0,0,0,0,0,0,0,,,,,,,,,,,,,,,,,3.6184499263763428,0.10166666666666667,-0.255,-0.9081764920422474,-2.0603575702703343,1.0,,407153,001,2025-07-15_10h01.00.695,ContPsyTracking,2024.2.4,159.19688352547558,2025-07-15 10h01.05.025414 +0100,
0,0,0,0,0,0,0,,,,,,,,,,,,,,,,,3.627450466156006,0.10166666666666667,-0.255,-1.1093126621098552,-1.8437319543630855,1.0,,407153,001,2025-07-15_10h01.00.695,ContPsyTracking,2024.2.4,159.19688352547558,2025-07-15 10h01.05.025414 +0100,
0,0,0,0,0,0,0,,,,,,,,,,,,,,,,,3.6364502906799316,0.10166666666666667,-0.255,-1.701575346059296,-1.8687098153079893,1.0,,407153,001,2025-07-15_10h01.00.695,ContPsyTracking,2024.2.4,159.19688352547558,2025-07-15 10h01.05.025414 +0100,
0,0,0,0,0,0,0,,,,,,,,,,,,,,,,,3.6454455852508545,0.10166666666666667,-0.255,-0.8938087365961506,-2.1436347985706794,1.0,,407153,001,2025-07-15_10h01.00.695,ContPsyTracking,2024.2.4,159.19688352547558,2025-07-15 10h01.05.025414 +0100,
0,0,0,0,0,0,0,,,,,,,,,,,,,,,,,3.6554460525512695,0.10166666666666667,-0.255,-0.3845534477676499,-2.2432656383772938,1.0,,407153,001,2025-07-15_10h01.00.695,ContPsyTracking,2024.2.4,159.19688352547558,2025-07-15 10h01.05.025414 +0100,
0,0,0,0,0,0,0,,,,,,,,,,,,,,,,,3.663450002670288,0.10166666666666667,-0.255,-0.23468724692790016,-2.199738604679935,1.0,,407153,001,2025-07-15_10h01.00.695,ContPsyTracking,2024.2.4,159.19688352547558,2025-07-15 10h01.05.025414 +0100,
0,0,0,0,0,0,0,,,,,,,,,,,,,,,,,3.673449993133545,0.10166666666666667,-0.25166666666666665,-0.6901972149205666,-1.9765261801619247,1.0,,407153,001,2025-07-15_10h01.00.695,ContPsyTracking,2024.2.4,159.19688352547558,2025-07-15 10h01.05.025414 +0100,
0,0,0,0,0,0,0,,,,,,,,,,,,,,,,,3.6814498901367188,0.10166666666666667,-0.25,-0.05347452853922041,-1.8231632091345362,1.0,,407153,001,2025-07-15_10h01.00.695,ContPsyTracking,2024.2.4,159.19688352547558,2025-07-15 10h01.05.025414 +0100,
0,0,0,0,0,0,0,,,,,,,,,,,,,,,,,3.691457748413086,0.10166666666666667,-0.24833333333333332,-0.09001182509235456,-2.107668351072708,1.0,,407153,001,2025-07-15_10h01.00.695,ContPsyTracking,2024.2.4,159.19688352547558,2025-07-15 10h01.05.025414 +0100,
0,0,0,0,0,0,0,,,,,,,,,,,,,,,,,3.70045804977417,0.10166666666666667,-0.24833333333333332,0.3836309295216614,-2.618990549153185,1.0,,407153,001,2025-07-15_10h01.00.695,ContPsyTracking,2024.2.4,159.19688352547558,2025-07-15 10h01.05.025414 +0100,
0,0,0,0,0,0,0,,,,,,,,,,,,,,,,,3.7094576358795166,0.10166666666666667,-0.24666666666666667,0.46449389574282035,-2.2140715887202553,1.0,,407153,001,2025-07-15_10h01.00.695,ContPsyTracking,2024.2.4,159.19688352547558,2025-07-15 10h01.05.025414 +0100,
0,0,0,0,0,0,0,,,,,,,,,,,,,,,,,3.7184576988220215,0.10166666666666667,-0.24333333333333335,0.6541209335912683,-2.194822720842979,1.0,,407153,001,2025-07-15_10h01.00.695,ContPsyTracking,2024.2.4,159.19688352547558,2025-07-15 10h01.05.025414 +0100,
0,0,0,0,0,0,0,,,,,,,,,,,,,,,,,3.7274577617645264,0.10166666666666667,-0.24,0.6918862045645008,-1.9541973250016584,1.0,,407153,001,2025-07-15_10h01.00.695,ContPsyTracking,2024.2.4,159.19688352547558,2025-07-15 10h01.05.025414 +0100,
0,0,0,0,0,0,0,,,,,,,,,,,,,,,,,3.736476421356201,0.09833333333333333,-0.23333333333333334,1.0890399908896595,-1.6408638346148512,1.0,,407153,001,2025-07-15_10h01.00.695,ContPsyTracking,2024.2.4,159.19688352547558,2025-07-15 10h01.05.025414 +0100,
0,0,0,0,0,0,0,,,,,,,,,,,,,,,,,3.7455646991729736,0.09666666666666666,-0.22333333333333333,1.2137729630861533,-1.6912129285290414,1.0,,407153,001,2025-07-15_10h01.00.695,ContPsyTracking,2024.2.4,159.19688352547558,2025-07-15 10h01.05.025414 +0100,
0,0,0,0,0,0,0,,,,,,,,,,,,,,,,,3.754565715789795,0.09333333333333334,-0.21333333333333335,1.2945536665316641,-1.7145398341699245,1.0,,407153,001,2025-07-15_10h01.00.695,ContPsyTracking,2024.2.4,159.19688352547558,2025-07-15 10h01.05.025414 +0100,
0,0,0,0,0,0,0,,,,,,,,,,,,,,,,,3.7635653018951416,0.08833333333333333,-0.19666666666666666,1.2229516990101934,-1.5324677737785422,1.0,,407153,001,2025-07-15_10h01.00.695,ContPsyTracking,2024.2.4,159.19688352547558,2025-07-15 10h01.05.025414 +0100,
0,0,0,0,0,0,0,,,,,,,,,,,,,,,,,3.7725648880004883,0.08166666666666667,-0.17833333333333334,0.6614481550047953,-1.4436936964677032,1.0,,407153,001,2025-07-15_10h01.00.695,ContPsyTracking,2024.2.4,159.19688352547558,2025-07-15 10h01.05.025414 +0100,
0,0,0,0,0,0,0,,,,,,,,,,,,,,,,,3.7825653553009033,0.075,-0.16333333333333333,0.9421043711640656,-1.5326733844735974,1.0,,407153,001,2025-07-15_10h01.00.695,ContPsyTracking,2024.2.4,159.19688352547558,2025-07-15 10h01.05.025414 +0100,
0,0,0,0,0,0,0,,,,,,,,,,,,,,,,,3.790565013885498,0.06333333333333334,-0.14833333333333334,0.996457078100002,-1.615557142223944,1.0,,407153,001,2025-07-15_10h01.00.695,ContPsyTracking,2024.2.4,159.19688352547558,2025-07-15 10h01.05.025414 +0100,
0,0,0,0,0,0,0,,,,,,,,,,,,,,,,,3.800564765930176,0.055,-0.13833333333333334,0.4009149140537066,-1.7738639754436918,1.0,,407153,001,2025-07-15_10h01.00.695,ContPsyTracking,2024.2.4,159.19688352547558,2025-07-15 10h01.05.025414 +0100,
0,0,0,0,0,0,0,,,,,,,,,,,,,,,,,3.809589385986328,0.04833333333333333,-0.13166666666666665,0.4547414591864756,-2.082121327237919,1.0,,407153,001,2025-07-15_10h01.00.695,ContPsyTracking,2024.2.4,159.19688352547558,2025-07-15 10h01.05.025414 +0100,
0,0,0,0,0,0,0,,,,,,,,,,,,,,,,,3.818589448928833,0.043333333333333335,-0.13,0.5744625468139788,-1.9365774640546436,1.0,,407153,001,2025-07-15_10h01.00.695,ContPsyTracking,2024.2.4,159.19688352547558,2025-07-15 10h01.05.025414 +0100,
0,0,0,0,0,0,0,,,,,,,,,,,,,,,,,3.827589273452759,0.04,-0.12666666666666668,0.4142842654189983,-2.4210169396869485,1.0,,407153,001,2025-07-15_10h01.00.695,ContPsyTracking,2024.2.4,159.19688352547558,2025-07-15 10h01.05.025414 +0100,
0,0,0,0,0,0,0,,,,,,,,,,,,,,,,,3.836601972579956,0.03833333333333333,-0.12333333333333334,0.539388267198066,-1.8931078691909144,1.0,,407153,001,2025-07-15_10h01.00.695,ContPsyTracking,2024.2.4,159.19688352547558,2025-07-15 10h01.05.025414 +0100,
0,0,0,0,0,0,0,,,,,,,,,,,,,,,,,3.844602584838867,0.035,-0.12,0.22730353106596868,-1.9528676863247068,1.0,,407153,001,2025-07-15_10h01.00.695,ContPsyTracking,2024.2.4,159.19688352547558,2025-07-15 10h01.05.025414 +0100,
0,0,0,0,0,0,0,,,,,,,,,,,,,,,,,3.854696035385132,0.03166666666666667,-0.115,0.30657176346507015,-1.8921464610404604,1.0,,407153,001,2025-07-15_10h01.00.695,ContPsyTracking,2024.2.4,159.19688352547558,2025-07-15 10h01.05.025414 +0100,
0,0,0,0,0,0,0,,,,,,,,,,,,,,,,,3.863696813583374,0.03,-0.11,0.5850732951702512,-1.7960616612579317,1.0,,407153,001,2025-07-15_10h01.00.695,ContPsyTracking,2024.2.4,159.19688352547558,2025-07-15 10h01.05.025414 +0100,
0,0,0,0,0,0,0,,,,,,,,,,,,,,,,,3.87278413772583,0.02666666666666667,-0.10333333333333333,0.23536983273507156,-1.961999626992668,1.0,,407153,001,2025-07-15_10h01.00.695,ContPsyTracking,2024.2.4,159.19688352547558,2025-07-15 10h01.05.025414 +0100,
0,0,0,0,0,0,0,,,,,,,,,,,,,,,,,3.8818135261535645,0.023333333333333334,-0.09666666666666666,-0.04294599869300619,-1.983149725735461,1.0,,407153,001,2025-07-15_10h01.00.695,ContPsyTracking,2024.2.4,159.19688352547558,2025-07-15 10h01.05.025414 +0100,
0,0,0,0,0,0,0,,,,,,,,,,,,,,,,,3.8908305168151855,0.018333333333333333,-0.09,-0.37869059477202466,-2.164704238106599,1.0,,407153,001,2025-07-15_10h01.00.695,ContPsyTracking,2024.2.4,159.19688352547558,2025-07-15 10h01.05.025414 +0100,
0,0,0,0,0,0,0,,,,,,,,,,,,,,,,,3.899829864501953,0.013333333333333334,-0.08166666666666667,-0.47865378619943605,-2.038495202980488,1.0,,407153,001,2025-07-15_10h01.00.695,ContPsyTracking,2024.2.4,159.19688352547558,2025-07-15 10h01.05.025414 +0100,
0,0,0,0,0,0,0,,,,,,,,,,,,,,,,,3.9098258018493652,0.011666666666666667,-0.07666666666666666,-0.4234223027448074,-1.9781827906140976,1.0,,407153,001,2025-07-15_10h01.00.695,ContPsyTracking,2024.2.4,159.19688352547558,2025-07-15 10h01.05.025414 +0100,
0,0,0,0,0,0,0,,,,,,,,,,,,,,,,,3.917837381362915,0.011666666666666667,-0.07166666666666667,-0.15608347098866793,-1.7308603577722463,1.0,,407153,001,2025-07-15_10h01.00.695,ContPsyTracking,2024.2.4,159.19688352547558,2025-07-15 10h01.05.025414 +0100,
0,0,0,0,0,0,0,,,,,,,,,,,,,,,,,3.9278509616851807,0.008333333333333333,-0.06666666666666667,-0.31597978710392816,-2.1681914414989456,1.0,,407153,001,2025-07-15_10h01.00.695,ContPsyTracking,2024.2.4,159.19688352547558,2025-07-15 10h01.05.025414 +0100,
0,0,0,0,0,0,0,,,,,,,,,,,,,,,,,3.935945987701416,0.006666666666666667,-0.06,0.09745993087469174,-2.7405047771144133,1.0,,407153,001,2025-07-15_10h01.00.695,ContPsyTracking,2024.2.4,159.19688352547558,2025-07-15 10h01.05.025414 +0100,
0,0,0,0,0,0,0,,,,,,,,,,,,,,,,,3.945946455001831,0.005,-0.05333333333333334,0.1194435712021845,-2.828391507899119,1.0,,407153,001,2025-07-15_10h01.00.695,ContPsyTracking,2024.2.4,159.19688352547558,2025-07-15 10h01.05.025414 +0100,
0,0,0,0,0,0,0,,,,,,,,,,,,,,,,,3.9539456367492676,0.0033333333333333335,-0.04833333333333333,-0.39948694830919196,-2.968557993213881,1.0,,407153,001,2025-07-15_10h01.00.695,ContPsyTracking,2024.2.4,159.19688352547558,2025-07-15 10h01.05.025414 +0100,
0,0,0,0,0,0,0,,,,,,,,,,,,,,,,,3.9639995098114014,0.0,-0.041666666666666664,-0.43674141809151457,-2.789206643939474,1.0,,407153,001,2025-07-15_10h01.00.695,ContPsyTracking,2024.2.4,159.19688352547558,2025-07-15 10h01.05.025414 +0100,
0,0,0,0,0,0,0,,,,,,,,,,,,,,,,,3.9720120429992676,-0.0016666666666666668,-0.03666666666666667,-0.34607859291242665,-2.492567770075852,1.0,,407153,001,2025-07-15_10h01.00.695,ContPsyTracking,2024.2.4,159.19688352547558,2025-07-15 10h01.05.025414 +0100,
0,0,0,0,0,0,0,,,,,,,,,,,,,,,,,3.982012987136841,-0.0033333333333333335,-0.03333333333333333,-0.7154151601184511,-2.448408598818609,1.0,,407153,001,2025-07-15_10h01.00.695,ContPsyTracking,2024.2.4,159.19688352547558,2025-07-15 10h01.05.025414 +0100,
0,0,0,0,0,0,0,,,,,,,,,,,,,,,,,3.9900317192077637,-0.005,-0.03166666666666667,-0.28494869515485166,-2.2848809596654522,1.0,,407153,001,2025-07-15_10h01.00.695,ContPsyTracking,2024.2.4,159.19688352547558,2025-07-15 10h01.05.025414 +0100,
0,0,0,0,0,0,0,,,,,,,,,,,,,,,,,4.0000319480896,-0.005,-0.03166666666666667,-0.5368438437653273,-1.8863978842382374,1.0,,407153,001,2025-07-15_10h01.00.695,ContPsyTracking,2024.2.4,159.19688352547558,2025-07-15 10h01.05.025414 +0100,
0,0,0,0,0,0,0,,,,,,,,,,,,,,,,,4.008031845092773,-0.005,-0.03166666666666667,-1.262835710484298,-2.028439845465619,1.0,,407153,001,2025-07-15_10h01.00.695,ContPsyTracking,2024.2.4,159.19688352547558,2025-07-15 10h01.05.025414 +0100,
0,0,0,0,0,0,0,,,,,,,,,,,,,,,,,4.018031597137451,-0.005,-0.03166666666666667,-0.6637814295767962,-2.146625604350512,1.0,,407153,001,2025-07-15_10h01.00.695,ContPsyTracking,2024.2.4,159.19688352547558,2025-07-15 10h01.05.025414 +0100,
0,0,0,0,0,0,0,,,,,,,,,,,,,,,,,4.027031660079956,-0.005,-0.03166666666666667,-0.7087907664077064,-2.1256810911089556,1.0,,407153,001,2025-07-15_10h01.00.695,ContPsyTracking,2024.2.4,159.19688352547558,2025-07-15 10h01.05.025414 +0100,
0,0,0,0,0,0,0,,,,,,,,,,,,,,,,,4.037048578262329,-0.005,-0.03166666666666667,-0.6210426956555511,-1.6606829993161454,1.0,,407153,001,2025-07-15_10h01.00.695,ContPsyTracking,2024.2.4,159.19688352547558,2025-07-15 10h01.05.025414 +0100,
0,0,0,0,0,0,0,,,,,,,,,,,,,,,,,4.045048236846924,-0.005,-0.03166666666666667,0.33774281729956857,-1.6604654616422254,1.0,,407153,001,2025-07-15_10h01.00.695,ContPsyTracking,2024.2.4,159.19688352547558,2025-07-15 10h01.05.025414 +0100,
0,0,0,0,0,0,0,,,,,,,,,,,,,,,,,4.055049180984497,-0.005,-0.03166666666666667,0.5522600902778219,-0.7773346804194192,1.0,,407153,001,2025-07-15_10h01.00.695,ContPsyTracking,2024.2.4,159.19688352547558,2025-07-15 10h01.05.025414 +0100,
0,0,0,0,0,0,0,,,,,,,,,,,,,,,,,4.064045667648315,-0.005,-0.035,0.42178686997725406,-0.6783423714761246,1.0,,407153,001,2025-07-15_10h01.00.695,ContPsyTracking,2024.2.4,159.19688352547558,2025-07-15 10h01.05.025414 +0100,
0,0,0,0,0,0,0,,,,,,,,,,,,,,,,,4.073044538497925,-0.0033333333333333335,-0.04,0.39913818823417413,-0.6199100064044498,1.0,,407153,001,2025-07-15_10h01.00.695,ContPsyTracking,2024.2.4,159.19688352547558,2025-07-15 10h01.05.025414 +0100,
0,0,0,0,0,0,0,,,,,,,,,,,,,,,,,4.0810441970825195,-0.0033333333333333335,-0.045,0.48582171420978104,-1.360369463678706,1.0,,407153,001,2025-07-15_10h01.00.695,ContPsyTracking,2024.2.4,159.19688352547558,2025-07-15 10h01.05.025414 +0100,
0,0,0,0,0,0,0,,,,,,,,,,,,,,,,,4.091043949127197,-0.0016666666666666668,-0.051666666666666666,0.681664914179918,-1.6202608625699748,1.0,,407153,001,2025-07-15_10h01.00.695,ContPsyTracking,2024.2.4,159.19688352547558,2025-07-15 10h01.05.025414 +0100,
0,0,0,0,0,0,0,,,,,,,,,,,,,,,,,4.100044250488281,0.0,-0.056666666666666664,0.8817472037859275,-1.9786444539566685,1.0,,407153,001,2025-07-15_10h01.00.695,ContPsyTracking,2024.2.4,159.19688352547558,2025-07-15 10h01.05.025414 +0100,
0,0,0,0,0,0,0,,,,,,,,,,,,,,,,,4.109043836593628,0.0016666666666666668,-0.065,0.7692712994875321,-1.5855464085473483,1.0,,407153,001,2025-07-15_10h01.00.695,ContPsyTracking,2024.2.4,159.19688352547558,2025-07-15 10h01.05.025414 +0100,
0,0,0,0,0,0,0,,,,,,,,,,,,,,,,,4.118056535720825,0.0033333333333333335,-0.07333333333333333,1.4290198045802218,-1.3459986415026826,1.0,,407153,001,2025-07-15_10h01.00.695,ContPsyTracking,2024.2.4,159.19688352547558,2025-07-15 10h01.05.025414 +0100,
0,0,0,0,0,0,0,,,,,,,,,,,,,,,,,4.127056360244751,0.006666666666666667,-0.085,1.3831259420447406,-1.4634508853752164,1.0,,407153,001,2025-07-15_10h01.00.695,ContPsyTracking,2024.2.4,159.19688352547558,2025-07-15 10h01.05.025414 +0100,
0,0,0,0,0,0,0,,,,,,,,,,,,,,,,,4.136073350906372,0.01,-0.09833333333333333,0.9714057383704984,-1.3275512701513958,1.0,,407153,001,2025-07-15_10h01.00.695,ContPsyTracking,2024.2.4,159.19688352547558,2025-07-15 10h01.05.025414 +0100,
0,0,0,0,0,0,0,,,,,,,,,,,,,,,,,4.145068883895874,0.013333333333333334,-0.11166666666666666,0.9605783057387227,-1.2395460676117502,1.0,,407153,001,2025-07-15_10h01.00.695,ContPsyTracking,2024.2.4,159.19688352547558,2025-07-15 10h01.05.025414 +0100,
0,0,0,0,0,0,0,,,,,,,,,,,,,,,,,4.153069972991943,0.013333333333333334,-0.12666666666666668,1.314953261357015,-0.9419836933378345,1.0,,407153,001,2025-07-15_10h01.00.695,ContPsyTracking,2024.2.4,159.19688352547558,2025-07-15 10h01.05.025414 +0100,
0,0,0,0,0,0,0,,,,,,,,,,,,,,,,,4.163074731826782,0.011666666666666667,-0.14,1.0823984796854722,-0.8557885703571415,1.0,,407153,001,2025-07-15_10h01.00.695,ContPsyTracking,2024.2.4,159.19688352547558,2025-07-15 10h01.05.025414 +0100,
0,0,0,0,0,0,0,,,,,,,,,,,,,,,,,4.172085523605347,0.006666666666666667,-0.15333333333333332,0.5271770742701232,-1.1608006898106056,1.0,,407153,001,2025-07-15_10h01.00.695,ContPsyTracking,2024.2.4,159.19688352547558,2025-07-15 10h01.05.025414 +0100,
0,0,0,0,0,0,0,,,,,,,,,,,,,,,,,4.182092666625977,0.0033333333333333335,-0.16,0.30622187858135375,-1.1548248431850228,1.0,,407153,001,2025-07-15_10h01.00.695,ContPsyTracking,2024.2.4,159.19688352547558,2025-07-15 10h01.05.025414 +0100,
0,0,0,0,0,0,0,,,,,,,,,,,,,,,,,4.1900928020477295,0.0016666666666666668,-0.16166666666666665,0.4149070482511998,-1.1937112084153028,1.0,,407153,001,2025-07-15_10h01.00.695,ContPsyTracking,2024.2.4,159.19688352547558,2025-07-15 10h01.05.025414 +0100,
0,0,0,0,0,0,0,,,,,,,,,,,,,,,,,4.19609260559082,0.0016666666666666668,-0.16166666666666665,0.6359301959637889,-1.3608837947411998,1.0,,407153,001,2025-07-15_10h01.00.695,ContPsyTracking,2024.2.4,159.19688352547558,2025-07-15 10h01.05.025414 +0100,
0,0,0,0,0,0,0,,,,,,,,,,,,,,,,,4.202092409133911,0.0016666666666666668,-0.16166666666666665,0.886371158116041,-1.1188755008673932,1.0,,407153,001,2025-07-15_10h01.00.695,ContPsyTracking,2024.2.4,159.19688352547558,2025-07-15 10h01.05.025414 +0100,
0,0,0,0,0,0,0,,,,,,,,,,,,,,,,,4.208092451095581,0.0016666666666666668,-0.16166666666666665,0.35352348536203404,-1.0815018038243076,1.0,,407153,001,2025-07-15_10h01.00.695,ContPsyTracking,2024.2.4,159.19688352547558,2025-07-15 10h01.05.025414 +0100,
0,0,0,0,0,0,0,,,,,,,,,,,,,,,,,4.21811056137085,0.0016666666666666668,-0.16166666666666665,0.11404017090732887,-0.49192847335095413,1.0,,407153,001,2025-07-15_10h01.00.695,ContPsyTracking,2024.2.4,159.19688352547558,2025-07-15 10h01.05.025414 +0100,
0,0,0,0,0,0,0,,,,,,,,,,,,,,,,,4.226118803024292,0.0,-0.16166666666666665,0.10953882876086811,-1.1388464092663737,1.0,,407153,001,2025-07-15_10h01.00.695,ContPsyTracking,2024.2.4,159.19688352547558,2025-07-15 10h01.05.025414 +0100,
0,0,0,0,0,0,0,,,,,,,,,,,,,,,,,4.23611855506897,-0.0016666666666666668,-0.165,0.5889767524462122,-1.2781724268386905,1.0,,407153,001,2025-07-15_10h01.00.695,ContPsyTracking,2024.2.4,159.19688352547558,2025-07-15 10h01.05.025414 +0100,
0,0,0,0,0,0,0,,,,,,,,,,,,,,,,,4.244244813919067,-0.005,-0.16666666666666666,0.6439040736766711,-1.3594258377853596,1.0,,407153,001,2025-07-15_10h01.00.695,ContPsyTracking,2024.2.4,159.19688352547558,2025-07-15 10h01.05.025414 +0100,
0,0,0,0,0,0,0,,,,,,,,,,,,,,,,,4.25432825088501,-0.006666666666666667,-0.17,1.0532243667546632,-1.4940005768390874,1.0,,407153,001,2025-07-15_10h01.00.695,ContPsyTracking,2024.2.4,159.19688352547558,2025-07-15 10h01.05.025414 +0100,
0,0,0,0,0,0,0,,,,,,,,,,,,,,,,,4.262331962585449,-0.01,-0.17333333333333334,1.0389444953489892,-1.458487866321434,1.0,,407153,001,2025-07-15_10h01.00.695,ContPsyTracking,2024.2.4,159.19688352547558,2025-07-15 10h01.05.025414 +0100,
0,0,0,0,0,0,0,,,,,,,,,,,,,,,,,4.272348403930664,-0.01,-0.17333333333333334,0.9565488646906355,-1.1889988360599137,1.0,,407153,001,2025-07-15_10h01.00.695,ContPsyTracking,2024.2.4,159.19688352547558,2025-07-15 10h01.05.025414 +0100,
0,0,0,0,0,0,0,,,,,,,,,,,,,,,,,4.280341386795044,-0.01,-0.17333333333333334,0.5910264052642081,-1.216283169371362,1.0,,407153,001,2025-07-15_10h01.00.695,ContPsyTracking,2024.2.4,159.19688352547558,2025-07-15 10h01.05.025414 +0100,
0,0,0,0,0,0,0,,,,,,,,,,,,,,,,,4.290341377258301,-0.011666666666666667,-0.17333333333333334,0.06194167721866317,-0.9136494212048827,1.0,,407153,001,2025-07-15_10h01.00.695,ContPsyTracking,2024.2.4,159.19688352547558,2025-07-15 10h01.05.025414 +0100,
0,0,0,0,0,0,0,,,,,,,,,,,,,,,,,4.299341201782227,-0.011666666666666667,-0.17333333333333334,-0.4482570571164215,-0.750764119027609,1.0,,407153,001,2025-07-15_10h01.00.695,ContPsyTracking,2024.2.4,159.19688352547558,2025-07-15 10h01.05.025414 +0100,
0,0,0,0,0,0,0,,,,,,,,,,,,,,,,,4.3083600997924805,-0.013333333333333334,-0.17333333333333334,-0.6961822613981683,-0.964352227559486,1.0,,407153,001,2025-07-15_10h01.00.695,ContPsyTracking,2024.2.4,159.19688352547558,2025-07-15 10h01.05.025414 +0100,
0,0,0,0,0,0,0,,,,,,,,,,,,,,,,,4.317360162734985,-0.013333333333333334,-0.17166666666666666,-0.8299722157477727,-0.7750656539568492,1.0,,407153,001,2025-07-15_10h01.00.695,ContPsyTracking,2024.2.4,159.19688352547558,2025-07-15 10h01.05.025414 +0100,
0,0,0,0,0,0,0,,,,,,,,,,,,,,,,,4.327358722686768,-0.013333333333333334,-0.16833333333333333,-1.0629689831236757,-0.8134375863240491,1.0,,407153,001,2025-07-15_10h01.00.695,ContPsyTracking,2024.2.4,159.19688352547558,2025-07-15 10h01.05.025414 +0100,
0,0,0,0,0,0,0,,,,,,,,,,,,,,,,,4.335365295410156,-0.013333333333333334,-0.16333333333333333,-1.0632394905794402,-0.9699599196851998,1.0,,407153,001,2025-07-15_10h01.00.695,ContPsyTracking,2024.2.4,159.19688352547558,2025-07-15 10h01.05.025414 +0100,
0,0,0,0,0,0,0,,,,,,,,,,,,,,,,,4.345365524291992,-0.011666666666666667,-0.15666666666666668,-1.0324700177423822,-1.162149973039438,1.0,,407153,001,2025-07-15_10h01.00.695,ContPsyTracking,2024.2.4,159.19688352547558,2025-07-15 10h01.05.025414 +0100,
0,0,0,0,0,0,0,,,,,,,,,,,,,,,,,4.353365659713745,-0.008333333333333333,-0.15,-1.2135898292318203,-0.8680835057756151,1.0,,407153,001,2025-07-15_10h01.00.695,ContPsyTracking,2024.2.4,159.19688352547558,2025-07-15 10h01.05.025414 +0100,
0,0,0,0,0,0,0,,,,,,,,,,,,,,,,,4.363365650177002,-0.005,-0.14166666666666666,-0.859692541897018,-1.1998758169987445,1.0,,407153,001,2025-07-15_10h01.00.695,ContPsyTracking,2024.2.4,159.19688352547558,2025-07-15 10h01.05.025414 +0100,
0,0,0,0,0,0,0,,,,,,,,,,,,,,,,,4.371365308761597,-0.0033333333333333335,-0.13,-0.9763917658939435,-0.885901032013727,1.0,,407153,001,2025-07-15_10h01.00.695,ContPsyTracking,2024.2.4,159.19688352547558,2025-07-15 10h01.05.025414 +0100,
0,0,0,0,0,0,0,,,,,,,,,,,,,,,,,4.377365350723267,-0.0033333333333333335,-0.12,-0.9658463159334879,-0.5424930037704867,1.0,,407153,001,2025-07-15_10h01.00.695,ContPsyTracking,2024.2.4,159.19688352547558,2025-07-15 10h01.05.025414 +0100,
0,0,0,0,0,0,0,,,,,,,,,,,,,,,,,4.387383460998535,-0.0016666666666666668,-0.11166666666666666,-1.2925713987794005,-0.6925092993868202,1.0,,407153,001,2025-07-15_10h01.00.695,ContPsyTracking,2024.2.4,159.19688352547558,2025-07-15 10h01.05.025414 +0100,
0,0,0,0,0,0,0,,,,,,,,,,,,,,,,,4.395382881164551,-0.0016666666666666668,-0.09833333333333333,-1.3282944606529554,-0.649315308216729,1.0,,407153,001,2025-07-15_10h01.00.695,ContPsyTracking,2024.2.4,159.19688352547558,2025-07-15 10h01.05.025414 +0100,
0,0,0,0,0,0,0,,,,,,,,,,,,,,,,,4.401382923126221,-0.0016666666666666668,-0.08666666666666667,-1.3568932229097441,-0.2685727835119696,1.0,,407153,001,2025-07-15_10h01.00.695,ContPsyTracking,2024.2.4,159.19688352547558,2025-07-15 10h01.05.025414 +0100,
0,0,0,0,0,0,0,,,,,,,,,,,,,,,,,4.40738320350647,0.0,-0.07833333333333334,-1.538802954028948,0.28653502326413666,1.0,,407153,001,2025-07-15_10h01.00.695,ContPsyTracking,2024.2.4,159.19688352547558,2025-07-15 10h01.05.025414 +0100,
0,0,0,0,0,0,0,,,,,,,,,,,,,,,,,4.413383483886719,0.0016666666666666668,-0.07,-1.3763380346875689,0.4156011715945187,1.0,,407153,001,2025-07-15_10h01.00.695,ContPsyTracking,2024.2.4,159.19688352547558,2025-07-15 10h01.05.025414 +0100,
0,0,0,0,0,0,0,,,,,,,,,,,,,,,,,4.419480562210083,0.0033333333333333335,-0.06166666666666667,-0.8328048060610694,0.2323020096623354,1.0,,407153,001,2025-07-15_10h01.00.695,ContPsyTracking,2024.2.4,159.19688352547558,2025-07-15 10h01.05.025414 +0100,
0,0,0,0,0,0,0,,,,,,,,,,,,,,,,,4.425480365753174,0.005,-0.055,-0.6902444530742812,0.39507259966836733,1.0,,407153,001,2025-07-15_10h01.00.695,ContPsyTracking,2024.2.4,159.19688352547558,2025-07-15 10h01.05.025414 +0100,
0,0,0,0,0,0,0,,,,,,,,,,,,,,,,,4.431480646133423,0.01,-0.04833333333333333,-0.8734616139361153,-0.41111216815904356,1.0,,407153,001,2025-07-15_10h01.00.695,ContPsyTracking,2024.2.4,159.19688352547558,2025-07-15 10h01.05.025414 +0100,
0,0,0,0,0,0,0,,,,,,,,,,,,,,,,,4.4384801387786865,0.013333333333333334,-0.045,-0.9196406790592024,-0.10231873602005714,1.0,,407153,001,2025-07-15_10h01.00.695,ContPsyTracking,2024.2.4,159.19688352547558,2025-07-15 10h01.05.025414 +0100,
0,0,0,0,0,0,0,,,,,,,,,,,,,,,,,4.4444801807403564,0.016666666666666666,-0.04,-1.1882459979903548,0.11296510057542261,1.0,,407153,001,2025-07-15_10h01.00.695,ContPsyTracking,2024.2.4,159.19688352547558,2025-07-15 10h01.05.025414 +0100,
0,0,0,0,0,0,0,,,,,,,,,,,,,,,,,4.449479579925537,0.021666666666666667,-0.035,-1.1043880228962006,0.10549891530246641,1.0,,407153,001,2025-07-15_10h01.00.695,ContPsyTracking,2024.2.4,159.19688352547558,2025-07-15 10h01.05.025414 +0100,
0,0,0,0,0,0,0,,,,,,,,,,,,,,,,,4.456480026245117,0.023333333333333334,-0.03,-0.8488991478228025,0.20694556905905473,1.0,,407153,001,2025-07-15_10h01.00.695,ContPsyTracking,2024.2.4,159.19688352547558,2025-07-15 10h01.05.025414 +0100,
0,0,0,0,0,0,0,,,,,,,,,,,,,,,,,4.462480068206787,0.02666666666666667,-0.02666666666666667,-1.0525085215808232,0.5454849938410807,1.0,,407153,001,2025-07-15_10h01.00.695,ContPsyTracking,2024.2.4,159.19688352547558,2025-07-15 10h01.05.025414 +0100,
0,0,0,0,0,0,0,,,,,,,,,,,,,,,,,4.468479871749878,0.03,-0.025,-0.61883550663889,0.3619237320746994,1.0,,407153,001,2025-07-15_10h01.00.695,ContPsyTracking,2024.2.4,159.19688352547558,2025-07-15 10h01.05.025414 +0100,
0,0,0,0,0,0,0,,,,,,,,,,,,,,,,,4.474480390548706,0.03,-0.021666666666666667,-0.3469254374712594,0.15452446460287017,1.0,,407153,001,2025-07-15_10h01.00.695,ContPsyTracking,2024.2.4,159.19688352547558,2025-07-15 10h01.05.025414 +0100,
0,0,0,0,0,0,0,,,,,,,,,,,,,,,,,4.480479717254639,0.03166666666666667,-0.02,-0.3134408543854335,0.12476529059492375,1.0,,407153,001,2025-07-15_10h01.00.695,ContPsyTracking,2024.2.4,159.19688352547558,2025-07-15 10h01.05.025414 +0100,
0,0,0,0,0,0,0,,,,,,,,,,,,,,,,,4.486479759216309,0.03166666666666667,-0.02,-0.436435820465707,0.13020832573171734,1.0,,407153,001,2025-07-15_10h01.00.695,ContPsyTracking,2024.2.4,159.19688352547558,2025-07-15 10h01.05.025414 +0100,
0,0,0,0,0,0,0,,,,,,,,,,,,,,,,,4.492480039596558,0.03333333333333333,-0.016666666666666666,-0.03908974971158102,0.4359026861147417,1.0,,407153,001,2025-07-15_10h01.00.695,ContPsyTracking,2024.2.4,159.19688352547558,2025-07-15 10h01.05.025414 +0100,
0,0,0,0,0,0,0,,,,,,,,,,,,,,,,,4.498479843139648,0.03333333333333333,-0.016666666666666666,0.3469667505035864,0.4552094775840033,1.0,,407153,001,2025-07-15_10h01.00.695,ContPsyTracking,2024.2.4,159.19688352547558,2025-07-15 10h01.05.025414 +0100,
0,0,0,0,0,0,0,,,,,,,,,,,,,,,,,4.5044801235198975,0.03333333333333333,-0.016666666666666666,-0.35955948848162045,0.035247662368993404,1.0,,407153,001,2025-07-15_10h01.00.695,ContPsyTracking,2024.2.4,159.19688352547558,2025-07-15 10h01.05.025414 +0100,
0,0,0,0,0,0,0,,,,,,,,,,,,,,,,,4.5104804039001465,0.03333333333333333,-0.015,-0.7391425899440287,0.4848919094207298,1.0,,407153,001,2025-07-15_10h01.00.695,ContPsyTracking,2024.2.4,159.19688352547558,2025-07-15 10h01.05.025414 +0100,
0,0,0,0,0,0,0,,,,,,,,,,,,,,,,,4.516479969024658,0.03333333333333333,-0.015,-0.7966104782524035,0.6210483832710563,1.0,,407153,001,2025-07-15_10h01.00.695,ContPsyTracking,2024.2.4,159.19688352547558,2025-07-15 10h01.05.025414 +0100,
0,0,0,0,0,0,0,,,,,,,,,,,,,,,,,4.522479772567749,0.03333333333333333,-0.015,-0.6034037295774413,0.5591013089415579,1.0,,407153,001,2025-07-15_10h01.00.695,ContPsyTracking,2024.2.4,159.19688352547558,2025-07-15 10h01.05.025414 +0100,
0,0,0,0,0,0,0,,,,,,,,,,,,,,,,,4.52847957611084,0.03333333333333333,-0.015,-0.8555379491514641,0.37835001227432996,1.0,,407153,001,2025-07-15_10h01.00.695,ContPsyTracking,2024.2.4,159.19688352547558,2025-07-15 10h01.05.025414 +0100,
0,0,0,0,0,0,0,,,,,,,,,,,,,,,,,4.534496545791626,0.03333333333333333,-0.015,-1.0442001957504528,0.358034653277175,1.0,,407153,001,2025-07-15_10h01.00.695,ContPsyTracking,2024.2.4,159.19688352547558,2025-07-15 10h01.05.025414 +0100,
0,0,0,0,0,0,0,,,,,,,,,,,,,,,,,4.541503429412842,0.03333333333333333,-0.015,-0.8129899426709696,0.6322809649552351,1.0,,407153,001,2025-07-15_10h01.00.695,ContPsyTracking,2024.2.4,159.19688352547558,2025-07-15 10h01.05.025414 +0100,
0,0,0,0,0,0,0,,,,,,,,,,,,,,,,,4.5475075244903564,0.03333333333333333,-0.015,-1.2542403482733406,0.5620937732096787,1.0,,407153,001,2025-07-15_10h01.00.695,ContPsyTracking,2024.2.4,159.19688352547558,2025-07-15 10h01.05.025414 +0100,
0,0,0,0,0,0,0,,,,,,,,,,,,,,,,,4.553784132003784,0.03333333333333333,-0.015,-1.0610761015103265,0.382898553339304,1.0,,407153,001,2025-07-15_10h01.00.695,ContPsyTracking,2024.2.4,159.19688352547558,2025-07-15 10h01.05.025414 +0100,
0,0,0,0,0,0,0,,,,,,,,,,,,,,,,,4.562864780426025,0.03166666666666667,-0.018333333333333333,-0.9779004015538314,0.13651639505084368,1.0,,407153,001,2025-07-15_10h01.00.695,ContPsyTracking,2024.2.4,159.19688352547558,2025-07-15 10h01.05.025414 +0100,
0,0,0,0,0,0,0,,,,,,,,,,,,,,,,,4.57096004486084,0.028333333333333332,-0.02666666666666667,-0.7698002690253362,0.12638555025700668,1.0,,407153,001,2025-07-15_10h01.00.695,ContPsyTracking,2024.2.4,159.19688352547558,2025-07-15 10h01.05.025414 +0100,
0,0,0,0,0,0,0,,,,,,,,,,,,,,,,,4.576955556869507,0.025,-0.035,-1.2582865193785393,-0.035985099403203324,1.0,,407153,001,2025-07-15_10h01.00.695,ContPsyTracking,2024.2.4,159.19688352547558,2025-07-15 10h01.05.025414 +0100,
0,0,0,0,0,0,0,,,,,,,,,,,,,,,,,4.58296012878418,0.021666666666666667,-0.043333333333333335,-1.4568669591864352,-0.666235709234533,1.0,,407153,001,2025-07-15_10h01.00.695,ContPsyTracking,2024.2.4,159.19688352547558,2025-07-15 10h01.05.025414 +0100,
0,0,0,0,0,0,0,,,,,,,,,,,,,,,,,4.5899553298950195,0.02,-0.05,-1.0860145097660918,-0.4149576816771666,1.0,,407153,001,2025-07-15_10h01.00.695,ContPsyTracking,2024.2.4,159.19688352547558,2025-07-15 10h01.05.025414 +0100,
0,0,0,0,0,0,0,,,,,,,,,,,,,,,,,4.594959497451782,0.016666666666666666,-0.056666666666666664,-0.9702239978104362,-0.32833678895277907,1.0,,407153,001,2025-07-15_10h01.00.695,ContPsyTracking,2024.2.4,159.19688352547558,2025-07-15 10h01.05.025414 +0100,
0,0,0,0,0,0,0,,,,,,,,,,,,,,,,,4.600959777832031,0.015,-0.065,-0.6784813236162572,-0.6157206254696104,1.0,,407153,001,2025-07-15_10h01.00.695,ContPsyTracking,2024.2.4,159.19688352547558,2025-07-15 10h01.05.025414 +0100,
0,0,0,0,0,0,0,,,,,,,,,,,,,,,,,4.60797381401062,0.011666666666666667,-0.07,-0.6547709128681226,-0.5786938209036849,1.0,,407153,001,2025-07-15_10h01.00.695,ContPsyTracking,2024.2.4,159.19688352547558,2025-07-15 10h01.05.025414 +0100,
0,0,0,0,0,0,0,,,,,,,,,,,,,,,,,4.613987445831299,0.01,-0.07666666666666666,-0.6829777268745225,-0.6935967660136206,1.0,,407153,001,2025-07-15_10h01.00.695,ContPsyTracking,2024.2.4,159.19688352547558,2025-07-15 10h01.05.025414 +0100,
0,0,0,0,0,0,0,,,,,,,,,,,,,,,,,4.6199891567230225,0.006666666666666667,-0.08166666666666667,-0.9584429841830961,-0.4859681064538964,1.0,,407153,001,2025-07-15_10h01.00.695,ContPsyTracking,2024.2.4,159.19688352547558,2025-07-15 10h01.05.025414 +0100,
0,0,0,0,0,0,0,,,,,,,,,,,,,,,,,4.629989147186279,0.0033333333333333335,-0.08833333333333333,-1.1325131604546244,-0.8743702188796807,1.0,,407153,001,2025-07-15_10h01.00.695,ContPsyTracking,2024.2.4,159.19688352547558,2025-07-15 10h01.05.025414 +0100,
0,0,0,0,0,0,0,,,,,,,,,,,,,,,,,4.637989044189453,-0.005,-0.09333333333333334,-1.3880947352019164,-0.48228441444968795,1.0,,407153,001,2025-07-15_10h01.00.695,ContPsyTracking,2024.2.4,159.19688352547558,2025-07-15 10h01.05.025414 +0100,
0,0,0,0,0,0,0,,,,,,,,,,,,,,,,,4.643988847732544,-0.008333333333333333,-0.095,-1.3581379013014336,-0.07447084215005073,1.0,,407153,001,2025-07-15_10h01.00.695,ContPsyTracking,2024.2.4,159.19688352547558,2025-07-15 10h01.05.025414 +0100,
0,0,0,0,0,0,0,,,,,,,,,,,,,,,,,4.649989604949951,-0.01,-0.09666666666666666,-1.498362668728947,-0.2937623615352425,1.0,,407153,001,2025-07-15_10h01.00.695,ContPsyTracking,2024.2.4,159.19688352547558,2025-07-15 10h01.05.025414 +0100,
0,0,0,0,0,0,0,,,,,,,,,,,,,,,,,4.655989170074463,-0.013333333333333334,-0.09666666666666666,-1.8594157742712665,-0.49144791918231784,1.0,,407153,001,2025-07-15_10h01.00.695,ContPsyTracking,2024.2.4,159.19688352547558,2025-07-15 10h01.05.025414 +0100,
0,0,0,0,0,0,0,,,,,,,,,,,,,,,,,4.661989212036133,-0.013333333333333334,-0.09666666666666666,-2.1695964822316127,-0.169922972034863,1.0,,407153,001,2025-07-15_10h01.00.695,ContPsyTracking,2024.2.4,159.19688352547558,2025-07-15 10h01.05.025414 +0100,
0,0,0,0,0,0,0,,,,,,,,,,,,,,,,,4.667989253997803,-0.013333333333333334,-0.09666666666666666,-2.4312437695523306,-0.20212628056618617,1.0,,407153,001,2025-07-15_10h01.00.695,ContPsyTracking,2024.2.4,159.19688352547558,2025-07-15 10h01.05.025414 +0100,
0,0,0,0,0,0,0,,,,,,,,,,,,,,,,,4.673989295959473,-0.013333333333333334,-0.09666666666666666,-2.3690071666872825,-0.18213495179052241,1.0,,407153,001,2025-07-15_10h01.00.695,ContPsyTracking,2024.2.4,159.19688352547558,2025-07-15 10h01.05.025414 +0100,
0,0,0,0,0,0,0,,,,,,,,,,,,,,,,,4.6799890995025635,-0.013333333333333334,-0.09666666666666666,-2.361286064249771,-0.44349853897887564,1.0,,407153,001,2025-07-15_10h01.00.695,ContPsyTracking,2024.2.4,159.19688352547558,2025-07-15 10h01.05.025414 +0100,
0,0,0,0,0,0,0,,,,,,,,,,,,,,,,,4.686007738113403,-0.013333333333333334,-0.09666666666666666,-2.6348934096322414,-0.31603480860837707,1.0,,407153,001,2025-07-15_10h01.00.695,ContPsyTracking,2024.2.4,159.19688352547558,2025-07-15 10h01.05.025414 +0100,
0,0,0,0,0,0,0,,,,,,,,,,,,,,,,,4.692007303237915,-0.011666666666666667,-0.09166666666666666,-2.2875348563043754,-0.49448426660907285,1.0,,407153,001,2025-07-15_10h01.00.695,ContPsyTracking,2024.2.4,159.19688352547558,2025-07-15 10h01.05.025414 +0100,
0,0,0,0,0,0,0,,,,,,,,,,,,,,,,,4.699006080627441,-0.006666666666666667,-0.08833333333333333,-2.343514551916109,-0.6752556393625242,1.0,,407153,001,2025-07-15_10h01.00.695,ContPsyTracking,2024.2.4,159.19688352547558,2025-07-15 10h01.05.025414 +0100,
0,0,0,0,0,0,0,,,,,,,,,,,,,,,,,4.7090208530426025,-0.005,-0.08166666666666667,-1.8664031246296116,-0.9064458689191217,1.0,,407153,001,2025-07-15_10h01.00.695,ContPsyTracking,2024.2.4,159.19688352547558,2025-07-15 10h01.05.025414 +0100,
0,0,0,0,0,0,0,,,,,,,,,,,,,,,,,4.7170209884643555,0.0,-0.07,-1.1514399252476124,-0.43448288891136155,1.0,,407153,001,2025-07-15_10h01.00.695,ContPsyTracking,2024.2.4,159.19688352547558,2025-07-15 10h01.05.025414 +0100,
0,0,0,0,0,0,0,,,,,,,,,,,,,,,,,4.7270872592926025,0.0016666666666666668,-0.058333333333333334,-1.3798470940755596,-0.3053804379499704,1.0,,407153,001,2025-07-15_10h01.00.695,ContPsyTracking,2024.2.4,159.19688352547558,2025-07-15 10h01.05.025414 +0100,
0,0,0,0,0,0,0,,,,,,,,,,,,,,,,,4.735086679458618,0.0033333333333333335,-0.04666666666666667,-1.3345215650329414,-0.4956445046334693,1.0,,407153,001,2025-07-15_10h01.00.695,ContPsyTracking,2024.2.4,159.19688352547558,2025-07-15 10h01.05.025414 +0100,
0,0,0,0,0,0,0,,,,,,,,,,,,,,,,,4.745135307312012,0.0033333333333333335,-0.04,-0.7430405428345732,-0.5286554538934936,1.0,,407153,001,2025-07-15_10h01.00.695,ContPsyTracking,2024.2.4,159.19688352547558,2025-07-15 10h01.05.025414 +0100,
0,0,0,0,0,0,0,,,,,,,,,,,,,,,,,4.754135847091675,0.0,-0.03166666666666667,-0.6981162681734874,-0.48789587831643644,1.0,,407153,001,2025-07-15_10h01.00.695,ContPsyTracking,2024.2.4,159.19688352547558,2025-07-15 10h01.05.025414 +0100,
0,0,0,0,0,0,0,,,,,,,,,,,,,,,,,4.764156341552734,-0.0016666666666666668,-0.025,0.04528766369120418,-1.1914186008074346,1.0,,407153,001,2025-07-15_10h01.00.695,ContPsyTracking,2024.2.4,159.19688352547558,2025-07-15 10h01.05.025414 +0100,
0,0,0,0,0,0,0,,,,,,,,,,,,,,,,,4.772281885147095,-0.005,-0.02,-0.20531748362270713,-1.3842075528239859,1.0,,407153,001,2025-07-15_10h01.00.695,ContPsyTracking,2024.2.4,159.19688352547558,2025-07-15 10h01.05.025414 +0100,
0,0,0,0,0,0,0,,,,,,,,,,,,,,,,,4.782277584075928,-0.008333333333333333,-0.015,0.38628967154374033,-1.2591398981878168,1.0,,407153,001,2025-07-15_10h01.00.695,ContPsyTracking,2024.2.4,159.19688352547558,2025-07-15 10h01.05.025414 +0100,
0,0,0,0,0,0,0,,,,,,,,,,,,,,,,,4.7902820110321045,-0.01,-0.01,0.1831301570260838,-0.7656963714884313,1.0,,407153,001,2025-07-15_10h01.00.695,ContPsyTracking,2024.2.4,159.19688352547558,2025-07-15 10h01.05.025414 +0100,
0,0,0,0,0,0,0,,,,,,,,,,,,,,,,,4.800281286239624,-0.011666666666666667,-0.005,0.33899410159249055,-0.8659213187124918,1.0,,407153,001,2025-07-15_10h01.00.695,ContPsyTracking,2024.2.4,159.19688352547558,2025-07-15 10h01.05.025414 +0100,
0,0,0,0,0,0,0,,,,,,,,,,,,,,,,,4.80928111076355,-0.013333333333333334,0.0033333333333333335,-0.12653014031999021,-1.15630946715526,1.0,,407153,001,2025-07-15_10h01.00.695,ContPsyTracking,2024.2.4,159.19688352547558,2025-07-15 10h01.05.025414 +0100,
0,0,0,0,0,0,0,,,,,,,,,,,,,,,,,4.818277835845947,-0.015,0.008333333333333333,0.11463888480706083,-0.8562688816618461,1.0,,407153,001,2025-07-15_10h01.00.695,ContPsyTracking,2024.2.4,159.19688352547558,2025-07-15 10h01.05.025414 +0100,
0,0,0,0,0,0,0,,,,,,,,,,,,,,,,,4.82728123664856,-0.018333333333333333,0.013333333333333334,0.044638102381291844,-0.5913731770418836,1.0,,407153,001,2025-07-15_10h01.00.695,ContPsyTracking,2024.2.4,159.19688352547558,2025-07-15 10h01.05.025414 +0100,
0,0,0,0,0,0,0,,,,,,,,,,,,,,,,,4.836305141448975,-0.021666666666666667,0.021666666666666667,-0.2625784770470107,-0.6955412402786771,1.0,,407153,001,2025-07-15_10h01.00.695,ContPsyTracking,2024.2.4,159.19688352547558,2025-07-15 10h01.05.025414 +0100,
0,0,0,0,0,0,0,,,,,,,,,,,,,,,,,4.845307350158691,-0.02666666666666667,0.025,-0.10250731434635399,-0.7812965820069627,1.0,,407153,001,2025-07-15_10h01.00.695,ContPsyTracking,2024.2.4,159.19688352547558,2025-07-15 10h01.05.025414 +0100,
0,0,0,0,0,0,0,,,,,,,,,,,,,,,,,4.855307102203369,-0.03166666666666667,0.03166666666666667,-0.033139192741428763,-0.9646161863602403,1.0,,407153,001,2025-07-15_10h01.00.695,ContPsyTracking,2024.2.4,159.19688352547558,2025-07-15 10h01.05.025414 +0100,
0,0,0,0,0,0,0,,,,,,,,,,,,,,,,,4.863399505615234,-0.041666666666666664,0.03666666666666667,0.07752293981521315,-0.6187727694292945,1.0,,407153,001,2025-07-15_10h01.00.695,ContPsyTracking,2024.2.4,159.19688352547558,2025-07-15 10h01.05.025414 +0100,
0,0,0,0,0,0,0,,,,,,,,,,,,,,,,,4.87339973449707,-0.04666666666666667,0.04,-0.039953678890963004,-1.0481757684707789,1.0,,407153,001,2025-07-15_10h01.00.695,ContPsyTracking,2024.2.4,159.19688352547558,2025-07-15 10h01.05.025414 +0100,
0,0,0,0,0,0,0,,,,,,,,,,,,,,,,,4.881399631500244,-0.055,0.041666666666666664,0.17604009596026254,-1.1542922163762133,1.0,,407153,001,2025-07-15_10h01.00.695,ContPsyTracking,2024.2.4,159.19688352547558,2025-07-15 10h01.05.025414 +0100,
0,0,0,0,0,0,0,,,,,,,,,,,,,,,,,4.890554904937744,-0.058333333333333334,0.041666666666666664,0.7301100427023064,-1.202659406694067,1.0,,407153,001,2025-07-15_10h01.00.695,ContPsyTracking,2024.2.4,159.19688352547558,2025-07-15 10h01.05.025414 +0100,
0,0,0,0,0,0,0,,,,,,,,,,,,,,,,,4.899553298950195,-0.06,0.041666666666666664,0.7480150076390988,-0.584142570111704,1.0,,407153,001,2025-07-15_10h01.00.695,ContPsyTracking,2024.2.4,159.19688352547558,2025-07-15 10h01.05.025414 +0100,
0,0,0,0,0,0,0,,,,,,,,,,,,,,,,,4.908696174621582,-0.06333333333333334,0.03666666666666667,0.7511513951748122,-0.20038403550180822,1.0,,407153,001,2025-07-15_10h01.00.695,ContPsyTracking,2024.2.4,159.19688352547558,2025-07-15 10h01.05.025414 +0100,
0,0,0,0,0,0,0,,,,,,,,,,,,,,,,,4.917773246765137,-0.06333333333333334,0.028333333333333332,0.6066250308226997,-0.148296184081894,1.0,,407153,001,2025-07-15_10h01.00.695,ContPsyTracking,2024.2.4,159.19688352547558,2025-07-15 10h01.05.025414 +0100,
0,0,0,0,0,0,0,,,,,,,,,,,,,,,,,4.927783250808716,-0.065,0.018333333333333333,0.33872177114541896,-0.4761731569316619,1.0,,407153,001,2025-07-15_10h01.00.695,ContPsyTracking,2024.2.4,159.19688352547558,2025-07-15 10h01.05.025414 +0100,
0,0,0,0,0,0,0,,,,,,,,,,,,,,,,,4.935868740081787,-0.065,0.006666666666666667,0.8157423427276851,-0.9354467821565322,1.0,,407153,001,2025-07-15_10h01.00.695,ContPsyTracking,2024.2.4,159.19688352547558,2025-07-15 10h01.05.025414 +0100,
0,0,0,0,0,0,0,,,,,,,,,,,,,,,,,4.945957899093628,-0.06333333333333334,-0.008333333333333333,0.49058278232736735,-1.0119417855317205,1.0,,407153,001,2025-07-15_10h01.00.695,ContPsyTracking,2024.2.4,159.19688352547558,2025-07-15 10h01.05.025414 +0100,
0,0,0,0,0,0,0,,,,,,,,,,,,,,,,,4.953957557678223,-0.06,-0.023333333333333334,0.33581913759263143,-0.727309727882827,1.0,,407153,001,2025-07-15_10h01.00.695,ContPsyTracking,2024.2.4,159.19688352547558,2025-07-15 10h01.05.025414 +0100,
0,0,0,0,0,0,0,,,,,,,,,,,,,,,,,4.964033365249634,-0.056666666666666664,-0.04,0.3770012388795196,-0.764337788834928,1.0,,407153,001,2025-07-15_10h01.00.695,ContPsyTracking,2024.2.4,159.19688352547558,2025-07-15 10h01.05.025414 +0100,
0,0,0,0,0,0,0,,,,,,,,,,,,,,,,,4.9720494747161865,-0.051666666666666666,-0.058333333333333334,0.24373075964460547,-0.42947836561418384,1.0,,407153,001,2025-07-15_10h01.00.695,ContPsyTracking,2024.2.4,159.19688352547558,2025-07-15 10h01.05.025414 +0100,
0,0,0,0,0,0,0,,,,,,,,,,,,,,,,,4.982049465179443,-0.043333333333333335,-0.085,0.24700111117238288,-0.2747676416988593,1.0,,407153,001,2025-07-15_10h01.00.695,ContPsyTracking,2024.2.4,159.19688352547558,2025-07-15 10h01.05.025414 +0100,
0,0,0,0,0,0,0,,,,,,,,,,,,,,,,,4.990048885345459,-0.035,-0.115,0.09910078579625675,-0.024628421622114094,1.0,,407153,001,2025-07-15_10h01.00.695,ContPsyTracking,2024.2.4,159.19688352547558,2025-07-15 10h01.05.025414 +0100,
0,0,0,0,0,0,0,,,,,,,,,,,,,,,,,5.000056505203247,-0.03,-0.14,0.01137447226604163,-0.02498888543931652,1.0,,407153,001,2025-07-15_10h01.00.695,ContPsyTracking,2024.2.4,159.19688352547558,2025-07-15 10h01.05.025414 +0100,
0,0,0,0,0,0,0,,,,,,,,,,,,,,,,,5.009068965911865,-0.025,-0.16833333333333333,-0.13246664085909324,-0.4967115419707221,1.0,,407153,001,2025-07-15_10h01.00.695,ContPsyTracking,2024.2.4,159.19688352547558,2025-07-15 10h01.05.025414 +0100,
0,0,0,0,0,0,0,,,,,,,,,,,,,,,,,5.018069505691528,-0.021666666666666667,-0.18166666666666667,-0.7614337594457573,-0.3287343129191509,1.0,,407153,001,2025-07-15_10h01.00.695,ContPsyTracking,2024.2.4,159.19688352547558,2025-07-15 10h01.05.025414 +0100,
0,0,0,0,0,0,0,,,,,,,,,,,,,,,,,5.027220964431763,-0.02,-0.19166666666666668,-0.4474098907278876,-0.4126033440664977,1.0,,407153,001,2025-07-15_10h01.00.695,ContPsyTracking,2024.2.4,159.19688352547558,2025-07-15 10h01.05.025414 +0100,
0,0,0,0,0,0,0,,,,,,,,,,,,,,,,,5.036220550537109,-0.02,-0.19666666666666666,-0.6363439214005204,-0.3932632856572098,1.0,,407153,001,2025-07-15_10h01.00.695,ContPsyTracking,2024.2.4,159.19688352547558,2025-07-15 10h01.05.025414 +0100,
0,0,0,0,0,0,0,,,,,,,,,,,,,,,,,5.045248031616211,-0.02,-0.2,-1.0939525692717278,-0.12045321396480468,1.0,,407153,001,2025-07-15_10h01.00.695,ContPsyTracking,2024.2.4,159.19688352547558,2025-07-15 10h01.05.025414 +0100,
0,0,0,0,0,0,0,,,,,,,,,,,,,,,,,5.054343938827515,-0.018333333333333333,-0.20333333333333334,-1.6064699239426434,-0.2103297896342263,1.0,,407153,001,2025-07-15_10h01.00.695,ContPsyTracking,2024.2.4,159.19688352547558,2025-07-15 10h01.05.025414 +0100,
0,0,0,0,0,0,0,,,,,,,,,,,,,,,,,5.06334924697876,-0.015,-0.21,-1.630624718060555,-0.2726264742530351,1.0,,407153,001,2025-07-15_10h01.00.695,ContPsyTracking,2024.2.4,159.19688352547558,2025-07-15 10h01.05.025414 +0100,
0,0,0,0,0,0,0,,,,,,,,,,,,,,,,,5.073360204696655,-0.01,-0.215,-1.796532474162312,0.2519068776078821,1.0,,407153,001,2025-07-15_10h01.00.695,ContPsyTracking,2024.2.4,159.19688352547558,2025-07-15 10h01.05.025414 +0100,
0,0,0,0,0,0,0,,,,,,,,,,,,,,,,,5.081360340118408,-0.0033333333333333335,-0.21833333333333332,-1.5005325471601798,0.33835032686305216,1.0,,407153,001,2025-07-15_10h01.00.695,ContPsyTracking,2024.2.4,159.19688352547558,2025-07-15 10h01.05.025414 +0100,
0,0,0,0,0,0,0,,,,,,,,,,,,,,,,,5.091405153274536,0.005,-0.22166666666666668,-1.5161807190506724,0.26004644857556314,1.0,,407153,001,2025-07-15_10h01.00.695,ContPsyTracking,2024.2.4,159.19688352547558,2025-07-15 10h01.05.025414 +0100,
0,0,0,0,0,0,0,,,,,,,,,,,,,,,,,5.099418878555298,0.008333333333333333,-0.22166666666666668,-1.5294566569023125,0.3248941975549745,1.0,,407153,001,2025-07-15_10h01.00.695,ContPsyTracking,2024.2.4,159.19688352547558,2025-07-15 10h01.05.025414 +0100,
0,0,0,0,0,0,0,,,,,,,,,,,,,,,,,5.109520673751831,0.013333333333333334,-0.21833333333333332,-1.3546083923091234,0.26623873407295034,1.0,,407153,001,2025-07-15_10h01.00.695,ContPsyTracking,2024.2.4,159.19688352547558,2025-07-15 10h01.05.025414 +0100,
0,0,0,0,0,0,0,,,,,,,,,,,,,,,,,5.1175217628479,0.016666666666666666,-0.21333333333333335,-1.6108336074762495,0.6146178002836419,1.0,,407153,001,2025-07-15_10h01.00.695,ContPsyTracking,2024.2.4,159.19688352547558,2025-07-15 10h01.05.025414 +0100,
0,0,0,0,0,0,0,,,,,,,,,,,,,,,,,5.127644777297974,0.018333333333333333,-0.205,-1.088727541067159,0.45521999619982567,1.0,,407153,001,2025-07-15_10h01.00.695,ContPsyTracking,2024.2.4,159.19688352547558,2025-07-15 10h01.05.025414 +0100,
0,0,0,0,0,0,0,,,,,,,,,,,,,,,,,5.135710954666138,0.021666666666666667,-0.19666666666666666,-0.9079470241804359,0.9520300954468299,1.0,,407153,001,2025-07-15_10h01.00.695,ContPsyTracking,2024.2.4,159.19688352547558,2025-07-15 10h01.05.025414 +0100,
0,0,0,0,0,0,0,,,,,,,,,,,,,,,,,5.145711421966553,0.023333333333333334,-0.18833333333333332,-1.008158862262868,0.8988375190632927,1.0,,407153,001,2025-07-15_10h01.00.695,ContPsyTracking,2024.2.4,159.19688352547558,2025-07-15 10h01.05.025414 +0100,
0,0,0,0,0,0,0,,,,,,,,,,,,,,,,,5.153735399246216,0.02666666666666667,-0.17833333333333334,-0.9309856913288778,1.0474647978802851,1.0,,407153,001,2025-07-15_10h01.00.695,ContPsyTracking,2024.2.4,159.19688352547558,2025-07-15 10h01.05.025414 +0100,
0,0,0,0,0,0,0,,,,,,,,,,,,,,,,,5.163739204406738,0.03,-0.16833333333333333,-1.1354958422703836,1.3388215899964984,1.0,,407153,001,2025-07-15_10h01.00.695,ContPsyTracking,2024.2.4,159.19688352547558,2025-07-15 10h01.05.025414 +0100,
0,0,0,0,0,0,0,,,,,,,,,,,,,,,,,5.172830820083618,0.03333333333333333,-0.15666666666666668,-1.7906134785183152,1.9808956998161409,1.0,,407153,001,2025-07-15_10h01.00.695,ContPsyTracking,2024.2.4,159.19688352547558,2025-07-15 10h01.05.025414 +0100,
0,0,0,0,0,0,0,,,,,,,,,,,,,,,,,5.181966781616211,0.03833333333333333,-0.14666666666666667,-1.9094749188029565,1.7815928393214049,1.0,,407153,001,2025-07-15_10h01.00.695,ContPsyTracking,2024.2.4,159.19688352547558,2025-07-15 10h01.05.025414 +0100,
0,0,0,0,0,0,0,,,,,,,,,,,,,,,,,5.189966917037964,0.041666666666666664,-0.13333333333333333,-1.8224901925111034,1.9090336429314136,1.0,,407153,001,2025-07-15_10h01.00.695,ContPsyTracking,2024.2.4,159.19688352547558,2025-07-15 10h01.05.025414 +0100,
0,0,0,0,0,0,0,,,,,,,,,,,,,,,,,5.1999664306640625,0.041666666666666664,-0.125,-1.3911437162900742,1.0930912511155517,1.0,,407153,001,2025-07-15_10h01.00.695,ContPsyTracking,2024.2.4,159.19688352547558,2025-07-15 10h01.05.025414 +0100,
0,0,0,0,0,0,0,,,,,,,,,,,,,,,,,5.208966493606567,0.041666666666666664,-0.11166666666666666,-1.8026588039028284,1.4347324318528472,1.0,,407153,001,2025-07-15_10h01.00.695,ContPsyTracking,2024.2.4,159.19688352547558,2025-07-15 10h01.05.025414 +0100,
0,0,0,0,0,0,0,,,,,,,,,,,,,,,,,5.217978477478027,0.041666666666666664,-0.10166666666666667,-1.6993598499240972,1.6193528492138927,1.0,,407153,001,2025-07-15_10h01.00.695,ContPsyTracking,2024.2.4,159.19688352547558,2025-07-15 10h01.05.025414 +0100,
0,0,0,0,0,0,0,,,,,,,,,,,,,,,,,5.226978540420532,0.04,-0.08833333333333333,-1.2209165532496393,1.10304335647371,1.0,,407153,001,2025-07-15_10h01.00.695,ContPsyTracking,2024.2.4,159.19688352547558,2025-07-15 10h01.05.025414 +0100,
0,0,0,0,0,0,0,,,,,,,,,,,,,,,,,5.236973762512207,0.03666666666666667,-0.075,-0.8831187590890748,1.1948646351561747,1.0,,407153,001,2025-07-15_10h01.00.695,ContPsyTracking,2024.2.4,159.19688352547558,2025-07-15 10h01.05.025414 +0100,
0,0,0,0,0,0,0,,,,,,,,,,,,,,,,,5.244978666305542,0.03166666666666667,-0.06333333333333334,-0.5095293191427612,0.9932134719499655,1.0,,407153,001,2025-07-15_10h01.00.695,ContPsyTracking,2024.2.4,159.19688352547558,2025-07-15 10h01.05.025414 +0100,
0,0,0,0,0,0,0,,,,,,,,,,,,,,,,,5.254978656768799,0.02666666666666667,-0.051666666666666666,-0.4816268176779696,0.35611531835083376,1.0,,407153,001,2025-07-15_10h01.00.695,ContPsyTracking,2024.2.4,159.19688352547558,2025-07-15 10h01.05.025414 +0100,
0,0,0,0,0,0,0,,,,,,,,,,,,,,,,,5.2629783153533936,0.021666666666666667,-0.043333333333333335,-0.4524168883921795,0.6298649775334875,1.0,,407153,001,2025-07-15_10h01.00.695,ContPsyTracking,2024.2.4,159.19688352547558,2025-07-15 10h01.05.025414 +0100,
0,0,0,0,0,0,0,,,,,,,,,,,,,,,,,5.272990703582764,0.015,-0.03333333333333333,-0.18462859987582048,0.48646352484843747,1.0,,407153,001,2025-07-15_10h01.00.695,ContPsyTracking,2024.2.4,159.19688352547558,2025-07-15 10h01.05.025414 +0100,
0,0,0,0,0,0,0,,,,,,,,,,,,,,,,,5.280991315841675,0.01,-0.023333333333333334,-0.2803820111973005,0.3979454582004629,1.0,,407153,001,2025-07-15_10h01.00.695,ContPsyTracking,2024.2.4,159.19688352547558,2025-07-15 10h01.05.025414 +0100,
0,0,0,0,0,0,0,,,,,,,,,,,,,,,,,5.291008949279785,0.008333333333333333,-0.018333333333333333,-0.3834008787130651,1.0078171147711381,1.0,,407153,001,2025-07-15_10h01.00.695,ContPsyTracking,2024.2.4,159.19688352547558,2025-07-15 10h01.05.025414 +0100,
0,0,0,0,0,0,0,,,,,,,,,,,,,,,,,5.299013376235962,0.006666666666666667,-0.013333333333333334,-0.11583143670667662,0.4275485952205329,1.0,,407153,001,2025-07-15_10h01.00.695,ContPsyTracking,2024.2.4,159.19688352547558,2025-07-15 10h01.05.025414 +0100,
0,0,0,0,0,0,0,,,,,,,,,,,,,,,,,5.309074878692627,0.005,-0.006666666666666667,-0.26295286140398566,0.5335505782517108,1.0,,407153,001,2025-07-15_10h01.00.695,ContPsyTracking,2024.2.4,159.19688352547558,2025-07-15 10h01.05.025414 +0100,
0,0,0,0,0,0,0,,,,,,,,,,,,,,,,,5.318084001541138,0.0033333333333333335,-0.0016666666666666668,-0.08017380952214187,0.7480945215681777,1.0,,407153,001,2025-07-15_10h01.00.695,ContPsyTracking,2024.2.4,159.19688352547558,2025-07-15 10h01.05.025414 +0100,
0,0,0,0,0,0,0,,,,,,,,,,,,,,,,,5.327179670333862,0.0016666666666666668,0.005,-0.7958476360128699,0.7476778270596902,1.0,,407153,001,2025-07-15_10h01.00.695,ContPsyTracking,2024.2.4,159.19688352547558,2025-07-15 10h01.05.025414 +0100,
0,0,0,0,0,0,0,,,,,,,,,,,,,,,,,5.335175275802612,-0.0016666666666666668,0.011666666666666667,-0.5366926400196284,0.8185974809681809,1.0,,407153,001,2025-07-15_10h01.00.695,ContPsyTracking,2024.2.4,159.19688352547558,2025-07-15 10h01.05.025414 +0100,
0,0,0,0,0,0,0,,,,,,,,,,,,,,,,,5.345179796218872,-0.006666666666666667,0.018333333333333333,-1.2692203258765224,0.8077105114602847,1.0,,407153,001,2025-07-15_10h01.00.695,ContPsyTracking,2024.2.4,159.19688352547558,2025-07-15 10h01.05.025414 +0100,
0,0,0,0,0,0,0,,,,,,,,,,,,,,,,,5.3541975021362305,-0.011666666666666667,0.02666666666666667,-1.2561632753976852,0.7659919591107285,1.0,,407153,001,2025-07-15_10h01.00.695,ContPsyTracking,2024.2.4,159.19688352547558,2025-07-15 10h01.05.025414 +0100,
0,0,0,0,0,0,0,,,,,,,,,,,,,,,,,5.363197565078735,-0.016666666666666666,0.03,-1.062557101423811,0.638700511691253,1.0,,407153,001,2025-07-15_10h01.00.695,ContPsyTracking,2024.2.4,159.19688352547558,2025-07-15 10h01.05.025414 +0100,
0,0,0,0,0,0,0,,,,,,,,,,,,,,,,,5.372197389602661,-0.021666666666666667,0.03833333333333333,-1.124432286474902,0.5810966776326024,1.0,,407153,001,2025-07-15_10h01.00.695,ContPsyTracking,2024.2.4,159.19688352547558,2025-07-15 10h01.05.025414 +0100,
0,0,0,0,0,0,0,,,,,,,,,,,,,,,,,5.381231069564819,-0.023333333333333334,0.041666666666666664,-1.0374282249147342,1.1509433692563438,1.0,,407153,001,2025-07-15_10h01.00.695,ContPsyTracking,2024.2.4,159.19688352547558,2025-07-15 10h01.05.025414 +0100,
0,0,0,0,0,0,0,,,,,,,,,,,,,,,,,5.390234708786011,-0.025,0.041666666666666664,-0.9354108612069644,1.208295130144655,1.0,,407153,001,2025-07-15_10h01.00.695,ContPsyTracking,2024.2.4,159.19688352547558,2025-07-15 10h01.05.025414 +0100,
0,0,0,0,0,0,0,,,,,,,,,,,,,,,,,5.400230884552002,-0.025,0.041666666666666664,-0.544641513417035,1.892246908976361,1.0,,407153,001,2025-07-15_10h01.00.695,ContPsyTracking,2024.2.4,159.19688352547558,2025-07-15 10h01.05.025414 +0100,
0,0,0,0,0,0,0,,,,,,,,,,,,,,,,,5.408231258392334,-0.025,0.041666666666666664,-0.3354617525577336,1.5527246076023045,1.0,,407153,001,2025-07-15_10h01.00.695,ContPsyTracking,2024.2.4,159.19688352547558,2025-07-15 10h01.05.025414 +0100,
0,0,0,0,0,0,0,,,,,,,,,,,,,,,,,5.418231010437012,-0.025,0.045,-0.8293592005374759,1.2780158844213438,1.0,,407153,001,2025-07-15_10h01.00.695,ContPsyTracking,2024.2.4,159.19688352547558,2025-07-15 10h01.05.025414 +0100,
0,0,0,0,0,0,0,,,,,,,,,,,,,,,,,5.426376581192017,-0.025,0.04833333333333333,-0.2171231692895942,1.2756736841420064,1.0,,407153,001,2025-07-15_10h01.00.695,ContPsyTracking,2024.2.4,159.19688352547558,2025-07-15 10h01.05.025414 +0100,
0,0,0,0,0,0,0,,,,,,,,,,,,,,,,,5.43637752532959,-0.025,0.05,-0.42083737493206774,1.7319794936079753,1.0,,407153,001,2025-07-15_10h01.00.695,ContPsyTracking,2024.2.4,159.19688352547558,2025-07-15 10h01.05.025414 +0100,
0,0,0,0,0,0,0,,,,,,,,,,,,,,,,,5.444427251815796,-0.023333333333333334,0.051666666666666666,-0.6839405091002111,1.892131214197735,1.0,,407153,001,2025-07-15_10h01.00.695,ContPsyTracking,2024.2.4,159.19688352547558,2025-07-15 10h01.05.025414 +0100,
0,0,0,0,0,0,0,,,,,,,,,,,,,,,,,5.454427003860474,-0.023333333333333334,0.05333333333333334,-0.5288941666354137,1.1010302521710569,1.0,,407153,001,2025-07-15_10h01.00.695,ContPsyTracking,2024.2.4,159.19688352547558,2025-07-15 10h01.05.025414 +0100,
0,0,0,0,0,0,0,,,,,,,,,,,,,,,,,5.462427377700806,-0.023333333333333334,0.05333333333333334,-0.7270439160101467,1.278995375466862,1.0,,407153,001,2025-07-15_10h01.00.695,ContPsyTracking,2024.2.4,159.19688352547558,2025-07-15 10h01.05.025414 +0100,
0,0,0,0,0,0,0,,,,,,,,,,,,,,,,,5.472564220428467,-0.023333333333333334,0.05333333333333334,-0.8690001277268614,1.6533740635839544,1.0,,407153,001,2025-07-15_10h01.00.695,ContPsyTracking,2024.2.4,159.19688352547558,2025-07-15 10h01.05.025414 +0100,
0,0,0,0,0,0,0,,,,,,,,,,,,,,,,,5.480754375457764,-0.023333333333333334,0.05333333333333334,-0.5868561380051928,2.0889745072553043,1.0,,407153,001,2025-07-15_10h01.00.695,ContPsyTracking,2024.2.4,159.19688352547558,2025-07-15 10h01.05.025414 +0100,
0,0,0,0,0,0,0,,,,,,,,,,,,,,,,,5.490809202194214,-0.023333333333333334,0.05333333333333334,-0.6376800293823109,2.004488444493792,1.0,,407153,001,2025-07-15_10h01.00.695,ContPsyTracking,2024.2.4,159.19688352547558,2025-07-15 10h01.05.025414 +0100,
0,0,0,0,0,0,0,,,,,,,,,,,,,,,,,5.498809337615967,-0.021666666666666667,0.055,-0.5089596051862568,2.0936094382767414,1.0,,407153,001,2025-07-15_10h01.00.695,ContPsyTracking,2024.2.4,159.19688352547558,2025-07-15 10h01.05.025414 +0100,
0,0,0,0,0,0,0,,,,,,,,,,,,,,,,,5.508936405181885,-0.021666666666666667,0.058333333333333334,-0.4433766860336149,2.2863385990478338,1.0,,407153,001,2025-07-15_10h01.00.695,ContPsyTracking,2024.2.4,159.19688352547558,2025-07-15 10h01.05.025414 +0100,
0,0,0,0,0,0,0,,,,,,,,,,,,,,,,,5.516937255859375,-0.02,0.06166666666666667,-0.516185360481181,1.5527997446048047,1.0,,407153,001,2025-07-15_10h01.00.695,ContPsyTracking,2024.2.4,159.19688352547558,2025-07-15 10h01.05.025414 +0100,
0,0,0,0,0,0,0,,,,,,,,,,,,,,,,,5.526936054229736,-0.02,0.06333333333333334,-0.18405899441324197,1.3905752978958246,1.0,,407153,001,2025-07-15_10h01.00.695,ContPsyTracking,2024.2.4,159.19688352547558,2025-07-15 10h01.05.025414 +0100,
0,0,0,0,0,0,0,,,,,,,,,,,,,,,,,5.53493595123291,-0.02,0.065,-0.47984627386136963,1.3076183755949027,1.0,,407153,001,2025-07-15_10h01.00.695,ContPsyTracking,2024.2.4,159.19688352547558,2025-07-15 10h01.05.025414 +0100,
0,0,0,0,0,0,0,,,,,,,,,,,,,,,,,5.544936180114746,-0.02,0.06666666666666667,-0.11148805935637951,2.1469640430228507,1.0,,407153,001,2025-07-15_10h01.00.695,ContPsyTracking,2024.2.4,159.19688352547558,2025-07-15 10h01.05.025414 +0100,
0,0,0,0,0,0,0,,,,,,,,,,,,,,,,,5.553936243057251,-0.021666666666666667,0.07,-0.22479229666840728,2.2125447461569485,1.0,,407153,001,2025-07-15_10h01.00.695,ContPsyTracking,2024.2.4,159.19688352547558,2025-07-15 10h01.05.025414 +0100,
0,0,0,0,0,0,0,,,,,,,,,,,,,,,,,5.562997341156006,-0.02666666666666667,0.07166666666666667,-0.19960247513151655,2.140601102762138,1.0,,407153,001,2025-07-15_10h01.00.695,ContPsyTracking,2024.2.4,159.19688352547558,2025-07-15 10h01.05.025414 +0100,
0,0,0,0,0,0,0,,,,,,,,,,,,,,,,,5.5719969272613525,-0.03,0.07333333333333333,-0.2823527914565668,2.522992879049755,1.0,,407153,001,2025-07-15_10h01.00.695,ContPsyTracking,2024.2.4,159.19688352547558,2025-07-15 10h01.05.025414 +0100,
0,0,0,0,0,0,0,,,,,,,,,,,,,,,,,5.580996751785278,-0.035,0.07333333333333333,-0.16535530368916468,2.969905914764835,1.0,,407153,001,2025-07-15_10h01.00.695,ContPsyTracking,2024.2.4,159.19688352547558,2025-07-15 10h01.05.025414 +0100,
0,0,0,0,0,0,0,,,,,,,,,,,,,,,,,5.589996814727783,-0.035,0.075,-0.45191959695088985,3.641374891394684,1.0,,407153,001,2025-07-15_10h01.00.695,ContPsyTracking,2024.2.4,159.19688352547558,2025-07-15 10h01.05.025414 +0100,
0,0,0,0,0,0,0,,,,,,,,,,,,,,,,,5.59999680519104,-0.035,0.075,0.16836069957601202,3.412962875647555,1.0,,407153,001,2025-07-15_10h01.00.695,ContPsyTracking,2024.2.4,159.19688352547558,2025-07-15 10h01.05.025414 +0100,
0,0,0,0,0,0,0,,,,,,,,,,,,,,,,,5.607997179031372,-0.035,0.075,0.18501811879577146,2.9659576982193117,1.0,,407153,001,2025-07-15_10h01.00.695,ContPsyTracking,2024.2.4,159.19688352547558,2025-07-15 10h01.05.025414 +0100,
0,0,0,0,0,0,0,,,,,,,,,,,,,,,,,5.617997169494629,-0.035,0.075,0.5343244166901834,3.062543656243023,1.0,,407153,001,2025-07-15_10h01.00.695,ContPsyTracking,2024.2.4,159.19688352547558,2025-07-15 10h01.05.025414 +0100,
0,0,0,0,0,0,0,,,,,,,,,,,,,,,,,5.625997066497803,-0.035,0.07666666666666666,-0.12175650490110312,3.258595620303605,1.0,,407153,001,2025-07-15_10h01.00.695,ContPsyTracking,2024.2.4,159.19688352547558,2025-07-15 10h01.05.025414 +0100,
0,0,0,0,0,0,0,,,,,,,,,,,,,,,,,5.635996580123901,-0.035,0.08,-0.1282644937553547,3.0920043987740873,1.0,,407153,001,2025-07-15_10h01.00.695,ContPsyTracking,2024.2.4,159.19688352547558,2025-07-15 10h01.05.025414 +0100,
0,0,0,0,0,0,0,,,,,,,,,,,,,,,,,5.643996953964233,-0.035,0.08166666666666667,0.04336925920047993,2.751551733404444,1.0,,407153,001,2025-07-15_10h01.00.695,ContPsyTracking,2024.2.4,159.19688352547558,2025-07-15 10h01.05.025414 +0100,
0,0,0,0,0,0,0,,,,,,,,,,,,,,,,,5.655000448226929,-0.03666666666666667,0.085,0.10107773815711972,2.9113165074482543,1.0,,407153,001,2025-07-15_10h01.00.695,ContPsyTracking,2024.2.4,159.19688352547558,2025-07-15 10h01.05.025414 +0100,
0,0,0,0,0,0,0,,,,,,,,,,,,,,,,,5.663012504577637,-0.03833333333333333,0.09,0.2126566790380333,2.675458240439756,1.0,,407153,001,2025-07-15_10h01.00.695,ContPsyTracking,2024.2.4,159.19688352547558,2025-07-15 10h01.05.025414 +0100,
0,0,0,0,0,0,0,,,,,,,,,,,,,,,,,5.6730194091796875,-0.03833333333333333,0.09333333333333334,0.36554136396138237,2.984770486789162,1.0,,407153,001,2025-07-15_10h01.00.695,ContPsyTracking,2024.2.4,159.19688352547558,2025-07-15 10h01.05.025414 +0100,
0,0,0,0,0,0,0,,,,,,,,,,,,,,,,,5.680037260055542,-0.04,0.1,1.0297101282496115,3.708398178254865,1.0,,407153,001,2025-07-15_10h01.00.695,ContPsyTracking,2024.2.4,159.19688352547558,2025-07-15 10h01.05.025414 +0100,
0,0,0,0,0,0,0,,,,,,,,,,,,,,,,,5.691036939620972,-0.04,0.10333333333333333,0.6146905906956236,3.864414230568589,1.0,,407153,001,2025-07-15_10h01.00.695,ContPsyTracking,2024.2.4,159.19688352547558,2025-07-15 10h01.05.025414 +0100,
0,0,0,0,0,0,0,,,,,,,,,,,,,,,,,5.699035882949829,-0.04,0.10833333333333334,0.6172629718060405,3.6978367497799374,1.0,,407153,001,2025-07-15_10h01.00.695,ContPsyTracking,2024.2.4,159.19688352547558,2025-07-15 10h01.05.025414 +0100,
0,0,0,0,0,0,0,,,,,,,,,,,,,,,,,5.7081685066223145,-0.04,0.115,0.176351077393558,3.5138498893071337,1.0,,407153,001,2025-07-15_10h01.00.695,ContPsyTracking,2024.2.4,159.19688352547558,2025-07-15 10h01.05.025414 +0100,
0,0,0,0,0,0,0,,,,,,,,,,,,,,,,,5.71716833114624,-0.04,0.12,0.381699788037154,3.2209081301082887,1.0,,407153,001,2025-07-15_10h01.00.695,ContPsyTracking,2024.2.4,159.19688352547558,2025-07-15 10h01.05.025414 +0100,
0,0,0,0,0,0,0,,,,,,,,,,,,,,,,,5.727169036865234,-0.04,0.12166666666666667,0.5095202701868858,2.9952089637895685,1.0,,407153,001,2025-07-15_10h01.00.695,ContPsyTracking,2024.2.4,159.19688352547558,2025-07-15 10h01.05.025414 +0100,
0,0,0,0,0,0,0,,,,,,,,,,,,,,,,,5.735183954238892,-0.03666666666666667,0.12333333333333334,0.5514307595865985,2.76421915838967,1.0,,407153,001,2025-07-15_10h01.00.695,ContPsyTracking,2024.2.4,159.19688352547558,2025-07-15 10h01.05.025414 +0100,
0,0,0,0,0,0,0,,,,,,,,,,,,,,,,,5.741220712661743,-0.03666666666666667,0.12333333333333334,0.5998166071536613,2.816810921018504,1.0,,407153,001,2025-07-15_10h01.00.695,ContPsyTracking,2024.2.4,159.19688352547558,2025-07-15 10h01.05.025414 +0100,
0,0,0,0,0,0,0,,,,,,,,,,,,,,,,,5.747219800949097,-0.03666666666666667,0.125,0.9327053072406304,2.8312618348528518,1.0,,407153,001,2025-07-15_10h01.00.695,ContPsyTracking,2024.2.4,159.19688352547558,2025-07-15 10h01.05.025414 +0100,
0,0,0,0,0,0,0,,,,,,,,,,,,,,,,,5.753220558166504,-0.03666666666666667,0.125,1.364878080118498,2.943580534430442,1.0,,407153,001,2025-07-15_10h01.00.695,ContPsyTracking,2024.2.4,159.19688352547558,2025-07-15 10h01.05.025414 +0100,
0,0,0,0,0,0,0,,,,,,,,,,,,,,,,,5.759219169616699,-0.035,0.125,1.3987851983784034,3.138315917111064,1.0,,407153,001,2025-07-15_10h01.00.695,ContPsyTracking,2024.2.4,159.19688352547558,2025-07-15 10h01.05.025414 +0100,
0,0,0,0,0,0,0,,,,,,,,,,,,,,,,,5.765219211578369,-0.035,0.125,1.3271875318434765,3.440252068991408,1.0,,407153,001,2025-07-15_10h01.00.695,ContPsyTracking,2024.2.4,159.19688352547558,2025-07-15 10h01.05.025414 +0100,
0,0,0,0,0,0,0,,,,,,,,,,,,,,,,,5.771219968795776,-0.03333333333333333,0.125,1.6626701022284767,3.240282456941734,1.0,,407153,001,2025-07-15_10h01.00.695,ContPsyTracking,2024.2.4,159.19688352547558,2025-07-15 10h01.05.025414 +0100,
0,0,0,0,0,0,0,,,,,,,,,,,,,,,,,5.777219533920288,-0.03333333333333333,0.125,1.1850009250538087,3.385866384073189,1.0,,407153,001,2025-07-15_10h01.00.695,ContPsyTracking,2024.2.4,159.19688352547558,2025-07-15 10h01.05.025414 +0100,
0,0,0,0,0,0,0,,,,,,,,,,,,,,,,,5.7832190990448,-0.03166666666666667,0.12666666666666668,1.2922932621268204,2.969644570666408,1.0,,407153,001,2025-07-15_10h01.00.695,ContPsyTracking,2024.2.4,159.19688352547558,2025-07-15 10h01.05.025414 +0100,
0,0,0,0,0,0,0,,,,,,,,,,,,,,,,,5.789219856262207,-0.03166666666666667,0.12833333333333333,1.8489028289246097,2.9030610912026957,1.0,,407153,001,2025-07-15_10h01.00.695,ContPsyTracking,2024.2.4,159.19688352547558,2025-07-15 10h01.05.025414 +0100,
0,0,0,0,0,0,0,,,,,,,,,,,,,,,,,5.799219608306885,-0.03,0.12833333333333333,2.5020747057584103,2.721778869709388,1.0,,407153,001,2025-07-15_10h01.00.695,ContPsyTracking,2024.2.4,159.19688352547558,2025-07-15 10h01.05.025414 +0100,
0,0,0,0,0,0,0,,,,,,,,,,,,,,,,,5.807258605957031,-0.028333333333333332,0.13166666666666665,2.803116892122716,2.8516956744967303,1.0,,407153,001,2025-07-15_10h01.00.695,ContPsyTracking,2024.2.4,159.19688352547558,2025-07-15 10h01.05.025414 +0100,
0,0,0,0,0,0,0,,,,,,,,,,,,,,,,,5.817272186279297,-0.023333333333333334,0.13333333333333333,3.4336152166443688,3.019597376829763,1.0,,407153,001,2025-07-15_10h01.00.695,ContPsyTracking,2024.2.4,159.19688352547558,2025-07-15 10h01.05.025414 +0100,
0,0,0,0,0,0,0,,,,,,,,,,,,,,,,,5.826279878616333,-0.02,0.135,3.3751824639934207,3.3180103971029213,1.0,,407153,001,2025-07-15_10h01.00.695,ContPsyTracking,2024.2.4,159.19688352547558,2025-07-15 10h01.05.025414 +0100,
0,0,0,0,0,0,0,,,,,,,,,,,,,,,,,5.836296558380127,-0.015,0.13666666666666666,3.4772794065671735,2.900414181970191,1.0,,407153,001,2025-07-15_10h01.00.695,ContPsyTracking,2024.2.4,159.19688352547558,2025-07-15 10h01.05.025414 +0100,
0,0,0,0,0,0,0,,,,,,,,,,,,,,,,,5.843304872512817,-0.011666666666666667,0.13666666666666666,3.3305122559766973,2.82275372877571,1.0,,407153,001,2025-07-15_10h01.00.695,ContPsyTracking,2024.2.4,159.19688352547558,2025-07-15 10h01.05.025414 +0100,
0,0,0,0,0,0,0,,,,,,,,,,,,,,,,,5.849424600601196,-0.008333333333333333,0.13666666666666666,3.5980990759931535,3.2173818083364134,1.0,,407153,001,2025-07-15_10h01.00.695,ContPsyTracking,2024.2.4,159.19688352547558,2025-07-15 10h01.05.025414 +0100,
0,0,0,0,0,0,0,,,,,,,,,,,,,,,,,5.8564229011535645,-0.006666666666666667,0.13833333333333334,3.731975126475219,3.010781454706431,1.0,,407153,001,2025-07-15_10h01.00.695,ContPsyTracking,2024.2.4,159.19688352547558,2025-07-15 10h01.05.025414 +0100,
0,0,0,0,0,0,0,,,,,,,,,,,,,,,,,5.862422943115234,-0.006666666666666667,0.13833333333333334,3.825954018543384,3.586924841932658,1.0,,407153,001,2025-07-15_10h01.00.695,ContPsyTracking,2024.2.4,159.19688352547558,2025-07-15 10h01.05.025414 +0100,
0,0,0,0,0,0,0,,,,,,,,,,,,,,,,,5.8674232959747314,-0.006666666666666667,0.13833333333333334,3.4918212593205302,3.211937332940681,1.0,,407153,001,2025-07-15_10h01.00.695,ContPsyTracking,2024.2.4,159.19688352547558,2025-07-15 10h01.05.025414 +0100,
0,0,0,0,0,0,0,,,,,,,,,,,,,,,,,5.9244914054870605,-0.005,0.14,3.283400929376486,3.713417419354976,1.0,,407153,001,2025-07-15_10h01.00.695,ContPsyTracking,2024.2.4,159.19688352547558,2025-07-15 10h01.05.025414 +0100,
0,0,0,0,0,0,0,,,,,,,,,,,,,,,,,5.932910919189453,0.021666666666666667,0.14833333333333334,3.000419849870073,3.600698642826886,1.0,,407153,001,2025-07-15_10h01.00.695,ContPsyTracking,2024.2.4,159.19688352547558,2025-07-15 10h01.05.025414 +0100,
0,0,0,0,0,0,0,,,,,,,,,,,,,,,,,5.940974473953247,0.03,0.14833333333333334,2.7025775903367917,3.7808348536055822,1.0,,407153,001,2025-07-15_10h01.00.695,ContPsyTracking,2024.2.4,159.19688352547558,2025-07-15 10h01.05.025414 +0100,
0,0,0,0,0,0,0,,,,,,,,,,,,,,,,,5.950990200042725,0.03666666666666667,0.14833333333333334,2.8911742934950606,3.686409198447209,1.0,,407153,001,2025-07-15_10h01.00.695,ContPsyTracking,2024.2.4,159.19688352547558,2025-07-15 10h01.05.025414 +0100,
0,0,0,0,0,0,0,,,,,,,,,,,,,,,,,5.958985090255737,0.043333333333333335,0.14833333333333334,3.2373988712100834,3.503440570358601,1.0,,407153,001,2025-07-15_10h01.00.695,ContPsyTracking,2024.2.4,159.19688352547558,2025-07-15 10h01.05.025414 +0100,
0,0,0,0,0,0,0,,,,,,,,,,,,,,,,,5.964989185333252,0.05,0.14833333333333334,3.0567619722402624,3.4731237254769836,1.0,,407153,001,2025-07-15_10h01.00.695,ContPsyTracking,2024.2.4,159.19688352547558,2025-07-15 10h01.05.025414 +0100,
0,0,0,0,0,0,0,,,,,,,,,,,,,,,,,5.970988988876343,0.05333333333333334,0.14833333333333334,3.1360655444926335,3.7446648171856847,1.0,,407153,001,2025-07-15_10h01.00.695,ContPsyTracking,2024.2.4,159.19688352547558,2025-07-15 10h01.05.025414 +0100,
0,0,0,0,0,0,0,,,,,,,,,,,,,,,,,5.981003284454346,0.058333333333333334,0.15,2.829107725638276,3.707677098105053,1.0,,407153,001,2025-07-15_10h01.00.695,ContPsyTracking,2024.2.4,159.19688352547558,2025-07-15 10h01.05.025414 +0100,
0,0,0,0,0,0,0,,,,,,,,,,,,,,,,,5.989003419876099,0.06333333333333334,0.15166666666666667,2.9919849759544546,3.4811316362962046,1.0,,407153,001,2025-07-15_10h01.00.695,ContPsyTracking,2024.2.4,159.19688352547558,2025-07-15 10h01.05.025414 +0100,
0,0,0,0,0,0,0,,,,,,,,,,,,,,,,,6.000003337860107,0.07,0.15166666666666667,2.820915345091176,3.5027187980935133,1.0,,407153,001,2025-07-15_10h01.00.695,ContPsyTracking,2024.2.4,159.19688352547558,2025-07-15 10h01.05.025414 +0100,
0,0,0,0,0,0,0,,,,,,,,,,,,,,,,,6.008003234863281,0.08,0.15333333333333332,3.177249438427718,4.039496065161222,1.0,,407153,001,2025-07-15_10h01.00.695,ContPsyTracking,2024.2.4,159.19688352547558,2025-07-15 10h01.05.025414 +0100,
0,0,0,0,0,0,0,,,,,,,,,,,,,,,,,6.018015384674072,0.09666666666666666,0.15166666666666667,2.525796680051629,3.9041561032199987,1.0,,407153,001,2025-07-15_10h01.00.695,ContPsyTracking,2024.2.4,159.19688352547558,2025-07-15 10h01.05.025414 +0100,
0,0,0,0,0,0,0,,,,,,,,,,,,,,,,,6.027016639709473,0.11833333333333333,0.14833333333333334,2.8240955196612894,3.9068416573685045,1.0,,407153,001,2025-07-15_10h01.00.695,ContPsyTracking,2024.2.4,159.19688352547558,2025-07-15 10h01.05.025414 +0100,
0,0,0,0,0,0,0,,,,,,,,,,,,,,,,,6.036015510559082,0.14166666666666666,0.14166666666666666,2.957731640107506,4.098889470838003,1.0,,407153,001,2025-07-15_10h01.00.695,ContPsyTracking,2024.2.4,159.19688352547558,2025-07-15 10h01.05.025414 +0100,
0,0,0,0,0,0,0,,,,,,,,,,,,,,,,,6.0450239181518555,0.17,0.13833333333333334,3.8020116581805086,4.357360900589075,1.0,,407153,001,2025-07-15_10h01.00.695,ContPsyTracking,2024.2.4,159.19688352547558,2025-07-15 10h01.05.025414 +0100,
0,0,0,0,0,0,0,,,,,,,,,,,,,,,,,6.055024147033691,0.19,0.135,3.477729019857633,4.098697043080083,1.0,,407153,001,2025-07-15_10h01.00.695,ContPsyTracking,2024.2.4,159.19688352547558,2025-07-15 10h01.05.025414 +0100,
0,0,0,0,0,0,0,,,,,,,,,,,,,,,,,6.063028335571289,0.205,0.135,3.2194516958270687,3.772962444715112,1.0,,407153,001,2025-07-15_10h01.00.695,ContPsyTracking,2024.2.4,159.19688352547558,2025-07-15 10h01.05.025414 +0100,
0,0,0,0,0,0,0,,,,,,,,,,,,,,,,,6.07316517829895,0.215,0.135,2.8253789858218434,3.1538257293662695,1.0,,407153,001,2025-07-15_10h01.00.695,ContPsyTracking,2024.2.4,159.19688352547558,2025-07-15 10h01.05.025414 +0100,
0,0,0,0,0,0,0,,,,,,,,,,,,,,,,,6.081165313720703,0.21833333333333332,0.135,2.5201282131430873,3.0597474403294647,1.0,,407153,001,2025-07-15_10h01.00.695,ContPsyTracking,2024.2.4,159.19688352547558,2025-07-15 10h01.05.025414 +0100,
0,0,0,0,0,0,0,,,,,,,,,,,,,,,,,6.0911805629730225,0.21833333333333332,0.135,2.5416168566214625,3.4758251933603317,1.0,,407153,001,2025-07-15_10h01.00.695,ContPsyTracking,2024.2.4,159.19688352547558,2025-07-15 10h01.05.025414 +0100,
0,0,0,0,0,0,0,,,,,,,,,,,,,,,,,6.099180459976196,0.21833333333333332,0.135,2.8616892706861075,3.728581978975236,1.0,,407153,001,2025-07-15_10h01.00.695,ContPsyTracking,2024.2.4,159.19688352547558,2025-07-15 10h01.05.025414 +0100,
0,0,0,0,0,0,0,,,,,,,,,,,,,,,,,6.109179735183716,0.21833333333333332,0.135,2.6786837938302464,3.829430087714515,1.0,,407153,001,2025-07-15_10h01.00.695,ContPsyTracking,2024.2.4,159.19688352547558,2025-07-15 10h01.05.025414 +0100,
0,0,0,0,0,0,0,,,,,,,,,,,,,,,,,6.117180824279785,0.21833333333333332,0.14,2.4599847735835616,4.259562001280182,1.0,,407153,001,2025-07-15_10h01.00.695,ContPsyTracking,2024.2.4,159.19688352547558,2025-07-15 10h01.05.025414 +0100,
0,0,0,0,0,0,0,,,,,,,,,,,,,,,,,6.127180099487305,0.21833333333333332,0.14333333333333334,1.8829391680328147,4.37623239949436,1.0,,407153,001,2025-07-15_10h01.00.695,ContPsyTracking,2024.2.4,159.19688352547558,2025-07-15 10h01.05.025414 +0100,
0,0,0,0,0,0,0,,,,,,,,,,,,,,,,,6.13618016242981,0.22166666666666668,0.14833333333333334,2.255288611141627,4.4437776511377685,1.0,,407153,001,2025-07-15_10h01.00.695,ContPsyTracking,2024.2.4,159.19688352547558,2025-07-15 10h01.05.025414 +0100,
0,0,0,0,0,0,0,,,,,,,,,,,,,,,,,6.145181179046631,0.22333333333333333,0.15166666666666667,1.8850219039973617,4.858568512438827,1.0,,407153,001,2025-07-15_10h01.00.695,ContPsyTracking,2024.2.4,159.19688352547558,2025-07-15 10h01.05.025414 +0100,
0,0,0,0,0,0,0,,,,,,,,,,,,,,,,,6.15418004989624,0.22333333333333333,0.15666666666666668,1.9023535788666706,4.867853601522359,1.0,,407153,001,2025-07-15_10h01.00.695,ContPsyTracking,2024.2.4,159.19688352547558,2025-07-15 10h01.05.025414 +0100,
0,0,0,0,0,0,0,,,,,,,,,,,,,,,,,6.1631927490234375,0.22666666666666666,0.16,1.603254805016717,4.952995999098757,1.0,,407153,001,2025-07-15_10h01.00.695,ContPsyTracking,2024.2.4,159.19688352547558,2025-07-15 10h01.05.025414 +0100,
0,0,0,0,0,0,0,,,,,,,,,,,,,,,,,6.172192335128784,0.22666666666666666,0.16166666666666665,1.8210153178681048,4.62612853043168,1.0,,407153,001,2025-07-15_10h01.00.695,ContPsyTracking,2024.2.4,159.19688352547558,2025-07-15 10h01.05.025414 +0100,
0,0,0,0,0,0,0,,,,,,,,,,,,,,,,,6.181192636489868,0.22833333333333333,0.165,2.1751498517081944,4.554053340921041,1.0,,407153,001,2025-07-15_10h01.00.695,ContPsyTracking,2024.2.4,159.19688352547558,2025-07-15 10h01.05.025414 +0100,
0,0,0,0,0,0,0,,,,,,,,,,,,,,,,,6.190201044082642,0.22833333333333333,0.17,2.0977725053361884,4.106967907457639,1.0,,407153,001,2025-07-15_10h01.00.695,ContPsyTracking,2024.2.4,159.19688352547558,2025-07-15 10h01.05.025414 +0100,
0,0,0,0,0,0,0,,,,,,,,,,,,,,,,,6.20021390914917,0.23,0.175,2.075567526216862,4.522170352153783,1.0,,407153,001,2025-07-15_10h01.00.695,ContPsyTracking,2024.2.4,159.19688352547558,2025-07-15 10h01.05.025414 +0100,
0,0,0,0,0,0,0,,,,,,,,,,,,,,,,,6.209213972091675,0.23166666666666666,0.18,1.7471637022126059,4.807154619182598,1.0,,407153,001,2025-07-15_10h01.00.695,ContPsyTracking,2024.2.4,159.19688352547558,2025-07-15 10h01.05.025414 +0100,
0,0,0,0,0,0,0,,,,,,,,,,,,,,,,,6.218217849731445,0.23166666666666666,0.185,1.8472843499612042,4.185019008053051,1.0,,407153,001,2025-07-15_10h01.00.695,ContPsyTracking,2024.2.4,159.19688352547558,2025-07-15 10h01.05.025414 +0100,
0,0,0,0,0,0,0,,,,,,,,,,,,,,,,,6.22723126411438,0.23166666666666666,0.19166666666666668,1.723227255207939,4.090471622713768,1.0,,407153,001,2025-07-15_10h01.00.695,ContPsyTracking,2024.2.4,159.19688352547558,2025-07-15 10h01.05.025414 +0100,
0,0,0,0,0,0,0,,,,,,,,,,,,,,,,,6.236306190490723,0.23166666666666666,0.2,1.4369947911005587,3.9150397532959316,1.0,,407153,001,2025-07-15_10h01.00.695,ContPsyTracking,2024.2.4,159.19688352547558,2025-07-15 10h01.05.025414 +0100,
0,0,0,0,0,0,0,,,,,,,,,,,,,,,,,6.245306015014648,0.23,0.20666666666666667,1.0284986753138976,4.376286259617558,1.0,,407153,001,2025-07-15_10h01.00.695,ContPsyTracking,2024.2.4,159.19688352547558,2025-07-15 10h01.05.025414 +0100,
0,0,0,0,0,0,0,,,,,,,,,,,,,,,,,6.254306316375732,0.22833333333333333,0.215,0.6109244305468657,3.7468770771693043,1.0,,407153,001,2025-07-15_10h01.00.695,ContPsyTracking,2024.2.4,159.19688352547558,2025-07-15 10h01.05.025414 +0100,
0,0,0,0,0,0,0,,,,,,,,,,,,,,,,,6.263305902481079,0.22833333333333333,0.22333333333333333,0.9721256840211141,3.7889421905371403,1.0,,407153,001,2025-07-15_10h01.00.695,ContPsyTracking,2024.2.4,159.19688352547558,2025-07-15 10h01.05.025414 +0100,
0,0,0,0,0,0,0,,,,,,,,,,,,,,,,,6.272305727005005,0.22666666666666666,0.22666666666666666,1.214088519540704,3.9385482057580727,1.0,,407153,001,2025-07-15_10h01.00.695,ContPsyTracking,2024.2.4,159.19688352547558,2025-07-15 10h01.05.025414 +0100,
0,0,0,0,0,0,0,,,,,,,,,,,,,,,,,6.281321048736572,0.22666666666666666,0.23,1.3145691163660964,4.127530332973269,1.0,,407153,001,2025-07-15_10h01.00.695,ContPsyTracking,2024.2.4,159.19688352547558,2025-07-15 10h01.05.025414 +0100,
0,0,0,0,0,0,0,,,,,,,,,,,,,,,,,6.29036283493042,0.225,0.23,1.4529555619358987,3.7635372285694926,1.0,,407153,001,2025-07-15_10h01.00.695,ContPsyTracking,2024.2.4,159.19688352547558,2025-07-15 10h01.05.025414 +0100,
0,0,0,0,0,0,0,,,,,,,,,,,,,,,,,6.299475431442261,0.225,0.23166666666666666,1.5429823334325645,3.7597078432470026,1.0,,407153,001,2025-07-15_10h01.00.695,ContPsyTracking,2024.2.4,159.19688352547558,2025-07-15 10h01.05.025414 +0100,
0,0,0,0,0,0,0,,,,,,,,,,,,,,,,,6.30849552154541,0.22166666666666668,0.23333333333333334,1.6692763980415,3.77529450284512,1.0,,407153,001,2025-07-15_10h01.00.695,ContPsyTracking,2024.2.4,159.19688352547558,2025-07-15 10h01.05.025414 +0100,
0,0,0,0,0,0,0,,,,,,,,,,,,,,,,,6.317489862442017,0.21666666666666667,0.235,1.498324653322898,3.9231940988679566,1.0,,407153,001,2025-07-15_10h01.00.695,ContPsyTracking,2024.2.4,159.19688352547558,2025-07-15 10h01.05.025414 +0100,
0,0,0,0,0,0,0,,,,,,,,,,,,,,,,,6.327507495880127,0.21,0.23833333333333334,1.8062215568366555,3.8504699056969662,1.0,,407153,001,2025-07-15_10h01.00.695,ContPsyTracking,2024.2.4,159.19688352547558,2025-07-15 10h01.05.025414 +0100,
0,0,0,0,0,0,0,,,,,,,,,,,,,,,,,6.3355019092559814,0.20333333333333334,0.24,1.879678283331166,3.70900657767315,1.0,,407153,001,2025-07-15_10h01.00.695,ContPsyTracking,2024.2.4,159.19688352547558,2025-07-15 10h01.05.025414 +0100,
0,0,0,0,0,0,0,,,,,,,,,,,,,,,,,6.345514535903931,0.195,0.24166666666666667,1.8950061033191246,4.173323577336963,1.0,,407153,001,2025-07-15_10h01.00.695,ContPsyTracking,2024.2.4,159.19688352547558,2025-07-15 10h01.05.025414 +0100,
0,0,0,0,0,0,0,,,,,,,,,,,,,,,,,6.354557037353516,0.185,0.24166666666666667,2.2355752961031956,4.200461110007706,1.0,,407153,001,2025-07-15_10h01.00.695,ContPsyTracking,2024.2.4,159.19688352547558,2025-07-15 10h01.05.025414 +0100,
0,0,0,0,0,0,0,,,,,,,,,,,,,,,,,6.363713026046753,0.175,0.24333333333333335,2.3464811120225417,4.3441246317103,1.0,,407153,001,2025-07-15_10h01.00.695,ContPsyTracking,2024.2.4,159.19688352547558,2025-07-15 10h01.05.025414 +0100,
0,0,0,0,0,0,0,,,,,,,,,,,,,,,,,6.371727466583252,0.165,0.24333333333333335,2.633799976849648,4.1456057516119085,1.0,,407153,001,2025-07-15_10h01.00.695,ContPsyTracking,2024.2.4,159.19688352547558,2025-07-15 10h01.05.025414 +0100,
0,0,0,0,0,0,0,,,,,,,,,,,,,,,,,6.3817832469940186,0.155,0.245,2.6353714916256776,3.777220881182843,1.0,,407153,001,2025-07-15_10h01.00.695,ContPsyTracking,2024.2.4,159.19688352547558,2025-07-15 10h01.05.025414 +0100,
0,0,0,0,0,0,0,,,,,,,,,,,,,,,,,6.389783620834351,0.14333333333333334,0.245,2.5760179264391945,3.508816109121458,1.0,,407153,001,2025-07-15_10h01.00.695,ContPsyTracking,2024.2.4,159.19688352547558,2025-07-15 10h01.05.025414 +0100,
0,0,0,0,0,0,0,,,,,,,,,,,,,,,,,6.399783611297607,0.135,0.24333333333333335,2.4713554783233933,3.4960417064209963,1.0,,407153,001,2025-07-15_10h01.00.695,ContPsyTracking,2024.2.4,159.19688352547558,2025-07-15 10h01.05.025414 +0100,
0,0,0,0,0,0,0,,,,,,,,,,,,,,,,,6.408783435821533,0.12166666666666667,0.24,2.2208424341786364,3.754042613330631,1.0,,407153,001,2025-07-15_10h01.00.695,ContPsyTracking,2024.2.4,159.19688352547558,2025-07-15 10h01.05.025414 +0100,
0,0,0,0,0,0,0,,,,,,,,,,,,,,,,,6.41780686378479,0.11,0.235,2.202163227672523,3.505301097844525,1.0,,407153,001,2025-07-15_10h01.00.695,ContPsyTracking,2024.2.4,159.19688352547558,2025-07-15 10h01.05.025414 +0100,
0,0,0,0,0,0,0,,,,,,,,,,,,,,,,,6.4269044399261475,0.1,0.23166666666666666,2.0934716521377834,3.5902791681541806,1.0,,407153,001,2025-07-15_10h01.00.695,ContPsyTracking,2024.2.4,159.19688352547558,2025-07-15 10h01.05.025414 +0100,
0,0,0,0,0,0,0,,,,,,,,,,,,,,,,,6.435903549194336,0.09,0.22666666666666666,1.9028460591512275,3.70754090158834,1.0,,407153,001,2025-07-15_10h01.00.695,ContPsyTracking,2024.2.4,159.19688352547558,2025-07-15 10h01.05.025414 +0100,
0,0,0,0,0,0,0,,,,,,,,,,,,,,,,,6.444929599761963,0.08166666666666667,0.22166666666666668,1.2497154244236919,4.026475142056259,1.0,,407153,001,2025-07-15_10h01.00.695,ContPsyTracking,2024.2.4,159.19688352547558,2025-07-15 10h01.05.025414 +0100,
0,0,0,0,0,0,0,,,,,,,,,,,,,,,,,6.4549291133880615,0.075,0.21833333333333332,1.3477781312748018,4.499707862821498,1.0,,407153,001,2025-07-15_10h01.00.695,ContPsyTracking,2024.2.4,159.19688352547558,2025-07-15 10h01.05.025414 +0100,
0,0,0,0,0,0,0,,,,,,,,,,,,,,,,,6.46292519569397,0.07166666666666667,0.21833333333333332,1.64097839550585,4.5368966590889075,1.0,,407153,001,2025-07-15_10h01.00.695,ContPsyTracking,2024.2.4,159.19688352547558,2025-07-15 10h01.05.025414 +0100,
0,0,0,0,0,0,0,,,,,,,,,,,,,,,,,6.472936153411865,0.07,0.21833333333333332,1.5839450932419425,4.455064313837073,1.0,,407153,001,2025-07-15_10h01.00.695,ContPsyTracking,2024.2.4,159.19688352547558,2025-07-15 10h01.05.025414 +0100,
0,0,0,0,0,0,0,,,,,,,,,,,,,,,,,6.480936050415039,0.07,0.21833333333333332,1.5421336344337464,4.309818112164549,1.0,,407153,001,2025-07-15_10h01.00.695,ContPsyTracking,2024.2.4,159.19688352547558,2025-07-15 10h01.05.025414 +0100,
0,0,0,0,0,0,0,,,,,,,,,,,,,,,,,6.491114377975464,0.07,0.21833333333333332,1.2358411998484402,4.171594574904871,1.0,,407153,001,2025-07-15_10h01.00.695,ContPsyTracking,2024.2.4,159.19688352547558,2025-07-15 10h01.05.025414 +0100,
0,0,0,0,0,0,0,,,,,,,,,,,,,,,,,6.499150514602661,0.07,0.21833333333333332,0.8899166585623383,4.06284037289547,1.0,,407153,001,2025-07-15_10h01.00.695,ContPsyTracking,2024.2.4,159.19688352547558,2025-07-15 10h01.05.025414 +0100,
0,0,0,0,0,0,0,,,,,,,,,,,,,,,,,6.50916051864624,0.07,0.21833333333333332,1.2703709265274363,3.978561853805061,1.0,,407153,001,2025-07-15_10h01.00.695,ContPsyTracking,2024.2.4,159.19688352547558,2025-07-15 10h01.05.025414 +0100,
0,0,0,0,0,0,0,,,,,,,,,,,,,,,,,6.517185688018799,0.07,0.21833333333333332,1.5472177576764279,4.305745347443278,1.0,,407153,001,2025-07-15_10h01.00.695,ContPsyTracking,2024.2.4,159.19688352547558,2025-07-15 10h01.05.025414 +0100,
0,0,0,0,0,0,0,,,,,,,,,,,,,,,,,6.527406692504883,0.07,0.21833333333333332,1.3041707317282762,4.070849475858322,1.0,,407153,001,2025-07-15_10h01.00.695,ContPsyTracking,2024.2.4,159.19688352547558,2025-07-15 10h01.05.025414 +0100,
0,0,0,0,0,0,0,,,,,,,,,,,,,,,,,6.535407066345215,0.06666666666666667,0.21833333333333332,1.1470617511047942,4.401738342581366,1.0,,407153,001,2025-07-15_10h01.00.695,ContPsyTracking,2024.2.4,159.19688352547558,2025-07-15 10h01.05.025414 +0100,
0,0,0,0,0,0,0,,,,,,,,,,,,,,,,,6.545426607131958,0.06666666666666667,0.21833333333333332,1.4560607256344056,4.63065175317788,1.0,,407153,001,2025-07-15_10h01.00.695,ContPsyTracking,2024.2.4,159.19688352547558,2025-07-15 10h01.05.025414 +0100,
0,0,0,0,0,0,0,,,,,,,,,,,,,,,,,6.553426027297974,0.07,0.22,1.1731419730382109,4.594828031508692,1.0,,407153,001,2025-07-15_10h01.00.695,ContPsyTracking,2024.2.4,159.19688352547558,2025-07-15 10h01.05.025414 +0100,
0,0,0,0,0,0,0,,,,,,,,,,,,,,,,,6.563426971435547,0.075,0.22166666666666668,1.4094261882935213,4.366078190388568,1.0,,407153,001,2025-07-15_10h01.00.695,ContPsyTracking,2024.2.4,159.19688352547558,2025-07-15 10h01.05.025414 +0100,
0,0,0,0,0,0,0,,,,,,,,,,,,,,,,,6.572426080703735,0.08166666666666667,0.22333333333333333,1.0660377348059493,4.891830750456265,1.0,,407153,001,2025-07-15_10h01.00.695,ContPsyTracking,2024.2.4,159.19688352547558,2025-07-15 10h01.05.025414 +0100,
0,0,0,0,0,0,0,,,,,,,,,,,,,,,,,6.581429958343506,0.08666666666666667,0.225,0.7885764118599339,5.258183261755788,1.0,,407153,001,2025-07-15_10h01.00.695,ContPsyTracking,2024.2.4,159.19688352547558,2025-07-15 10h01.05.025414 +0100,
0,0,0,0,0,0,0,,,,,,,,,,,,,,,,,6.590564966201782,0.09333333333333334,0.22666666666666666,0.6118200499242709,5.420078062552003,1.0,,407153,001,2025-07-15_10h01.00.695,ContPsyTracking,2024.2.4,159.19688352547558,2025-07-15 10h01.05.025414 +0100,
0,0,0,0,0,0,0,,,,,,,,,,,,,,,,,6.599564790725708,0.09666666666666666,0.23,0.5670222743161795,5.539991000970391,1.0,,407153,001,2025-07-15_10h01.00.695,ContPsyTracking,2024.2.4,159.19688352547558,2025-07-15 10h01.05.025414 +0100,
0,0,0,0,0,0,0,,,,,,,,,,,,,,,,,6.608564376831055,0.10166666666666667,0.23333333333333334,0.352637009597494,5.769873715374299,1.0,,407153,001,2025-07-15_10h01.00.695,ContPsyTracking,2024.2.4,159.19688352547558,2025-07-15 10h01.05.025414 +0100,
0,0,0,0,0,0,0,,,,,,,,,,,,,,,,,6.61756443977356,0.105,0.235,-0.05477978952101381,5.769873715374299,1.0,,407153,001,2025-07-15_10h01.00.695,ContPsyTracking,2024.2.4,159.19688352547558,2025-07-15 10h01.05.025414 +0100,
0,0,0,0,0,0,0,,,,,,,,,,,,,,,,,6.626564264297485,0.10833333333333334,0.23666666666666666,-0.06939231381878042,5.766850580400181,1.0,,407153,001,2025-07-15_10h01.00.695,ContPsyTracking,2024.2.4,159.19688352547558,2025-07-15 10h01.05.025414 +0100,
0,0,0,0,0,0,0,,,,,,,,,,,,,,,,,6.6365649700164795,0.11,0.23833333333333334,0.02520650762613197,5.222153023001347,1.0,,407153,001,2025-07-15_10h01.00.695,ContPsyTracking,2024.2.4,159.19688352547558,2025-07-15 10h01.05.025414 +0100,
0,0,0,0,0,0,0,,,,,,,,,,,,,,,,,6.645559549331665,0.11,0.23833333333333334,0.41231025301876545,5.436151491359563,1.0,,407153,001,2025-07-15_10h01.00.695,ContPsyTracking,2024.2.4,159.19688352547558,2025-07-15 10h01.05.025414 +0100,
0,0,0,0,0,0,0,,,,,,,,,,,,,,,,,6.654572248458862,0.11,0.23833333333333334,-0.002766065656684802,5.730735074792376,1.0,,407153,001,2025-07-15_10h01.00.695,ContPsyTracking,2024.2.4,159.19688352547558,2025-07-15 10h01.05.025414 +0100,
0,0,0,0,0,0,0,,,,,,,,,,,,,,,,,6.662571907043457,0.11,0.23833333333333334,0.08177823056701379,5.411248145041429,1.0,,407153,001,2025-07-15_10h01.00.695,ContPsyTracking,2024.2.4,159.19688352547558,2025-07-15 10h01.05.025414 +0100,
0,0,0,0,0,0,0,,,,,,,,,,,,,,,,,6.672849655151367,0.11,0.23833333333333334,-0.6986780842944391,5.203599259862678,1.0,,407153,001,2025-07-15_10h01.00.695,ContPsyTracking,2024.2.4,159.19688352547558,2025-07-15 10h01.05.025414 +0100,
0,0,0,0,0,0,0,,,,,,,,,,,,,,,,,6.68184494972229,0.11166666666666666,0.24,-0.4370544521696152,5.135113243288294,1.0,,407153,001,2025-07-15_10h01.00.695,ContPsyTracking,2024.2.4,159.19688352547558,2025-07-15 10h01.05.025414 +0100,
0,0,0,0,0,0,0,,,,,,,,,,,,,,,,,6.690856695175171,0.11333333333333333,0.24,-1.0982050752157582,4.788905611369096,1.0,,407153,001,2025-07-15_10h01.00.695,ContPsyTracking,2024.2.4,159.19688352547558,2025-07-15 10h01.05.025414 +0100,
0,0,0,0,0,0,0,,,,,,,,,,,,,,,,,6.698874473571777,0.11666666666666667,0.24,-1.0516300045603382,4.9223619970863846,1.0,,407153,001,2025-07-15_10h01.00.695,ContPsyTracking,2024.2.4,159.19688352547558,2025-07-15 10h01.05.025414 +0100,
0,0,0,0,0,0,0,,,,,,,,,,,,,,,,,6.7088823318481445,0.11833333333333333,0.24166666666666667,-1.0383625398735725,4.9607940072826056,1.0,,407153,001,2025-07-15_10h01.00.695,ContPsyTracking,2024.2.4,159.19688352547558,2025-07-15 10h01.05.025414 +0100,
0,0,0,0,0,0,0,,,,,,,,,,,,,,,,,6.71688175201416,0.11833333333333333,0.24166666666666667,-0.8493384197547217,4.588034062874657,1.0,,407153,001,2025-07-15_10h01.00.695,ContPsyTracking,2024.2.4,159.19688352547558,2025-07-15 10h01.05.025414 +0100,
0,0,0,0,0,0,0,,,,,,,,,,,,,,,,,6.726897954940796,0.11833333333333333,0.24166666666666667,-0.8225326457585499,4.848902288883822,1.0,,407153,001,2025-07-15_10h01.00.695,ContPsyTracking,2024.2.4,159.19688352547558,2025-07-15 10h01.05.025414 +0100,
0,0,0,0,0,0,0,,,,,,,,,,,,,,,,,6.734909534454346,0.11833333333333333,0.24166666666666667,-1.3793271849757238,4.7871667636343345,1.0,,407153,001,2025-07-15_10h01.00.695,ContPsyTracking,2024.2.4,159.19688352547558,2025-07-15 10h01.05.025414 +0100,
0,0,0,0,0,0,0,,,,,,,,,,,,,,,,,6.74491024017334,0.11833333333333333,0.24166666666666667,-1.2012358011747617,4.5591885002837875,1.0,,407153,001,2025-07-15_10h01.00.695,ContPsyTracking,2024.2.4,159.19688352547558,2025-07-15 10h01.05.025414 +0100,
0,0,0,0,0,0,0,,,,,,,,,,,,,,,,,6.753909587860107,0.11833333333333333,0.24166666666666667,-0.7083077178764157,4.50378278167435,1.0,,407153,001,2025-07-15_10h01.00.695,ContPsyTracking,2024.2.4,159.19688352547558,2025-07-15 10h01.05.025414 +0100,
0,0,0,0,0,0,0,,,,,,,,,,,,,,,,,6.762905597686768,0.11833333333333333,0.24166666666666667,-0.5693280117610966,4.764818458918482,1.0,,407153,001,2025-07-15_10h01.00.695,ContPsyTracking,2024.2.4,159.19688352547558,2025-07-15 10h01.05.025414 +0100,
0,0,0,0,0,0,0,,,,,,,,,,,,,,,,,6.771905422210693,0.11833333333333333,0.24166666666666667,-0.5676563192640878,4.250745537003014,1.0,,407153,001,2025-07-15_10h01.00.695,ContPsyTracking,2024.2.4,159.19688352547558,2025-07-15 10h01.05.025414 +0100,
0,0,0,0,0,0,0,,,,,,,,,,,,,,,,,6.781909942626953,0.11833333333333333,0.24166666666666667,-0.9346583303390246,4.2675467952690544,1.0,,407153,001,2025-07-15_10h01.00.695,ContPsyTracking,2024.2.4,159.19688352547558,2025-07-15 10h01.05.025414 +0100,
0,0,0,0,0,0,0,,,,,,,,,,,,,,,,,6.790912628173828,0.11833333333333333,0.24333333333333335,-0.7806367109801534,3.983727377297665,1.0,,407153,001,2025-07-15_10h01.00.695,ContPsyTracking,2024.2.4,159.19688352547558,2025-07-15 10h01.05.025414 +0100,
0,0,0,0,0,0,0,,,,,,,,,,,,,,,,,6.799910068511963,0.11166666666666666,0.24666666666666667,-0.9254222389148685,4.093495672120329,1.0,,407153,001,2025-07-15_10h01.00.695,ContPsyTracking,2024.2.4,159.19688352547558,2025-07-15 10h01.05.025414 +0100,
0,0,0,0,0,0,0,,,,,,,,,,,,,,,,,6.807910203933716,0.10666666666666667,0.25,-1.1689848862980858,4.063719390560568,1.0,,407153,001,2025-07-15_10h01.00.695,ContPsyTracking,2024.2.4,159.19688352547558,2025-07-15 10h01.05.025414 +0100,
0,0,0,0,0,0,0,,,,,,,,,,,,,,,,,6.8179919719696045,0.09833333333333333,0.25166666666666665,-1.1130748812520317,4.494610955646878,1.0,,407153,001,2025-07-15_10h01.00.695,ContPsyTracking,2024.2.4,159.19688352547558,2025-07-15 10h01.05.025414 +0100,
0,0,0,0,0,0,0,,,,,,,,,,,,,,,,,6.825991630554199,0.09166666666666666,0.255,-1.300043081874151,4.848575830019212,1.0,,407153,001,2025-07-15_10h01.00.695,ContPsyTracking,2024.2.4,159.19688352547558,2025-07-15 10h01.05.025414 +0100,
0,0,0,0,0,0,0,,,,,,,,,,,,,,,,,6.835991382598877,0.08166666666666667,0.25666666666666665,-1.3810998185536496,4.41004780318193,1.0,,407153,001,2025-07-15_10h01.00.695,ContPsyTracking,2024.2.4,159.19688352547558,2025-07-15 10h01.05.025414 +0100,
0,0,0,0,0,0,0,,,,,,,,,,,,,,,,,6.84499192237854,0.07833333333333334,0.25833333333333336,-1.6381982604464658,4.263823301899517,1.0,,407153,001,2025-07-15_10h01.00.695,ContPsyTracking,2024.2.4,159.19688352547558,2025-07-15 10h01.05.025414 +0100,
0,0,0,0,0,0,0,,,,,,,,,,,,,,,,,6.853991746902466,0.075,0.25833333333333336,-1.9658994977763422,4.553206098753068,1.0,,407153,001,2025-07-15_10h01.00.695,ContPsyTracking,2024.2.4,159.19688352547558,2025-07-15 10h01.05.025414 +0100,
0,0,0,0,0,0,0,,,,,,,,,,,,,,,,,6.8619914054870605,0.06833333333333333,0.26,-2.08708078533726,4.830064054247514,1.0,,407153,001,2025-07-15_10h01.00.695,ContPsyTracking,2024.2.4,159.19688352547558,2025-07-15 10h01.05.025414 +0100,
0,0,0,0,0,0,0,,,,,,,,,,,,,,,,,6.8719916343688965,0.06333333333333334,0.26,-1.6194876718045341,4.8589992814076775,1.0,,407153,001,2025-07-15_10h01.00.695,ContPsyTracking,2024.2.4,159.19688352547558,2025-07-15 10h01.05.025414 +0100,
0,0,0,0,0,0,0,,,,,,,,,,,,,,,,,6.8799920082092285,0.056666666666666664,0.26166666666666666,-1.105445530541512,5.282432973720984,1.0,,407153,001,2025-07-15_10h01.00.695,ContPsyTracking,2024.2.4,159.19688352547558,2025-07-15 10h01.05.025414 +0100,
0,0,0,0,0,0,0,,,,,,,,,,,,,,,,,6.8900368213653564,0.04666666666666667,0.2633333333333333,-0.7600672383904208,5.058384213891994,1.0,,407153,001,2025-07-15_10h01.00.695,ContPsyTracking,2024.2.4,159.19688352547558,2025-07-15 10h01.05.025414 +0100,
0,0,0,0,0,0,0,,,,,,,,,,,,,,,,,6.899036884307861,0.03333333333333333,0.2633333333333333,-0.5756573980321928,5.399412033803268,1.0,,407153,001,2025-07-15_10h01.00.695,ContPsyTracking,2024.2.4,159.19688352547558,2025-07-15 10h01.05.025414 +0100,
0,0,0,0,0,0,0,,,,,,,,,,,,,,,,,6.908078908920288,0.023333333333333334,0.2633333333333333,-0.9584041508145353,5.6683005088269764,1.0,,407153,001,2025-07-15_10h01.00.695,ContPsyTracking,2024.2.4,159.19688352547558,2025-07-15 10h01.05.025414 +0100,
0,0,0,0,0,0,0,,,,,,,,,,,,,,,,,6.917079210281372,0.008333333333333333,0.2633333333333333,-1.0401619706190024,5.5696910834998565,1.0,,407153,001,2025-07-15_10h01.00.695,ContPsyTracking,2024.2.4,159.19688352547558,2025-07-15 10h01.05.025414 +0100,
0,0,0,0,0,0,0,,,,,,,,,,,,,,,,,6.9260923862457275,-0.0016666666666666668,0.2633333333333333,-0.8425955359407825,5.639239931602721,1.0,,407153,001,2025-07-15_10h01.00.695,ContPsyTracking,2024.2.4,159.19688352547558,2025-07-15 10h01.05.025414 +0100,
0,0,0,0,0,0,0,,,,,,,,,,,,,,,,,6.935103893280029,-0.015,0.2633333333333333,-0.47914795445282377,5.817462525561092,1.0,,407153,001,2025-07-15_10h01.00.695,ContPsyTracking,2024.2.4,159.19688352547558,2025-07-15 10h01.05.025414 +0100,
0,0,0,0,0,0,0,,,,,,,,,,,,,,,,,6.945104598999023,-0.021666666666666667,0.2633333333333333,-0.8670955582827663,5.618319782636181,1.0,,407153,001,2025-07-15_10h01.00.695,ContPsyTracking,2024.2.4,159.19688352547558,2025-07-15 10h01.05.025414 +0100,
0,0,0,0,0,0,0,,,,,,,,,,,,,,,,,6.953100204467773,-0.025,0.2633333333333333,-1.1842642064658455,5.521040143311962,1.0,,407153,001,2025-07-15_10h01.00.695,ContPsyTracking,2024.2.4,159.19688352547558,2025-07-15 10h01.05.025414 +0100,
0,0,0,0,0,0,0,,,,,,,,,,,,,,,,,6.963178873062134,-0.025,0.2633333333333333,-0.7452186344877545,5.3207405985286504,1.0,,407153,001,2025-07-15_10h01.00.695,ContPsyTracking,2024.2.4,159.19688352547558,2025-07-15 10h01.05.025414 +0100,
0,0,0,0,0,0,0,,,,,,,,,,,,,,,,,6.971178770065308,-0.025,0.2633333333333333,-0.3825925988879412,5.367960872346669,1.0,,407153,001,2025-07-15_10h01.00.695,ContPsyTracking,2024.2.4,159.19688352547558,2025-07-15 10h01.05.025414 +0100,
0,0,0,0,0,0,0,,,,,,,,,,,,,,,,,6.981194972991943,-0.025,0.2633333333333333,-0.44165063377430863,5.715534848603344,1.0,,407153,001,2025-07-15_10h01.00.695,ContPsyTracking,2024.2.4,159.19688352547558,2025-07-15 10h01.05.025414 +0100,
0,0,0,0,0,0,0,,,,,,,,,,,,,,,,,6.989394426345825,-0.025,0.2633333333333333,-0.23314661627489114,5.712229467563948,1.0,,407153,001,2025-07-15_10h01.00.695,ContPsyTracking,2024.2.4,159.19688352547558,2025-07-15 10h01.05.025414 +0100,
0,0,0,0,0,0,0,,,,,,,,,,,,,,,,,6.999474048614502,-0.028333333333333332,0.2633333333333333,-0.7032138592995542,5.6421019920690645,1.0,,407153,001,2025-07-15_10h01.00.695,ContPsyTracking,2024.2.4,159.19688352547558,2025-07-15 10h01.05.025414 +0100,
0,0,0,0,0,0,0,,,,,,,,,,,,,,,,,7.007474184036255,-0.03166666666666667,0.2633333333333333,-0.723693387458467,5.515620718375912,1.0,,407153,001,2025-07-15_10h01.00.695,ContPsyTracking,2024.2.4,159.19688352547558,2025-07-15 10h01.05.025414 +0100,
0,0,0,0,0,0,0,,,,,,,,,,,,,,,,,7.017486333847046,-0.03833333333333333,0.26,-0.9514025619245885,5.487274071870914,1.0,,407153,001,2025-07-15_10h01.00.695,ContPsyTracking,2024.2.4,159.19688352547558,2025-07-15 10h01.05.025414 +0100,
0,0,0,0,0,0,0,,,,,,,,,,,,,,,,,7.025485992431641,-0.041666666666666664,0.25833333333333336,-0.9219356996483978,5.370339709262001,1.0,,407153,001,2025-07-15_10h01.00.695,ContPsyTracking,2024.2.4,159.19688352547558,2025-07-15 10h01.05.025414 +0100,
0,0,0,0,0,0,0,,,,,,,,,,,,,,,,,7.035533666610718,-0.043333333333333335,0.25666666666666665,-0.8902384997418888,5.353492922682428,1.0,,407153,001,2025-07-15_10h01.00.695,ContPsyTracking,2024.2.4,159.19688352547558,2025-07-15 10h01.05.025414 +0100,
0,0,0,0,0,0,0,,,,,,,,,,,,,,,,,7.043545961380005,-0.04666666666666667,0.255,-0.5475997345772539,5.143769360197532,1.0,,407153,001,2025-07-15_10h01.00.695,ContPsyTracking,2024.2.4,159.19688352547558,2025-07-15 10h01.05.025414 +0100,
0,0,0,0,0,0,0,,,,,,,,,,,,,,,,,7.054553985595703,-0.04666666666666667,0.255,-1.2035426365703303,5.501776816293388,1.0,,407153,001,2025-07-15_10h01.00.695,ContPsyTracking,2024.2.4,159.19688352547558,2025-07-15 10h01.05.025414 +0100,
0,0,0,0,0,0,0,,,,,,,,,,,,,,,,,7.061572551727295,-0.04833333333333333,0.255,-1.2997647216969885,4.950528549312438,1.0,,407153,001,2025-07-15_10h01.00.695,ContPsyTracking,2024.2.4,159.19688352547558,2025-07-15 10h01.05.025414 +0100,
0,0,0,0,0,0,0,,,,,,,,,,,,,,,,,7.067571401596069,-0.04833333333333333,0.255,-1.857419444781029,4.9938566566603,1.0,,407153,001,2025-07-15_10h01.00.695,ContPsyTracking,2024.2.4,159.19688352547558,2025-07-15 10h01.05.025414 +0100,
0,0,0,0,0,0,0,,,,,,,,,,,,,,,,,7.074571847915649,-0.04833333333333333,0.255,-2.012802787056582,4.881837476445514,1.0,,407153,001,2025-07-15_10h01.00.695,ContPsyTracking,2024.2.4,159.19688352547558,2025-07-15 10h01.05.025414 +0100,
0,0,0,0,0,0,0,,,,,,,,,,,,,,,,,7.079571008682251,-0.04833333333333333,0.255,-2.033550846971576,4.947807477663897,1.0,,407153,001,2025-07-15_10h01.00.695,ContPsyTracking,2024.2.4,159.19688352547558,2025-07-15 10h01.05.025414 +0100,
0,0,0,0,0,0,0,,,,,,,,,,,,,,,,,7.086566925048828,-0.04833333333333333,0.255,-1.8905962751239969,4.850600960387914,1.0,,407153,001,2025-07-15_10h01.00.695,ContPsyTracking,2024.2.4,159.19688352547558,2025-07-15 10h01.05.025414 +0100,
0,0,0,0,0,0,0,,,,,,,,,,,,,,,,,7.092567205429077,-0.04833333333333333,0.255,-2.0881539350679605,5.669276089262867,1.0,,407153,001,2025-07-15_10h01.00.695,ContPsyTracking,2024.2.4,159.19688352547558,2025-07-15 10h01.05.025414 +0100,
0,0,0,0,0,0,0,,,,,,,,,,,,,,,,,7.098567008972168,-0.04833333333333333,0.255,-1.9665526022477848,5.336546017695841,1.0,,407153,001,2025-07-15_10h01.00.695,ContPsyTracking,2024.2.4,159.19688352547558,2025-07-15 10h01.05.025414 +0100,
0,0,0,0,0,0,0,,,,,,,,,,,,,,,,,7.105567216873169,-0.04833333333333333,0.255,-1.8668470284851173,5.997072699573784,1.0,,407153,001,2025-07-15_10h01.00.695,ContPsyTracking,2024.2.4,159.19688352547558,2025-07-15 10h01.05.025414 +0100,
0,0,0,0,0,0,0,,,,,,,,,,,,,,,,,7.114566802978516,-0.05,0.25833333333333336,-1.7774127736921534,5.720421449694801,1.0,,407153,001,2025-07-15_10h01.00.695,ContPsyTracking,2024.2.4,159.19688352547558,2025-07-15 10h01.05.025414 +0100,
0,0,0,0,0,0,0,,,,,,,,,,,,,,,,,7.122567176818848,-0.051666666666666666,0.26166666666666666,-1.3407941381022217,5.905037975442855,1.0,,407153,001,2025-07-15_10h01.00.695,ContPsyTracking,2024.2.4,159.19688352547558,2025-07-15 10h01.05.025414 +0100,
0,0,0,0,0,0,0,,,,,,,,,,,,,,,,,7.1326422691345215,-0.05333333333333334,0.26666666666666666,-1.7631840423132132,5.90397725306381,1.0,,407153,001,2025-07-15_10h01.00.695,ContPsyTracking,2024.2.4,159.19688352547558,2025-07-15 10h01.05.025414 +0100,
0,0,0,0,0,0,0,,,,,,,,,,,,,,,,,7.1415722370147705,-0.055,0.2733333333333333,-1.9400284142231123,5.877617101527636,1.0,,407153,001,2025-07-15_10h01.00.695,ContPsyTracking,2024.2.4,159.19688352547558,2025-07-15 10h01.05.025414 +0100,
0,0,0,0,0,0,0,,,,,,,,,,,,,,,,,7.1505677700042725,-0.056666666666666664,0.2783333333333333,-1.750717529281269,5.500053345613183,1.0,,407153,001,2025-07-15_10h01.00.695,ContPsyTracking,2024.2.4,159.19688352547558,2025-07-15 10h01.05.025414 +0100,
0,0,0,0,0,0,0,,,,,,,,,,,,,,,,,7.158571243286133,-0.06,0.285,-1.6209531776823878,4.996305902956993,1.0,,407153,001,2025-07-15_10h01.00.695,ContPsyTracking,2024.2.4,159.19688352547558,2025-07-15 10h01.05.025414 +0100,
0,0,0,0,0,0,0,,,,,,,,,,,,,,,,,7.168580770492554,-0.06,0.28833333333333333,-1.8785239571216803,5.262369716285791,1.0,,407153,001,2025-07-15_10h01.00.695,ContPsyTracking,2024.2.4,159.19688352547558,2025-07-15 10h01.05.025414 +0100,
0,0,0,0,0,0,0,,,,,,,,,,,,,,,,,7.177579879760742,-0.06166666666666667,0.29,-1.7378695838777807,5.645869483565518,1.0,,407153,001,2025-07-15_10h01.00.695,ContPsyTracking,2024.2.4,159.19688352547558,2025-07-15 10h01.05.025414 +0100,
0,0,0,0,0,0,0,,,,,,,,,,,,,,,,,7.187593936920166,-0.06166666666666667,0.2916666666666667,-1.4485346814076157,5.685994688845673,1.0,,407153,001,2025-07-15_10h01.00.695,ContPsyTracking,2024.2.4,159.19688352547558,2025-07-15 10h01.05.025414 +0100,
0,0,0,0,0,0,0,,,,,,,,,,,,,,,,,7.195597410202026,-0.06333333333333334,0.295,-1.2765570552270173,5.865313983175569,1.0,,407153,001,2025-07-15_10h01.00.695,ContPsyTracking,2024.2.4,159.19688352547558,2025-07-15 10h01.05.025414 +0100,
0,0,0,0,0,0,0,,,,,,,,,,,,,,,,,7.2016236782073975,-0.06333333333333334,0.295,-0.9918767037140492,5.558985520350869,1.0,,407153,001,2025-07-15_10h01.00.695,ContPsyTracking,2024.2.4,159.19688352547558,2025-07-15 10h01.05.025414 +0100,
0,0,0,0,0,0,0,,,,,,,,,,,,,,,,,7.210824012756348,-0.06333333333333334,0.2966666666666667,-1.51502180412426,5.901182111769745,1.0,,407153,001,2025-07-15_10h01.00.695,ContPsyTracking,2024.2.4,159.19688352547558,2025-07-15 10h01.05.025414 +0100,
0,0,0,0,0,0,0,,,,,,,,,,,,,,,,,7.219832181930542,-0.06333333333333334,0.3016666666666667,-1.2343638506268757,5.901182111769745,1.0,,407153,001,2025-07-15_10h01.00.695,ContPsyTracking,2024.2.4,159.19688352547558,2025-07-15 10h01.05.025414 +0100,
0,0,0,0,0,0,0,,,,,,,,,,,,,,,,,7.225831508636475,-0.06333333333333334,0.305,-0.9987410188256142,5.901182111769745,1.0,,407153,001,2025-07-15_10h01.00.695,ContPsyTracking,2024.2.4,159.19688352547558,2025-07-15 10h01.05.025414 +0100,
0,0,0,0,0,0,0,,,,,,,,,,,,,,,,,7.234955072402954,-0.06333333333333334,0.30666666666666664,-0.9999419364979362,5.759526267935103,1.0,,407153,001,2025-07-15_10h01.00.695,ContPsyTracking,2024.2.4,159.19688352547558,2025-07-15 10h01.05.025414 +0100,
0,0,0,0,0,0,0,,,,,,,,,,,,,,,,,7.24295449256897,-0.06333333333333334,0.31166666666666665,-1.2642752415288323,5.8360033349869305,1.0,,407153,001,2025-07-15_10h01.00.695,ContPsyTracking,2024.2.4,159.19688352547558,2025-07-15 10h01.05.025414 +0100,
0,0,0,0,0,0,0,,,,,,,,,,,,,,,,,7.248954772949219,-0.06333333333333334,0.31166666666666665,-0.6888008917662272,5.779563932061188,1.0,,407153,001,2025-07-15_10h01.00.695,ContPsyTracking,2024.2.4,159.19688352547558,2025-07-15 10h01.05.025414 +0100,
0,0,0,0,0,0,0,,,,,,,,,,,,,,,,,7.254954814910889,-0.06333333333333334,0.31333333333333335,-1.1135577045323164,5.447456727650158,1.0,,407153,001,2025-07-15_10h01.00.695,ContPsyTracking,2024.2.4,159.19688352547558,2025-07-15 10h01.05.025414 +0100,
0,0,0,0,0,0,0,,,,,,,,,,,,,,,,,7.260955333709717,-0.06333333333333334,0.315,-1.2218906808987902,5.713794105423177,1.0,,407153,001,2025-07-15_10h01.00.695,ContPsyTracking,2024.2.4,159.19688352547558,2025-07-15 10h01.05.025414 +0100,
0,0,0,0,0,0,0,,,,,,,,,,,,,,,,,7.266956090927124,-0.06333333333333334,0.315,-1.1355481824281977,5.7776148836362635,1.0,,407153,001,2025-07-15_10h01.00.695,ContPsyTracking,2024.2.4,159.19688352547558,2025-07-15 10h01.05.025414 +0100,
0,0,0,0,0,0,0,,,,,,,,,,,,,,,,,7.273956298828125,-0.06333333333333334,0.315,-0.9685345806390966,5.7776148836362635,1.0,,407153,001,2025-07-15_10h01.00.695,ContPsyTracking,2024.2.4,159.19688352547558,2025-07-15 10h01.05.025414 +0100,
0,0,0,0,0,0,0,,,,,,,,,,,,,,,,,7.279956102371216,-0.06333333333333334,0.315,-1.455275367547627,5.5279440344110515,1.0,,407153,001,2025-07-15_10h01.00.695,ContPsyTracking,2024.2.4,159.19688352547558,2025-07-15 10h01.05.025414 +0100,
0,0,0,0,0,0,0,,,,,,,,,,,,,,,,,7.284974575042725,-0.06333333333333334,0.315,-1.1467756994305829,5.402442062171805,1.0,,407153,001,2025-07-15_10h01.00.695,ContPsyTracking,2024.2.4,159.19688352547558,2025-07-15 10h01.05.025414 +0100,
0,0,0,0,0,0,0,,,,,,,,,,,,,,,,,7.291973352432251,-0.06333333333333334,0.315,-1.1419246988394767,5.518403544789008,1.0,,407153,001,2025-07-15_10h01.00.695,ContPsyTracking,2024.2.4,159.19688352547558,2025-07-15 10h01.05.025414 +0100,
0,0,0,0,0,0,0,,,,,,,,,,,,,,,,,7.2979736328125,-0.06333333333333334,0.315,-0.8457410931070615,5.518403544789008,1.0,,407153,001,2025-07-15_10h01.00.695,ContPsyTracking,2024.2.4,159.19688352547558,2025-07-15 10h01.05.025414 +0100,
0,0,0,0,0,0,0,,,,,,,,,,,,,,,,,7.303972959518433,-0.06333333333333334,0.31666666666666665,-1.1638712356640128,5.770144301814843,1.0,,407153,001,2025-07-15_10h01.00.695,ContPsyTracking,2024.2.4,159.19688352547558,2025-07-15 10h01.05.025414 +0100,
0,0,0,0,0,0,0,,,,,,,,,,,,,,,,,7.314007520675659,-0.06333333333333334,0.32,-0.6138654914192897,5.770144301814843,1.0,,407153,001,2025-07-15_10h01.00.695,ContPsyTracking,2024.2.4,159.19688352547558,2025-07-15 10h01.05.025414 +0100,
0,0,0,0,0,0,0,,,,,,,,,,,,,,,,,7.3221046924591064,-0.06833333333333333,0.3233333333333333,-0.5243386124635228,5.804010469346438,1.0,,407153,001,2025-07-15_10h01.00.695,ContPsyTracking,2024.2.4,159.19688352547558,2025-07-15 10h01.05.025414 +0100,
0,0,0,0,0,0,0,,,,,,,,,,,,,,,,,7.328104734420776,-0.07166666666666667,0.3283333333333333,-0.07875007981991605,5.457722351479813,1.0,,407153,001,2025-07-15_10h01.00.695,ContPsyTracking,2024.2.4,159.19688352547558,2025-07-15 10h01.05.025414 +0100,
0,0,0,0,0,0,0,,,,,,,,,,,,,,,,,7.334104299545288,-0.075,0.33166666666666667,-0.05264892085969784,5.169813134926795,1.0,,407153,001,2025-07-15_10h01.00.695,ContPsyTracking,2024.2.4,159.19688352547558,2025-07-15 10h01.05.025414 +0100,
0,0,0,0,0,0,0,,,,,,,,,,,,,,,,,7.340107679367065,-0.08,0.335,0.45964956953257774,5.422077738848946,1.0,,407153,001,2025-07-15_10h01.00.695,ContPsyTracking,2024.2.4,159.19688352547558,2025-07-15 10h01.05.025414 +0100,
0,0,0,0,0,0,0,,,,,,,,,,,,,,,,,7.346104860305786,-0.085,0.33666666666666667,-0.16985110203429,5.414223429925077,1.0,,407153,001,2025-07-15_10h01.00.695,ContPsyTracking,2024.2.4,159.19688352547558,2025-07-15 10h01.05.025414 +0100,
0,0,0,0,0,0,0,,,,,,,,,,,,,,,,,7.352104663848877,-0.08833333333333333,0.34,0.23066636912526206,4.954760197663312,1.0,,407153,001,2025-07-15_10h01.00.695,ContPsyTracking,2024.2.4,159.19688352547558,2025-07-15 10h01.05.025414 +0100,
0,0,0,0,0,0,0,,,,,,,,,,,,,,,,,7.358119487762451,-0.09166666666666666,0.3416666666666667,0.14343664305042192,5.2272430041476365,1.0,,407153,001,2025-07-15_10h01.00.695,ContPsyTracking,2024.2.4,159.19688352547558,2025-07-15 10h01.05.025414 +0100,
0,0,0,0,0,0,0,,,,,,,,,,,,,,,,,7.3642189502716064,-0.09333333333333334,0.3433333333333333,-0.06732280380773922,5.242347924978937,1.0,,407153,001,2025-07-15_10h01.00.695,ContPsyTracking,2024.2.4,159.19688352547558,2025-07-15 10h01.05.025414 +0100,
0,0,0,0,0,0,0,,,,,,,,,,,,,,,,,7.370217800140381,-0.095,0.3433333333333333,-0.46558523701315335,4.9583483977885265,1.0,,407153,001,2025-07-15_10h01.00.695,ContPsyTracking,2024.2.4,159.19688352547558,2025-07-15 10h01.05.025414 +0100,
0,0,0,0,0,0,0,,,,,,,,,,,,,,,,,7.37621808052063,-0.095,0.3433333333333333,-0.18031874576322748,4.670120480697686,1.0,,407153,001,2025-07-15_10h01.00.695,ContPsyTracking,2024.2.4,159.19688352547558,2025-07-15 10h01.05.025414 +0100,
0,0,0,0,0,0,0,,,,,,,,,,,,,,,,,7.382217884063721,-0.095,0.3433333333333333,-0.3833987562568142,4.46085727610235,1.0,,407153,001,2025-07-15_10h01.00.695,ContPsyTracking,2024.2.4,159.19688352547558,2025-07-15 10h01.05.025414 +0100,
0,0,0,0,0,0,0,,,,,,,,,,,,,,,,,7.389213562011719,-0.095,0.3433333333333333,0.385049813861697,4.4373047632065665,1.0,,407153,001,2025-07-15_10h01.00.695,ContPsyTracking,2024.2.4,159.19688352547558,2025-07-15 10h01.05.025414 +0100,
0,0,0,0,0,0,0,,,,,,,,,,,,,,,,,7.395214080810547,-0.095,0.3433333333333333,0.1801535790130909,4.643628964713064,1.0,,407153,001,2025-07-15_10h01.00.695,ContPsyTracking,2024.2.4,159.19688352547558,2025-07-15 10h01.05.025414 +0100,
0,0,0,0,0,0,0,,,,,,,,,,,,,,,,,7.401217460632324,-0.095,0.3433333333333333,0.5152630984207979,4.316322036554976,1.0,,407153,001,2025-07-15_10h01.00.695,ContPsyTracking,2024.2.4,159.19688352547558,2025-07-15 10h01.05.025414 +0100,
0,0,0,0,0,0,0,,,,,,,,,,,,,,,,,7.40723991394043,-0.095,0.3433333333333333,0.3563135738619014,4.695118782359579,1.0,,407153,001,2025-07-15_10h01.00.695,ContPsyTracking,2024.2.4,159.19688352547558,2025-07-15 10h01.05.025414 +0100,
0,0,0,0,0,0,0,,,,,,,,,,,,,,,,,7.4132399559021,-0.095,0.3433333333333333,-0.32265081225682596,4.035737098577209,1.0,,407153,001,2025-07-15_10h01.00.695,ContPsyTracking,2024.2.4,159.19688352547558,2025-07-15 10h01.05.025414 +0100,
0,0,0,0,0,0,0,,,,,,,,,,,,,,,,,7.4192399978637695,-0.095,0.3433333333333333,-0.46210187932149016,3.520252517132384,1.0,,407153,001,2025-07-15_10h01.00.695,ContPsyTracking,2024.2.4,159.19688352547558,2025-07-15 10h01.05.025414 +0100,
0,0,0,0,0,0,0,,,,,,,,,,,,,,,,,7.4252402782440186,-0.095,0.3433333333333333,-0.46937883054016255,3.376969615705935,1.0,,407153,001,2025-07-15_10h01.00.695,ContPsyTracking,2024.2.4,159.19688352547558,2025-07-15 10h01.05.025414 +0100,
0,0,0,0,0,0,0,,,,,,,,,,,,,,,,,7.432250022888184,-0.095,0.3433333333333333,-0.656928165878164,4.0455395411615855,1.0,,407153,001,2025-07-15_10h01.00.695,ContPsyTracking,2024.2.4,159.19688352547558,2025-07-15 10h01.05.025414 +0100,
0,0,0,0,0,0,0,,,,,,,,,,,,,,,,,7.441249370574951,-0.09666666666666666,0.3433333333333333,-0.2979127522036258,4.394173370043585,1.0,,407153,001,2025-07-15_10h01.00.695,ContPsyTracking,2024.2.4,159.19688352547558,2025-07-15 10h01.05.025414 +0100,
0,0,0,0,0,0,0,,,,,,,,,,,,,,,,,7.450249671936035,-0.09666666666666666,0.3433333333333333,-0.6206048991500326,4.392650692969203,1.0,,407153,001,2025-07-15_10h01.00.695,ContPsyTracking,2024.2.4,159.19688352547558,2025-07-15 10h01.05.025414 +0100,
0,0,0,0,0,0,0,,,,,,,,,,,,,,,,,7.460249423980713,-0.09666666666666666,0.3433333333333333,-0.5735437227393748,4.404574371197092,1.0,,407153,001,2025-07-15_10h01.00.695,ContPsyTracking,2024.2.4,159.19688352547558,2025-07-15 10h01.05.025414 +0100,
0,0,0,0,0,0,0,,,,,,,,,,,,,,,,,7.468267202377319,-0.09833333333333333,0.3433333333333333,-0.7370025422270128,4.36712932552325,1.0,,407153,001,2025-07-15_10h01.00.695,ContPsyTracking,2024.2.4,159.19688352547558,2025-07-15 10h01.05.025414 +0100,
0,0,0,0,0,0,0,,,,,,,,,,,,,,,,,7.478431940078735,-0.09833333333333333,0.3416666666666667,-0.5327736069169317,4.595826982475695,1.0,,407153,001,2025-07-15_10h01.00.695,ContPsyTracking,2024.2.4,159.19688352547558,2025-07-15 10h01.05.025414 +0100,
0,0,0,0,0,0,0,,,,,,,,,,,,,,,,,7.487441301345825,-0.09833333333333333,0.33666666666666667,-0.6524417567719303,4.412002647912752,1.0,,407153,001,2025-07-15_10h01.00.695,ContPsyTracking,2024.2.4,159.19688352547558,2025-07-15 10h01.05.025414 +0100,
0,0,0,0,0,0,0,,,,,,,,,,,,,,,,,7.496444225311279,-0.09833333333333333,0.3333333333333333,-0.5195571007882099,4.54846591621832,1.0,,407153,001,2025-07-15_10h01.00.695,ContPsyTracking,2024.2.4,159.19688352547558,2025-07-15 10h01.05.025414 +0100,
0,0,0,0,0,0,0,,,,,,,,,,,,,,,,,7.5054450035095215,-0.095,0.3283333333333333,-0.6120324446849227,4.234049642574748,1.0,,407153,001,2025-07-15_10h01.00.695,ContPsyTracking,2024.2.4,159.19688352547558,2025-07-15 10h01.05.025414 +0100,
0,0,0,0,0,0,0,,,,,,,,,,,,,,,,,7.514444351196289,-0.09166666666666666,0.325,-0.6993206833811668,4.269284997003943,1.0,,407153,001,2025-07-15_10h01.00.695,ContPsyTracking,2024.2.4,159.19688352547558,2025-07-15 10h01.05.025414 +0100,
0,0,0,0,0,0,0,,,,,,,,,,,,,,,,,7.5235395431518555,-0.08666666666666667,0.32166666666666666,-1.2413597263666027,4.180502685606561,1.0,,407153,001,2025-07-15_10h01.00.695,ContPsyTracking,2024.2.4,159.19688352547558,2025-07-15 10h01.05.025414 +0100,
0,0,0,0,0,0,0,,,,,,,,,,,,,,,,,7.532687425613403,-0.07833333333333334,0.32,-1.141704240454872,3.6975980045290755,1.0,,407153,001,2025-07-15_10h01.00.695,ContPsyTracking,2024.2.4,159.19688352547558,2025-07-15 10h01.05.025414 +0100,
0,0,0,0,0,0,0,,,,,,,,,,,,,,,,,7.541687726974487,-0.07333333333333333,0.31666666666666665,-1.245140963868579,3.8202111762723656,1.0,,407153,001,2025-07-15_10h01.00.695,ContPsyTracking,2024.2.4,159.19688352547558,2025-07-15 10h01.05.025414 +0100,
0,0,0,0,0,0,0,,,,,,,,,,,,,,,,,7.550743579864502,-0.065,0.31666666666666665,-1.0738471537219758,3.4029181968923767,1.0,,407153,001,2025-07-15_10h01.00.695,ContPsyTracking,2024.2.4,159.19688352547558,2025-07-15 10h01.05.025414 +0100,
0,0,0,0,0,0,0,,,,,,,,,,,,,,,,,7.559758424758911,-0.056666666666666664,0.31333333333333335,-1.5639318372177273,3.071536043350376,1.0,,407153,001,2025-07-15_10h01.00.695,ContPsyTracking,2024.2.4,159.19688352547558,2025-07-15 10h01.05.025414 +0100,
0,0,0,0,0,0,0,,,,,,,,,,,,,,,,,7.568907976150513,-0.04833333333333333,0.31166666666666665,-1.3334576738334336,3.1834072186606384,1.0,,407153,001,2025-07-15_10h01.00.695,ContPsyTracking,2024.2.4,159.19688352547558,2025-07-15 10h01.05.025414 +0100,
0,0,0,0,0,0,0,,,,,,,,,,,,,,,,,7.577908992767334,-0.041666666666666664,0.31,-1.293876607004425,2.6849560563082155,1.0,,407153,001,2025-07-15_10h01.00.695,ContPsyTracking,2024.2.4,159.19688352547558,2025-07-15 10h01.05.025414 +0100,
0,0,0,0,0,0,0,,,,,,,,,,,,,,,,,7.587926387786865,-0.035,0.30833333333333335,-1.9731529904746314,2.847632371415725,1.0,,407153,001,2025-07-15_10h01.00.695,ContPsyTracking,2024.2.4,159.19688352547558,2025-07-15 10h01.05.025414 +0100,
0,0,0,0,0,0,0,,,,,,,,,,,,,,,,,7.595926523208618,-0.03166666666666667,0.30666666666666664,-2.180684494693206,2.9250227948004524,1.0,,407153,001,2025-07-15_10h01.00.695,ContPsyTracking,2024.2.4,159.19688352547558,2025-07-15 10h01.05.025414 +0100,
0,0,0,0,0,0,0,,,,,,,,,,,,,,,,,7.6059277057647705,-0.03,0.305,-2.342802301384064,2.7816603590840545,1.0,,407153,001,2025-07-15_10h01.00.695,ContPsyTracking,2024.2.4,159.19688352547558,2025-07-15 10h01.05.025414 +0100,
0,0,0,0,0,0,0,,,,,,,,,,,,,,,,,7.613926649093628,-0.028333333333333332,0.3,-2.535804540782509,3.221581191400133,1.0,,407153,001,2025-07-15_10h01.00.695,ContPsyTracking,2024.2.4,159.19688352547558,2025-07-15 10h01.05.025414 +0100,
0,0,0,0,0,0,0,,,,,,,,,,,,,,,,,7.6240434646606445,-0.025,0.295,-2.3232397884603215,2.9281382177679096,1.0,,407153,001,2025-07-15_10h01.00.695,ContPsyTracking,2024.2.4,159.19688352547558,2025-07-15 10h01.05.025414 +0100,
0,0,0,0,0,0,0,,,,,,,,,,,,,,,,,7.6320436000823975,-0.02,0.28833333333333333,-2.0195363208566492,2.9015634918239503,1.0,,407153,001,2025-07-15_10h01.00.695,ContPsyTracking,2024.2.4,159.19688352547558,2025-07-15 10h01.05.025414 +0100,
0,0,0,0,0,0,0,,,,,,,,,,,,,,,,,7.642043352127075,-0.015,0.2816666666666667,-2.1010420388291013,2.7918051064798166,1.0,,407153,001,2025-07-15_10h01.00.695,ContPsyTracking,2024.2.4,159.19688352547558,2025-07-15 10h01.05.025414 +0100,
0,0,0,0,0,0,0,,,,,,,,,,,,,,,,,7.651043176651001,-0.008333333333333333,0.27666666666666667,-1.5457488482415376,2.6394580437011483,1.0,,407153,001,2025-07-15_10h01.00.695,ContPsyTracking,2024.2.4,159.19688352547558,2025-07-15 10h01.05.025414 +0100,
0,0,0,0,0,0,0,,,,,,,,,,,,,,,,,7.660043716430664,-0.006666666666666667,0.275,-1.2556324268529382,2.2722896354826414,1.0,,407153,001,2025-07-15_10h01.00.695,ContPsyTracking,2024.2.4,159.19688352547558,2025-07-15 10h01.05.025414 +0100,
0,0,0,0,0,0,0,,,,,,,,,,,,,,,,,7.66907000541687,-0.005,0.275,-1.7464905112025244,2.6849917378367087,1.0,,407153,001,2025-07-15_10h01.00.695,ContPsyTracking,2024.2.4,159.19688352547558,2025-07-15 10h01.05.025414 +0100,
0,0,0,0,0,0,0,,,,,,,,,,,,,,,,,7.678105115890503,-0.005,0.275,-1.663695689296896,2.498988109229714,1.0,,407153,001,2025-07-15_10h01.00.695,ContPsyTracking,2024.2.4,159.19688352547558,2025-07-15 10h01.05.025414 +0100,
0,0,0,0,0,0,0,,,,,,,,,,,,,,,,,7.687104940414429,-0.005,0.275,-1.650415575205455,2.1403651144012583,1.0,,407153,001,2025-07-15_10h01.00.695,ContPsyTracking,2024.2.4,159.19688352547558,2025-07-15 10h01.05.025414 +0100,
0,0,0,0,0,0,0,,,,,,,,,,,,,,,,,7.6961047649383545,-0.005,0.275,-2.361945955906737,1.799717365973831,1.0,,407153,001,2025-07-15_10h01.00.695,ContPsyTracking,2024.2.4,159.19688352547558,2025-07-15 10h01.05.025414 +0100,
0,0,0,0,0,0,0,,,,,,,,,,,,,,,,,7.705104827880859,-0.005,0.275,-2.3269642034847284,1.974989351946487,1.0,,407153,001,2025-07-15_10h01.00.695,ContPsyTracking,2024.2.4,159.19688352547558,2025-07-15 10h01.05.025414 +0100,
0,0,0,0,0,0,0,,,,,,,,,,,,,,,,,7.715105295181274,-0.005,0.2733333333333333,-2.2277765703635906,2.241634787604354,1.0,,407153,001,2025-07-15_10h01.00.695,ContPsyTracking,2024.2.4,159.19688352547558,2025-07-15 10h01.05.025414 +0100,
0,0,0,0,0,0,0,,,,,,,,,,,,,,,,,7.724122047424316,-0.006666666666666667,0.27166666666666667,-3.060437031648769,2.3045956032292256,1.0,,407153,001,2025-07-15_10h01.00.695,ContPsyTracking,2024.2.4,159.19688352547558,2025-07-15 10h01.05.025414 +0100,
0,0,0,0,0,0,0,,,,,,,,,,,,,,,,,7.733135461807251,-0.008333333333333333,0.2683333333333333,-3.4279472432439273,2.3679036875704176,1.0,,407153,001,2025-07-15_10h01.00.695,ContPsyTracking,2024.2.4,159.19688352547558,2025-07-15 10h01.05.025414 +0100,
0,0,0,0,0,0,0,,,,,,,,,,,,,,,,,7.74114203453064,-0.01,0.265,-2.698780257313565,2.465223589100392,1.0,,407153,001,2025-07-15_10h01.00.695,ContPsyTracking,2024.2.4,159.19688352547558,2025-07-15 10h01.05.025414 +0100,
0,0,0,0,0,0,0,,,,,,,,,,,,,,,,,7.75114631652832,-0.011666666666666667,0.26166666666666666,-2.6965411755842585,3.067193366968593,1.0,,407153,001,2025-07-15_10h01.00.695,ContPsyTracking,2024.2.4,159.19688352547558,2025-07-15 10h01.05.025414 +0100,
0,0,0,0,0,0,0,,,,,,,,,,,,,,,,,7.7601540088653564,-0.011666666666666667,0.25833333333333336,-2.3852617925873814,3.4011068145432533,1.0,,407153,001,2025-07-15_10h01.00.695,ContPsyTracking,2024.2.4,159.19688352547558,2025-07-15 10h01.05.025414 +0100,
0,0,0,0,0,0,0,,,,,,,,,,,,,,,,,7.769158124923706,-0.011666666666666667,0.255,-2.2158280185204733,3.4757885821244825,1.0,,407153,001,2025-07-15_10h01.00.695,ContPsyTracking,2024.2.4,159.19688352547558,2025-07-15 10h01.05.025414 +0100,
0,0,0,0,0,0,0,,,,,,,,,,,,,,,,,7.778166055679321,-0.011666666666666667,0.25166666666666665,-1.897660993860494,3.229094718202971,1.0,,407153,001,2025-07-15_10h01.00.695,ContPsyTracking,2024.2.4,159.19688352547558,2025-07-15 10h01.05.025414 +0100,
0,0,0,0,0,0,0,,,,,,,,,,,,,,,,,7.788179397583008,-0.013333333333333334,0.25,-1.907504315493774,3.5388596626894255,1.0,,407153,001,2025-07-15_10h01.00.695,ContPsyTracking,2024.2.4,159.19688352547558,2025-07-15 10h01.05.025414 +0100,
0,0,0,0,0,0,0,,,,,,,,,,,,,,,,,7.796183109283447,-0.015,0.24666666666666667,-1.8091498447442111,3.856243042122867,1.0,,407153,001,2025-07-15_10h01.00.695,ContPsyTracking,2024.2.4,159.19688352547558,2025-07-15 10h01.05.025414 +0100,
0,0,0,0,0,0,0,,,,,,,,,,,,,,,,,7.806183099746704,-0.016666666666666666,0.24666666666666667,-1.49067850474291,4.1299305916601545,1.0,,407153,001,2025-07-15_10h01.00.695,ContPsyTracking,2024.2.4,159.19688352547558,2025-07-15 10h01.05.025414 +0100,
0,0,0,0,0,0,0,,,,,,,,,,,,,,,,,7.814183235168457,-0.018333333333333333,0.245,-1.6485327400545366,4.03698920287824,1.0,,407153,001,2025-07-15_10h01.00.695,ContPsyTracking,2024.2.4,159.19688352547558,2025-07-15 10h01.05.025414 +0100,
0,0,0,0,0,0,0,,,,,,,,,,,,,,,,,7.824182987213135,-0.021666666666666667,0.24333333333333335,-1.883662081286239,3.370891981682418,1.0,,407153,001,2025-07-15_10h01.00.695,ContPsyTracking,2024.2.4,159.19688352547558,2025-07-15 10h01.05.025414 +0100,
0,0,0,0,0,0,0,,,,,,,,,,,,,,,,,7.832195281982422,-0.021666666666666667,0.24,-2.0776053501223912,3.2355883589144376,1.0,,407153,001,2025-07-15_10h01.00.695,ContPsyTracking,2024.2.4,159.19688352547558,2025-07-15 10h01.05.025414 +0100,
0,0,0,0,0,0,0,,,,,,,,,,,,,,,,,7.842219591140747,-0.023333333333333334,0.23666666666666666,-2.199051649177114,3.2233863100371303,1.0,,407153,001,2025-07-15_10h01.00.695,ContPsyTracking,2024.2.4,159.19688352547558,2025-07-15 10h01.05.025414 +0100,
0,0,0,0,0,0,0,,,,,,,,,,,,,,,,,7.851215124130249,-0.023333333333333334,0.23,-2.0902562737262342,3.4106750024298247,1.0,,407153,001,2025-07-15_10h01.00.695,ContPsyTracking,2024.2.4,159.19688352547558,2025-07-15 10h01.05.025414 +0100,
0,0,0,0,0,0,0,,,,,,,,,,,,,,,,,7.860219478607178,-0.025,0.22666666666666666,-2.2681526078857988,3.419448548680665,1.0,,407153,001,2025-07-15_10h01.00.695,ContPsyTracking,2024.2.4,159.19688352547558,2025-07-15 10h01.05.025414 +0100,
0,0,0,0,0,0,0,,,,,,,,,,,,,,,,,7.8692145347595215,-0.02666666666666667,0.22333333333333333,-2.493313693895466,3.1754604410707272,1.0,,407153,001,2025-07-15_10h01.00.695,ContPsyTracking,2024.2.4,159.19688352547558,2025-07-15 10h01.05.025414 +0100,
0,0,0,0,0,0,0,,,,,,,,,,,,,,,,,7.878232002258301,-0.03,0.21833333333333332,-2.2420644896789006,2.685873528962005,1.0,,407153,001,2025-07-15_10h01.00.695,ContPsyTracking,2024.2.4,159.19688352547558,2025-07-15 10h01.05.025414 +0100,
0,0,0,0,0,0,0,,,,,,,,,,,,,,,,,7.887240409851074,-0.035,0.21333333333333335,-1.9739456641066464,2.9665235927306615,1.0,,407153,001,2025-07-15_10h01.00.695,ContPsyTracking,2024.2.4,159.19688352547558,2025-07-15 10h01.05.025414 +0100,
0,0,0,0,0,0,0,,,,,,,,,,,,,,,,,7.896239995956421,-0.03833333333333333,0.20833333333333334,-2.1724963768790375,2.8907725115696126,1.0,,407153,001,2025-07-15_10h01.00.695,ContPsyTracking,2024.2.4,159.19688352547558,2025-07-15 10h01.05.025414 +0100,
0,0,0,0,0,0,0,,,,,,,,,,,,,,,,,7.905332326889038,-0.043333333333333335,0.20333333333333334,-2.237017980366567,2.931428046944905,1.0,,407153,001,2025-07-15_10h01.00.695,ContPsyTracking,2024.2.4,159.19688352547558,2025-07-15 10h01.05.025414 +0100,
0,0,0,0,0,0,0,,,,,,,,,,,,,,,,,7.914506435394287,-0.045,0.2,-2.3907470481671154,3.3925960392282875,1.0,,407153,001,2025-07-15_10h01.00.695,ContPsyTracking,2024.2.4,159.19688352547558,2025-07-15 10h01.05.025414 +0100,
0,0,0,0,0,0,0,,,,,,,,,,,,,,,,,7.923521041870117,-0.04666666666666667,0.19333333333333333,-2.3767720151209693,3.4354018531558026,1.0,,407153,001,2025-07-15_10h01.00.695,ContPsyTracking,2024.2.4,159.19688352547558,2025-07-15 10h01.05.025414 +0100,
0,0,0,0,0,0,0,,,,,,,,,,,,,,,,,7.932528734207153,-0.04833333333333333,0.19,-2.8368749358063217,3.504560002909913,1.0,,407153,001,2025-07-15_10h01.00.695,ContPsyTracking,2024.2.4,159.19688352547558,2025-07-15 10h01.05.025414 +0100,
0,0,0,0,0,0,0,,,,,,,,,,,,,,,,,7.941556930541992,-0.051666666666666666,0.18666666666666668,-3.218981262879584,3.89586555358955,1.0,,407153,001,2025-07-15_10h01.00.695,ContPsyTracking,2024.2.4,159.19688352547558,2025-07-15 10h01.05.025414 +0100,
0,0,0,0,0,0,0,,,,,,,,,,,,,,,,,7.950551986694336,-0.05333333333333334,0.18166666666666667,-3.6168531463123768,3.3410681097476247,1.0,,407153,001,2025-07-15_10h01.00.695,ContPsyTracking,2024.2.4,159.19688352547558,2025-07-15 10h01.05.025414 +0100,
0,0,0,0,0,0,0,,,,,,,,,,,,,,,,,7.959556579589844,-0.055,0.17833333333333334,-3.970963174663125,2.987292723914616,1.0,,407153,001,2025-07-15_10h01.00.695,ContPsyTracking,2024.2.4,159.19688352547558,2025-07-15 10h01.05.025414 +0100,
0,0,0,0,0,0,0,,,,,,,,,,,,,,,,,7.96955680847168,-0.055,0.17666666666666667,-4.274362373658685,2.738976929699878,1.0,,407153,001,2025-07-15_10h01.00.695,ContPsyTracking,2024.2.4,159.19688352547558,2025-07-15 10h01.05.025414 +0100,
0,0,0,0,0,0,0,,,,,,,,,,,,,,,,,7.978552341461182,-0.056666666666666664,0.17666666666666667,-4.035213754210525,2.023380068753503,1.0,,407153,001,2025-07-15_10h01.00.695,ContPsyTracking,2024.2.4,159.19688352547558,2025-07-15 10h01.05.025414 +0100,
0,0,0,0,0,0,0,,,,,,,,,,,,,,,,,7.987590312957764,-0.056666666666666664,0.17666666666666667,-4.207072328789544,2.305872651385111,1.0,,407153,001,2025-07-15_10h01.00.695,ContPsyTracking,2024.2.4,159.19688352547558,2025-07-15 10h01.05.025414 +0100,
0,0,0,0,0,0,0,,,,,,,,,,,,,,,,,7.995608329772949,-0.056666666666666664,0.17666666666666667,-3.999508585468001,2.2407541016082533,1.0,,407153,001,2025-07-15_10h01.00.695,ContPsyTracking,2024.2.4,159.19688352547558,2025-07-15 10h01.05.025414 +0100,
0,0,0,0,0,0,0,,,,,,,,,,,,,,,,,8.005621910095215,-0.056666666666666664,0.17666666666666667,-4.2361705938695335,2.1060355618598017,1.0,,407153,001,2025-07-15_10h01.00.695,ContPsyTracking,2024.2.4,159.19688352547558,2025-07-15 10h01.05.025414 +0100,
0,0,0,0,0,0,0,,,,,,,,,,,,,,,,,8.01365351676941,-0.058333333333333334,0.17666666666666667,-4.114898441335073,2.132413900340372,1.0,,407153,001,2025-07-15_10h01.00.695,ContPsyTracking,2024.2.4,159.19688352547558,2025-07-15 10h01.05.025414 +0100,
0,0,0,0,0,0,0,,,,,,,,,,,,,,,,,8.023653507232666,-0.06,0.17666666666666667,-4.39136639270951,2.1103028685928984,1.0,,407153,001,2025-07-15_10h01.00.695,ContPsyTracking,2024.2.4,159.19688352547558,2025-07-15 10h01.05.025414 +0100,
0,0,0,0,0,0,0,,,,,,,,,,,,,,,,,8.031673669815063,-0.06166666666666667,0.17666666666666667,-3.8083273754407045,2.1164201064895645,1.0,,407153,001,2025-07-15_10h01.00.695,ContPsyTracking,2024.2.4,159.19688352547558,2025-07-15 10h01.05.025414 +0100,
0,0,0,0,0,0,0,,,,,,,,,,,,,,,,,8.041671514511108,-0.06333333333333334,0.17666666666666667,-3.6466637317903743,1.6661769209392374,1.0,,407153,001,2025-07-15_10h01.00.695,ContPsyTracking,2024.2.4,159.19688352547558,2025-07-15 10h01.05.025414 +0100,
0,0,0,0,0,0,0,,,,,,,,,,,,,,,,,8.050780773162842,-0.06666666666666667,0.175,-3.321883860578438,1.3961219604915032,1.0,,407153,001,2025-07-15_10h01.00.695,ContPsyTracking,2024.2.4,159.19688352547558,2025-07-15 10h01.05.025414 +0100,
0,0,0,0,0,0,0,,,,,,,,,,,,,,,,,8.059797525405884,-0.06833333333333333,0.175,-3.7176275049177336,1.5777929637611088,1.0,,407153,001,2025-07-15_10h01.00.695,ContPsyTracking,2024.2.4,159.19688352547558,2025-07-15 10h01.05.025414 +0100,
0,0,0,0,0,0,0,,,,,,,,,,,,,,,,,8.068832635879517,-0.07166666666666667,0.17333333333333334,-4.036450669255218,1.4616962952436696,1.0,,407153,001,2025-07-15_10h01.00.695,ContPsyTracking,2024.2.4,159.19688352547558,2025-07-15 10h01.05.025414 +0100,
0,0,0,0,0,0,0,,,,,,,,,,,,,,,,,8.077833414077759,-0.075,0.17166666666666666,-4.158001359659975,1.544781000057572,1.0,,407153,001,2025-07-15_10h01.00.695,ContPsyTracking,2024.2.4,159.19688352547558,2025-07-15 10h01.05.025414 +0100,
0,0,0,0,0,0,0,,,,,,,,,,,,,,,,,8.086902618408203,-0.07833333333333334,0.17,-4.691087416730627,1.663761010083531,1.0,,407153,001,2025-07-15_10h01.00.695,ContPsyTracking,2024.2.4,159.19688352547558,2025-07-15 10h01.05.025414 +0100,
0,0,0,0,0,0,0,,,,,,,,,,,,,,,,,8.096918821334839,-0.08166666666666667,0.16833333333333333,-4.295693389834556,1.6019736380547034,1.0,,407153,001,2025-07-15_10h01.00.695,ContPsyTracking,2024.2.4,159.19688352547558,2025-07-15 10h01.05.025414 +0100,
0,0,0,0,0,0,0,,,,,,,,,,,,,,,,,8.104928731918335,-0.085,0.16666666666666666,-4.579850431872848,1.6012900863925779,1.0,,407153,001,2025-07-15_10h01.00.695,ContPsyTracking,2024.2.4,159.19688352547558,2025-07-15 10h01.05.025414 +0100,
0,0,0,0,0,0,0,,,,,,,,,,,,,,,,,8.114945650100708,-0.08666666666666667,0.16666666666666666,-3.724644538606196,1.8084901220719756,1.0,,407153,001,2025-07-15_10h01.00.695,ContPsyTracking,2024.2.4,159.19688352547558,2025-07-15 10h01.05.025414 +0100,
0,0,0,0,0,0,0,,,,,,,,,,,,,,,,,8.122958183288574,-0.09166666666666666,0.16666666666666666,-3.6051044486102675,1.8343383082756712,1.0,,407153,001,2025-07-15_10h01.00.695,ContPsyTracking,2024.2.4,159.19688352547558,2025-07-15 10h01.05.025414 +0100,
0,0,0,0,0,0,0,,,,,,,,,,,,,,,,,8.13299298286438,-0.09333333333333334,0.165,-3.2938518810840174,1.6424414977465895,1.0,,407153,001,2025-07-15_10h01.00.695,ContPsyTracking,2024.2.4,159.19688352547558,2025-07-15 10h01.05.025414 +0100,
0,0,0,0,0,0,0,,,,,,,,,,,,,,,,,8.140992879867554,-0.09666666666666666,0.165,-3.918467279725074,1.7534509034625807,1.0,,407153,001,2025-07-15_10h01.00.695,ContPsyTracking,2024.2.4,159.19688352547558,2025-07-15 10h01.05.025414 +0100,
0,0,0,0,0,0,0,,,,,,,,,,,,,,,,,8.15099310874939,-0.1,0.165,-3.7687039572238934,1.8398245794747796,1.0,,407153,001,2025-07-15_10h01.00.695,ContPsyTracking,2024.2.4,159.19688352547558,2025-07-15 10h01.05.025414 +0100,
0,0,0,0,0,0,0,,,,,,,,,,,,,,,,,8.159992933273315,-0.10166666666666667,0.165,-4.2222864594473775,1.7189834095654906,1.0,,407153,001,2025-07-15_10h01.00.695,ContPsyTracking,2024.2.4,159.19688352547558,2025-07-15 10h01.05.025414 +0100,
0,0,0,0,0,0,0,,,,,,,,,,,,,,,,,8.16899299621582,-0.10333333333333333,0.165,-3.8486414586149236,1.6779190285682553,1.0,,407153,001,2025-07-15_10h01.00.695,ContPsyTracking,2024.2.4,159.19688352547558,2025-07-15 10h01.05.025414 +0100,
0,0,0,0,0,0,0,,,,,,,,,,,,,,,,,8.178130388259888,-0.105,0.16166666666666665,-4.379455740976709,1.654776191317492,1.0,,407153,001,2025-07-15_10h01.00.695,ContPsyTracking,2024.2.4,159.19688352547558,2025-07-15 10h01.05.025414 +0100,
0,0,0,0,0,0,0,,,,,,,,,,,,,,,,,8.187142610549927,-0.10833333333333334,0.16166666666666665,-3.7326755979835395,1.6498970843228609,1.0,,407153,001,2025-07-15_10h01.00.695,ContPsyTracking,2024.2.4,159.19688352547558,2025-07-15 10h01.05.025414 +0100,
0,0,0,0,0,0,0,,,,,,,,,,,,,,,,,8.196142673492432,-0.11333333333333333,0.15666666666666668,-3.507729388729748,1.842305926498916,1.0,,407153,001,2025-07-15_10h01.00.695,ContPsyTracking,2024.2.4,159.19688352547558,2025-07-15 10h01.05.025414 +0100,
0,0,0,0,0,0,0,,,,,,,,,,,,,,,,,8.205142736434937,-0.11666666666666667,0.15666666666666668,-3.962716249765121,1.9903539007007085,1.0,,407153,001,2025-07-15_10h01.00.695,ContPsyTracking,2024.2.4,159.19688352547558,2025-07-15 10h01.05.025414 +0100,
0,0,0,0,0,0,0,,,,,,,,,,,,,,,,,8.214142560958862,-0.11833333333333333,0.15333333333333332,-3.7396540748205545,1.8318970325954134,1.0,,407153,001,2025-07-15_10h01.00.695,ContPsyTracking,2024.2.4,159.19688352547558,2025-07-15 10h01.05.025414 +0100,
0,0,0,0,0,0,0,,,,,,,,,,,,,,,,,8.223181009292603,-0.12166666666666667,0.15333333333333332,-3.706812533868969,2.0595272196716587,1.0,,407153,001,2025-07-15_10h01.00.695,ContPsyTracking,2024.2.4,159.19688352547558,2025-07-15 10h01.05.025414 +0100,
0,0,0,0,0,0,0,,,,,,,,,,,,,,,,,8.23218035697937,-0.12166666666666667,0.15166666666666667,-3.7285052495149955,2.683170813407953,1.0,,407153,001,2025-07-15_10h01.00.695,ContPsyTracking,2024.2.4,159.19688352547558,2025-07-15 10h01.05.025414 +0100,
0,0,0,0,0,0,0,,,,,,,,,,,,,,,,,8.242205619812012,-0.12166666666666667,0.14833333333333334,-3.647495461397371,2.8661118383190094,1.0,,407153,001,2025-07-15_10h01.00.695,ContPsyTracking,2024.2.4,159.19688352547558,2025-07-15 10h01.05.025414 +0100,
0,0,0,0,0,0,0,,,,,,,,,,,,,,,,,8.250202655792236,-0.12333333333333334,0.145,-4.23969247531042,3.12414482778633,1.0,,407153,001,2025-07-15_10h01.00.695,ContPsyTracking,2024.2.4,159.19688352547558,2025-07-15 10h01.05.025414 +0100,
0,0,0,0,0,0,0,,,,,,,,,,,,,,,,,8.260229587554932,-0.125,0.14333333333333334,-4.4306109630034,3.325756292490319,1.0,,407153,001,2025-07-15_10h01.00.695,ContPsyTracking,2024.2.4,159.19688352547558,2025-07-15 10h01.05.025414 +0100,
0,0,0,0,0,0,0,,,,,,,,,,,,,,,,,8.268224477767944,-0.12833333333333333,0.14,-4.085802157378853,3.9342339146590017,1.0,,407153,001,2025-07-15_10h01.00.695,ContPsyTracking,2024.2.4,159.19688352547558,2025-07-15 10h01.05.025414 +0100,
0,0,0,0,0,0,0,,,,,,,,,,,,,,,,,8.27825403213501,-0.13,0.13666666666666666,-4.288005337434821,3.941342592119536,1.0,,407153,001,2025-07-15_10h01.00.695,ContPsyTracking,2024.2.4,159.19688352547558,2025-07-15 10h01.05.025414 +0100,
0,0,0,0,0,0,0,,,,,,,,,,,,,,,,,8.287251710891724,-0.135,0.13666666666666666,-3.963679144637052,3.830905697811465,1.0,,407153,001,2025-07-15_10h01.00.695,ContPsyTracking,2024.2.4,159.19688352547558,2025-07-15 10h01.05.025414 +0100,
0,0,0,0,0,0,0,,,,,,,,,,,,,,,,,8.296253204345703,-0.13833333333333334,0.13333333333333333,-3.811845810552735,4.073862116634674,1.0,,407153,001,2025-07-15_10h01.00.695,ContPsyTracking,2024.2.4,159.19688352547558,2025-07-15 10h01.05.025414 +0100,
0,0,0,0,0,0,0,,,,,,,,,,,,,,,,,8.305262565612793,-0.14,0.13166666666666665,-3.794138317665812,4.276756988490769,1.0,,407153,001,2025-07-15_10h01.00.695,ContPsyTracking,2024.2.4,159.19688352547558,2025-07-15 10h01.05.025414 +0100,
0,0,0,0,0,0,0,,,,,,,,,,,,,,,,,8.314266204833984,-0.14166666666666666,0.13166666666666665,-4.367203751675294,4.306348636082415,1.0,,407153,001,2025-07-15_10h01.00.695,ContPsyTracking,2024.2.4,159.19688352547558,2025-07-15 10h01.05.025414 +0100,
0,0,0,0,0,0,0,,,,,,,,,,,,,,,,,8.323418140411377,-0.14333333333333334,0.12833333333333333,-4.94805641917623,4.144560183620745,1.0,,407153,001,2025-07-15_10h01.00.695,ContPsyTracking,2024.2.4,159.19688352547558,2025-07-15 10h01.05.025414 +0100,
0,0,0,0,0,0,0,,,,,,,,,,,,,,,,,8.332468748092651,-0.145,0.12833333333333333,-4.563482364854725,4.436420229467476,1.0,,407153,001,2025-07-15_10h01.00.695,ContPsyTracking,2024.2.4,159.19688352547558,2025-07-15 10h01.05.025414 +0100,
0,0,0,0,0,0,0,,,,,,,,,,,,,,,,,8.34146785736084,-0.14666666666666667,0.125,-4.580718766932032,4.5918957597711465,1.0,,407153,001,2025-07-15_10h01.00.695,ContPsyTracking,2024.2.4,159.19688352547558,2025-07-15 10h01.05.025414 +0100,
0,0,0,0,0,0,0,,,,,,,,,,,,,,,,,8.351463794708252,-0.15,0.12166666666666667,-4.724501927504321,4.361062108381377,1.0,,407153,001,2025-07-15_10h01.00.695,ContPsyTracking,2024.2.4,159.19688352547558,2025-07-15 10h01.05.025414 +0100,
0,0,0,0,0,0,0,,,,,,,,,,,,,,,,,8.360478162765503,-0.15333333333333332,0.11833333333333333,-4.493475108162464,4.600640514396625,1.0,,407153,001,2025-07-15_10h01.00.695,ContPsyTracking,2024.2.4,159.19688352547558,2025-07-15 10h01.05.025414 +0100,
0,0,0,0,0,0,0,,,,,,,,,,,,,,,,,8.36948013305664,-0.15666666666666668,0.115,-4.411826363959129,4.990672386255027,1.0,,407153,001,2025-07-15_10h01.00.695,ContPsyTracking,2024.2.4,159.19688352547558,2025-07-15 10h01.05.025414 +0100,
0,0,0,0,0,0,0,,,,,,,,,,,,,,,,,8.377489566802979,-0.16166666666666665,0.11,-3.834212382315961,5.005411487654168,1.0,,407153,001,2025-07-15_10h01.00.695,ContPsyTracking,2024.2.4,159.19688352547558,2025-07-15 10h01.05.025414 +0100,
0,0,0,0,0,0,0,,,,,,,,,,,,,,,,,8.387505769729614,-0.16666666666666666,0.105,-3.537530845341715,4.92308921710101,1.0,,407153,001,2025-07-15_10h01.00.695,ContPsyTracking,2024.2.4,159.19688352547558,2025-07-15 10h01.05.025414 +0100,
0,0,0,0,0,0,0,,,,,,,,,,,,,,,,,8.395507097244263,-0.17,0.10166666666666667,-3.2427160057394966,4.943132659583993,1.0,,407153,001,2025-07-15_10h01.00.695,ContPsyTracking,2024.2.4,159.19688352547558,2025-07-15 10h01.05.025414 +0100,
0,0,0,0,0,0,0,,,,,,,,,,,,,,,,,8.405505657196045,-0.17166666666666666,0.1,-3.1141513656508018,4.626372088766169,1.0,,407153,001,2025-07-15_10h01.00.695,ContPsyTracking,2024.2.4,159.19688352547558,2025-07-15 10h01.05.025414 +0100,
0,0,0,0,0,0,0,,,,,,,,,,,,,,,,,8.413505554199219,-0.175,0.09833333333333333,-2.9935240414077975,4.872136213704424,1.0,,407153,001,2025-07-15_10h01.00.695,ContPsyTracking,2024.2.4,159.19688352547558,2025-07-15 10h01.05.025414 +0100,
0,0,0,0,0,0,0,,,,,,,,,,,,,,,,,8.423506498336792,-0.175,0.09833333333333333,-3.117815965863249,4.699210914112251,1.0,,407153,001,2025-07-15_10h01.00.695,ContPsyTracking,2024.2.4,159.19688352547558,2025-07-15 10h01.05.025414 +0100,
0,0,0,0,0,0,0,,,,,,,,,,,,,,,,,8.432519674301147,-0.175,0.09833333333333333,-3.110470189787987,4.759557974077733,1.0,,407153,001,2025-07-15_10h01.00.695,ContPsyTracking,2024.2.4,159.19688352547558,2025-07-15 10h01.05.025414 +0100,
0,0,0,0,0,0,0,,,,,,,,,,,,,,,,,8.441551685333252,-0.175,0.09833333333333333,-3.3637787809735005,5.655820912567817,1.0,,407153,001,2025-07-15_10h01.00.695,ContPsyTracking,2024.2.4,159.19688352547558,2025-07-15 10h01.05.025414 +0100,
0,0,0,0,0,0,0,,,,,,,,,,,,,,,,,8.450551748275757,-0.17666666666666667,0.09833333333333333,-3.437562334553665,5.655820912567817,1.0,,407153,001,2025-07-15_10h01.00.695,ContPsyTracking,2024.2.4,159.19688352547558,2025-07-15 10h01.05.025414 +0100,
0,0,0,0,0,0,0,,,,,,,,,,,,,,,,,8.459551334381104,-0.17833333333333334,0.09833333333333333,-3.4591953015620565,5.903122434376254,1.0,,407153,001,2025-07-15_10h01.00.695,ContPsyTracking,2024.2.4,159.19688352547558,2025-07-15 10h01.05.025414 +0100,
0,0,0,0,0,0,0,,,,,,,,,,,,,,,,,8.468552112579346,-0.18,0.09833333333333333,-3.564660522787775,5.903122434376254,1.0,,407153,001,2025-07-15_10h01.00.695,ContPsyTracking,2024.2.4,159.19688352547558,2025-07-15 10h01.05.025414 +0100,
0,0,0,0,0,0,0,,,,,,,,,,,,,,,,,8.478569746017456,-0.18166666666666667,0.09833333333333333,-3.7299244284174624,5.945714021552888,1.0,,407153,001,2025-07-15_10h01.00.695,ContPsyTracking,2024.2.4,159.19688352547558,2025-07-15 10h01.05.025414 +0100,
0,0,0,0,0,0,0,,,,,,,,,,,,,,,,,8.487565517425537,-0.18333333333333332,0.09833333333333333,-3.6150159807666253,5.945714021552888,1.0,,407153,001,2025-07-15_10h01.00.695,ContPsyTracking,2024.2.4,159.19688352547558,2025-07-15 10h01.05.025414 +0100,
0,0,0,0,0,0,0,,,,,,,,,,,,,,,,,8.496570825576782,-0.18666666666666668,0.09833333333333333,-3.290253708729368,5.656278838510377,1.0,,407153,001,2025-07-15_10h01.00.695,ContPsyTracking,2024.2.4,159.19688352547558,2025-07-15 10h01.05.025414 +0100,
0,0,0,0,0,0,0,,,,,,,,,,,,,,,,,8.505565643310547,-0.19,0.10166666666666667,-3.4392049640648725,5.559976620655543,1.0,,407153,001,2025-07-15_10h01.00.695,ContPsyTracking,2024.2.4,159.19688352547558,2025-07-15 10h01.05.025414 +0100,
0,0,0,0,0,0,0,,,,,,,,,,,,,,,,,8.514570713043213,-0.195,0.10333333333333333,-3.3748608589145563,5.607123279885465,1.0,,407153,001,2025-07-15_10h01.00.695,ContPsyTracking,2024.2.4,159.19688352547558,2025-07-15 10h01.05.025414 +0100,
0,0,0,0,0,0,0,,,,,,,,,,,,,,,,,8.52357006072998,-0.20166666666666666,0.10833333333333334,-2.936780762557992,5.999191783609382,1.0,,407153,001,2025-07-15_10h01.00.695,ContPsyTracking,2024.2.4,159.19688352547558,2025-07-15 10h01.05.025414 +0100,
0,0,0,0,0,0,0,,,,,,,,,,,,,,,,,8.532570838928223,-0.20833333333333334,0.11333333333333333,-2.8490407577397137,5.7442221292776665,1.0,,407153,001,2025-07-15_10h01.00.695,ContPsyTracking,2024.2.4,159.19688352547558,2025-07-15 10h01.05.025414 +0100,
0,0,0,0,0,0,0,,,,,,,,,,,,,,,,,8.54157042503357,-0.21666666666666667,0.12166666666666667,-2.919433780401598,5.414102089800949,1.0,,407153,001,2025-07-15_10h01.00.695,ContPsyTracking,2024.2.4,159.19688352547558,2025-07-15 10h01.05.025414 +0100,
0,0,0,0,0,0,0,,,,,,,,,,,,,,,,,8.550570249557495,-0.225,0.12666666666666668,-3.2256909679053827,5.2053481723096215,1.0,,407153,001,2025-07-15_10h01.00.695,ContPsyTracking,2024.2.4,159.19688352547558,2025-07-15 10h01.05.025414 +0100,
0,0,0,0,0,0,0,,,,,,,,,,,,,,,,,8.559570074081421,-0.23166666666666666,0.135,-3.538255756056719,4.877635938717308,1.0,,407153,001,2025-07-15_10h01.00.695,ContPsyTracking,2024.2.4,159.19688352547558,2025-07-15 10h01.05.025414 +0100,
0,0,0,0,0,0,0,,,,,,,,,,,,,,,,,8.568581342697144,-0.235,0.14,-3.667073011963037,5.291169305795505,1.0,,407153,001,2025-07-15_10h01.00.695,ContPsyTracking,2024.2.4,159.19688352547558,2025-07-15 10h01.05.025414 +0100,
0,0,0,0,0,0,0,,,,,,,,,,,,,,,,,8.577585220336914,-0.23666666666666666,0.14333333333333334,-3.6525569560567543,5.317161631246926,1.0,,407153,001,2025-07-15_10h01.00.695,ContPsyTracking,2024.2.4,159.19688352547558,2025-07-15 10h01.05.025414 +0100,
0,0,0,0,0,0,0,,,,,,,,,,,,,,,,,8.587585687637329,-0.23833333333333334,0.14666666666666667,-3.94483049868698,5.574066069439017,1.0,,407153,001,2025-07-15_10h01.00.695,ContPsyTracking,2024.2.4,159.19688352547558,2025-07-15 10h01.05.025414 +0100,
0,0,0,0,0,0,0,,,,,,,,,,,,,,,,,8.595585346221924,-0.24,0.15,-4.142545724938955,5.808808767733611,1.0,,407153,001,2025-07-15_10h01.00.695,ContPsyTracking,2024.2.4,159.19688352547558,2025-07-15 10h01.05.025414 +0100,
0,0,0,0,0,0,0,,,,,,,,,,,,,,,,,8.605599403381348,-0.24,0.15333333333333332,-4.338036369825822,5.803039004190767,1.0,,407153,001,2025-07-15_10h01.00.695,ContPsyTracking,2024.2.4,159.19688352547558,2025-07-15 10h01.05.025414 +0100,
0,0,0,0,0,0,0,,,,,,,,,,,,,,,,,8.613598108291626,-0.24166666666666667,0.16,-4.3863978044015415,5.758909992827995,1.0,,407153,001,2025-07-15_10h01.00.695,ContPsyTracking,2024.2.4,159.19688352547558,2025-07-15 10h01.05.025414 +0100,
0,0,0,0,0,0,0,,,,,,,,,,,,,,,,,8.623600244522095,-0.24166666666666667,0.16666666666666666,-4.609685492479609,5.095551514648205,1.0,,407153,001,2025-07-15_10h01.00.695,ContPsyTracking,2024.2.4,159.19688352547558,2025-07-15 10h01.05.025414 +0100,
0,0,0,0,0,0,0,,,,,,,,,,,,,,,,,8.631600379943848,-0.24166666666666667,0.17333333333333334,-4.858163117533135,4.912770860104044,1.0,,407153,001,2025-07-15_10h01.00.695,ContPsyTracking,2024.2.4,159.19688352547558,2025-07-15 10h01.05.025414 +0100,
0,0,0,0,0,0,0,,,,,,,,,,,,,,,,,8.641616821289062,-0.24333333333333335,0.17833333333333334,-4.438640779882199,4.641769509660746,1.0,,407153,001,2025-07-15_10h01.00.695,ContPsyTracking,2024.2.4,159.19688352547558,2025-07-15 10h01.05.025414 +0100,
0,0,0,0,0,0,0,,,,,,,,,,,,,,,,,8.65062952041626,-0.24333333333333335,0.185,-4.365723019820804,4.499008606464646,1.0,,407153,001,2025-07-15_10h01.00.695,ContPsyTracking,2024.2.4,159.19688352547558,2025-07-15 10h01.05.025414 +0100,
0,0,0,0,0,0,0,,,,,,,,,,,,,,,,,8.659636974334717,-0.24333333333333335,0.19166666666666668,-4.102781804786707,4.094480010663583,1.0,,407153,001,2025-07-15_10h01.00.695,ContPsyTracking,2024.2.4,159.19688352547558,2025-07-15 10h01.05.025414 +0100,
0,0,0,0,0,0,0,,,,,,,,,,,,,,,,,8.668636798858643,-0.24333333333333335,0.19833333333333333,-3.9114471045593,3.7206559580653833,1.0,,407153,001,2025-07-15_10h01.00.695,ContPsyTracking,2024.2.4,159.19688352547558,2025-07-15 10h01.05.025414 +0100,
0,0,0,0,0,0,0,,,,,,,,,,,,,,,,,8.677671432495117,-0.24333333333333335,0.20333333333333334,-3.696719351319631,3.8284120796255197,1.0,,407153,001,2025-07-15_10h01.00.695,ContPsyTracking,2024.2.4,159.19688352547558,2025-07-15 10h01.05.025414 +0100,
0,0,0,0,0,0,0,,,,,,,,,,,,,,,,,8.686671495437622,-0.24333333333333335,0.20833333333333334,-3.547628662771267,4.255123707744983,1.0,,407153,001,2025-07-15_10h01.00.695,ContPsyTracking,2024.2.4,159.19688352547558,2025-07-15 10h01.05.025414 +0100,
0,0,0,0,0,0,0,,,,,,,,,,,,,,,,,8.696683406829834,-0.24166666666666667,0.21333333333333335,-3.4261607734413904,3.679266456375375,1.0,,407153,001,2025-07-15_10h01.00.695,ContPsyTracking,2024.2.4,159.19688352547558,2025-07-15 10h01.05.025414 +0100,
0,0,0,0,0,0,0,,,,,,,,,,,,,,,,,8.704699516296387,-0.23833333333333334,0.21666666666666667,-3.5237501837798884,3.3347389716860807,1.0,,407153,001,2025-07-15_10h01.00.695,ContPsyTracking,2024.2.4,159.19688352547558,2025-07-15 10h01.05.025414 +0100,
0,0,0,0,0,0,0,,,,,,,,,,,,,,,,,8.714708089828491,-0.23333333333333334,0.22166666666666668,-3.3029478044388094,3.5413271463147282,1.0,,407153,001,2025-07-15_10h01.00.695,ContPsyTracking,2024.2.4,159.19688352547558,2025-07-15 10h01.05.025414 +0100,
0,0,0,0,0,0,0,,,,,,,,,,,,,,,,,8.722707986831665,-0.22666666666666666,0.22666666666666666,-3.243504010821456,3.2537578652721466,1.0,,407153,001,2025-07-15_10h01.00.695,ContPsyTracking,2024.2.4,159.19688352547558,2025-07-15 10h01.05.025414 +0100,
0,0,0,0,0,0,0,,,,,,,,,,,,,,,,,8.732724905014038,-0.21833333333333332,0.23333333333333334,-3.1115256259447133,3.426471676747401,1.0,,407153,001,2025-07-15_10h01.00.695,ContPsyTracking,2024.2.4,159.19688352547558,2025-07-15 10h01.05.025414 +0100,
0,0,0,0,0,0,0,,,,,,,,,,,,,,,,,8.7408127784729,-0.21,0.24,-3.651179822341473,2.8709791485994303,1.0,,407153,001,2025-07-15_10h01.00.695,ContPsyTracking,2024.2.4,159.19688352547558,2025-07-15 10h01.05.025414 +0100,
0,0,0,0,0,0,0,,,,,,,,,,,,,,,,,8.750822305679321,-0.20333333333333334,0.245,-3.438191603628061,3.0005140859557815,1.0,,407153,001,2025-07-15_10h01.00.695,ContPsyTracking,2024.2.4,159.19688352547558,2025-07-15 10h01.05.025414 +0100,
0,0,0,0,0,0,0,,,,,,,,,,,,,,,,,8.75990080833435,-0.19666666666666666,0.25166666666666665,-3.698175781076767,2.390009287116226,1.0,,407153,001,2025-07-15_10h01.00.695,ContPsyTracking,2024.2.4,159.19688352547558,2025-07-15 10h01.05.025414 +0100,
0,0,0,0,0,0,0,,,,,,,,,,,,,,,,,8.768916368484497,-0.19333333333333333,0.255,-3.8396540456660606,2.3869252359884183,1.0,,407153,001,2025-07-15_10h01.00.695,ContPsyTracking,2024.2.4,159.19688352547558,2025-07-15 10h01.05.025414 +0100,
0,0,0,0,0,0,0,,,,,,,,,,,,,,,,,8.777915477752686,-0.19166666666666668,0.26166666666666666,-4.048180235754905,2.260430183787303,1.0,,407153,001,2025-07-15_10h01.00.695,ContPsyTracking,2024.2.4,159.19688352547558,2025-07-15 10h01.05.025414 +0100,
0,0,0,0,0,0,0,,,,,,,,,,,,,,,,,8.786911487579346,-0.18833333333333332,0.265,-3.689978128730217,1.9330107649592472,1.0,,407153,001,2025-07-15_10h01.00.695,ContPsyTracking,2024.2.4,159.19688352547558,2025-07-15 10h01.05.025414 +0100,
0,0,0,0,0,0,0,,,,,,,,,,,,,,,,,8.795915842056274,-0.18833333333333332,0.26666666666666666,-3.6240759851739015,2.014596735143349,1.0,,407153,001,2025-07-15_10h01.00.695,ContPsyTracking,2024.2.4,159.19688352547558,2025-07-15 10h01.05.025414 +0100,
0,0,0,0,0,0,0,,,,,,,,,,,,,,,,,8.805948734283447,-0.18666666666666668,0.27,-3.5696383089685804,1.7262973251866607,1.0,,407153,001,2025-07-15_10h01.00.695,ContPsyTracking,2024.2.4,159.19688352547558,2025-07-15 10h01.05.025414 +0100,
0,0,0,0,0,0,0,,,,,,,,,,,,,,,,,8.813949346542358,-0.18666666666666668,0.27,-3.28893603988944,2.1794062268921968,1.0,,407153,001,2025-07-15_10h01.00.695,ContPsyTracking,2024.2.4,159.19688352547558,2025-07-15 10h01.05.025414 +0100,
0,0,0,0,0,0,0,,,,,,,,,,,,,,,,,8.822967529296875,-0.18666666666666668,0.27,-3.926769150472823,2.7071372780214773,1.0,,407153,001,2025-07-15_10h01.00.695,ContPsyTracking,2024.2.4,159.19688352547558,2025-07-15 10h01.05.025414 +0100,
0,0,0,0,0,0,0,,,,,,,,,,,,,,,,,8.831973314285278,-0.18666666666666668,0.27166666666666667,-3.3991152892204806,2.9467157533455604,1.0,,407153,001,2025-07-15_10h01.00.695,ContPsyTracking,2024.2.4,159.19688352547558,2025-07-15 10h01.05.025414 +0100,
0,0,0,0,0,0,0,,,,,,,,,,,,,,,,,8.8411283493042,-0.18666666666666668,0.27166666666666667,-2.8378945683275427,2.229345130895644,1.0,,407153,001,2025-07-15_10h01.00.695,ContPsyTracking,2024.2.4,159.19688352547558,2025-07-15 10h01.05.025414 +0100,
0,0,0,0,0,0,0,,,,,,,,,,,,,,,,,8.850081205368042,-0.185,0.27166666666666667,-3.2176104241673413,2.5836207585486295,1.0,,407153,001,2025-07-15_10h01.00.695,ContPsyTracking,2024.2.4,159.19688352547558,2025-07-15 10h01.05.025414 +0100,
0,0,0,0,0,0,0,,,,,,,,,,,,,,,,,8.860081672668457,-0.185,0.2733333333333333,-3.4084293886208,2.563853729169585,1.0,,407153,001,2025-07-15_10h01.00.695,ContPsyTracking,2024.2.4,159.19688352547558,2025-07-15 10h01.05.025414 +0100,
0,0,0,0,0,0,0,,,,,,,,,,,,,,,,,8.869081020355225,-0.185,0.275,-3.362562332119538,3.1220345299047416,1.0,,407153,001,2025-07-15_10h01.00.695,ContPsyTracking,2024.2.4,159.19688352547558,2025-07-15 10h01.05.025414 +0100,
0,0,0,0,0,0,0,,,,,,,,,,,,,,,,,8.878114700317383,-0.18333333333333332,0.27666666666666667,-3.5821820845837213,3.2201821947569553,1.0,,407153,001,2025-07-15_10h01.00.695,ContPsyTracking,2024.2.4,159.19688352547558,2025-07-15 10h01.05.025414 +0100,
0,0,0,0,0,0,0,,,,,,,,,,,,,,,,,8.887158155441284,-0.18166666666666667,0.28,-3.9343683451305833,3.135665931047824,1.0,,407153,001,2025-07-15_10h01.00.695,ContPsyTracking,2024.2.4,159.19688352547558,2025-07-15 10h01.05.025414 +0100,
0,0,0,0,0,0,0,,,,,,,,,,,,,,,,,8.8963041305542,-0.18,0.2833333333333333,-3.546647168317448,3.3202248763949656,1.0,,407153,001,2025-07-15_10h01.00.695,ContPsyTracking,2024.2.4,159.19688352547558,2025-07-15 10h01.05.025414 +0100,
0,0,0,0,0,0,0,,,,,,,,,,,,,,,,,8.905433416366577,-0.18,0.2866666666666667,-3.4801406014928493,3.404386297772717,1.0,,407153,001,2025-07-15_10h01.00.695,ContPsyTracking,2024.2.4,159.19688352547558,2025-07-15 10h01.05.025414 +0100,
0,0,0,0,0,0,0,,,,,,,,,,,,,,,,,8.914433002471924,-0.17833333333333334,0.29,-4.097541600406912,3.6650300336093213,1.0,,407153,001,2025-07-15_10h01.00.695,ContPsyTracking,2024.2.4,159.19688352547558,2025-07-15 10h01.05.025414 +0100,
0,0,0,0,0,0,0,,,,,,,,,,,,,,,,,8.923433065414429,-0.17666666666666667,0.2916666666666667,-4.207990014163154,4.073144742604262,1.0,,407153,001,2025-07-15_10h01.00.695,ContPsyTracking,2024.2.4,159.19688352547558,2025-07-15 10h01.05.025414 +0100,
0,0,0,0,0,0,0,,,,,,,,,,,,,,,,,8.932432889938354,-0.17666666666666667,0.2916666666666667,-4.1685025280879495,4.579627874186917,1.0,,407153,001,2025-07-15_10h01.00.695,ContPsyTracking,2024.2.4,159.19688352547558,2025-07-15 10h01.05.025414 +0100,
0,0,0,0,0,0,0,,,,,,,,,,,,,,,,,8.941434383392334,-0.17666666666666667,0.29333333333333333,-3.7821304741422725,4.671031292671877,1.0,,407153,001,2025-07-15_10h01.00.695,ContPsyTracking,2024.2.4,159.19688352547558,2025-07-15 10h01.05.025414 +0100,
0,0,0,0,0,0,0,,,,,,,,,,,,,,,,,8.950450897216797,-0.17666666666666667,0.29333333333333333,-3.2563678854918123,4.632978061489107,1.0,,407153,001,2025-07-15_10h01.00.695,ContPsyTracking,2024.2.4,159.19688352547558,2025-07-15 10h01.05.025414 +0100,
0,0,0,0,0,0,0,,,,,,,,,,,,,,,,,8.959450721740723,-0.17666666666666667,0.29333333333333333,-3.248901146678888,5.194250232497681,1.0,,407153,001,2025-07-15_10h01.00.695,ContPsyTracking,2024.2.4,159.19688352547558,2025-07-15 10h01.05.025414 +0100,
0,0,0,0,0,0,0,,,,,,,,,,,,,,,,,8.969463109970093,-0.17666666666666667,0.29333333333333333,-3.131935894534592,5.319280252113521,1.0,,407153,001,2025-07-15_10h01.00.695,ContPsyTracking,2024.2.4,159.19688352547558,2025-07-15 10h01.05.025414 +0100,
0,0,0,0,0,0,0,,,,,,,,,,,,,,,,,8.977474927902222,-0.17666666666666667,0.2916666666666667,-3.4188009084587847,5.170179476719004,1.0,,407153,001,2025-07-15_10h01.00.695,ContPsyTracking,2024.2.4,159.19688352547558,2025-07-15 10h01.05.025414 +0100,
0,0,0,0,0,0,0,,,,,,,,,,,,,,,,,8.987471103668213,-0.17666666666666667,0.28833333333333333,-3.107319095986724,4.997998110679327,1.0,,407153,001,2025-07-15_10h01.00.695,ContPsyTracking,2024.2.4,159.19688352547558,2025-07-15 10h01.05.025414 +0100,
0,0,0,0,0,0,0,,,,,,,,,,,,,,,,,8.996510744094849,-0.17666666666666667,0.285,-2.9518241764889055,4.827558290931078,1.0,,407153,001,2025-07-15_10h01.00.695,ContPsyTracking,2024.2.4,159.19688352547558,2025-07-15 10h01.05.025414 +0100,
0,0,0,0,0,0,0,,,,,,,,,,,,,,,,,9.005601406097412,-0.175,0.2833333333333333,-2.9011734436797547,4.401689190984674,1.0,,407153,001,2025-07-15_10h01.00.695,ContPsyTracking,2024.2.4,159.19688352547558,2025-07-15 10h01.05.025414 +0100,
0,0,0,0,0,0,0,,,,,,,,,,,,,,,,,9.014596462249756,-0.17333333333333334,0.28,-3.1467316430266052,4.135286300669749,1.0,,407153,001,2025-07-15_10h01.00.695,ContPsyTracking,2024.2.4,159.19688352547558,2025-07-15 10h01.05.025414 +0100,
0,0,0,0,0,0,0,,,,,,,,,,,,,,,,,9.02360200881958,-0.17166666666666666,0.27666666666666667,-3.5195739007596676,4.288239091358879,1.0,,407153,001,2025-07-15_10h01.00.695,ContPsyTracking,2024.2.4,159.19688352547558,2025-07-15 10h01.05.025414 +0100,
0,0,0,0,0,0,0,,,,,,,,,,,,,,,,,9.031600713729858,-0.17,0.27166666666666667,-3.4516392626482237,4.551662368141605,1.0,,407153,001,2025-07-15_10h01.00.695,ContPsyTracking,2024.2.4,159.19688352547558,2025-07-15 10h01.05.025414 +0100,
0,0,0,0,0,0,0,,,,,,,,,,,,,,,,,9.041608810424805,-0.16833333333333333,0.26666666666666666,-3.391825067776069,4.601162809451764,1.0,,407153,001,2025-07-15_10h01.00.695,ContPsyTracking,2024.2.4,159.19688352547558,2025-07-15 10h01.05.025414 +0100,
0,0,0,0,0,0,0,,,,,,,,,,,,,,,,,9.050608396530151,-0.165,0.26,-3.9110670820356024,4.227428739537476,1.0,,407153,001,2025-07-15_10h01.00.695,ContPsyTracking,2024.2.4,159.19688352547558,2025-07-15 10h01.05.025414 +0100,
0,0,0,0,0,0,0,,,,,,,,,,,,,,,,,9.059608459472656,-0.165,0.25666666666666665,-3.8836606896736106,4.565288462407416,1.0,,407153,001,2025-07-15_10h01.00.695,ContPsyTracking,2024.2.4,159.19688352547558,2025-07-15 10h01.05.025414 +0100,
0,0,0,0,0,0,0,,,,,,,,,,,,,,,,,9.06860876083374,-0.16333333333333333,0.25166666666666665,-3.9654007934892377,4.1099619614698755,1.0,,407153,001,2025-07-15_10h01.00.695,ContPsyTracking,2024.2.4,159.19688352547558,2025-07-15 10h01.05.025414 +0100,
0,0,0,0,0,0,0,,,,,,,,,,,,,,,,,9.07762598991394,-0.16166666666666665,0.25,-3.622292876731604,3.845687151204136,1.0,,407153,001,2025-07-15_10h01.00.695,ContPsyTracking,2024.2.4,159.19688352547558,2025-07-15 10h01.05.025414 +0100,
0,0,0,0,0,0,0,,,,,,,,,,,,,,,,,9.08662223815918,-0.16,0.24666666666666667,-3.780995391928527,3.5641446420724305,1.0,,407153,001,2025-07-15_10h01.00.695,ContPsyTracking,2024.2.4,159.19688352547558,2025-07-15 10h01.05.025414 +0100,
0,0,0,0,0,0,0,,,,,,,,,,,,,,,,,9.096627712249756,-0.16,0.24333333333333335,-4.45525682276679,3.4191174911531452,1.0,,407153,001,2025-07-15_10h01.00.695,ContPsyTracking,2024.2.4,159.19688352547558,2025-07-15 10h01.05.025414 +0100,
0,0,0,0,0,0,0,,,,,,,,,,,,,,,,,9.104626417160034,-0.16,0.24,-4.666304936226366,3.77706724431511,1.0,,407153,001,2025-07-15_10h01.00.695,ContPsyTracking,2024.2.4,159.19688352547558,2025-07-15 10h01.05.025414 +0100,
0,0,0,0,0,0,0,,,,,,,,,,,,,,,,,9.114651918411255,-0.16,0.23666666666666666,-4.606874658876451,3.716479094003817,1.0,,407153,001,2025-07-15_10h01.00.695,ContPsyTracking,2024.2.4,159.19688352547558,2025-07-15 10h01.05.025414 +0100,
0,0,0,0,0,0,0,,,,,,,,,,,,,,,,,9.12265133857727,-0.16,0.23333333333333334,-4.35581264352466,3.845904152033234,1.0,,407153,001,2025-07-15_10h01.00.695,ContPsyTracking,2024.2.4,159.19688352547558,2025-07-15 10h01.05.025414 +0100,
0,0,0,0,0,0,0,,,,,,,,,,,,,,,,,9.132652521133423,-0.16,0.23,-4.367469440297885,4.192270788617994,1.0,,407153,001,2025-07-15_10h01.00.695,ContPsyTracking,2024.2.4,159.19688352547558,2025-07-15 10h01.05.025414 +0100,
0,0,0,0,0,0,0,,,,,,,,,,,,,,,,,9.14065146446228,-0.16333333333333333,0.22666666666666666,-4.748910915548587,4.173961381180928,1.0,,407153,001,2025-07-15_10h01.00.695,ContPsyTracking,2024.2.4,159.19688352547558,2025-07-15 10h01.05.025414 +0100,
0,0,0,0,0,0,0,,,,,,,,,,,,,,,,,9.150660037994385,-0.16333333333333333,0.22666666666666666,-5.134820721814844,3.9771289980097455,1.0,,407153,001,2025-07-15_10h01.00.695,ContPsyTracking,2024.2.4,159.19688352547558,2025-07-15 10h01.05.025414 +0100,
0,0,0,0,0,0,0,,,,,,,,,,,,,,,,,9.159676313400269,-0.16333333333333333,0.22666666666666666,-4.525910767358312,3.552535098854601,1.0,,407153,001,2025-07-15_10h01.00.695,ContPsyTracking,2024.2.4,159.19688352547558,2025-07-15 10h01.05.025414 +0100,
0,0,0,0,0,0,0,,,,,,,,,,,,,,,,,9.16867208480835,-0.16333333333333333,0.22666666666666666,-4.430288153870089,3.6063205369882936,1.0,,407153,001,2025-07-15_10h01.00.695,ContPsyTracking,2024.2.4,159.19688352547558,2025-07-15 10h01.05.025414 +0100,
0,0,0,0,0,0,0,,,,,,,,,,,,,,,,,9.177688598632812,-0.16333333333333333,0.22666666666666666,-4.170209192723299,3.411812195053392,1.0,,407153,001,2025-07-15_10h01.00.695,ContPsyTracking,2024.2.4,159.19688352547558,2025-07-15 10h01.05.025414 +0100,
0,0,0,0,0,0,0,,,,,,,,,,,,,,,,,9.18768835067749,-0.16333333333333333,0.22666666666666666,-3.930874257809723,3.6037997121698653,1.0,,407153,001,2025-07-15_10h01.00.695,ContPsyTracking,2024.2.4,159.19688352547558,2025-07-15 10h01.05.025414 +0100,
0,0,0,0,0,0,0,,,,,,,,,,,,,,,,,9.195688486099243,-0.16333333333333333,0.22666666666666666,-3.2699801255018865,3.5370785688443505,1.0,,407153,001,2025-07-15_10h01.00.695,ContPsyTracking,2024.2.4,159.19688352547558,2025-07-15 10h01.05.025414 +0100,
0,0,0,0,0,0,0,,,,,,,,,,,,,,,,,9.205687999725342,-0.165,0.225,-2.8331839660694302,3.6682954304239423,1.0,,407153,001,2025-07-15_10h01.00.695,ContPsyTracking,2024.2.4,159.19688352547558,2025-07-15 10h01.05.025414 +0100,
0,0,0,0,0,0,0,,,,,,,,,,,,,,,,,9.213688850402832,-0.16666666666666666,0.22333333333333333,-2.81870431777879,4.184619189562219,1.0,,407153,001,2025-07-15_10h01.00.695,ContPsyTracking,2024.2.4,159.19688352547558,2025-07-15 10h01.05.025414 +0100,
0,0,0,0,0,0,0,,,,,,,,,,,,,,,,,9.223810195922852,-0.16833333333333333,0.22333333333333333,-2.9277234678751998,3.9556336856268053,1.0,,407153,001,2025-07-15_10h01.00.695,ContPsyTracking,2024.2.4,159.19688352547558,2025-07-15 10h01.05.025414 +0100,
0,0,0,0,0,0,0,,,,,,,,,,,,,,,,,9.231899738311768,-0.17166666666666666,0.22166666666666668,-3.1459322523750304,4.436139655676117,1.0,,407153,001,2025-07-15_10h01.00.695,ContPsyTracking,2024.2.4,159.19688352547558,2025-07-15 10h01.05.025414 +0100,
0,0,0,0,0,0,0,,,,,,,,,,,,,,,,,9.241963624954224,-0.175,0.22,-3.7089862536663682,4.372485134903427,1.0,,407153,001,2025-07-15_10h01.00.695,ContPsyTracking,2024.2.4,159.19688352547558,2025-07-15 10h01.05.025414 +0100,
0,0,0,0,0,0,0,,,,,,,,,,,,,,,,,9.25010061264038,-0.17833333333333334,0.22,-3.462176702668714,4.070947002865429,1.0,,407153,001,2025-07-15_10h01.00.695,ContPsyTracking,2024.2.4,159.19688352547558,2025-07-15 10h01.05.025414 +0100,
0,0,0,0,0,0,0,,,,,,,,,,,,,,,,,9.25911808013916,-0.18166666666666667,0.22,-3.6854164188962155,4.018634433900006,1.0,,407153,001,2025-07-15_10h01.00.695,ContPsyTracking,2024.2.4,159.19688352547558,2025-07-15 10h01.05.025414 +0100,
0,0,0,0,0,0,0,,,,,,,,,,,,,,,,,9.268116235733032,-0.18333333333333332,0.22,-3.760088499661084,3.75863663802803,1.0,,407153,001,2025-07-15_10h01.00.695,ContPsyTracking,2024.2.4,159.19688352547558,2025-07-15 10h01.05.025414 +0100,
0,0,0,0,0,0,0,,,,,,,,,,,,,,,,,9.278171300888062,-0.18666666666666668,0.22,-3.0044096690660664,4.130132737310582,1.0,,407153,001,2025-07-15_10h01.00.695,ContPsyTracking,2024.2.4,159.19688352547558,2025-07-15 10h01.05.025414 +0100,
0,0,0,0,0,0,0,,,,,,,,,,,,,,,,,9.28616976737976,-0.19166666666666668,0.22,-2.6953810884941327,4.278680893503031,1.0,,407153,001,2025-07-15_10h01.00.695,ContPsyTracking,2024.2.4,159.19688352547558,2025-07-15 10h01.05.025414 +0100,
0,0,0,0,0,0,0,,,,,,,,,,,,,,,,,9.296170949935913,-0.19333333333333333,0.22,-3.033496118645921,4.307507942773738,1.0,,407153,001,2025-07-15_10h01.00.695,ContPsyTracking,2024.2.4,159.19688352547558,2025-07-15 10h01.05.025414 +0100,
0,0,0,0,0,0,0,,,,,,,,,,,,,,,,,9.30417013168335,-0.19833333333333333,0.22,-2.668351219170103,4.432064995725344,1.0,,407153,001,2025-07-15_10h01.00.695,ContPsyTracking,2024.2.4,159.19688352547558,2025-07-15 10h01.05.025414 +0100,
0,0,0,0,0,0,0,,,,,,,,,,,,,,,,,9.31430435180664,-0.20333333333333334,0.22,-2.4990902645857185,4.782410711488768,1.0,,407153,001,2025-07-15_10h01.00.695,ContPsyTracking,2024.2.4,159.19688352547558,2025-07-15 10h01.05.025414 +0100,
0,0,0,0,0,0,0,,,,,,,,,,,,,,,,,9.322304248809814,-0.20833333333333334,0.22,-2.292022592895975,4.693535368269905,1.0,,407153,001,2025-07-15_10h01.00.695,ContPsyTracking,2024.2.4,159.19688352547558,2025-07-15 10h01.05.025414 +0100,
0,0,0,0,0,0,0,,,,,,,,,,,,,,,,,9.33241319656372,-0.21166666666666667,0.21833333333333332,-2.5592834823153416,5.004028259934353,1.0,,407153,001,2025-07-15_10h01.00.695,ContPsyTracking,2024.2.4,159.19688352547558,2025-07-15 10h01.05.025414 +0100,
0,0,0,0,0,0,0,,,,,,,,,,,,,,,,,9.340413093566895,-0.21666666666666667,0.21833333333333332,-3.0844544961745757,5.222185915569164,1.0,,407153,001,2025-07-15_10h01.00.695,ContPsyTracking,2024.2.4,159.19688352547558,2025-07-15 10h01.05.025414 +0100,
0,0,0,0,0,0,0,,,,,,,,,,,,,,,,,9.35045337677002,-0.22,0.21833333333333332,-2.9246416605868766,5.677550969955896,1.0,,407153,001,2025-07-15_10h01.00.695,ContPsyTracking,2024.2.4,159.19688352547558,2025-07-15 10h01.05.025414 +0100,
0,0,0,0,0,0,0,,,,,,,,,,,,,,,,,9.35948896408081,-0.22,0.21833333333333332,-2.9641236498121146,5.586248217006951,1.0,,407153,001,2025-07-15_10h01.00.695,ContPsyTracking,2024.2.4,159.19688352547558,2025-07-15 10h01.05.025414 +0100,
0,0,0,0,0,0,0,,,,,,,,,,,,,,,,,9.368489027023315,-0.22,0.21833333333333332,-2.899918988707129,5.343342804783,1.0,,407153,001,2025-07-15_10h01.00.695,ContPsyTracking,2024.2.4,159.19688352547558,2025-07-15 10h01.05.025414 +0100,
0,0,0,0,0,0,0,,,,,,,,,,,,,,,,,9.376489162445068,-0.22,0.21833333333333332,-2.759714440964519,5.343342804783,1.0,,407153,001,2025-07-15_10h01.00.695,ContPsyTracking,2024.2.4,159.19688352547558,2025-07-15 10h01.05.025414 +0100,
0,0,0,0,0,0,0,,,,,,,,,,,,,,,,,9.386488914489746,-0.22,0.21833333333333332,-2.486946843822968,5.208336957923544,1.0,,407153,001,2025-07-15_10h01.00.695,ContPsyTracking,2024.2.4,159.19688352547558,2025-07-15 10h01.05.025414 +0100,
0,0,0,0,0,0,0,,,,,,,,,,,,,,,,,9.394489288330078,-0.22,0.21833333333333332,-2.489447875278132,5.296073784383308,1.0,,407153,001,2025-07-15_10h01.00.695,ContPsyTracking,2024.2.4,159.19688352547558,2025-07-15 10h01.05.025414 +0100,
0,0,0,0,0,0,0,,,,,,,,,,,,,,,,,9.400489330291748,-0.22,0.21833333333333332,-2.8280524527413062,5.606402051756341,1.0,,407153,001,2025-07-15_10h01.00.695,ContPsyTracking,2024.2.4,159.19688352547558,2025-07-15 10h01.05.025414 +0100,
0,0,0,0,0,0,0,,,,,,,,,,,,,,,,,9.40748929977417,-0.22,0.21833333333333332,-3.067633449653134,5.830880028870083,1.0,,407153,001,2025-07-15_10h01.00.695,ContPsyTracking,2024.2.4,159.19688352547558,2025-07-15 10h01.05.025414 +0100,
0,0,0,0,0,0,0,,,,,,,,,,,,,,,,,9.417638540267944,-0.22,0.21833333333333332,-3.672360974919056,5.709183254337988,1.0,,407153,001,2025-07-15_10h01.00.695,ContPsyTracking,2024.2.4,159.19688352547558,2025-07-15 10h01.05.025414 +0100,
0,0,0,0,0,0,0,,,,,,,,,,,,,,,,,9.425567388534546,-0.22166666666666668,0.21833333333333332,-3.6454554098793253,5.60188602220886,1.0,,407153,001,2025-07-15_10h01.00.695,ContPsyTracking,2024.2.4,159.19688352547558,2025-07-15 10h01.05.025414 +0100,
0,0,0,0,0,0,0,,,,,,,,,,,,,,,,,9.435579776763916,-0.22166666666666668,0.21833333333333332,-3.3653589038634975,5.058731122017066,1.0,,407153,001,2025-07-15_10h01.00.695,ContPsyTracking,2024.2.4,159.19688352547558,2025-07-15 10h01.05.025414 +0100,
0,0,0,0,0,0,0,,,,,,,,,,,,,,,,,9.443613529205322,-0.22166666666666668,0.21833333333333332,-3.1107421191680573,5.093108062499784,1.0,,407153,001,2025-07-15_10h01.00.695,ContPsyTracking,2024.2.4,159.19688352547558,2025-07-15 10h01.05.025414 +0100,
0,0,0,0,0,0,0,,,,,,,,,,,,,,,,,9.453617572784424,-0.22166666666666668,0.21833333333333332,-3.187936849998368,4.64547030803405,1.0,,407153,001,2025-07-15_10h01.00.695,ContPsyTracking,2024.2.4,159.19688352547558,2025-07-15 10h01.05.025414 +0100,
0,0,0,0,0,0,0,,,,,,,,,,,,,,,,,9.461617469787598,-0.22166666666666668,0.21833333333333332,-3.331543334502738,4.357209283493875,1.0,,407153,001,2025-07-15_10h01.00.695,ContPsyTracking,2024.2.4,159.19688352547558,2025-07-15 10h01.05.025414 +0100,
0,0,0,0,0,0,0,,,,,,,,,,,,,,,,,9.471771240234375,-0.22166666666666668,0.21833333333333332,-3.328928837752589,4.035307794925048,1.0,,407153,001,2025-07-15_10h01.00.695,ContPsyTracking,2024.2.4,159.19688352547558,2025-07-15 10h01.05.025414 +0100,
0,0,0,0,0,0,0,,,,,,,,,,,,,,,,,9.479771375656128,-0.22166666666666668,0.21833333333333332,-3.621541998023744,4.385842049845548,1.0,,407153,001,2025-07-15_10h01.00.695,ContPsyTracking,2024.2.4,159.19688352547558,2025-07-15 10h01.05.025414 +0100,
0,0,0,0,0,0,0,,,,,,,,,,,,,,,,,9.489864349365234,-0.22166666666666668,0.21833333333333332,-3.2532651047801266,4.638632737546219,1.0,,407153,001,2025-07-15_10h01.00.695,ContPsyTracking,2024.2.4,159.19688352547558,2025-07-15 10h01.05.025414 +0100,
0,0,0,0,0,0,0,,,,,,,,,,,,,,,,,9.497875928878784,-0.22166666666666668,0.21833333333333332,-3.0007902410641583,4.731256457754424,1.0,,407153,001,2025-07-15_10h01.00.695,ContPsyTracking,2024.2.4,159.19688352547558,2025-07-15 10h01.05.025414 +0100,
0,0,0,0,0,0,0,,,,,,,,,,,,,,,,,9.507941961288452,-0.22166666666666668,0.22,-2.884477668619907,4.78402416310442,1.0,,407153,001,2025-07-15_10h01.00.695,ContPsyTracking,2024.2.4,159.19688352547558,2025-07-15 10h01.05.025414 +0100,
0,0,0,0,0,0,0,,,,,,,,,,,,,,,,,9.515942096710205,-0.22,0.225,-2.87885076706124,5.1302600856729725,1.0,,407153,001,2025-07-15_10h01.00.695,ContPsyTracking,2024.2.4,159.19688352547558,2025-07-15 10h01.05.025414 +0100,
0,0,0,0,0,0,0,,,,,,,,,,,,,,,,,9.525943279266357,-0.21666666666666667,0.23,-3.115735369329323,5.552673911268139,1.0,,407153,001,2025-07-15_10h01.00.695,ContPsyTracking,2024.2.4,159.19688352547558,2025-07-15 10h01.05.025414 +0100,
0,0,0,0,0,0,0,,,,,,,,,,,,,,,,,9.533942699432373,-0.21333333333333335,0.23833333333333334,-3.3606074919938522,5.704873550336512,1.0,,407153,001,2025-07-15_10h01.00.695,ContPsyTracking,2024.2.4,159.19688352547558,2025-07-15 10h01.05.025414 +0100,
0,0,0,0,0,0,0,,,,,,,,,,,,,,,,,9.543941974639893,-0.21,0.245,-3.024676582878491,5.23153879593887,1.0,,407153,001,2025-07-15_10h01.00.695,ContPsyTracking,2024.2.4,159.19688352547558,2025-07-15 10h01.05.025414 +0100,
0,0,0,0,0,0,0,,,,,,,,,,,,,,,,,9.551942110061646,-0.20666666666666667,0.25166666666666665,-2.780078952634356,4.905105365877021,1.0,,407153,001,2025-07-15_10h01.00.695,ContPsyTracking,2024.2.4,159.19688352547558,2025-07-15 10h01.05.025414 +0100,
0,0,0,0,0,0,0,,,,,,,,,,,,,,,,,9.561955213546753,-0.205,0.255,-2.4575574632118076,5.08576761762416,1.0,,407153,001,2025-07-15_10h01.00.695,ContPsyTracking,2024.2.4,159.19688352547558,2025-07-15 10h01.05.025414 +0100,
0,0,0,0,0,0,0,,,,,,,,,,,,,,,,,9.570025444030762,-0.20166666666666666,0.26,-2.229835059754755,4.9287173754844344,1.0,,407153,001,2025-07-15_10h01.00.695,ContPsyTracking,2024.2.4,159.19688352547558,2025-07-15 10h01.05.025414 +0100,
0,0,0,0,0,0,0,,,,,,,,,,,,,,,,,9.580041885375977,-0.19833333333333333,0.26166666666666666,-2.4982478775237515,4.628852926672695,1.0,,407153,001,2025-07-15_10h01.00.695,ContPsyTracking,2024.2.4,159.19688352547558,2025-07-15 10h01.05.025414 +0100,
0,0,0,0,0,0,0,,,,,,,,,,,,,,,,,9.589124202728271,-0.19333333333333333,0.265,-2.4160172450300514,4.851695787776607,1.0,,407153,001,2025-07-15_10h01.00.695,ContPsyTracking,2024.2.4,159.19688352547558,2025-07-15 10h01.05.025414 +0100,
0,0,0,0,0,0,0,,,,,,,,,,,,,,,,,9.599124193191528,-0.19,0.26666666666666666,-2.6008358747793476,5.11622456259308,1.0,,407153,001,2025-07-15_10h01.00.695,ContPsyTracking,2024.2.4,159.19688352547558,2025-07-15 10h01.05.025414 +0100,
0,0,0,0,0,0,0,,,,,,,,,,,,,,,,,9.60712480545044,-0.185,0.27,-1.9615523086397257,5.298451119394833,1.0,,407153,001,2025-07-15_10h01.00.695,ContPsyTracking,2024.2.4,159.19688352547558,2025-07-15 10h01.05.025414 +0100,
0,0,0,0,0,0,0,,,,,,,,,,,,,,,,,9.617132425308228,-0.18166666666666667,0.275,-2.1491458044490317,5.4973426923111095,1.0,,407153,001,2025-07-15_10h01.00.695,ContPsyTracking,2024.2.4,159.19688352547558,2025-07-15 10h01.05.025414 +0100,
0,0,0,0,0,0,0,,,,,,,,,,,,,,,,,9.62513256072998,-0.18,0.2783333333333333,-2.4292007261347877,5.395153354899683,1.0,,407153,001,2025-07-15_10h01.00.695,ContPsyTracking,2024.2.4,159.19688352547558,2025-07-15 10h01.05.025414 +0100,
0,0,0,0,0,0,0,,,,,,,,,,,,,,,,,9.635148763656616,-0.18,0.28,-2.5215287752834734,5.5286837645623335,1.0,,407153,001,2025-07-15_10h01.00.695,ContPsyTracking,2024.2.4,159.19688352547558,2025-07-15 10h01.05.025414 +0100,
0,0,0,0,0,0,0,,,,,,,,,,,,,,,,,9.64314866065979,-0.17833333333333334,0.2816666666666667,-1.9544671379990244,5.469630104252199,1.0,,407153,001,2025-07-15_10h01.00.695,ContPsyTracking,2024.2.4,159.19688352547558,2025-07-15 10h01.05.025414 +0100,
0,0,0,0,0,0,0,,,,,,,,,,,,,,,,,9.653149604797363,-0.17666666666666667,0.2816666666666667,-2.102790047565808,5.95493796365999,1.0,,407153,001,2025-07-15_10h01.00.695,ContPsyTracking,2024.2.4,159.19688352547558,2025-07-15 10h01.05.025414 +0100,
0,0,0,0,0,0,0,,,,,,,,,,,,,,,,,9.661149978637695,-0.17666666666666667,0.2833333333333333,-2.0453029755063246,5.95493796365999,1.0,,407153,001,2025-07-15_10h01.00.695,ContPsyTracking,2024.2.4,159.19688352547558,2025-07-15 10h01.05.025414 +0100,
0,0,0,0,0,0,0,,,,,,,,,,,,,,,,,9.671149015426636,-0.17333333333333334,0.285,-2.6340126172146725,5.870706478791294,1.0,,407153,001,2025-07-15_10h01.00.695,ContPsyTracking,2024.2.4,159.19688352547558,2025-07-15 10h01.05.025414 +0100,
0,0,0,0,0,0,0,,,,,,,,,,,,,,,,,9.679144620895386,-0.17,0.2866666666666667,-2.6582278073898675,5.947003977814557,1.0,,407153,001,2025-07-15_10h01.00.695,ContPsyTracking,2024.2.4,159.19688352547558,2025-07-15 10h01.05.025414 +0100,
0,0,0,0,0,0,0,,,,,,,,,,,,,,,,,9.6901695728302,-0.16833333333333333,0.28833333333333333,-2.464132025570751,5.947003977814557,1.0,,407153,001,2025-07-15_10h01.00.695,ContPsyTracking,2024.2.4,159.19688352547558,2025-07-15 10h01.05.025414 +0100,
0,0,0,0,0,0,0,,,,,,,,,,,,,,,,,9.698169469833374,-0.16333333333333333,0.29,-2.4345068175122573,5.947003977814557,1.0,,407153,001,2025-07-15_10h01.00.695,ContPsyTracking,2024.2.4,159.19688352547558,2025-07-15 10h01.05.025414 +0100,
0,0,0,0,0,0,0,,,,,,,,,,,,,,,,,9.707253217697144,-0.15833333333333333,0.29333333333333333,-2.4604585119376363,5.947003977814557,1.0,,407153,001,2025-07-15_10h01.00.695,ContPsyTracking,2024.2.4,159.19688352547558,2025-07-15 10h01.05.025414 +0100,
0,0,0,0,0,0,0,,,,,,,,,,,,,,,,,9.716251850128174,-0.15333333333333332,0.29833333333333334,-2.55021512765642,5.982075648596033,1.0,,407153,001,2025-07-15_10h01.00.695,ContPsyTracking,2024.2.4,159.19688352547558,2025-07-15 10h01.05.025414 +0100,
0,0,0,0,0,0,0,,,,,,,,,,,,,,,,,9.722262620925903,-0.15,0.3,-3.1750367264371837,5.831964264710205,1.0,,407153,001,2025-07-15_10h01.00.695,ContPsyTracking,2024.2.4,159.19688352547558,2025-07-15 10h01.05.025414 +0100,
0,0,0,0,0,0,0,,,,,,,,,,,,,,,,,9.73242473602295,-0.14666666666666667,0.30333333333333334,-3.1985925586200716,5.897668985774969,1.0,,407153,001,2025-07-15_10h01.00.695,ContPsyTracking,2024.2.4,159.19688352547558,2025-07-15 10h01.05.025414 +0100,
0,0,0,0,0,0,0,,,,,,,,,,,,,,,,,9.740453958511353,-0.14166666666666666,0.30666666666666664,-3.462492830972304,5.897668985774969,1.0,,407153,001,2025-07-15_10h01.00.695,ContPsyTracking,2024.2.4,159.19688352547558,2025-07-15 10h01.05.025414 +0100,
0,0,0,0,0,0,0,,,,,,,,,,,,,,,,,9.750467777252197,-0.13833333333333334,0.30833333333333335,-3.469332591549402,4.990282610451347,1.0,,407153,001,2025-07-15_10h01.00.695,ContPsyTracking,2024.2.4,159.19688352547558,2025-07-15 10h01.05.025414 +0100,
0,0,0,0,0,0,0,,,,,,,,,,,,,,,,,9.75849199295044,-0.13333333333333333,0.31166666666666665,-3.444591507844754,5.126947381924827,1.0,,407153,001,2025-07-15_10h01.00.695,ContPsyTracking,2024.2.4,159.19688352547558,2025-07-15 10h01.05.025414 +0100,
0,0,0,0,0,0,0,,,,,,,,,,,,,,,,,9.768491506576538,-0.12833333333333333,0.31333333333333335,-3.465936790751787,5.982785725733981,1.0,,407153,001,2025-07-15_10h01.00.695,ContPsyTracking,2024.2.4,159.19688352547558,2025-07-15 10h01.05.025414 +0100,
0,0,0,0,0,0,0,,,,,,,,,,,,,,,,,9.776553869247437,-0.12166666666666667,0.315,-3.6190510661609347,5.982785725733981,1.0,,407153,001,2025-07-15_10h01.00.695,ContPsyTracking,2024.2.4,159.19688352547558,2025-07-15 10h01.05.025414 +0100,
0,0,0,0,0,0,0,,,,,,,,,,,,,,,,,9.786553859710693,-0.11166666666666666,0.315,-3.248118531805361,5.982785725733981,1.0,,407153,001,2025-07-15_10h01.00.695,ContPsyTracking,2024.2.4,159.19688352547558,2025-07-15 10h01.05.025414 +0100,
0,0,0,0,0,0,0,,,,,,,,,,,,,,,,,9.794553756713867,-0.1,0.315,-2.831190906583912,5.87732050822485,1.0,,407153,001,2025-07-15_10h01.00.695,ContPsyTracking,2024.2.4,159.19688352547558,2025-07-15 10h01.05.025414 +0100,
0,0,0,0,0,0,0,,,,,,,,,,,,,,,,,9.800554275512695,-0.09,0.315,-2.3267935764098517,5.445499473327845,1.0,,407153,001,2025-07-15_10h01.00.695,ContPsyTracking,2024.2.4,159.19688352547558,2025-07-15 10h01.05.025414 +0100,
0,0,0,0,0,0,0,,,,,,,,,,,,,,,,,9.806554317474365,-0.08166666666666667,0.315,-2.243024200986947,5.734678847417245,1.0,,407153,001,2025-07-15_10h01.00.695,ContPsyTracking,2024.2.4,159.19688352547558,2025-07-15 10h01.05.025414 +0100,
0,0,0,0,0,0,0,,,,,,,,,,,,,,,,,9.812554121017456,-0.07333333333333333,0.315,-2.452065543027001,5.567143601947697,1.0,,407153,001,2025-07-15_10h01.00.695,ContPsyTracking,2024.2.4,159.19688352547558,2025-07-15 10h01.05.025414 +0100,
0,0,0,0,0,0,0,,,,,,,,,,,,,,,,,9.818554401397705,-0.06333333333333334,0.315,-2.2158505923775906,5.769853069646626,1.0,,407153,001,2025-07-15_10h01.00.695,ContPsyTracking,2024.2.4,159.19688352547558,2025-07-15 10h01.05.025414 +0100,
0,0,0,0,0,0,0,,,,,,,,,,,,,,,,,9.825554132461548,-0.056666666666666664,0.31833333333333336,-2.3297715742250293,5.769853069646626,1.0,,407153,001,2025-07-15_10h01.00.695,ContPsyTracking,2024.2.4,159.19688352547558,2025-07-15 10h01.05.025414 +0100,
0,0,0,0,0,0,0,,,,,,,,,,,,,,,,,9.834652185440063,-0.051666666666666666,0.32,-2.770495080963155,5.769853069646626,1.0,,407153,001,2025-07-15_10h01.00.695,ContPsyTracking,2024.2.4,159.19688352547558,2025-07-15 10h01.05.025414 +0100,
0,0,0,0,0,0,0,,,,,,,,,,,,,,,,,9.842668056488037,-0.04,0.3233333333333333,-3.12175568084008,5.751306604474682,1.0,,407153,001,2025-07-15_10h01.00.695,ContPsyTracking,2024.2.4,159.19688352547558,2025-07-15 10h01.05.025414 +0100,
0,0,0,0,0,0,0,,,,,,,,,,,,,,,,,9.84866738319397,-0.03333333333333333,0.325,-3.467777456950447,5.751306604474682,1.0,,407153,001,2025-07-15_10h01.00.695,ContPsyTracking,2024.2.4,159.19688352547558,2025-07-15 10h01.05.025414 +0100,
0,0,0,0,0,0,0,,,,,,,,,,,,,,,,,9.854679107666016,-0.03166666666666667,0.32666666666666666,-3.485988041727346,5.751306604474682,1.0,,407153,001,2025-07-15_10h01.00.695,ContPsyTracking,2024.2.4,159.19688352547558,2025-07-15 10h01.05.025414 +0100,
0,0,0,0,0,0,0,,,,,,,,,,,,,,,,,9.860673904418945,-0.03,0.3283333333333333,-3.564885969472816,5.960650761192714,1.0,,407153,001,2025-07-15_10h01.00.695,ContPsyTracking,2024.2.4,159.19688352547558,2025-07-15 10h01.05.025414 +0100,
0,0,0,0,0,0,0,,,,,,,,,,,,,,,,,9.866673469543457,-0.03,0.3283333333333333,-4.148880964661499,5.656204939476995,1.0,,407153,001,2025-07-15_10h01.00.695,ContPsyTracking,2024.2.4,159.19688352547558,2025-07-15 10h01.05.025414 +0100,
0,0,0,0,0,0,0,,,,,,,,,,,,,,,,,9.873673915863037,-0.028333333333333332,0.3283333333333333,-3.6152163532676123,5.432475579647624,1.0,,407153,001,2025-07-15_10h01.00.695,ContPsyTracking,2024.2.4,159.19688352547558,2025-07-15 10h01.05.025414 +0100,
0,0,0,0,0,0,0,,,,,,,,,,,,,,,,,9.879673719406128,-0.02666666666666667,0.33,-3.4688096488905606,5.486420853175316,1.0,,407153,001,2025-07-15_10h01.00.695,ContPsyTracking,2024.2.4,159.19688352547558,2025-07-15 10h01.05.025414 +0100,
0,0,0,0,0,0,0,,,,,,,,,,,,,,,,,9.884785890579224,-0.02666666666666667,0.33166666666666667,-3.2160691595776836,5.305735648746831,1.0,,407153,001,2025-07-15_10h01.00.695,ContPsyTracking,2024.2.4,159.19688352547558,2025-07-15 10h01.05.025414 +0100,
0,0,0,0,0,0,0,,,,,,,,,,,,,,,,,9.891785860061646,-0.023333333333333334,0.33166666666666667,-2.746250419447141,4.995332971846667,1.0,,407153,001,2025-07-15_10h01.00.695,ContPsyTracking,2024.2.4,159.19688352547558,2025-07-15 10h01.05.025414 +0100,
0,0,0,0,0,0,0,,,,,,,,,,,,,,,,,9.897798538208008,-0.021666666666666667,0.3333333333333333,-3.1449565975610603,5.2320451941554555,1.0,,407153,001,2025-07-15_10h01.00.695,ContPsyTracking,2024.2.4,159.19688352547558,2025-07-15 10h01.05.025414 +0100,
0,0,0,0,0,0,0,,,,,,,,,,,,,,,,,9.90380072593689,-0.02,0.33666666666666667,-3.1247630520234337,5.493364197174906,1.0,,407153,001,2025-07-15_10h01.00.695,ContPsyTracking,2024.2.4,159.19688352547558,2025-07-15 10h01.05.025414 +0100,
0,0,0,0,0,0,0,,,,,,,,,,,,,,,,,9.909906148910522,-0.018333333333333333,0.33666666666666667,-3.5931754947473005,5.698848730193874,1.0,,407153,001,2025-07-15_10h01.00.695,ContPsyTracking,2024.2.4,159.19688352547558,2025-07-15 10h01.05.025414 +0100,
0,0,0,0,0,0,0,,,,,,,,,,,,,,,,,9.915906429290771,-0.016666666666666666,0.3383333333333333,-3.2217795611484794,5.286808342273571,1.0,,407153,001,2025-07-15_10h01.00.695,ContPsyTracking,2024.2.4,159.19688352547558,2025-07-15 10h01.05.025414 +0100,
0,0,0,0,0,0,0,,,,,,,,,,,,,,,,,9.921906471252441,-0.015,0.34,-3.116221918713108,4.433872820672592,1.0,,407153,001,2025-07-15_10h01.00.695,ContPsyTracking,2024.2.4,159.19688352547558,2025-07-15 10h01.05.025414 +0100,
0,0,0,0,0,0,0,,,,,,,,,,,,,,,,,9.927906036376953,-0.015,0.34,-2.942602273436586,4.690772928010506,1.0,,407153,001,2025-07-15_10h01.00.695,ContPsyTracking,2024.2.4,159.19688352547558,2025-07-15 10h01.05.025414 +0100,
0,0,0,0,0,0,0,,,,,,,,,,,,,,,,,9.933907270431519,-0.015,0.34,-3.077077032011733,4.743093236068415,1.0,,407153,001,2025-07-15_10h01.00.695,ContPsyTracking,2024.2.4,159.19688352547558,2025-07-15 10h01.05.025414 +0100,
0,0,0,0,0,0,0,,,,,,,,,,,,,,,,,9.939906120300293,-0.015,0.3416666666666667,-3.132345470099137,5.292801976348211,1.0,,407153,001,2025-07-15_10h01.00.695,ContPsyTracking,2024.2.4,159.19688352547558,2025-07-15 10h01.05.025414 +0100,
0,0,0,0,0,0,0,,,,,,,,,,,,,,,,,9.945903539657593,-0.015,0.3416666666666667,-3.2206073279932688,5.203399775750699,1.0,,407153,001,2025-07-15_10h01.00.695,ContPsyTracking,2024.2.4,159.19688352547558,2025-07-15 10h01.05.025414 +0100,
0,0,0,0,0,0,0,,,,,,,,,,,,,,,,,9.951906204223633,-0.018333333333333333,0.3433333333333333,-2.842874392179626,5.574770978793833,1.0,,407153,001,2025-07-15_10h01.00.695,ContPsyTracking,2024.2.4,159.19688352547558,2025-07-15 10h01.05.025414 +0100,
0,0,0,0,0,0,0,,,,,,,,,,,,,,,,,9.957906723022461,-0.021666666666666667,0.345,-2.9434513766883814,5.794421174141585,1.0,,407153,001,2025-07-15_10h01.00.695,ContPsyTracking,2024.2.4,159.19688352547558,2025-07-15 10h01.05.025414 +0100,
0,0,0,0,0,0,0,,,,,,,,,,,,,,,,,9.963906288146973,-0.025,0.345,-2.603790178855255,5.794421174141585,1.0,,407153,001,2025-07-15_10h01.00.695,ContPsyTracking,2024.2.4,159.19688352547558,2025-07-15 10h01.05.025414 +0100,
0,0,0,0,0,0,0,,,,,,,,,,,,,,,,,9.969906091690063,-0.03,0.345,-3.2437516377412257,5.861928502252613,1.0,,407153,001,2025-07-15_10h01.00.695,ContPsyTracking,2024.2.4,159.19688352547558,2025-07-15 10h01.05.025414 +0100,
0,0,0,0,0,0,0,,,,,,,,,,,,,,,,,9.97594404220581,-0.035,0.3466666666666667,-3.2821881578041707,5.836529323161942,1.0,,407153,001,2025-07-15_10h01.00.695,ContPsyTracking,2024.2.4,159.19688352547558,2025-07-15 10h01.05.025414 +0100,
0,0,0,0,0,0,0,,,,,,,,,,,,,,,,,9.981943368911743,-0.03833333333333333,0.3466666666666667,-3.1836644783394297,5.836529323161942,1.0,,407153,001,2025-07-15_10h01.00.695,ContPsyTracking,2024.2.4,159.19688352547558,2025-07-15 10h01.05.025414 +0100,
0,0,0,0,0,0,0,,,,,,,,,,,,,,,,,,,,,,,14.43115099996794,407153,001,2025-07-15_10h01.00.695,ContPsyTracking,2024.2.4,159.19688352547558,2025-07-15 10h01.05.025414 +0100,
1,0,1,1,0,1,0,14.439344200014602,,,,,,,,,,,,,14.431276999996044,0.0028159000212326646,14.439344200014602,3.004835367202759,0.028333333333333332,-0.013333333333333334,0.19612347090185417,-0.14168697494421026,0.03,,407153,001,2025-07-15_10h01.00.695,ContPsyTracking,2024.2.4,159.19688352547558,2025-07-15 10h01.05.025414 +0100,
1,0,1,1,0,1,0,,,,,,,,,,,,,,,,,3.0108354091644287,0.028333333333333332,-0.013333333333333334,0.4117529617869752,0.07281056197601093,0.03,,407153,001,2025-07-15_10h01.00.695,ContPsyTracking,2024.2.4,159.19688352547558,2025-07-15 10h01.05.025414 +0100,
1,0,1,1,0,1,0,,,,,,,,,,,,,,,,,3.0168356895446777,0.028333333333333332,-0.013333333333333334,0.7730160269557482,0.13065621921258364,0.03,,407153,001,2025-07-15_10h01.00.695,ContPsyTracking,2024.2.4,159.19688352547558,2025-07-15 10h01.05.025414 +0100,
1,0,1,1,0,1,0,,,,,,,,,,,,,,,,,3.0228352546691895,0.028333333333333332,-0.013333333333333334,0.7382881435095643,0.07023578912403962,0.03,,407153,001,2025-07-15_10h01.00.695,ContPsyTracking,2024.2.4,159.19688352547558,2025-07-15 10h01.05.025414 +0100,
1,0,1,1,0,1,0,,,,,,,,,,,,,,,,,3.028834819793701,0.028333333333333332,-0.013333333333333334,1.208358949952105,0.3200959183924463,0.03,,407153,001,2025-07-15_10h01.00.695,ContPsyTracking,2024.2.4,159.19688352547558,2025-07-15 10h01.05.025414 +0100,
1,0,1,1,0,1,0,,,,,,,,,,,,,,,,,3.0348353385925293,0.028333333333333332,-0.013333333333333334,1.2353545634040408,0.11854341915216035,0.03,,407153,001,2025-07-15_10h01.00.695,ContPsyTracking,2024.2.4,159.19688352547558,2025-07-15 10h01.05.025414 +0100,
1,0,1,1,0,1,0,,,,,,,,,,,,,,,,,3.040836811065674,0.028333333333333332,-0.013333333333333334,1.03565714078116,0.12730703654772826,0.03,,407153,001,2025-07-15_10h01.00.695,ContPsyTracking,2024.2.4,159.19688352547558,2025-07-15 10h01.05.025414 +0100,
1,0,1,1,0,1,0,,,,,,,,,,,,,,,,,3.046835422515869,0.028333333333333332,-0.013333333333333334,0.4200383280586909,-0.2586859087947857,0.03,,407153,001,2025-07-15_10h01.00.695,ContPsyTracking,2024.2.4,159.19688352547558,2025-07-15 10h01.05.025414 +0100,
1,0,1,1,0,1,0,,,,,,,,,,,,,,,,,3.0528440475463867,0.028333333333333332,-0.013333333333333334,0.7547407485907554,-0.5072127244132972,0.03,,407153,001,2025-07-15_10h01.00.695,ContPsyTracking,2024.2.4,159.19688352547558,2025-07-15 10h01.05.025414 +0100,
1,0,1,1,0,1,0,,,,,,,,,,,,,,,,,3.0588431358337402,0.028333333333333332,-0.013333333333333334,0.9762310100230505,-0.5905381420618294,0.03,,407153,001,2025-07-15_10h01.00.695,ContPsyTracking,2024.2.4,159.19688352547558,2025-07-15 10h01.05.025414 +0100,
1,0,1,1,0,1,0,,,,,,,,,,,,,,,,,3.0648446083068848,0.028333333333333332,-0.013333333333333334,0.86133706236711,-0.44636550137356,0.03,,407153,001,2025-07-15_10h01.00.695,ContPsyTracking,2024.2.4,159.19688352547558,2025-07-15 10h01.05.025414 +0100,
1,0,1,1,0,1,0,,,,,,,,,,,,,,,,,3.0718436241149902,0.028333333333333332,-0.013333333333333334,1.0826990166946617,-0.308209670293887,0.03,,407153,001,2025-07-15_10h01.00.695,ContPsyTracking,2024.2.4,159.19688352547558,2025-07-15 10h01.05.025414 +0100,
1,0,1,1,0,1,0,,,,,,,,,,,,,,,,,3.0768487453460693,0.028333333333333332,-0.013333333333333334,0.6391315794197993,0.13325830625941104,0.03,,407153,001,2025-07-15_10h01.00.695,ContPsyTracking,2024.2.4,159.19688352547558,2025-07-15 10h01.05.025414 +0100,
1,0,1,1,0,1,0,,,,,,,,,,,,,,,,,3.0828611850738525,0.028333333333333332,-0.013333333333333334,0.9888159821705391,-0.18764994036355814,0.03,,407153,001,2025-07-15_10h01.00.695,ContPsyTracking,2024.2.4,159.19688352547558,2025-07-15 10h01.05.025414 +0100,
1,0,1,1,0,1,0,,,,,,,,,,,,,,,,,3.089859962463379,0.028333333333333332,-0.013333333333333334,1.0090619877491394,-0.63971063719475,0.03,,407153,001,2025-07-15_10h01.00.695,ContPsyTracking,2024.2.4,159.19688352547558,2025-07-15 10h01.05.025414 +0100,
1,0,1,1,0,1,0,,,,,,,,,,,,,,,,,3.095871925354004,0.028333333333333332,-0.013333333333333334,0.7997949036859037,-0.8036250659651584,0.03,,407153,001,2025-07-15_10h01.00.695,ContPsyTracking,2024.2.4,159.19688352547558,2025-07-15 10h01.05.025414 +0100,
1,0,1,1,0,1,0,,,,,,,,,,,,,,,,,3.101872205734253,0.028333333333333332,-0.013333333333333334,1.1062724342916335,-1.7440179110696636,0.03,,407153,001,2025-07-15_10h01.00.695,ContPsyTracking,2024.2.4,159.19688352547558,2025-07-15 10h01.05.025414 +0100,
1,0,1,1,0,1,0,,,,,,,,,,,,,,,,,3.1078715324401855,0.028333333333333332,-0.013333333333333334,1.047249187178989,-2.057695101661719,0.03,,407153,001,2025-07-15_10h01.00.695,ContPsyTracking,2024.2.4,159.19688352547558,2025-07-15 10h01.05.025414 +0100,
1,0,1,1,0,1,0,,,,,,,,,,,,,,,,,3.1138722896575928,0.028333333333333332,-0.013333333333333334,0.9312731972242863,-2.002678472779859,0.03,,407153,001,2025-07-15_10h01.00.695,ContPsyTracking,2024.2.4,159.19688352547558,2025-07-15 10h01.05.025414 +0100,
1,0,1,1,0,1,0,,,,,,,,,,,,,,,,,3.1198718547821045,0.028333333333333332,-0.013333333333333334,0.9527592848980906,-2.3649632065196915,0.03,,407153,001,2025-07-15_10h01.00.695,ContPsyTracking,2024.2.4,159.19688352547558,2025-07-15 10h01.05.025414 +0100,
1,0,1,1,0,1,0,,,,,,,,,,,,,,,,,3.1258716583251953,0.028333333333333332,-0.013333333333333334,1.0859006048469537,-2.407878275083625,0.03,,407153,001,2025-07-15_10h01.00.695,ContPsyTracking,2024.2.4,159.19688352547558,2025-07-15 10h01.05.025414 +0100,
1,0,1,1,0,1,0,,,,,,,,,,,,,,,,,3.1318717002868652,0.028333333333333332,-0.013333333333333334,1.8202128898060153,-2.1427765925351596,0.03,,407153,001,2025-07-15_10h01.00.695,ContPsyTracking,2024.2.4,159.19688352547558,2025-07-15 10h01.05.025414 +0100,
1,0,1,1,0,1,0,,,,,,,,,,,,,,,,,3.1379170417785645,0.028333333333333332,-0.013333333333333334,1.621543070611291,-2.3382447826022448,0.03,,407153,001,2025-07-15_10h01.00.695,ContPsyTracking,2024.2.4,159.19688352547558,2025-07-15 10h01.05.025414 +0100,
1,0,1,1,0,1,0,,,,,,,,,,,,,,,,,3.143998861312866,0.028333333333333332,-0.013333333333333334,1.9093762812618582,-1.8182961109682845,0.03,,407153,001,2025-07-15_10h01.00.695,ContPsyTracking,2024.2.4,159.19688352547558,2025-07-15 10h01.05.025414 +0100,
1,0,1,1,0,1,0,,,,,,,,,,,,,,,,,3.1499948501586914,0.028333333333333332,-0.013333333333333334,2.233620334605118,-1.3896367192783452,0.03,,407153,001,2025-07-15_10h01.00.695,ContPsyTracking,2024.2.4,159.19688352547558,2025-07-15 10h01.05.025414 +0100,
1,0,1,1,0,1,0,,,,,,,,,,,,,,,,,3.1560311317443848,0.028333333333333332,-0.013333333333333334,2.4421486565074386,-1.4232081923334414,0.03,,407153,001,2025-07-15_10h01.00.695,ContPsyTracking,2024.2.4,159.19688352547558,2025-07-15 10h01.05.025414 +0100,
1,0,1,1,0,1,0,,,,,,,,,,,,,,,,,3.162086248397827,0.028333333333333332,-0.013333333333333334,2.690875738003452,-1.118612653772849,0.03,,407153,001,2025-07-15_10h01.00.695,ContPsyTracking,2024.2.4,159.19688352547558,2025-07-15 10h01.05.025414 +0100,
1,0,1,1,0,1,0,,,,,,,,,,,,,,,,,3.168086051940918,0.028333333333333332,-0.013333333333333334,2.6288447933795527,-0.5906099955447189,0.03,,407153,001,2025-07-15_10h01.00.695,ContPsyTracking,2024.2.4,159.19688352547558,2025-07-15 10h01.05.025414 +0100,
1,0,1,1,0,1,0,,,,,,,,,,,,,,,,,3.174086570739746,0.028333333333333332,-0.013333333333333334,2.8198357966472902,-0.6027002348135361,0.03,,407153,001,2025-07-15_10h01.00.695,ContPsyTracking,2024.2.4,159.19688352547558,2025-07-15 10h01.05.025414 +0100,
1,0,1,1,0,1,0,,,,,,,,,,,,,,,,,3.180086374282837,0.028333333333333332,-0.013333333333333334,2.7001832634439524,-0.6632745136945633,0.03,,407153,001,2025-07-15_10h01.00.695,ContPsyTracking,2024.2.4,159.19688352547558,2025-07-15 10h01.05.025414 +0100,
1,0,1,1,0,1,0,,,,,,,,,,,,,,,,,3.186086416244507,0.028333333333333332,-0.013333333333333334,2.8764210748503274,-0.6047529430331418,0.03,,407153,001,2025-07-15_10h01.00.695,ContPsyTracking,2024.2.4,159.19688352547558,2025-07-15 10h01.05.025414 +0100,
1,0,1,1,0,1,0,,,,,,,,,,,,,,,,,3.1920862197875977,0.028333333333333332,-0.013333333333333334,2.9088004466464974,0.013108276150380127,0.03,,407153,001,2025-07-15_10h01.00.695,ContPsyTracking,2024.2.4,159.19688352547558,2025-07-15 10h01.05.025414 +0100,
1,0,1,1,0,1,0,,,,,,,,,,,,,,,,,3.1980860233306885,0.028333333333333332,-0.013333333333333334,2.792443997979886,-0.041857457756072934,0.03,,407153,001,2025-07-15_10h01.00.695,ContPsyTracking,2024.2.4,159.19688352547558,2025-07-15 10h01.05.025414 +0100,
1,0,1,1,0,1,0,,,,,,,,,,,,,,,,,3.2051053047180176,0.028333333333333332,-0.013333333333333334,3.1405514352126436,-0.07928753868931726,0.03,,407153,001,2025-07-15_10h01.00.695,ContPsyTracking,2024.2.4,159.19688352547558,2025-07-15 10h01.05.025414 +0100,
1,0,1,1,0,1,0,,,,,,,,,,,,,,,,,3.215106248855591,0.03,-0.013333333333333334,2.8653611383942073,-0.36025806850716935,0.03,,407153,001,2025-07-15_10h01.00.695,ContPsyTracking,2024.2.4,159.19688352547558,2025-07-15 10h01.05.025414 +0100,
1,0,1,1,0,1,0,,,,,,,,,,,,,,,,,3.2231054306030273,0.03,-0.013333333333333334,2.5196167454681104,-0.41123926982852244,0.03,,407153,001,2025-07-15_10h01.00.695,ContPsyTracking,2024.2.4,159.19688352547558,2025-07-15 10h01.05.025414 +0100,
1,0,1,1,0,1,0,,,,,,,,,,,,,,,,,3.233105182647705,0.03166666666666667,-0.013333333333333334,2.388605227514745,-0.6725983788505969,0.03,,407153,001,2025-07-15_10h01.00.695,ContPsyTracking,2024.2.4,159.19688352547558,2025-07-15 10h01.05.025414 +0100,
1,0,1,1,0,1,0,,,,,,,,,,,,,,,,,3.241105794906616,0.03166666666666667,-0.011666666666666667,2.6096034865918964,-0.779136611735787,0.03,,407153,001,2025-07-15_10h01.00.695,ContPsyTracking,2024.2.4,159.19688352547558,2025-07-15 10h01.05.025414 +0100,
1,0,1,1,0,1,0,,,,,,,,,,,,,,,,,3.247105836868286,0.03166666666666667,-0.01,2.8424554893977327,-0.695710071680425,0.03,,407153,001,2025-07-15_10h01.00.695,ContPsyTracking,2024.2.4,159.19688352547558,2025-07-15 10h01.05.025414 +0100,
1,0,1,1,0,1,0,,,,,,,,,,,,,,,,,3.2531068325042725,0.03333333333333333,-0.008333333333333333,3.062314664965084,-0.7288978290084344,0.03,,407153,001,2025-07-15_10h01.00.695,ContPsyTracking,2024.2.4,159.19688352547558,2025-07-15 10h01.05.025414 +0100,
1,0,1,1,0,1,0,,,,,,,,,,,,,,,,,3.259105920791626,0.03333333333333333,-0.006666666666666667,3.542518198801606,-0.5499444223013977,0.03,,407153,001,2025-07-15_10h01.00.695,ContPsyTracking,2024.2.4,159.19688352547558,2025-07-15 10h01.05.025414 +0100,
1,0,1,1,0,1,0,,,,,,,,,,,,,,,,,3.265106201171875,0.03333333333333333,-0.005,2.780311714650051,-0.06291057615730489,0.03,,407153,001,2025-07-15_10h01.00.695,ContPsyTracking,2024.2.4,159.19688352547558,2025-07-15 10h01.05.025414 +0100,
1,0,1,1,0,1,0,,,,,,,,,,,,,,,,,3.271106243133545,0.03333333333333333,-0.005,3.3609998207997034,-0.3288290575576198,0.03,,407153,001,2025-07-15_10h01.00.695,ContPsyTracking,2024.2.4,159.19688352547558,2025-07-15 10h01.05.025414 +0100,
1,0,1,1,0,1,0,,,,,,,,,,,,,,,,,3.2771058082580566,0.035,-0.0033333333333333335,3.0633629983670767,-0.3250848342417722,0.03,,407153,001,2025-07-15_10h01.00.695,ContPsyTracking,2024.2.4,159.19688352547558,2025-07-15 10h01.05.025414 +0100,
1,0,1,1,0,1,0,,,,,,,,,,,,,,,,,3.2831058502197266,0.035,-0.0033333333333333335,3.1579085388506596,-0.28561290786303406,0.03,,407153,001,2025-07-15_10h01.00.695,ContPsyTracking,2024.2.4,159.19688352547558,2025-07-15 10h01.05.025414 +0100,
1,0,1,1,0,1,0,,,,,,,,,,,,,,,,,3.2891128063201904,0.035,-0.0033333333333333335,3.0006688396502788,0.26298941853460633,0.03,,407153,001,2025-07-15_10h01.00.695,ContPsyTracking,2024.2.4,159.19688352547558,2025-07-15 10h01.05.025414 +0100,
1,0,1,1,0,1,0,,,,,,,,,,,,,,,,,3.295130968093872,0.035,-0.0033333333333333335,3.4074331507811944,0.29662781165124363,0.03,,407153,001,2025-07-15_10h01.00.695,ContPsyTracking,2024.2.4,159.19688352547558,2025-07-15 10h01.05.025414 +0100,
1,0,1,1,0,1,0,,,,,,,,,,,,,,,,,3.3011257648468018,0.035,-0.0033333333333333335,3.614412912521532,-0.4267194690159972,0.03,,407153,001,2025-07-15_10h01.00.695,ContPsyTracking,2024.2.4,159.19688352547558,2025-07-15 10h01.05.025414 +0100,
1,0,1,1,0,1,0,,,,,,,,,,,,,,,,,3.308137893676758,0.035,-0.0033333333333333335,3.716291081958503,-0.4436601907126613,0.03,,407153,001,2025-07-15_10h01.00.695,ContPsyTracking,2024.2.4,159.19688352547558,2025-07-15 10h01.05.025414 +0100,
1,0,1,1,0,1,0,,,,,,,,,,,,,,,,,3.313157320022583,0.035,-0.0033333333333333335,3.1499541557726465,-0.32697862392129634,0.03,,407153,001,2025-07-15_10h01.00.695,ContPsyTracking,2024.2.4,159.19688352547558,2025-07-15 10h01.05.025414 +0100,
1,0,1,1,0,1,0,,,,,,,,,,,,,,,,,3.3201510906219482,0.035,-0.0033333333333333335,3.233402743575888,-0.6167041561307712,0.03,,407153,001,2025-07-15_10h01.00.695,ContPsyTracking,2024.2.4,159.19688352547558,2025-07-15 10h01.05.025414 +0100,
1,0,1,1,0,1,0,,,,,,,,,,,,,,,,,3.326151132583618,0.035,-0.0033333333333333335,3.804934186572228,-0.383807880247941,0.03,,407153,001,2025-07-15_10h01.00.695,ContPsyTracking,2024.2.4,159.19688352547558,2025-07-15 10h01.05.025414 +0100,
1,0,1,1,0,1,0,,,,,,,,,,,,,,,,,3.3311805725097656,0.035,-0.0033333333333333335,3.7551480353891886,-0.4171814749738941,0.03,,407153,001,2025-07-15_10h01.00.695,ContPsyTracking,2024.2.4,159.19688352547558,2025-07-15 10h01.05.025414 +0100,
1,0,1,1,0,1,0,,,,,,,,,,,,,,,,,3.339179515838623,0.035,-0.0033333333333333335,3.5308712718980138,-0.6289382427613732,0.03,,407153,001,2025-07-15_10h01.00.695,ContPsyTracking,2024.2.4,159.19688352547558,2025-07-15 10h01.05.025414 +0100,
1,0,1,1,0,1,0,,,,,,,,,,,,,,,,,3.348221778869629,0.035,-0.0033333333333333335,3.618254461083913,-0.17335192667893834,0.03,,407153,001,2025-07-15_10h01.00.695,ContPsyTracking,2024.2.4,159.19688352547558,2025-07-15 10h01.05.025414 +0100,
1,0,1,1,0,1,0,,,,,,,,,,,,,,,,,3.356217622756958,0.035,-0.0033333333333333335,3.200796735941728,-0.4844456655019536,0.03,,407153,001,2025-07-15_10h01.00.695,ContPsyTracking,2024.2.4,159.19688352547558,2025-07-15 10h01.05.025414 +0100,
1,0,1,1,0,1,0,,,,,,,,,,,,,,,,,3.363217830657959,0.035,-0.0033333333333333335,2.9713048350342444,-1.1260771738145805,0.03,,407153,001,2025-07-15_10h01.00.695,ContPsyTracking,2024.2.4,159.19688352547558,2025-07-15 10h01.05.025414 +0100,
1,0,1,1,0,1,0,,,,,,,,,,,,,,,,,3.3732306957244873,0.035,-0.0033333333333333335,2.4805077555270327,-0.8891267135042634,0.03,,407153,001,2025-07-15_10h01.00.695,ContPsyTracking,2024.2.4,159.19688352547558,2025-07-15 10h01.05.025414 +0100,
1,0,1,1,0,1,0,,,,,,,,,,,,,,,,,3.381248950958252,0.035,-0.0033333333333333335,2.364867245829574,-0.2775084177387208,0.03,,407153,001,2025-07-15_10h01.00.695,ContPsyTracking,2024.2.4,159.19688352547558,2025-07-15 10h01.05.025414 +0100,
1,0,1,1,0,1,0,,,,,,,,,,,,,,,,,3.388244152069092,0.035,-0.0033333333333333335,2.189520855490926,0.4308104729950294,0.03,,407153,001,2025-07-15_10h01.00.695,ContPsyTracking,2024.2.4,159.19688352547558,2025-07-15 10h01.05.025414 +0100,
1,0,1,1,0,1,0,,,,,,,,,,,,,,,,,3.3972439765930176,0.035,-0.0033333333333333335,2.843183252455398,0.0400778024450093,0.03,,407153,001,2025-07-15_10h01.00.695,ContPsyTracking,2024.2.4,159.19688352547558,2025-07-15 10h01.05.025414 +0100,
1,0,1,1,0,1,0,,,,,,,,,,,,,,,,,3.4062440395355225,0.035,-0.0033333333333333335,2.747784311534263,0.47694225977763166,0.03,,407153,001,2025-07-15_10h01.00.695,ContPsyTracking,2024.2.4,159.19688352547558,2025-07-15 10h01.05.025414 +0100,
1,0,1,1,0,1,0,,,,,,,,,,,,,,,,,3.4152438640594482,0.035,-0.0033333333333333335,2.772063547862024,0.7394796160988426,0.03,,407153,001,2025-07-15_10h01.00.695,ContPsyTracking,2024.2.4,159.19688352547558,2025-07-15 10h01.05.025414 +0100,
1,0,1,1,0,1,0,,,,,,,,,,,,,,,,,3.4242444038391113,0.035,-0.0033333333333333335,2.814488559911662,0.3551147868200679,0.03,,407153,001,2025-07-15_10h01.00.695,ContPsyTracking,2024.2.4,159.19688352547558,2025-07-15 10h01.05.025414 +0100,
1,0,1,1,0,1,0,,,,,,,,,,,,,,,,,3.4333300590515137,0.035,-0.0033333333333333335,2.6639277060628976,0.5952520598588322,0.03,,407153,001,2025-07-15_10h01.00.695,ContPsyTracking,2024.2.4,159.19688352547558,2025-07-15 10h01.05.025414 +0100,
1,0,1,1,0,1,0,,,,,,,,,,,,,,,,,3.442331075668335,0.035,-0.0033333333333333335,2.763470508600432,1.1433520313604482,0.03,,407153,001,2025-07-15_10h01.00.695,ContPsyTracking,2024.2.4,159.19688352547558,2025-07-15 10h01.05.025414 +0100,
1,0,1,1,0,1,0,,,,,,,,,,,,,,,,,3.4514670372009277,0.035,-0.0033333333333333335,2.9248276369504422,1.2239682146541795,0.03,,407153,001,2025-07-15_10h01.00.695,ContPsyTracking,2024.2.4,159.19688352547558,2025-07-15 10h01.05.025414 +0100,
1,0,1,1,0,1,0,,,,,,,,,,,,,,,,,3.460416555404663,0.035,-0.0033333333333333335,3.2490744429623506,1.656132356910946,0.03,,407153,001,2025-07-15_10h01.00.695,ContPsyTracking,2024.2.4,159.19688352547558,2025-07-15 10h01.05.025414 +0100,
1,0,1,1,0,1,0,,,,,,,,,,,,,,,,,3.4704439640045166,0.035,-0.0033333333333333335,3.411178495521826,1.4505536576713942,0.03,,407153,001,2025-07-15_10h01.00.695,ContPsyTracking,2024.2.4,159.19688352547558,2025-07-15 10h01.05.025414 +0100,
1,0,1,1,0,1,0,,,,,,,,,,,,,,,,,3.4784505367279053,0.035,-0.0033333333333333335,3.741126460926319,1.2773812698142688,0.03,,407153,001,2025-07-15_10h01.00.695,ContPsyTracking,2024.2.4,159.19688352547558,2025-07-15 10h01.05.025414 +0100,
1,0,1,1,0,1,0,,,,,,,,,,,,,,,,,3.488450527191162,0.035,-0.0033333333333333335,3.6724454745551975,1.5562628146118265,0.03,,407153,001,2025-07-15_10h01.00.695,ContPsyTracking,2024.2.4,159.19688352547558,2025-07-15 10h01.05.025414 +0100,
1,0,1,1,0,1,0,,,,,,,,,,,,,,,,,3.4964499473571777,0.035,-0.0033333333333333335,3.5348895581987185,1.549673943659564,0.03,,407153,001,2025-07-15_10h01.00.695,ContPsyTracking,2024.2.4,159.19688352547558,2025-07-15 10h01.05.025414 +0100,
1,0,1,1,0,1,0,,,,,,,,,,,,,,,,,3.5064802169799805,0.035,-0.0033333333333333335,3.5251416347590663,1.4154199838244164,0.03,,407153,001,2025-07-15_10h01.00.695,ContPsyTracking,2024.2.4,159.19688352547558,2025-07-15 10h01.05.025414 +0100,
1,0,1,1,0,1,0,,,,,,,,,,,,,,,,,3.5144922733306885,0.035,-0.0033333333333333335,3.2627394969032,1.5165657895687432,0.03,,407153,001,2025-07-15_10h01.00.695,ContPsyTracking,2024.2.4,159.19688352547558,2025-07-15 10h01.05.025414 +0100,
1,0,1,1,0,1,0,,,,,,,,,,,,,,,,,3.5245048999786377,0.035,-0.0033333333333333335,2.658791632198783,1.0658290894238074,0.03,,407153,001,2025-07-15_10h01.00.695,ContPsyTracking,2024.2.4,159.19688352547558,2025-07-15 10h01.05.025414 +0100,
1,0,1,1,0,1,0,,,,,,,,,,,,,,,,,3.533504009246826,0.035,-0.0033333333333333335,2.175576645442388,0.7512079589160308,0.03,,407153,001,2025-07-15_10h01.00.695,ContPsyTracking,2024.2.4,159.19688352547558,2025-07-15 10h01.05.025414 +0100,
1,0,1,1,0,1,0,,,,,,,,,,,,,,,,,3.542504072189331,0.035,-0.0033333333333333335,1.739431761980255,0.8313178071134424,0.03,,407153,001,2025-07-15_10h01.00.695,ContPsyTracking,2024.2.4,159.19688352547558,2025-07-15 10h01.05.025414 +0100,
1,0,1,1,0,1,0,,,,,,,,,,,,,,,,,3.5515048503875732,0.035,-0.0033333333333333335,2.127278618372832,0.5544004883801401,0.03,,407153,001,2025-07-15_10h01.00.695,ContPsyTracking,2024.2.4,159.19688352547558,2025-07-15 10h01.05.025414 +0100,
1,0,1,1,0,1,0,,,,,,,,,,,,,,,,,3.560504913330078,0.03666666666666667,-0.0033333333333333335,2.499707368226923,0.6971011856522804,0.03,,407153,001,2025-07-15_10h01.00.695,ContPsyTracking,2024.2.4,159.19688352547558,2025-07-15 10h01.05.025414 +0100,
1,0,1,1,0,1,0,,,,,,,,,,,,,,,,,3.5695040225982666,0.04,-0.005,2.536508346782984,0.9793981413470327,0.03,,407153,001,2025-07-15_10h01.00.695,ContPsyTracking,2024.2.4,159.19688352547558,2025-07-15 10h01.05.025414 +0100,
1,0,1,1,0,1,0,,,,,,,,,,,,,,,,,3.57851243019104,0.04,-0.008333333333333333,2.5652978532720576,1.2128407561521484,0.03,,407153,001,2025-07-15_10h01.00.695,ContPsyTracking,2024.2.4,159.19688352547558,2025-07-15 10h01.05.025414 +0100,
1,0,1,1,0,1,0,,,,,,,,,,,,,,,,,3.5876173973083496,0.041666666666666664,-0.01,3.082778496806909,0.9752037141997361,0.03,,407153,001,2025-07-15_10h01.00.695,ContPsyTracking,2024.2.4,159.19688352547558,2025-07-15 10h01.05.025414 +0100,
1,0,1,1,0,1,0,,,,,,,,,,,,,,,,,3.596745014190674,0.041666666666666664,-0.011666666666666667,3.375764479734787,1.2180821177207437,0.03,,407153,001,2025-07-15_10h01.00.695,ContPsyTracking,2024.2.4,159.19688352547558,2025-07-15 10h01.05.025414 +0100,
1,0,1,1,0,1,0,,,,,,,,,,,,,,,,,3.6057698726654053,0.041666666666666664,-0.013333333333333334,3.825094021232362,0.8100820885381885,0.03,,407153,001,2025-07-15_10h01.00.695,ContPsyTracking,2024.2.4,159.19688352547558,2025-07-15 10h01.05.025414 +0100,
1,0,1,1,0,1,0,,,,,,,,,,,,,,,,,3.6157920360565186,0.041666666666666664,-0.013333333333333334,4.1605088970879835,1.2108607667544329,0.03,,407153,001,2025-07-15_10h01.00.695,ContPsyTracking,2024.2.4,159.19688352547558,2025-07-15 10h01.05.025414 +0100,
1,0,1,1,0,1,0,,,,,,,,,,,,,,,,,3.6238043308258057,0.043333333333333335,-0.015,4.151238228073715,0.8703499327531792,0.03,,407153,001,2025-07-15_10h01.00.695,ContPsyTracking,2024.2.4,159.19688352547558,2025-07-15 10h01.05.025414 +0100,
1,0,1,1,0,1,0,,,,,,,,,,,,,,,,,3.6338043212890625,0.043333333333333335,-0.015,3.7561394943083846,0.9024149876848059,0.03,,407153,001,2025-07-15_10h01.00.695,ContPsyTracking,2024.2.4,159.19688352547558,2025-07-15 10h01.05.025414 +0100,
1,0,1,1,0,1,0,,,,,,,,,,,,,,,,,3.6429781913757324,0.043333333333333335,-0.016666666666666666,3.8332895912447884,1.266919184704754,0.03,,407153,001,2025-07-15_10h01.00.695,ContPsyTracking,2024.2.4,159.19688352547558,2025-07-15 10h01.05.025414 +0100,
1,0,1,1,0,1,0,,,,,,,,,,,,,,,,,3.652029514312744,0.043333333333333335,-0.016666666666666666,3.4088943273635572,1.0755275481052216,0.03,,407153,001,2025-07-15_10h01.00.695,ContPsyTracking,2024.2.4,159.19688352547558,2025-07-15 10h01.05.025414 +0100,
1,0,1,1,0,1,0,,,,,,,,,,,,,,,,,3.660046100616455,0.045,-0.016666666666666666,3.0888527970119073,0.9690446046929947,0.03,,407153,001,2025-07-15_10h01.00.695,ContPsyTracking,2024.2.4,159.19688352547558,2025-07-15 10h01.05.025414 +0100,
1,0,1,1,0,1,0,,,,,,,,,,,,,,,,,3.670046091079712,0.045,-0.016666666666666666,2.9498190619325,1.3369899977380633,0.03,,407153,001,2025-07-15_10h01.00.695,ContPsyTracking,2024.2.4,159.19688352547558,2025-07-15 10h01.05.025414 +0100,
1,0,1,1,0,1,0,,,,,,,,,,,,,,,,,3.6790578365325928,0.045,-0.016666666666666666,3.0700306320172386,1.1967388761022442,0.03,,407153,001,2025-07-15_10h01.00.695,ContPsyTracking,2024.2.4,159.19688352547558,2025-07-15 10h01.05.025414 +0100,
1,0,1,1,0,1,0,,,,,,,,,,,,,,,,,3.690077781677246,0.045,-0.016666666666666666,2.654312338022713,1.502504120429066,0.03,,407153,001,2025-07-15_10h01.00.695,ContPsyTracking,2024.2.4,159.19688352547558,2025-07-15 10h01.05.025414 +0100,
1,0,1,1,0,1,0,,,,,,,,,,,,,,,,,3.6970765590667725,0.045,-0.016666666666666666,3.3799900743738007,1.6750649648960099,0.03,,407153,001,2025-07-15_10h01.00.695,ContPsyTracking,2024.2.4,159.19688352547558,2025-07-15 10h01.05.025414 +0100,
1,0,1,1,0,1,0,,,,,,,,,,,,,,,,,3.706085443496704,0.04666666666666667,-0.018333333333333333,3.0422054890515406,1.5500751163407531,0.03,,407153,001,2025-07-15_10h01.00.695,ContPsyTracking,2024.2.4,159.19688352547558,2025-07-15 10h01.05.025414 +0100,
1,0,1,1,0,1,0,,,,,,,,,,,,,,,,,3.715085506439209,0.04666666666666667,-0.018333333333333333,3.3343676806059346,1.3606064675659597,0.03,,407153,001,2025-07-15_10h01.00.695,ContPsyTracking,2024.2.4,159.19688352547558,2025-07-15 10h01.05.025414 +0100,
1,0,1,1,0,1,0,,,,,,,,,,,,,,,,,3.72410249710083,0.04833333333333333,-0.018333333333333333,3.4544484515249785,0.8327289871110627,0.03,,407153,001,2025-07-15_10h01.00.695,ContPsyTracking,2024.2.4,159.19688352547558,2025-07-15 10h01.05.025414 +0100,
1,0,1,1,0,1,0,,,,,,,,,,,,,,,,,3.7331018447875977,0.04833333333333333,-0.018333333333333333,3.468404182755426,1.119948325577812,0.03,,407153,001,2025-07-15_10h01.00.695,ContPsyTracking,2024.2.4,159.19688352547558,2025-07-15 10h01.05.025414 +0100,
1,0,1,1,0,1,0,,,,,,,,,,,,,,,,,3.74210262298584,0.04833333333333333,-0.02,3.4562173077114866,0.7007317420918586,0.03,,407153,001,2025-07-15_10h01.00.695,ContPsyTracking,2024.2.4,159.19688352547558,2025-07-15 10h01.05.025414 +0100,
1,0,1,1,0,1,0,,,,,,,,,,,,,,,,,3.7511582374572754,0.04833333333333333,-0.02,3.352025902309569,0.9995933988304394,0.03,,407153,001,2025-07-15_10h01.00.695,ContPsyTracking,2024.2.4,159.19688352547558,2025-07-15 10h01.05.025414 +0100,
1,0,1,1,0,1,0,,,,,,,,,,,,,,,,,3.7611587047576904,0.04833333333333333,-0.02,3.6045704354225685,0.9872882711416705,0.03,,407153,001,2025-07-15_10h01.00.695,ContPsyTracking,2024.2.4,159.19688352547558,2025-07-15 10h01.05.025414 +0100,
1,0,1,1,0,1,0,,,,,,,,,,,,,,,,,3.7691543102264404,0.04833333333333333,-0.02,3.4068225297310186,0.794516666539381,0.03,,407153,001,2025-07-15_10h01.00.695,ContPsyTracking,2024.2.4,159.19688352547558,2025-07-15 10h01.05.025414 +0100,
1,0,1,1,0,1,0,,,,,,,,,,,,,,,,,3.7791974544525146,0.04833333333333333,-0.02,3.4247222051090853,0.6385765466158864,0.03,,407153,001,2025-07-15_10h01.00.695,ContPsyTracking,2024.2.4,159.19688352547558,2025-07-15 10h01.05.025414 +0100,
1,0,1,1,0,1,0,,,,,,,,,,,,,,,,,3.7881972789764404,0.04833333333333333,-0.02,4.027597912313914,0.9634397820530356,0.03,,407153,001,2025-07-15_10h01.00.695,ContPsyTracking,2024.2.4,159.19688352547558,2025-07-15 10h01.05.025414 +0100,
1,0,1,1,0,1,0,,,,,,,,,,,,,,,,,3.7971973419189453,0.04666666666666667,-0.02,3.829246817481978,1.6128111348315373,0.03,,407153,001,2025-07-15_10h01.00.695,ContPsyTracking,2024.2.4,159.19688352547558,2025-07-15 10h01.05.025414 +0100,
1,0,1,1,0,1,0,,,,,,,,,,,,,,,,,3.8062210083007812,0.045,-0.02,3.4684470073024256,1.4947316040185301,0.03,,407153,001,2025-07-15_10h01.00.695,ContPsyTracking,2024.2.4,159.19688352547558,2025-07-15 10h01.05.025414 +0100,
1,0,1,1,0,1,0,,,,,,,,,,,,,,,,,3.8152430057525635,0.045,-0.02,3.3943623788539967,1.9580361815049543,0.03,,407153,001,2025-07-15_10h01.00.695,ContPsyTracking,2024.2.4,159.19688352547558,2025-07-15 10h01.05.025414 +0100,
1,0,1,1,0,1,0,,,,,,,,,,,,,,,,,3.82424259185791,0.045,-0.02,3.3270604651888105,2.120120498062233,0.03,,407153,001,2025-07-15_10h01.00.695,ContPsyTracking,2024.2.4,159.19688352547558,2025-07-15 10h01.05.025414 +0100,
1,0,1,1,0,1,0,,,,,,,,,,,,,,,,,3.833242654800415,0.043333333333333335,-0.02,3.1294809548311338,2.64925668360562,0.03,,407153,001,2025-07-15_10h01.00.695,ContPsyTracking,2024.2.4,159.19688352547558,2025-07-15 10h01.05.025414 +0100,
1,0,1,1,0,1,0,,,,,,,,,,,,,,,,,3.842242956161499,0.043333333333333335,-0.02,3.0343573481804063,2.926951914661804,0.03,,407153,001,2025-07-15_10h01.00.695,ContPsyTracking,2024.2.4,159.19688352547558,2025-07-15 10h01.05.025414 +0100,
1,0,1,1,0,1,0,,,,,,,,,,,,,,,,,3.8522427082061768,0.041666666666666664,-0.02,2.47279216622492,2.821136141692074,0.03,,407153,001,2025-07-15_10h01.00.695,ContPsyTracking,2024.2.4,159.19688352547558,2025-07-15 10h01.05.025414 +0100,
1,0,1,1,0,1,0,,,,,,,,,,,,,,,,,3.8602428436279297,0.041666666666666664,-0.02,2.111350419347262,2.731013915186415,0.03,,407153,001,2025-07-15_10h01.00.695,ContPsyTracking,2024.2.4,159.19688352547558,2025-07-15 10h01.05.025414 +0100,
1,0,1,1,0,1,0,,,,,,,,,,,,,,,,,3.870337963104248,0.041666666666666664,-0.02,2.1968838393571155,2.351343847584134,0.03,,407153,001,2025-07-15_10h01.00.695,ContPsyTracking,2024.2.4,159.19688352547558,2025-07-15 10h01.05.025414 +0100,
1,0,1,1,0,1,0,,,,,,,,,,,,,,,,,3.8783342838287354,0.041666666666666664,-0.02,1.99669218157177,1.9454927795047123,0.03,,407153,001,2025-07-15_10h01.00.695,ContPsyTracking,2024.2.4,159.19688352547558,2025-07-15 10h01.05.025414 +0100,
1,0,1,1,0,1,0,,,,,,,,,,,,,,,,,3.888338088989258,0.041666666666666664,-0.02,2.3389513057698426,1.97258072899834,0.03,,407153,001,2025-07-15_10h01.00.695,ContPsyTracking,2024.2.4,159.19688352547558,2025-07-15 10h01.05.025414 +0100,
1,0,1,1,0,1,0,,,,,,,,,,,,,,,,,3.89633846282959,0.041666666666666664,-0.02,2.5054111355684805,1.876702182834138,0.03,,407153,001,2025-07-15_10h01.00.695,ContPsyTracking,2024.2.4,159.19688352547558,2025-07-15 10h01.05.025414 +0100,
1,0,1,1,0,1,0,,,,,,,,,,,,,,,,,3.9063379764556885,0.041666666666666664,-0.02,2.6527407121488444,1.4256326013940739,0.03,,407153,001,2025-07-15_10h01.00.695,ContPsyTracking,2024.2.4,159.19688352547558,2025-07-15 10h01.05.025414 +0100,
1,0,1,1,0,1,0,,,,,,,,,,,,,,,,,3.9144346714019775,0.041666666666666664,-0.02,2.4410858970068743,1.5089795575118679,0.03,,407153,001,2025-07-15_10h01.00.695,ContPsyTracking,2024.2.4,159.19688352547558,2025-07-15 10h01.05.025414 +0100,
1,0,1,1,0,1,0,,,,,,,,,,,,,,,,,3.924433469772339,0.041666666666666664,-0.02,2.1157658278408595,1.7314366904347245,0.03,,407153,001,2025-07-15_10h01.00.695,ContPsyTracking,2024.2.4,159.19688352547558,2025-07-15 10h01.05.025414 +0100,
1,0,1,1,0,1,0,,,,,,,,,,,,,,,,,3.933433771133423,0.041666666666666664,-0.02,2.0698113451919395,2.021692591297393,0.03,,407153,001,2025-07-15_10h01.00.695,ContPsyTracking,2024.2.4,159.19688352547558,2025-07-15 10h01.05.025414 +0100,
1,0,1,1,0,1,0,,,,,,,,,,,,,,,,,3.9424338340759277,0.041666666666666664,-0.02,2.3507062573216304,1.9445975787020315,0.03,,407153,001,2025-07-15_10h01.00.695,ContPsyTracking,2024.2.4,159.19688352547558,2025-07-15 10h01.05.025414 +0100,
1,0,1,1,0,1,0,,,,,,,,,,,,,,,,,3.951434373855591,0.04,-0.02,2.319962599984298,1.979531085281848,0.03,,407153,001,2025-07-15_10h01.00.695,ContPsyTracking,2024.2.4,159.19688352547558,2025-07-15 10h01.05.025414 +0100,
1,0,1,1,0,1,0,,,,,,,,,,,,,,,,,3.9605958461761475,0.04,-0.02,1.4607522357261857,1.4376270038621723,0.03,,407153,001,2025-07-15_10h01.00.695,ContPsyTracking,2024.2.4,159.19688352547558,2025-07-15 10h01.05.025414 +0100,
1,0,1,1,0,1,0,,,,,,,,,,,,,,,,,3.969587802886963,0.04,-0.02,2.1432790570604303,1.3872604346372455,0.03,,407153,001,2025-07-15_10h01.00.695,ContPsyTracking,2024.2.4,159.19688352547558,2025-07-15 10h01.05.025414 +0100,
1,0,1,1,0,1,0,,,,,,,,,,,,,,,,,3.9785454273223877,0.04,-0.02,2.5002489419942955,1.608259893748266,0.03,,407153,001,2025-07-15_10h01.00.695,ContPsyTracking,2024.2.4,159.19688352547558,2025-07-15 10h01.05.025414 +0100,
1,0,1,1,0,1,0,,,,,,,,,,,,,,,,,3.9875450134277344,0.04,-0.02,2.152897698671367,1.2914778957344972,0.03,,407153,001,2025-07-15_10h01.00.695,ContPsyTracking,2024.2.4,159.19688352547558,2025-07-15 10h01.05.025414 +0100,
1,0,1,1,0,1,0,,,,,,,,,,,,,,,,,3.997596263885498,0.04,-0.02,1.6151809000890016,1.402833721835841,0.03,,407153,001,2025-07-15_10h01.00.695,ContPsyTracking,2024.2.4,159.19688352547558,2025-07-15 10h01.05.025414 +0100,
1,0,1,1,0,1,0,,,,,,,,,,,,,,,,,4.005748748779297,0.04,-0.02,1.7107781248353717,0.716699143928412,0.03,,407153,001,2025-07-15_10h01.00.695,ContPsyTracking,2024.2.4,159.19688352547558,2025-07-15 10h01.05.025414 +0100,
1,0,1,1,0,1,0,,,,,,,,,,,,,,,,,4.015766620635986,0.04,-0.02,1.6069496831897123,0.6634517116705236,0.03,,407153,001,2025-07-15_10h01.00.695,ContPsyTracking,2024.2.4,159.19688352547558,2025-07-15 10h01.05.025414 +0100,
1,0,1,1,0,1,0,,,,,,,,,,,,,,,,,4.023778200149536,0.04,-0.02,1.2977546495026004,0.5008769684227328,0.03,,407153,001,2025-07-15_10h01.00.695,ContPsyTracking,2024.2.4,159.19688352547558,2025-07-15 10h01.05.025414 +0100,
1,0,1,1,0,1,0,,,,,,,,,,,,,,,,,4.0337910652160645,0.04,-0.02,1.4267590564842363,0.8835731165890873,0.03,,407153,001,2025-07-15_10h01.00.695,ContPsyTracking,2024.2.4,159.19688352547558,2025-07-15 10h01.05.025414 +0100,
1,0,1,1,0,1,0,,,,,,,,,,,,,,,,,4.0417869091033936,0.04,-0.02,1.6585495006037811,0.7173787455994791,0.03,,407153,001,2025-07-15_10h01.00.695,ContPsyTracking,2024.2.4,159.19688352547558,2025-07-15 10h01.05.025414 +0100,
1,0,1,1,0,1,0,,,,,,,,,,,,,,,,,4.051800012588501,0.04,-0.02,1.9288428791080228,0.9109299763290484,0.03,,407153,001,2025-07-15_10h01.00.695,ContPsyTracking,2024.2.4,159.19688352547558,2025-07-15 10h01.05.025414 +0100,
1,0,1,1,0,1,0,,,,,,,,,,,,,,,,,4.060799837112427,0.04,-0.02,1.7736667650326763,1.0563708375818404,0.03,,407153,001,2025-07-15_10h01.00.695,ContPsyTracking,2024.2.4,159.19688352547558,2025-07-15 10h01.05.025414 +0100,
1,0,1,1,0,1,0,,,,,,,,,,,,,,,,,4.069867134094238,0.04,-0.02,1.5062166393712515,1.154608905822994,0.03,,407153,001,2025-07-15_10h01.00.695,ContPsyTracking,2024.2.4,159.19688352547558,2025-07-15 10h01.05.025414 +0100,
1,0,1,1,0,1,0,,,,,,,,,,,,,,,,,4.078875541687012,0.04,-0.02,1.6536897515580458,0.7559284170551992,0.03,,407153,001,2025-07-15_10h01.00.695,ContPsyTracking,2024.2.4,159.19688352547558,2025-07-15 10h01.05.025414 +0100,
1,0,1,1,0,1,0,,,,,,,,,,,,,,,,,4.087875604629517,0.04,-0.02,1.847636674851474,0.8606719877450095,0.03,,407153,001,2025-07-15_10h01.00.695,ContPsyTracking,2024.2.4,159.19688352547558,2025-07-15 10h01.05.025414 +0100,
1,0,1,1,0,1,0,,,,,,,,,,,,,,,,,4.097002267837524,0.04,-0.02,1.9526981819758364,0.5472661021860723,0.03,,407153,001,2025-07-15_10h01.00.695,ContPsyTracking,2024.2.4,159.19688352547558,2025-07-15 10h01.05.025414 +0100,
1,0,1,1,0,1,0,,,,,,,,,,,,,,,,,4.10595703125,0.04,-0.02,2.102285527586287,0.35658728908502746,0.03,,407153,001,2025-07-15_10h01.00.695,ContPsyTracking,2024.2.4,159.19688352547558,2025-07-15 10h01.05.025414 +0100,
1,0,1,1,0,1,0,,,,,,,,,,,,,,,,,4.114956378936768,0.04,-0.02,2.5778813433279373,0.23754488406706603,0.03,,407153,001,2025-07-15_10h01.00.695,ContPsyTracking,2024.2.4,159.19688352547558,2025-07-15 10h01.05.025414 +0100,
1,0,1,1,0,1,0,,,,,,,,,,,,,,,,,4.124116659164429,0.04,-0.02,2.195968641912323,0.32965060023627724,0.03,,407153,001,2025-07-15_10h01.00.695,ContPsyTracking,2024.2.4,159.19688352547558,2025-07-15 10h01.05.025414 +0100,
1,0,1,1,0,1,0,,,,,,,,,,,,,,,,,4.133118391036987,0.04,-0.021666666666666667,2.3632474858718515,-0.2628364585962988,0.03,,407153,001,2025-07-15_10h01.00.695,ContPsyTracking,2024.2.4,159.19688352547558,2025-07-15 10h01.05.025414 +0100,
1,0,1,1,0,1,0,,,,,,,,,,,,,,,,,4.142118215560913,0.04,-0.021666666666666667,2.710763118501688,0.004491371265911925,0.03,,407153,001,2025-07-15_10h01.00.695,ContPsyTracking,2024.2.4,159.19688352547558,2025-07-15 10h01.05.025414 +0100,
1,0,1,1,0,1,0,,,,,,,,,,,,,,,,,4.151118516921997,0.04,-0.021666666666666667,2.762370005110356,0.16782324937066456,0.03,,407153,001,2025-07-15_10h01.00.695,ContPsyTracking,2024.2.4,159.19688352547558,2025-07-15 10h01.05.025414 +0100,
1,0,1,1,0,1,0,,,,,,,,,,,,,,,,,4.160135507583618,0.04,-0.021666666666666667,2.9908217404685544,-0.3011897770659765,0.03,,407153,001,2025-07-15_10h01.00.695,ContPsyTracking,2024.2.4,159.19688352547558,2025-07-15 10h01.05.025414 +0100,
1,0,1,1,0,1,0,,,,,,,,,,,,,,,,,4.170130252838135,0.04,-0.021666666666666667,2.854254230951951,0.1866753944827223,0.03,,407153,001,2025-07-15_10h01.00.695,ContPsyTracking,2024.2.4,159.19688352547558,2025-07-15 10h01.05.025414 +0100,
1,0,1,1,0,1,0,,,,,,,,,,,,,,,,,4.17913031578064,0.04,-0.021666666666666667,3.4496030949004393,0.0846843849372034,0.03,,407153,001,2025-07-15_10h01.00.695,ContPsyTracking,2024.2.4,159.19688352547558,2025-07-15 10h01.05.025414 +0100,
1,0,1,1,0,1,0,,,,,,,,,,,,,,,,,4.188135862350464,0.04,-0.021666666666666667,3.59199432343241,-0.39932095526350897,0.03,,407153,001,2025-07-15_10h01.00.695,ContPsyTracking,2024.2.4,159.19688352547558,2025-07-15 10h01.05.025414 +0100,
1,0,1,1,0,1,0,,,,,,,,,,,,,,,,,4.197221517562866,0.04,-0.021666666666666667,3.9018350391788506,0.004867378054410121,0.03,,407153,001,2025-07-15_10h01.00.695,ContPsyTracking,2024.2.4,159.19688352547558,2025-07-15 10h01.05.025414 +0100,
1,0,1,1,0,1,0,,,,,,,,,,,,,,,,,4.206221342086792,0.04,-0.021666666666666667,3.957785473442649,-0.10498682472724866,0.03,,407153,001,2025-07-15_10h01.00.695,ContPsyTracking,2024.2.4,159.19688352547558,2025-07-15 10h01.05.025414 +0100,
1,0,1,1,0,1,0,,,,,,,,,,,,,,,,,4.215221405029297,0.04,-0.021666666666666667,4.36095413347676,-0.04622218510639417,0.03,,407153,001,2025-07-15_10h01.00.695,ContPsyTracking,2024.2.4,159.19688352547558,2025-07-15 10h01.05.025414 +0100,
1,0,1,1,0,1,0,,,,,,,,,,,,,,,,,4.224221229553223,0.04,-0.021666666666666667,4.756746568206231,-0.2942351880561188,0.03,,407153,001,2025-07-15_10h01.00.695,ContPsyTracking,2024.2.4,159.19688352547558,2025-07-15 10h01.05.025414 +0100,
1,0,1,1,0,1,0,,,,,,,,,,,,,,,,,4.233274698257446,0.04,-0.021666666666666667,5.183407528251727,-0.3049970755998454,0.03,,407153,001,2025-07-15_10h01.00.695,ContPsyTracking,2024.2.4,159.19688352547558,2025-07-15 10h01.05.025414 +0100,
1,0,1,1,0,1,0,,,,,,,,,,,,,,,,,4.242270469665527,0.04,-0.021666666666666667,5.304508869008718,-0.9116618185374206,0.03,,407153,001,2025-07-15_10h01.00.695,ContPsyTracking,2024.2.4,159.19688352547558,2025-07-15 10h01.05.025414 +0100,
1,0,1,1,0,1,0,,,,,,,,,,,,,,,,,4.251323461532593,0.041666666666666664,-0.021666666666666667,5.4965208387289195,-1.2781809093366112,0.03,,407153,001,2025-07-15_10h01.00.695,ContPsyTracking,2024.2.4,159.19688352547558,2025-07-15 10h01.05.025414 +0100,
1,0,1,1,0,1,0,,,,,,,,,,,,,,,,,4.2603230476379395,0.041666666666666664,-0.021666666666666667,5.656490991276465,-1.0987577831372233,0.03,,407153,001,2025-07-15_10h01.00.695,ContPsyTracking,2024.2.4,159.19688352547558,2025-07-15 10h01.05.025414 +0100,
1,0,1,1,0,1,0,,,,,,,,,,,,,,,,,4.269323110580444,0.043333333333333335,-0.021666666666666667,5.157771004464394,-0.8664399900177557,0.03,,407153,001,2025-07-15_10h01.00.695,ContPsyTracking,2024.2.4,159.19688352547558,2025-07-15 10h01.05.025414 +0100,
1,0,1,1,0,1,0,,,,,,,,,,,,,,,,,4.278331995010376,0.043333333333333335,-0.021666666666666667,5.438658311798195,-0.9258127573899295,0.03,,407153,001,2025-07-15_10h01.00.695,ContPsyTracking,2024.2.4,159.19688352547558,2025-07-15 10h01.05.025414 +0100,
1,0,1,1,0,1,0,,,,,,,,,,,,,,,,,4.288331747055054,0.043333333333333335,-0.021666666666666667,5.401614988871089,-0.30008724948235677,0.03,,407153,001,2025-07-15_10h01.00.695,ContPsyTracking,2024.2.4,159.19688352547558,2025-07-15 10h01.05.025414 +0100,
1,0,1,1,0,1,0,,,,,,,,,,,,,,,,,4.2963316440582275,0.043333333333333335,-0.021666666666666667,5.828790550092585,-0.2700373944054571,0.03,,407153,001,2025-07-15_10h01.00.695,ContPsyTracking,2024.2.4,159.19688352547558,2025-07-15 10h01.05.025414 +0100,
1,0,1,1,0,1,0,,,,,,,,,,,,,,,,,4.306398868560791,0.045,-0.021666666666666667,5.650592618569667,0.015967400922176245,0.03,,407153,001,2025-07-15_10h01.00.695,ContPsyTracking,2024.2.4,159.19688352547558,2025-07-15 10h01.05.025414 +0100,
1,0,1,1,0,1,0,,,,,,,,,,,,,,,,,4.315414905548096,0.045,-0.021666666666666667,5.536244551260538,0.001239104692281917,0.03,,407153,001,2025-07-15_10h01.00.695,ContPsyTracking,2024.2.4,159.19688352547558,2025-07-15 10h01.05.025414 +0100,
1,0,1,1,0,1,0,,,,,,,,,,,,,,,,,4.324501037597656,0.045,-0.021666666666666667,5.779490268062287,0.10062319318287115,0.03,,407153,001,2025-07-15_10h01.00.695,ContPsyTracking,2024.2.4,159.19688352547558,2025-07-15 10h01.05.025414 +0100,
1,0,1,1,0,1,0,,,,,,,,,,,,,,,,,4.33250093460083,0.045,-0.021666666666666667,5.708282509850323,0.04335551953109792,0.03,,407153,001,2025-07-15_10h01.00.695,ContPsyTracking,2024.2.4,159.19688352547558,2025-07-15 10h01.05.025414 +0100,
1,0,1,1,0,1,0,,,,,,,,,,,,,,,,,4.342502117156982,0.045,-0.021666666666666667,5.444347013889745,-0.30999328791907677,0.03,,407153,001,2025-07-15_10h01.00.695,ContPsyTracking,2024.2.4,159.19688352547558,2025-07-15 10h01.05.025414 +0100,
1,0,1,1,0,1,0,,,,,,,,,,,,,,,,,4.350568771362305,0.045,-0.021666666666666667,5.940244697665498,-0.05943236469770219,0.03,,407153,001,2025-07-15_10h01.00.695,ContPsyTracking,2024.2.4,159.19688352547558,2025-07-15 10h01.05.025414 +0100,
1,0,1,1,0,1,0,,,,,,,,,,,,,,,,,4.3605735301971436,0.045,-0.021666666666666667,5.940244697665498,0.5604770273863446,0.03,,407153,001,2025-07-15_10h01.00.695,ContPsyTracking,2024.2.4,159.19688352547558,2025-07-15 10h01.05.025414 +0100,
1,0,1,1,0,1,0,,,,,,,,,,,,,,,,,4.368573188781738,0.045,-0.021666666666666667,5.493816310872707,0.9759520941300428,0.03,,407153,001,2025-07-15_10h01.00.695,ContPsyTracking,2024.2.4,159.19688352547558,2025-07-15 10h01.05.025414 +0100,
1,0,1,1,0,1,0,,,,,,,,,,,,,,,,,4.378584861755371,0.045,-0.021666666666666667,5.484916236919665,0.9527585644931184,0.03,,407153,001,2025-07-15_10h01.00.695,ContPsyTracking,2024.2.4,159.19688352547558,2025-07-15 10h01.05.025414 +0100,
1,0,1,1,0,1,0,,,,,,,,,,,,,,,,,4.387629747390747,0.045,-0.021666666666666667,4.813198314253299,0.5705481713682121,0.03,,407153,001,2025-07-15_10h01.00.695,ContPsyTracking,2024.2.4,159.19688352547558,2025-07-15 10h01.05.025414 +0100,
1,0,1,1,0,1,0,,,,,,,,,,,,,,,,,4.396631956100464,0.045,-0.021666666666666667,4.615584738508454,0.8234560346943858,0.03,,407153,001,2025-07-15_10h01.00.695,ContPsyTracking,2024.2.4,159.19688352547558,2025-07-15 10h01.05.025414 +0100,
1,0,1,1,0,1,0,,,,,,,,,,,,,,,,,4.405632734298706,0.045,-0.021666666666666667,4.2833776389886244,0.6750169712230951,0.03,,407153,001,2025-07-15_10h01.00.695,ContPsyTracking,2024.2.4,159.19688352547558,2025-07-15 10h01.05.025414 +0100,
1,0,1,1,0,1,0,,,,,,,,,,,,,,,,,4.414777040481567,0.045,-0.021666666666666667,3.942409942795297,0.8563233022655166,0.03,,407153,001,2025-07-15_10h01.00.695,ContPsyTracking,2024.2.4,159.19688352547558,2025-07-15 10h01.05.025414 +0100,
1,0,1,1,0,1,0,,,,,,,,,,,,,,,,,4.42371392250061,0.045,-0.021666666666666667,3.178271729685852,1.081734466721106,0.03,,407153,001,2025-07-15_10h01.00.695,ContPsyTracking,2024.2.4,159.19688352547558,2025-07-15 10h01.05.025414 +0100,
1,0,1,1,0,1,0,,,,,,,,,,,,,,,,,4.433715105056763,0.04666666666666667,-0.021666666666666667,3.23696059464631,1.2363003454105506,0.03,,407153,001,2025-07-15_10h01.00.695,ContPsyTracking,2024.2.4,159.19688352547558,2025-07-15 10h01.05.025414 +0100,
1,0,1,1,0,1,0,,,,,,,,,,,,,,,,,4.44175124168396,0.04666666666666667,-0.021666666666666667,3.036418693179536,1.1173942344230334,0.03,,407153,001,2025-07-15_10h01.00.695,ContPsyTracking,2024.2.4,159.19688352547558,2025-07-15 10h01.05.025414 +0100,
1,0,1,1,0,1,0,,,,,,,,,,,,,,,,,4.451750993728638,0.04666666666666667,-0.021666666666666667,2.8333158118506065,0.5629814404059855,0.03,,407153,001,2025-07-15_10h01.00.695,ContPsyTracking,2024.2.4,159.19688352547558,2025-07-15 10h01.05.025414 +0100,
1,0,1,1,0,1,0,,,,,,,,,,,,,,,,,4.4597554206848145,0.04666666666666667,-0.021666666666666667,2.8683951041472278,0.618891331856053,0.03,,407153,001,2025-07-15_10h01.00.695,ContPsyTracking,2024.2.4,159.19688352547558,2025-07-15 10h01.05.025414 +0100,
1,0,1,1,0,1,0,,,,,,,,,,,,,,,,,4.4697511196136475,0.04666666666666667,-0.021666666666666667,3.2818877294048985,0.9200852737375944,0.03,,407153,001,2025-07-15_10h01.00.695,ContPsyTracking,2024.2.4,159.19688352547558,2025-07-15 10h01.05.025414 +0100,
1,0,1,1,0,1,0,,,,,,,,,,,,,,,,,4.478752613067627,0.04666666666666667,-0.021666666666666667,3.1303788449487477,0.6538646385337192,0.03,,407153,001,2025-07-15_10h01.00.695,ContPsyTracking,2024.2.4,159.19688352547558,2025-07-15 10h01.05.025414 +0100,
1,0,1,1,0,1,0,,,,,,,,,,,,,,,,,4.487751007080078,0.04666666666666667,-0.021666666666666667,3.228048543923131,0.4836223988663563,0.03,,407153,001,2025-07-15_10h01.00.695,ContPsyTracking,2024.2.4,159.19688352547558,2025-07-15 10h01.05.025414 +0100,
1,0,1,1,0,1,0,,,,,,,,,,,,,,,,,4.495769262313843,0.04666666666666667,-0.021666666666666667,2.8566267395767406,0.39919655536024024,0.03,,407153,001,2025-07-15_10h01.00.695,ContPsyTracking,2024.2.4,159.19688352547558,2025-07-15 10h01.05.025414 +0100,
1,0,1,1,0,1,0,,,,,,,,,,,,,,,,,4.505890130996704,0.04666666666666667,-0.021666666666666667,2.6408296745089057,0.5195531744595651,0.03,,407153,001,2025-07-15_10h01.00.695,ContPsyTracking,2024.2.4,159.19688352547558,2025-07-15 10h01.05.025414 +0100,
1,0,1,1,0,1,0,,,,,,,,,,,,,,,,,4.514870643615723,0.04666666666666667,-0.021666666666666667,3.0941738817109186,0.1287888462704651,0.03,,407153,001,2025-07-15_10h01.00.695,ContPsyTracking,2024.2.4,159.19688352547558,2025-07-15 10h01.05.025414 +0100,
1,0,1,1,0,1,0,,,,,,,,,,,,,,,,,4.523870229721069,0.04666666666666667,-0.021666666666666667,2.893856046872284,-0.05761813674905106,0.03,,407153,001,2025-07-15_10h01.00.695,ContPsyTracking,2024.2.4,159.19688352547558,2025-07-15 10h01.05.025414 +0100,
1,0,1,1,0,1,0,,,,,,,,,,,,,,,,,4.532870054244995,0.04666666666666667,-0.021666666666666667,3.221473617005509,-0.04495755971018478,0.03,,407153,001,2025-07-15_10h01.00.695,ContPsyTracking,2024.2.4,159.19688352547558,2025-07-15 10h01.05.025414 +0100,
1,0,1,1,0,1,0,,,,,,,,,,,,,,,,,4.542870044708252,0.04666666666666667,-0.021666666666666667,3.535391275019967,0.04658848088000074,0.03,,407153,001,2025-07-15_10h01.00.695,ContPsyTracking,2024.2.4,159.19688352547558,2025-07-15 10h01.05.025414 +0100,
1,0,1,1,0,1,0,,,,,,,,,,,,,,,,,4.550882816314697,0.04666666666666667,-0.021666666666666667,2.9837909286584186,0.9871587759225098,0.03,,407153,001,2025-07-15_10h01.00.695,ContPsyTracking,2024.2.4,159.19688352547558,2025-07-15 10h01.05.025414 +0100,
1,0,1,1,0,1,0,,,,,,,,,,,,,,,,,4.560887575149536,0.04666666666666667,-0.021666666666666667,2.471497652575347,0.8942339628276204,0.03,,407153,001,2025-07-15_10h01.00.695,ContPsyTracking,2024.2.4,159.19688352547558,2025-07-15 10h01.05.025414 +0100,
1,0,1,1,0,1,0,,,,,,,,,,,,,,,,,4.568902015686035,0.04833333333333333,-0.021666666666666667,2.6099188273452234,0.593151701619065,0.03,,407153,001,2025-07-15_10h01.00.695,ContPsyTracking,2024.2.4,159.19688352547558,2025-07-15 10h01.05.025414 +0100,
1,0,1,1,0,1,0,,,,,,,,,,,,,,,,,4.578906297683716,0.05,-0.021666666666666667,2.6283471793806834,0.7148531138008062,0.03,,407153,001,2025-07-15_10h01.00.695,ContPsyTracking,2024.2.4,159.19688352547558,2025-07-15 10h01.05.025414 +0100,
1,0,1,1,0,1,0,,,,,,,,,,,,,,,,,4.5879058837890625,0.051666666666666666,-0.023333333333333334,2.2633072887878725,0.5415465005194834,0.03,,407153,001,2025-07-15_10h01.00.695,ContPsyTracking,2024.2.4,159.19688352547558,2025-07-15 10h01.05.025414 +0100,
1,0,1,1,0,1,0,,,,,,,,,,,,,,,,,4.5969061851501465,0.051666666666666666,-0.023333333333333334,2.501301482351968,0.4703314539418244,0.03,,407153,001,2025-07-15_10h01.00.695,ContPsyTracking,2024.2.4,159.19688352547558,2025-07-15 10h01.05.025414 +0100,
1,0,1,1,0,1,0,,,,,,,,,,,,,,,,,4.605905771255493,0.051666666666666666,-0.023333333333333334,2.389264827447621,0.783471618988896,0.03,,407153,001,2025-07-15_10h01.00.695,ContPsyTracking,2024.2.4,159.19688352547558,2025-07-15 10h01.05.025414 +0100,
1,0,1,1,0,1,0,,,,,,,,,,,,,,,,,4.614906549453735,0.051666666666666666,-0.023333333333333334,1.7994419276532079,0.406729408927481,0.03,,407153,001,2025-07-15_10h01.00.695,ContPsyTracking,2024.2.4,159.19688352547558,2025-07-15 10h01.05.025414 +0100,
1,0,1,1,0,1,0,,,,,,,,,,,,,,,,,4.623905658721924,0.051666666666666666,-0.023333333333333334,1.5061635662756843,0.5484953743635167,0.03,,407153,001,2025-07-15_10h01.00.695,ContPsyTracking,2024.2.4,159.19688352547558,2025-07-15 10h01.05.025414 +0100,
1,0,1,1,0,1,0,,,,,,,,,,,,,,,,,4.633044242858887,0.051666666666666666,-0.023333333333333334,0.6866233057618331,0.04792899624482838,0.03,,407153,001,2025-07-15_10h01.00.695,ContPsyTracking,2024.2.4,159.19688352547558,2025-07-15 10h01.05.025414 +0100,
1,0,1,1,0,1,0,,,,,,,,,,,,,,,,,4.641993761062622,0.051666666666666666,-0.023333333333333334,0.9549479011828033,0.24512497657847612,0.03,,407153,001,2025-07-15_10h01.00.695,ContPsyTracking,2024.2.4,159.19688352547558,2025-07-15 10h01.05.025414 +0100,
1,0,1,1,0,1,0,,,,,,,,,,,,,,,,,4.651993274688721,0.051666666666666666,-0.023333333333333334,1.1079004130649328,0.43609992366230294,0.03,,407153,001,2025-07-15_10h01.00.695,ContPsyTracking,2024.2.4,159.19688352547558,2025-07-15 10h01.05.025414 +0100,
1,0,1,1,0,1,0,,,,,,,,,,,,,,,,,4.66000509262085,0.051666666666666666,-0.023333333333333334,1.0697855792730873,0.4315887663409071,0.03,,407153,001,2025-07-15_10h01.00.695,ContPsyTracking,2024.2.4,159.19688352547558,2025-07-15 10h01.05.025414 +0100,
1,0,1,1,0,1,0,,,,,,,,,,,,,,,,,4.6700050830841064,0.051666666666666666,-0.023333333333333334,0.9270259649044403,0.3759140990265881,0.03,,407153,001,2025-07-15_10h01.00.695,ContPsyTracking,2024.2.4,159.19688352547558,2025-07-15 10h01.05.025414 +0100,
1,0,1,1,0,1,0,,,,,,,,,,,,,,,,,4.679005146026611,0.05333333333333334,-0.023333333333333334,0.8680278163984827,0.3183779374270681,0.03,,407153,001,2025-07-15_10h01.00.695,ContPsyTracking,2024.2.4,159.19688352547558,2025-07-15 10h01.05.025414 +0100,
1,0,1,1,0,1,0,,,,,,,,,,,,,,,,,4.688004970550537,0.05333333333333334,-0.023333333333333334,0.7474981750207038,0.2125595170635091,0.03,,407153,001,2025-07-15_10h01.00.695,ContPsyTracking,2024.2.4,159.19688352547558,2025-07-15 10h01.05.025414 +0100,
1,0,1,1,0,1,0,,,,,,,,,,,,,,,,,4.696005344390869,0.055,-0.023333333333333334,0.16271042880408126,0.4112119747549675,0.03,,407153,001,2025-07-15_10h01.00.695,ContPsyTracking,2024.2.4,159.19688352547558,2025-07-15 10h01.05.025414 +0100,
1,0,1,1,0,1,0,,,,,,,,,,,,,,,,,4.706026554107666,0.055,-0.023333333333333334,0.547769751738479,0.8346692163093565,0.03,,407153,001,2025-07-15_10h01.00.695,ContPsyTracking,2024.2.4,159.19688352547558,2025-07-15 10h01.05.025414 +0100,
1,0,1,1,0,1,0,,,,,,,,,,,,,,,,,4.715042352676392,0.056666666666666664,-0.023333333333333334,0.50859189775224,0.9563856419398097,0.03,,407153,001,2025-07-15_10h01.00.695,ContPsyTracking,2024.2.4,159.19688352547558,2025-07-15 10h01.05.025414 +0100,
1,0,1,1,0,1,0,,,,,,,,,,,,,,,,,4.72404932975769,0.056666666666666664,-0.023333333333333334,0.4968897304332997,1.2572799804369894,0.03,,407153,001,2025-07-15_10h01.00.695,ContPsyTracking,2024.2.4,159.19688352547558,2025-07-15 10h01.05.025414 +0100,
1,0,1,1,0,1,0,,,,,,,,,,,,,,,,,4.733049631118774,0.058333333333333334,-0.023333333333333334,0.7689598846750689,1.478061268837327,0.03,,407153,001,2025-07-15_10h01.00.695,ContPsyTracking,2024.2.4,159.19688352547558,2025-07-15 10h01.05.025414 +0100,
1,0,1,1,0,1,0,,,,,,,,,,,,,,,,,4.742066860198975,0.058333333333333334,-0.023333333333333334,0.9311881951994605,1.481035156537628,0.03,,407153,001,2025-07-15_10h01.00.695,ContPsyTracking,2024.2.4,159.19688352547558,2025-07-15 10h01.05.025414 +0100,
1,0,1,1,0,1,0,,,,,,,,,,,,,,,,,4.7510669231414795,0.058333333333333334,-0.025,1.790146433925909,1.3244147784008273,0.03,,407153,001,2025-07-15_10h01.00.695,ContPsyTracking,2024.2.4,159.19688352547558,2025-07-15 10h01.05.025414 +0100,
1,0,1,1,0,1,0,,,,,,,,,,,,,,,,,4.760066509246826,0.06,-0.025,1.610951593377787,1.401100816545217,0.03,,407153,001,2025-07-15_10h01.00.695,ContPsyTracking,2024.2.4,159.19688352547558,2025-07-15 10h01.05.025414 +0100,
1,0,1,1,0,1,0,,,,,,,,,,,,,,,,,4.769074440002441,0.06166666666666667,-0.028333333333333332,1.6470529367404223,1.3363005558876697,0.03,,407153,001,2025-07-15_10h01.00.695,ContPsyTracking,2024.2.4,159.19688352547558,2025-07-15 10h01.05.025414 +0100,
1,0,1,1,0,1,0,,,,,,,,,,,,,,,,,4.779078722000122,0.06333333333333334,-0.03166666666666667,2.4438016084945087,1.4255092470956172,0.03,,407153,001,2025-07-15_10h01.00.695,ContPsyTracking,2024.2.4,159.19688352547558,2025-07-15 10h01.05.025414 +0100,
1,0,1,1,0,1,0,,,,,,,,,,,,,,,,,4.788114786148071,0.065,-0.03166666666666667,2.0506653968875295,1.1840751332516681,0.03,,407153,001,2025-07-15_10h01.00.695,ContPsyTracking,2024.2.4,159.19688352547558,2025-07-15 10h01.05.025414 +0100,
1,0,1,1,0,1,0,,,,,,,,,,,,,,,,,4.797116041183472,0.065,-0.03166666666666667,2.0911501672416835,1.5062354791571424,0.03,,407153,001,2025-07-15_10h01.00.695,ContPsyTracking,2024.2.4,159.19688352547558,2025-07-15 10h01.05.025414 +0100,
1,0,1,1,0,1,0,,,,,,,,,,,,,,,,,4.80616307258606,0.06666666666666667,-0.035,2.3309851828551187,1.7108265127174425,0.03,,407153,001,2025-07-15_10h01.00.695,ContPsyTracking,2024.2.4,159.19688352547558,2025-07-15 10h01.05.025414 +0100,
1,0,1,1,0,1,0,,,,,,,,,,,,,,,,,4.815167427062988,0.06833333333333333,-0.03666666666666667,2.103630806123973,2.1475089737939683,0.03,,407153,001,2025-07-15_10h01.00.695,ContPsyTracking,2024.2.4,159.19688352547558,2025-07-15 10h01.05.025414 +0100,
1,0,1,1,0,1,0,,,,,,,,,,,,,,,,,4.824167966842651,0.07,-0.03833333333333333,2.296946254247605,1.1105647578088282,0.03,,407153,001,2025-07-15_10h01.00.695,ContPsyTracking,2024.2.4,159.19688352547558,2025-07-15 10h01.05.025414 +0100,
1,0,1,1,0,1,0,,,,,,,,,,,,,,,,,4.833201169967651,0.07,-0.04,2.0501578075281666,1.2793662719541894,0.03,,407153,001,2025-07-15_10h01.00.695,ContPsyTracking,2024.2.4,159.19688352547558,2025-07-15 10h01.05.025414 +0100,
1,0,1,1,0,1,0,,,,,,,,,,,,,,,,,4.842200994491577,0.07166666666666667,-0.041666666666666664,1.6123603385252134,1.4454624139343526,0.03,,407153,001,2025-07-15_10h01.00.695,ContPsyTracking,2024.2.4,159.19688352547558,2025-07-15 10h01.05.025414 +0100,
1,0,1,1,0,1,0,,,,,,,,,,,,,,,,,4.851201057434082,0.07166666666666667,-0.041666666666666664,1.7795783716985922,1.4862730637214971,0.03,,407153,001,2025-07-15_10h01.00.695,ContPsyTracking,2024.2.4,159.19688352547558,2025-07-15 10h01.05.025414 +0100,
1,0,1,1,0,1,0,,,,,,,,,,,,,,,,,4.860201120376587,0.07166666666666667,-0.041666666666666664,1.4582171662612795,1.6212664428924666,0.03,,407153,001,2025-07-15_10h01.00.695,ContPsyTracking,2024.2.4,159.19688352547558,2025-07-15 10h01.05.025414 +0100,
1,0,1,1,0,1,0,,,,,,,,,,,,,,,,,4.870200872421265,0.07166666666666667,-0.041666666666666664,1.0642193073595285,1.826674201683743,0.03,,407153,001,2025-07-15_10h01.00.695,ContPsyTracking,2024.2.4,159.19688352547558,2025-07-15 10h01.05.025414 +0100,
1,0,1,1,0,1,0,,,,,,,,,,,,,,,,,4.8782007694244385,0.07166666666666667,-0.041666666666666664,1.3268598543058525,1.5050347923584813,0.03,,407153,001,2025-07-15_10h01.00.695,ContPsyTracking,2024.2.4,159.19688352547558,2025-07-15 10h01.05.025414 +0100,
1,0,1,1,0,1,0,,,,,,,,,,,,,,,,,4.888313055038452,0.07166666666666667,-0.041666666666666664,1.6583450075184651,1.5999715724061943,0.03,,407153,001,2025-07-15_10h01.00.695,ContPsyTracking,2024.2.4,159.19688352547558,2025-07-15 10h01.05.025414 +0100,
1,0,1,1,0,1,0,,,,,,,,,,,,,,,,,4.896265506744385,0.07166666666666667,-0.041666666666666664,0.9918199015197113,1.376815178626876,0.03,,407153,001,2025-07-15_10h01.00.695,ContPsyTracking,2024.2.4,159.19688352547558,2025-07-15 10h01.05.025414 +0100,
1,0,1,1,0,1,0,,,,,,,,,,,,,,,,,4.906265020370483,0.07166666666666667,-0.041666666666666664,1.5858327075153595,1.7741297987804043,0.03,,407153,001,2025-07-15_10h01.00.695,ContPsyTracking,2024.2.4,159.19688352547558,2025-07-15 10h01.05.025414 +0100,
1,0,1,1,0,1,0,,,,,,,,,,,,,,,,,4.914264917373657,0.07166666666666667,-0.041666666666666664,1.505105634955,1.7353928577933149,0.03,,407153,001,2025-07-15_10h01.00.695,ContPsyTracking,2024.2.4,159.19688352547558,2025-07-15 10h01.05.025414 +0100,
1,0,1,1,0,1,0,,,,,,,,,,,,,,,,,4.92426872253418,0.07333333333333333,-0.041666666666666664,1.8567953195672868,1.5405825567749627,0.03,,407153,001,2025-07-15_10h01.00.695,ContPsyTracking,2024.2.4,159.19688352547558,2025-07-15 10h01.05.025414 +0100,
1,0,1,1,0,1,0,,,,,,,,,,,,,,,,,4.933411359786987,0.07333333333333333,-0.041666666666666664,2.1842217498339442,1.4887292312497193,0.03,,407153,001,2025-07-15_10h01.00.695,ContPsyTracking,2024.2.4,159.19688352547558,2025-07-15 10h01.05.025414 +0100,
1,0,1,1,0,1,0,,,,,,,,,,,,,,,,,4.942411184310913,0.07333333333333333,-0.03833333333333333,2.1143046778975227,1.6791040762347866,0.03,,407153,001,2025-07-15_10h01.00.695,ContPsyTracking,2024.2.4,159.19688352547558,2025-07-15 10h01.05.025414 +0100,
1,0,1,1,0,1,0,,,,,,,,,,,,,,,,,4.951411247253418,0.07333333333333333,-0.03833333333333333,2.058732350034396,1.4713302152728382,0.03,,407153,001,2025-07-15_10h01.00.695,ContPsyTracking,2024.2.4,159.19688352547558,2025-07-15 10h01.05.025414 +0100,
1,0,1,1,0,1,0,,,,,,,,,,,,,,,,,4.960411071777344,0.07333333333333333,-0.03666666666666667,1.6893938079193465,1.426103195666704,0.03,,407153,001,2025-07-15_10h01.00.695,ContPsyTracking,2024.2.4,159.19688352547558,2025-07-15 10h01.05.025414 +0100,
1,0,1,1,0,1,0,,,,,,,,,,,,,,,,,4.969465017318726,0.07333333333333333,-0.03666666666666667,1.5464937954559517,1.641637071052301,0.03,,407153,001,2025-07-15_10h01.00.695,ContPsyTracking,2024.2.4,159.19688352547558,2025-07-15 10h01.05.025414 +0100,
1,0,1,1,0,1,0,,,,,,,,,,,,,,,,,4.9784698486328125,0.07333333333333333,-0.03666666666666667,1.462275330650398,1.5572249660331121,0.03,,407153,001,2025-07-15_10h01.00.695,ContPsyTracking,2024.2.4,159.19688352547558,2025-07-15 10h01.05.025414 +0100,
1,0,1,1,0,1,0,,,,,,,,,,,,,,,,,4.987469434738159,0.07333333333333333,-0.035,1.4154099217171348,1.1482784427368125,0.03,,407153,001,2025-07-15_10h01.00.695,ContPsyTracking,2024.2.4,159.19688352547558,2025-07-15 10h01.05.025414 +0100,
1,0,1,1,0,1,0,,,,,,,,,,,,,,,,,4.996468782424927,0.07333333333333333,-0.035,1.6624448371687657,1.2329952811321347,0.03,,407153,001,2025-07-15_10h01.00.695,ContPsyTracking,2024.2.4,159.19688352547558,2025-07-15 10h01.05.025414 +0100,
1,0,1,1,0,1,0,,,,,,,,,,,,,,,,,5.005468845367432,0.07333333333333333,-0.035,1.4201657475548513,1.42492930743382,0.03,,407153,001,2025-07-15_10h01.00.695,ContPsyTracking,2024.2.4,159.19688352547558,2025-07-15 10h01.05.025414 +0100,
1,0,1,1,0,1,0,,,,,,,,,,,,,,,,,5.015476703643799,0.07333333333333333,-0.035,1.6982003597500324,0.9037377445570257,0.03,,407153,001,2025-07-15_10h01.00.695,ContPsyTracking,2024.2.4,159.19688352547558,2025-07-15 10h01.05.025414 +0100,
1,0,1,1,0,1,0,,,,,,,,,,,,,,,,,5.02449369430542,0.07333333333333333,-0.03333333333333333,2.249589142120644,1.2278266661401727,0.03,,407153,001,2025-07-15_10h01.00.695,ContPsyTracking,2024.2.4,159.19688352547558,2025-07-15 10h01.05.025414 +0100,
1,0,1,1,0,1,0,,,,,,,,,,,,,,,,,5.033517360687256,0.07333333333333333,-0.03333333333333333,2.018678087094156,1.1118570471874054,0.03,,407153,001,2025-07-15_10h01.00.695,ContPsyTracking,2024.2.4,159.19688352547558,2025-07-15 10h01.05.025414 +0100,
1,0,1,1,0,1,0,,,,,,,,,,,,,,,,,5.042512655258179,0.07333333333333333,-0.03333333333333333,2.1253557992889522,1.070029327817483,0.03,,407153,001,2025-07-15_10h01.00.695,ContPsyTracking,2024.2.4,159.19688352547558,2025-07-15 10h01.05.025414 +0100,
1,0,1,1,0,1,0,,,,,,,,,,,,,,,,,5.051517724990845,0.07166666666666667,-0.03166666666666667,1.834877371556242,1.1931408288215772,0.03,,407153,001,2025-07-15_10h01.00.695,ContPsyTracking,2024.2.4,159.19688352547558,2025-07-15 10h01.05.025414 +0100,
1,0,1,1,0,1,0,,,,,,,,,,,,,,,,,5.0605247020721436,0.07,-0.03,2.0629693399094347,1.256344667405954,0.03,,407153,001,2025-07-15_10h01.00.695,ContPsyTracking,2024.2.4,159.19688352547558,2025-07-15 10h01.05.025414 +0100,
1,0,1,1,0,1,0,,,,,,,,,,,,,,,,,5.0695295333862305,0.07,-0.03,2.0867607108567783,1.3484028349704573,0.03,,407153,001,2025-07-15_10h01.00.695,ContPsyTracking,2024.2.4,159.19688352547558,2025-07-15 10h01.05.025414 +0100,
1,0,1,1,0,1,0,,,,,,,,,,,,,,,,,5.078528881072998,0.07,-0.03,2.351133290997076,1.29355427877821,0.03,,407153,001,2025-07-15_10h01.00.695,ContPsyTracking,2024.2.4,159.19688352547558,2025-07-15 10h01.05.025414 +0100,
1,0,1,1,0,1,0,,,,,,,,,,,,,,,,,5.087529182434082,0.07,-0.03,2.398088679157868,1.329986674547976,0.03,,407153,001,2025-07-15_10h01.00.695,ContPsyTracking,2024.2.4,159.19688352547558,2025-07-15 10h01.05.025414 +0100,
1,0,1,1,0,1,0,,,,,,,,,,,,,,,,,5.096604824066162,0.07,-0.03,2.185825149390174,1.3753436060562032,0.03,,407153,001,2025-07-15_10h01.00.695,ContPsyTracking,2024.2.4,159.19688352547558,2025-07-15 10h01.05.025414 +0100,
1,0,1,1,0,1,0,,,,,,,,,,,,,,,,,5.106564521789551,0.07,-0.03,2.0037058708258124,1.442633989170568,0.03,,407153,001,2025-07-15_10h01.00.695,ContPsyTracking,2024.2.4,159.19688352547558,2025-07-15 10h01.05.025414 +0100,
1,0,1,1,0,1,0,,,,,,,,,,,,,,,,,5.11457896232605,0.07,-0.03,2.1256472581860715,0.7422737526167035,0.03,,407153,001,2025-07-15_10h01.00.695,ContPsyTracking,2024.2.4,159.19688352547558,2025-07-15 10h01.05.025414 +0100,
1,0,1,1,0,1,0,,,,,,,,,,,,,,,,,5.123733282089233,0.07,-0.03,1.9778330016256116,0.3882945538915554,0.03,,407153,001,2025-07-15_10h01.00.695,ContPsyTracking,2024.2.4,159.19688352547558,2025-07-15 10h01.05.025414 +0100,
1,0,1,1,0,1,0,,,,,,,,,,,,,,,,,5.132753372192383,0.07,-0.03,1.3782686673055482,0.4778963951301544,0.03,,407153,001,2025-07-15_10h01.00.695,ContPsyTracking,2024.2.4,159.19688352547558,2025-07-15 10h01.05.025414 +0100,
1,0,1,1,0,1,0,,,,,,,,,,,,,,,,,5.141782522201538,0.07,-0.03,1.0902907232238193,0.9011453104265713,0.03,,407153,001,2025-07-15_10h01.00.695,ContPsyTracking,2024.2.4,159.19688352547558,2025-07-15 10h01.05.025414 +0100,
1,0,1,1,0,1,0,,,,,,,,,,,,,,,,,5.150784254074097,0.07,-0.03,1.4739113128893786,1.1971225068788593,0.03,,407153,001,2025-07-15_10h01.00.695,ContPsyTracking,2024.2.4,159.19688352547558,2025-07-15 10h01.05.025414 +0100,
1,0,1,1,0,1,0,,,,,,,,,,,,,,,,,5.159802436828613,0.07,-0.03,1.8678787891346929,0.8505488826695691,0.03,,407153,001,2025-07-15_10h01.00.695,ContPsyTracking,2024.2.4,159.19688352547558,2025-07-15 10h01.05.025414 +0100,
1,0,1,1,0,1,0,,,,,,,,,,,,,,,,,5.168935537338257,0.07,-0.03,2.0824308792917243,1.3085840310850008,0.03,,407153,001,2025-07-15_10h01.00.695,ContPsyTracking,2024.2.4,159.19688352547558,2025-07-15 10h01.05.025414 +0100,
1,0,1,1,0,1,0,,,,,,,,,,,,,,,,,5.178909540176392,0.07,-0.03,2.1367008196058146,0.836075690208335,0.03,,407153,001,2025-07-15_10h01.00.695,ContPsyTracking,2024.2.4,159.19688352547558,2025-07-15 10h01.05.025414 +0100,
1,0,1,1,0,1,0,,,,,,,,,,,,,,,,,5.186905384063721,0.07,-0.03,1.943150938569278,1.0168242393928728,0.03,,407153,001,2025-07-15_10h01.00.695,ContPsyTracking,2024.2.4,159.19688352547558,2025-07-15 10h01.05.025414 +0100,
1,0,1,1,0,1,0,,,,,,,,,,,,,,,,,5.196930646896362,0.06833333333333333,-0.028333333333333332,1.9785094477237737,1.3019548139727357,0.03,,407153,001,2025-07-15_10h01.00.695,ContPsyTracking,2024.2.4,159.19688352547558,2025-07-15 10h01.05.025414 +0100,
1,0,1,1,0,1,0,,,,,,,,,,,,,,,,,5.2049314975738525,0.06833333333333333,-0.028333333333333332,1.8399980770963,1.8934243520146763,0.03,,407153,001,2025-07-15_10h01.00.695,ContPsyTracking,2024.2.4,159.19688352547558,2025-07-15 10h01.05.025414 +0100,
1,0,1,1,0,1,0,,,,,,,,,,,,,,,,,5.214932441711426,0.06833333333333333,-0.028333333333333332,1.830673006354013,1.570583130544714,0.03,,407153,001,2025-07-15_10h01.00.695,ContPsyTracking,2024.2.4,159.19688352547558,2025-07-15 10h01.05.025414 +0100,
1,0,1,1,0,1,0,,,,,,,,,,,,,,,,,5.222948789596558,0.06833333333333333,-0.028333333333333332,2.3528410185581525,1.9463360952956434,0.03,,407153,001,2025-07-15_10h01.00.695,ContPsyTracking,2024.2.4,159.19688352547558,2025-07-15 10h01.05.025414 +0100,
1,0,1,1,0,1,0,,,,,,,,,,,,,,,,,5.232954263687134,0.06833333333333333,-0.028333333333333332,2.596749216578939,1.8145954436204224,0.03,,407153,001,2025-07-15_10h01.00.695,ContPsyTracking,2024.2.4,159.19688352547558,2025-07-15 10h01.05.025414 +0100,
1,0,1,1,0,1,0,,,,,,,,,,,,,,,,,5.241984844207764,0.06666666666666667,-0.028333333333333332,2.761711593683807,1.6991186437095895,0.03,,407153,001,2025-07-15_10h01.00.695,ContPsyTracking,2024.2.4,159.19688352547558,2025-07-15 10h01.05.025414 +0100,
1,0,1,1,0,1,0,,,,,,,,,,,,,,,,,5.250980377197266,0.06666666666666667,-0.028333333333333332,3.0146986928907187,1.332542149226676,0.03,,407153,001,2025-07-15_10h01.00.695,ContPsyTracking,2024.2.4,159.19688352547558,2025-07-15 10h01.05.025414 +0100,
1,0,1,1,0,1,0,,,,,,,,,,,,,,,,,5.259980916976929,0.06666666666666667,-0.028333333333333332,3.1738517360111644,1.0761438286683895,0.03,,407153,001,2025-07-15_10h01.00.695,ContPsyTracking,2024.2.4,159.19688352547558,2025-07-15 10h01.05.025414 +0100,
1,0,1,1,0,1,0,,,,,,,,,,,,,,,,,5.269103527069092,0.06666666666666667,-0.028333333333333332,3.016012851173362,1.0274143427811318,0.03,,407153,001,2025-07-15_10h01.00.695,ContPsyTracking,2024.2.4,159.19688352547558,2025-07-15 10h01.05.025414 +0100,
1,0,1,1,0,1,0,,,,,,,,,,,,,,,,,5.278080701828003,0.06666666666666667,-0.028333333333333332,2.809897434076511,0.5288041755764653,0.03,,407153,001,2025-07-15_10h01.00.695,ContPsyTracking,2024.2.4,159.19688352547558,2025-07-15 10h01.05.025414 +0100,
1,0,1,1,0,1,0,,,,,,,,,,,,,,,,,5.288104295730591,0.06666666666666667,-0.028333333333333332,2.9340091495258767,1.0915797852454567,0.03,,407153,001,2025-07-15_10h01.00.695,ContPsyTracking,2024.2.4,159.19688352547558,2025-07-15 10h01.05.025414 +0100,
1,0,1,1,0,1,0,,,,,,,,,,,,,,,,,5.296145439147949,0.06666666666666667,-0.028333333333333332,2.743161582291171,0.971113708302168,0.03,,407153,001,2025-07-15_10h01.00.695,ContPsyTracking,2024.2.4,159.19688352547558,2025-07-15 10h01.05.025414 +0100,
1,0,1,1,0,1,0,,,,,,,,,,,,,,,,,5.306145191192627,0.06666666666666667,-0.028333333333333332,2.555245463110754,0.8341230977256663,0.03,,407153,001,2025-07-15_10h01.00.695,ContPsyTracking,2024.2.4,159.19688352547558,2025-07-15 10h01.05.025414 +0100,
1,0,1,1,0,1,0,,,,,,,,,,,,,,,,,5.314145565032959,0.06666666666666667,-0.028333333333333332,2.371103179838788,0.6832809690701874,0.03,,407153,001,2025-07-15_10h01.00.695,ContPsyTracking,2024.2.4,159.19688352547558,2025-07-15 10h01.05.025414 +0100,
1,0,1,1,0,1,0,,,,,,,,,,,,,,,,,5.324258327484131,0.06666666666666667,-0.028333333333333332,2.6326121091356525,0.9927847810273865,0.03,,407153,001,2025-07-15_10h01.00.695,ContPsyTracking,2024.2.4,159.19688352547558,2025-07-15 10h01.05.025414 +0100,
1,0,1,1,0,1,0,,,,,,,,,,,,,,,,,5.332207679748535,0.06666666666666667,-0.028333333333333332,3.198713427637556,1.0500832023750455,0.03,,407153,001,2025-07-15_10h01.00.695,ContPsyTracking,2024.2.4,159.19688352547558,2025-07-15 10h01.05.025414 +0100,
1,0,1,1,0,1,0,,,,,,,,,,,,,,,,,5.34220814704895,0.06666666666666667,-0.028333333333333332,3.14142262224711,1.2631870276576929,0.03,,407153,001,2025-07-15_10h01.00.695,ContPsyTracking,2024.2.4,159.19688352547558,2025-07-15 10h01.05.025414 +0100,
1,0,1,1,0,1,0,,,,,,,,,,,,,,,,,5.350207805633545,0.06666666666666667,-0.028333333333333332,3.6790603834509428,1.1653549697220265,0.03,,407153,001,2025-07-15_10h01.00.695,ContPsyTracking,2024.2.4,159.19688352547558,2025-07-15 10h01.05.025414 +0100,
1,0,1,1,0,1,0,,,,,,,,,,,,,,,,,5.36020827293396,0.06666666666666667,-0.028333333333333332,3.531645557986677,0.8853855032867763,0.03,,407153,001,2025-07-15_10h01.00.695,ContPsyTracking,2024.2.4,159.19688352547558,2025-07-15 10h01.05.025414 +0100,
1,0,1,1,0,1,0,,,,,,,,,,,,,,,,,5.3692076206207275,0.06666666666666667,-0.028333333333333332,3.696165317041724,0.3762642887623614,0.03,,407153,001,2025-07-15_10h01.00.695,ContPsyTracking,2024.2.4,159.19688352547558,2025-07-15 10h01.05.025414 +0100,
1,0,1,1,0,1,0,,,,,,,,,,,,,,,,,5.378208160400391,0.06833333333333333,-0.028333333333333332,3.5098697030846067,0.5867359222130134,0.03,,407153,001,2025-07-15_10h01.00.695,ContPsyTracking,2024.2.4,159.19688352547558,2025-07-15 10h01.05.025414 +0100,
1,0,1,1,0,1,0,,,,,,,,,,,,,,,,,5.387220621109009,0.06833333333333333,-0.028333333333333332,3.7122871232793493,0.18391977745981802,0.03,,407153,001,2025-07-15_10h01.00.695,ContPsyTracking,2024.2.4,159.19688352547558,2025-07-15 10h01.05.025414 +0100,
1,0,1,1,0,1,0,,,,,,,,,,,,,,,,,5.396220684051514,0.06833333333333333,-0.028333333333333332,3.830523852927542,0.6350229141078494,0.03,,407153,001,2025-07-15_10h01.00.695,ContPsyTracking,2024.2.4,159.19688352547558,2025-07-15 10h01.05.025414 +0100,
1,0,1,1,0,1,0,,,,,,,,,,,,,,,,,5.4052207469940186,0.06833333333333333,-0.028333333333333332,3.8884396872989235,0.8313149801894271,0.03,,407153,001,2025-07-15_10h01.00.695,ContPsyTracking,2024.2.4,159.19688352547558,2025-07-15 10h01.05.025414 +0100,
1,0,1,1,0,1,0,,,,,,,,,,,,,,,,,5.414221525192261,0.06833333333333333,-0.028333333333333332,4.308506558071948,0.8630966274446359,0.03,,407153,001,2025-07-15_10h01.00.695,ContPsyTracking,2024.2.4,159.19688352547558,2025-07-15 10h01.05.025414 +0100,
1,0,1,1,0,1,0,,,,,,,,,,,,,,,,,5.423220634460449,0.07,-0.028333333333333332,4.395056027041865,0.6333257525909987,0.03,,407153,001,2025-07-15_10h01.00.695,ContPsyTracking,2024.2.4,159.19688352547558,2025-07-15 10h01.05.025414 +0100,
1,0,1,1,0,1,0,,,,,,,,,,,,,,,,,5.433233976364136,0.07,-0.028333333333333332,4.158300343970791,0.53710898843188,0.03,,407153,001,2025-07-15_10h01.00.695,ContPsyTracking,2024.2.4,159.19688352547558,2025-07-15 10h01.05.025414 +0100,
1,0,1,1,0,1,0,,,,,,,,,,,,,,,,,5.4412689208984375,0.07166666666666667,-0.02666666666666667,4.118445376955369,0.655785908806387,0.03,,407153,001,2025-07-15_10h01.00.695,ContPsyTracking,2024.2.4,159.19688352547558,2025-07-15 10h01.05.025414 +0100,
1,0,1,1,0,1,0,,,,,,,,,,,,,,,,,5.451436519622803,0.07333333333333333,-0.02666666666666667,4.284626367721314,0.8045651212428376,0.03,,407153,001,2025-07-15_10h01.00.695,ContPsyTracking,2024.2.4,159.19688352547558,2025-07-15 10h01.05.025414 +0100,
1,0,1,1,0,1,0,,,,,,,,,,,,,,,,,5.459387302398682,0.07333333333333333,-0.02666666666666667,4.4411757785132,1.2920670601454232,0.03,,407153,001,2025-07-15_10h01.00.695,ContPsyTracking,2024.2.4,159.19688352547558,2025-07-15 10h01.05.025414 +0100,
1,0,1,1,0,1,0,,,,,,,,,,,,,,,,,5.469388484954834,0.07333333333333333,-0.02666666666666667,4.576955205557564,0.9472504178373786,0.03,,407153,001,2025-07-15_10h01.00.695,ContPsyTracking,2024.2.4,159.19688352547558,2025-07-15 10h01.05.025414 +0100,
1,0,1,1,0,1,0,,,,,,,,,,,,,,,,,5.477398872375488,0.07333333333333333,-0.02666666666666667,4.131025673717721,1.3367030095975074,0.03,,407153,001,2025-07-15_10h01.00.695,ContPsyTracking,2024.2.4,159.19688352547558,2025-07-15 10h01.05.025414 +0100,
1,0,1,1,0,1,0,,,,,,,,,,,,,,,,,5.487436056137085,0.07333333333333333,-0.02666666666666667,4.106935968273047,1.4096284859445591,0.03,,407153,001,2025-07-15_10h01.00.695,ContPsyTracking,2024.2.4,159.19688352547558,2025-07-15 10h01.05.025414 +0100,
1,0,1,1,0,1,0,,,,,,,,,,,,,,,,,5.4954917430877686,0.07333333333333333,-0.02666666666666667,4.287749049255837,1.2442844960683153,0.03,,407153,001,2025-07-15_10h01.00.695,ContPsyTracking,2024.2.4,159.19688352547558,2025-07-15 10h01.05.025414 +0100,
1,0,1,1,0,1,0,,,,,,,,,,,,,,,,,5.505491495132446,0.07333333333333333,-0.02666666666666667,4.337490852867265,1.0009773250678338,0.03,,407153,001,2025-07-15_10h01.00.695,ContPsyTracking,2024.2.4,159.19688352547558,2025-07-15 10h01.05.025414 +0100,
1,0,1,1,0,1,0,,,,,,,,,,,,,,,,,5.513492107391357,0.07333333333333333,-0.02666666666666667,4.074000386160619,1.3671076390960095,0.03,,407153,001,2025-07-15_10h01.00.695,ContPsyTracking,2024.2.4,159.19688352547558,2025-07-15 10h01.05.025414 +0100,
1,0,1,1,0,1,0,,,,,,,,,,,,,,,,,5.519491672515869,0.07333333333333333,-0.02666666666666667,3.9387863759182986,1.5993123482913265,0.03,,407153,001,2025-07-15_10h01.00.695,ContPsyTracking,2024.2.4,159.19688352547558,2025-07-15 10h01.05.025414 +0100,
1,0,1,1,0,1,0,,,,,,,,,,,,,,,,,5.526491641998291,0.07333333333333333,-0.02666666666666667,4.115570989640232,1.6487119890456043,0.03,,407153,001,2025-07-15_10h01.00.695,ContPsyTracking,2024.2.4,159.19688352547558,2025-07-15 10h01.05.025414 +0100,
1,0,1,1,0,1,0,,,,,,,,,,,,,,,,,5.535491704940796,0.07333333333333333,-0.02666666666666667,4.457262160033914,1.425990464564987,0.03,,407153,001,2025-07-15_10h01.00.695,ContPsyTracking,2024.2.4,159.19688352547558,2025-07-15 10h01.05.025414 +0100,
1,0,1,1,0,1,0,,,,,,,,,,,,,,,,,5.54449200630188,0.07333333333333333,-0.02666666666666667,4.477353821436362,1.5254118550086524,0.03,,407153,001,2025-07-15_10h01.00.695,ContPsyTracking,2024.2.4,159.19688352547558,2025-07-15 10h01.05.025414 +0100,
1,0,1,1,0,1,0,,,,,,,,,,,,,,,,,5.554495811462402,0.07333333333333333,-0.02666666666666667,3.6921091955008656,1.558385295207408,0.03,,407153,001,2025-07-15_10h01.00.695,ContPsyTracking,2024.2.4,159.19688352547558,2025-07-15 10h01.05.025414 +0100,
1,0,1,1,0,1,0,,,,,,,,,,,,,,,,,5.5624916553497314,0.07333333333333333,-0.02666666666666667,3.912215965479369,1.6246751453458592,0.03,,407153,001,2025-07-15_10h01.00.695,ContPsyTracking,2024.2.4,159.19688352547558,2025-07-15 10h01.05.025414 +0100,
1,0,1,1,0,1,0,,,,,,,,,,,,,,,,,5.572491884231567,0.07333333333333333,-0.02666666666666667,3.808626168215466,1.7649416517223206,0.03,,407153,001,2025-07-15_10h01.00.695,ContPsyTracking,2024.2.4,159.19688352547558,2025-07-15 10h01.05.025414 +0100,
1,0,1,1,0,1,0,,,,,,,,,,,,,,,,,5.580491542816162,0.07333333333333333,-0.02666666666666667,3.6879720844520034,1.3958721010691848,0.03,,407153,001,2025-07-15_10h01.00.695,ContPsyTracking,2024.2.4,159.19688352547558,2025-07-15 10h01.05.025414 +0100,
1,0,1,1,0,1,0,,,,,,,,,,,,,,,,,5.590491771697998,0.07333333333333333,-0.02666666666666667,3.6915390142159663,1.5725650278929404,0.03,,407153,001,2025-07-15_10h01.00.695,ContPsyTracking,2024.2.4,159.19688352547558,2025-07-15 10h01.05.025414 +0100,
1,0,1,1,0,1,0,,,,,,,,,,,,,,,,,5.598674058914185,0.07333333333333333,-0.02666666666666667,3.6051373888515093,1.3978467914885948,0.03,,407153,001,2025-07-15_10h01.00.695,ContPsyTracking,2024.2.4,159.19688352547558,2025-07-15 10h01.05.025414 +0100,
1,0,1,1,0,1,0,,,,,,,,,,,,,,,,,5.608644485473633,0.07333333333333333,-0.02666666666666667,3.2379272958692473,1.4625807664304655,0.03,,407153,001,2025-07-15_10h01.00.695,ContPsyTracking,2024.2.4,159.19688352547558,2025-07-15 10h01.05.025414 +0100,
1,0,1,1,0,1,0,,,,,,,,,,,,,,,,,5.616655588150024,0.07333333333333333,-0.02666666666666667,3.368368542689862,1.641515263587632,0.03,,407153,001,2025-07-15_10h01.00.695,ContPsyTracking,2024.2.4,159.19688352547558,2025-07-15 10h01.05.025414 +0100,
1,0,1,1,0,1,0,,,,,,,,,,,,,,,,,5.6266679763793945,0.07333333333333333,-0.02666666666666667,3.38471595056462,1.4776308333565888,0.03,,407153,001,2025-07-15_10h01.00.695,ContPsyTracking,2024.2.4,159.19688352547558,2025-07-15 10h01.05.025414 +0100,
1,0,1,1,0,1,0,,,,,,,,,,,,,,,,,5.634667634963989,0.07333333333333333,-0.02666666666666667,3.084366388092394,1.6142565582317245,0.03,,407153,001,2025-07-15_10h01.00.695,ContPsyTracking,2024.2.4,159.19688352547558,2025-07-15 10h01.05.025414 +0100,
1,0,1,1,0,1,0,,,,,,,,,,,,,,,,,5.644752740859985,0.07333333333333333,-0.02666666666666667,3.208515702487122,1.5591814363733296,0.03,,407153,001,2025-07-15_10h01.00.695,ContPsyTracking,2024.2.4,159.19688352547558,2025-07-15 10h01.05.025414 +0100,
1,0,1,1,0,1,0,,,,,,,,,,,,,,,,,5.652753114700317,0.07333333333333333,-0.02666666666666667,3.183469261104437,1.6076976854189944,0.03,,407153,001,2025-07-15_10h01.00.695,ContPsyTracking,2024.2.4,159.19688352547558,2025-07-15 10h01.05.025414 +0100,
1,0,1,1,0,1,0,,,,,,,,,,,,,,,,,5.658752679824829,0.07333333333333333,-0.02666666666666667,3.0077797602235923,1.3794857005259071,0.03,,407153,001,2025-07-15_10h01.00.695,ContPsyTracking,2024.2.4,159.19688352547558,2025-07-15 10h01.05.025414 +0100,
1,0,1,1,0,1,0,,,,,,,,,,,,,,,,,5.664752721786499,0.07333333333333333,-0.02666666666666667,2.6452228467268695,1.813355083977019,0.03,,407153,001,2025-07-15_10h01.00.695,ContPsyTracking,2024.2.4,159.19688352547558,2025-07-15 10h01.05.025414 +0100,
1,0,1,1,0,1,0,,,,,,,,,,,,,,,,,5.67075252532959,0.07333333333333333,-0.02666666666666667,2.7685171952397942,1.6354627135843895,0.03,,407153,001,2025-07-15_10h01.00.695,ContPsyTracking,2024.2.4,159.19688352547558,2025-07-15 10h01.05.025414 +0100,
1,0,1,1,0,1,0,,,,,,,,,,,,,,,,,5.676752805709839,0.07333333333333333,-0.02666666666666667,2.9476045891343317,1.129328140200597,0.03,,407153,001,2025-07-15_10h01.00.695,ContPsyTracking,2024.2.4,159.19688352547558,2025-07-15 10h01.05.025414 +0100,
1,0,1,1,0,1,0,,,,,,,,,,,,,,,,,5.68275260925293,0.07333333333333333,-0.02666666666666667,3.2049396154701575,1.1100697356444553,0.03,,407153,001,2025-07-15_10h01.00.695,ContPsyTracking,2024.2.4,159.19688352547558,2025-07-15 10h01.05.025414 +0100,
1,0,1,1,0,1,0,,,,,,,,,,,,,,,,,5.68976616859436,0.07333333333333333,-0.02666666666666667,2.4847017003588663,1.0357005483463488,0.03,,407153,001,2025-07-15_10h01.00.695,ContPsyTracking,2024.2.4,159.19688352547558,2025-07-15 10h01.05.025414 +0100,
1,0,1,1,0,1,0,,,,,,,,,,,,,,,,,5.6951584815979,0.07333333333333333,-0.02666666666666667,2.2025966976205833,0.6797115211342384,0.03,,407153,001,2025-07-15_10h01.00.695,ContPsyTracking,2024.2.4,159.19688352547558,2025-07-15 10h01.05.025414 +0100,
1,0,1,1,0,1,0,,,,,,,,,,,,,,,,,5.701101779937744,0.07333333333333333,-0.02666666666666667,2.46832987158436,0.5778395682038692,0.03,,407153,001,2025-07-15_10h01.00.695,ContPsyTracking,2024.2.4,159.19688352547558,2025-07-15 10h01.05.025414 +0100,
1,0,1,1,0,1,0,,,,,,,,,,,,,,,,,5.707101345062256,0.07333333333333333,-0.02666666666666667,2.623526085148453,0.2631116028462702,0.03,,407153,001,2025-07-15_10h01.00.695,ContPsyTracking,2024.2.4,159.19688352547558,2025-07-15 10h01.05.025414 +0100,
1,0,1,1,0,1,0,,,,,,,,,,,,,,,,,5.7130982875823975,0.07333333333333333,-0.02666666666666667,2.261563441436194,0.6285129957191169,0.03,,407153,001,2025-07-15_10h01.00.695,ContPsyTracking,2024.2.4,159.19688352547558,2025-07-15 10h01.05.025414 +0100,
1,0,1,1,0,1,0,,,,,,,,,,,,,,,,,5.724126100540161,0.07333333333333333,-0.025,1.8492442558417932,0.9901140054823581,0.03,,407153,001,2025-07-15_10h01.00.695,ContPsyTracking,2024.2.4,159.19688352547558,2025-07-15 10h01.05.025414 +0100,
1,0,1,1,0,1,0,,,,,,,,,,,,,,,,,5.732125759124756,0.075,-0.023333333333333334,1.7703208444623408,0.8438597215653139,0.03,,407153,001,2025-07-15_10h01.00.695,ContPsyTracking,2024.2.4,159.19688352547558,2025-07-15 10h01.05.025414 +0100,
1,0,1,1,0,1,0,,,,,,,,,,,,,,,,,5.742126941680908,0.075,-0.021666666666666667,2.120874515600755,0.7033045915982916,0.03,,407153,001,2025-07-15_10h01.00.695,ContPsyTracking,2024.2.4,159.19688352547558,2025-07-15 10h01.05.025414 +0100,
1,0,1,1,0,1,0,,,,,,,,,,,,,,,,,5.750126123428345,0.075,-0.021666666666666667,2.3984504813364915,1.0007855699705872,0.03,,407153,001,2025-07-15_10h01.00.695,ContPsyTracking,2024.2.4,159.19688352547558,2025-07-15 10h01.05.025414 +0100,
1,0,1,1,0,1,0,,,,,,,,,,,,,,,,,5.756126403808594,0.075,-0.021666666666666667,2.215540133921701,0.8811838995192048,0.03,,407153,001,2025-07-15_10h01.00.695,ContPsyTracking,2024.2.4,159.19688352547558,2025-07-15 10h01.05.025414 +0100,
1,0,1,1,0,1,0,,,,,,,,,,,,,,,,,5.766125917434692,0.075,-0.02,2.476644656377571,1.0076793768150325,0.03,,407153,001,2025-07-15_10h01.00.695,ContPsyTracking,2024.2.4,159.19688352547558,2025-07-15 10h01.05.025414 +0100,
1,0,1,1,0,1,0,,,,,,,,,,,,,,,,,5.77412223815918,0.075,-0.018333333333333333,2.5243944883404095,1.0599314132505848,0.03,,407153,001,2025-07-15_10h01.00.695,ContPsyTracking,2024.2.4,159.19688352547558,2025-07-15 10h01.05.025414 +0100,
1,0,1,1,0,1,0,,,,,,,,,,,,,,,,,5.7841222286224365,0.075,-0.018333333333333333,2.2380119531671405,1.1441362509772086,0.03,,407153,001,2025-07-15_10h01.00.695,ContPsyTracking,2024.2.4,159.19688352547558,2025-07-15 10h01.05.025414 +0100,
1,0,1,1,0,1,0,,,,,,,,,,,,,,,,,5.793126583099365,0.075,-0.018333333333333333,2.3574764859684056,0.8459660782693499,0.03,,407153,001,2025-07-15_10h01.00.695,ContPsyTracking,2024.2.4,159.19688352547558,2025-07-15 10h01.05.025414 +0100,
1,0,1,1,0,1,0,,,,,,,,,,,,,,,,,5.802125930786133,0.075,-0.016666666666666666,2.5038788100575387,0.7308855642626606,0.03,,407153,001,2025-07-15_10h01.00.695,ContPsyTracking,2024.2.4,159.19688352547558,2025-07-15 10h01.05.025414 +0100,
1,0,1,1,0,1,0,,,,,,,,,,,,,,,,,5.811126708984375,0.075,-0.016666666666666666,2.455102182056753,0.6319194075074575,0.03,,407153,001,2025-07-15_10h01.00.695,ContPsyTracking,2024.2.4,159.19688352547558,2025-07-15 10h01.05.025414 +0100,
1,0,1,1,0,1,0,,,,,,,,,,,,,,,,,5.820126295089722,0.075,-0.016666666666666666,2.5350463724835124,0.7186142022151706,0.03,,407153,001,2025-07-15_10h01.00.695,ContPsyTracking,2024.2.4,159.19688352547558,2025-07-15 10h01.05.025414 +0100,
1,0,1,1,0,1,0,,,,,,,,,,,,,,,,,5.829121828079224,0.075,-0.015,2.4208538823428536,1.0124605573019039,0.03,,407153,001,2025-07-15_10h01.00.695,ContPsyTracking,2024.2.4,159.19688352547558,2025-07-15 10h01.05.025414 +0100,
1,0,1,1,0,1,0,,,,,,,,,,,,,,,,,5.835126876831055,0.075,-0.015,2.3469995445178817,1.3861850296305562,0.03,,407153,001,2025-07-15_10h01.00.695,ContPsyTracking,2024.2.4,159.19688352547558,2025-07-15 10h01.05.025414 +0100,
1,0,1,1,0,1,0,,,,,,,,,,,,,,,,,5.841126441955566,0.075,-0.015,1.8310753964639703,1.341845512596061,0.03,,407153,001,2025-07-15_10h01.00.695,ContPsyTracking,2024.2.4,159.19688352547558,2025-07-15 10h01.05.025414 +0100,
1,0,1,1,0,1,0,,,,,,,,,,,,,,,,,5.8511271476745605,0.075,-0.015,1.6895112082055044,1.1541441611409984,0.03,,407153,001,2025-07-15_10h01.00.695,ContPsyTracking,2024.2.4,159.19688352547558,2025-07-15 10h01.05.025414 +0100,
1,0,1,1,0,1,0,,,,,,,,,,,,,,,,,5.859123468399048,0.075,-0.015,1.906576973043069,1.2582710250414868,0.03,,407153,001,2025-07-15_10h01.00.695,ContPsyTracking,2024.2.4,159.19688352547558,2025-07-15 10h01.05.025414 +0100,
1,0,1,1,0,1,0,,,,,,,,,,,,,,,,,5.865126371383667,0.075,-0.015,1.9601842478104894,1.0183082097334035,0.03,,407153,001,2025-07-15_10h01.00.695,ContPsyTracking,2024.2.4,159.19688352547558,2025-07-15 10h01.05.025414 +0100,
1,0,1,1,0,1,0,,,,,,,,,,,,,,,,,5.871126174926758,0.075,-0.015,1.692248132373498,1.1983607028423768,0.03,,407153,001,2025-07-15_10h01.00.695,ContPsyTracking,2024.2.4,159.19688352547558,2025-07-15 10h01.05.025414 +0100,
1,0,1,1,0,1,0,,,,,,,,,,,,,,,,,5.87713623046875,0.075,-0.015,1.9619665215483852,1.3038720710097034,0.03,,407153,001,2025-07-15_10h01.00.695,ContPsyTracking,2024.2.4,159.19688352547558,2025-07-15 10h01.05.025414 +0100,
1,0,1,1,0,1,0,,,,,,,,,,,,,,,,,5.883136510848999,0.075,-0.015,1.3291558041244844,1.1791410025804576,0.03,,407153,001,2025-07-15_10h01.00.695,ContPsyTracking,2024.2.4,159.19688352547558,2025-07-15 10h01.05.025414 +0100,
1,0,1,1,0,1,0,,,,,,,,,,,,,,,,,5.889136552810669,0.075,-0.013333333333333334,0.9832916666420857,0.5951765057518453,0.03,,407153,001,2025-07-15_10h01.00.695,ContPsyTracking,2024.2.4,159.19688352547558,2025-07-15 10h01.05.025414 +0100,
1,0,1,1,0,1,0,,,,,,,,,,,,,,,,,5.895136117935181,0.075,-0.013333333333333334,1.4953201840100798,0.6420045982009932,0.03,,407153,001,2025-07-15_10h01.00.695,ContPsyTracking,2024.2.4,159.19688352547558,2025-07-15 10h01.05.025414 +0100,
1,0,1,1,0,1,0,,,,,,,,,,,,,,,,,5.901136159896851,0.075,-0.013333333333333334,1.421948692307555,0.1999582489052294,0.03,,407153,001,2025-07-15_10h01.00.695,ContPsyTracking,2024.2.4,159.19688352547558,2025-07-15 10h01.05.025414 +0100,
1,0,1,1,0,1,0,,,,,,,,,,,,,,,,,5.9071364402771,0.075,-0.013333333333333334,1.42229158057505,0.6821825675784312,0.03,,407153,001,2025-07-15_10h01.00.695,ContPsyTracking,2024.2.4,159.19688352547558,2025-07-15 10h01.05.025414 +0100,
1,0,1,1,0,1,0,,,,,,,,,,,,,,,,,5.913136720657349,0.075,-0.013333333333333334,1.5277689429039485,0.7833862417060011,0.03,,407153,001,2025-07-15_10h01.00.695,ContPsyTracking,2024.2.4,159.19688352547558,2025-07-15 10h01.05.025414 +0100,
1,0,1,1,0,1,0,,,,,,,,,,,,,,,,,5.919136047363281,0.075,-0.013333333333333334,1.3225677201201753,1.1752610030342354,0.03,,407153,001,2025-07-15_10h01.00.695,ContPsyTracking,2024.2.4,159.19688352547558,2025-07-15 10h01.05.025414 +0100,
1,0,1,1,0,1,0,,,,,,,,,,,,,,,,,5.9251368045806885,0.075,-0.013333333333333334,0.8616568939122533,0.9042304278393857,0.03,,407153,001,2025-07-15_10h01.00.695,ContPsyTracking,2024.2.4,159.19688352547558,2025-07-15 10h01.05.025414 +0100,
1,0,1,1,0,1,0,,,,,,,,,,,,,,,,,5.931136608123779,0.075,-0.013333333333333334,0.6017294098126743,0.6795366622186607,0.03,,407153,001,2025-07-15_10h01.00.695,ContPsyTracking,2024.2.4,159.19688352547558,2025-07-15 10h01.05.025414 +0100,
1,0,1,1,0,1,0,,,,,,,,,,,,,,,,,5.937136173248291,0.075,-0.013333333333333334,0.3364128857373257,0.8037929109338464,0.03,,407153,001,2025-07-15_10h01.00.695,ContPsyTracking,2024.2.4,159.19688352547558,2025-07-15 10h01.05.025414 +0100,
1,0,1,1,0,1,0,,,,,,,,,,,,,,,,,5.944141149520874,0.075,-0.013333333333333334,0.7569621168106468,1.4570541154029488,0.03,,407153,001,2025-07-15_10h01.00.695,ContPsyTracking,2024.2.4,159.19688352547558,2025-07-15 10h01.05.025414 +0100,
1,0,1,1,0,1,0,,,,,,,,,,,,,,,,,5.949141025543213,0.075,-0.013333333333333334,0.8384253061861056,1.7075836065403158,0.03,,407153,001,2025-07-15_10h01.00.695,ContPsyTracking,2024.2.4,159.19688352547558,2025-07-15 10h01.05.025414 +0100,
1,0,1,1,0,1,0,,,,,,,,,,,,,,,,,5.956139087677002,0.075,-0.013333333333333334,0.9667826619998545,1.7175964059499487,0.03,,407153,001,2025-07-15_10h01.00.695,ContPsyTracking,2024.2.4,159.19688352547558,2025-07-15 10h01.05.025414 +0100,
1,0,1,1,0,1,0,,,,,,,,,,,,,,,,,5.961136341094971,0.075,-0.013333333333333334,1.1722540858285342,1.8658108454534204,0.03,,407153,001,2025-07-15_10h01.00.695,ContPsyTracking,2024.2.4,159.19688352547558,2025-07-15 10h01.05.025414 +0100,
1,0,1,1,0,1,0,,,,,,,,,,,,,,,,,5.967136383056641,0.075,-0.013333333333333334,0.6621295135270838,1.9189121866922205,0.03,,407153,001,2025-07-15_10h01.00.695,ContPsyTracking,2024.2.4,159.19688352547558,2025-07-15 10h01.05.025414 +0100,
1,0,1,1,0,1,0,,,,,,,,,,,,,,,,,5.9741363525390625,0.075,-0.013333333333333334,0.3306559021296132,2.177102737605982,0.03,,407153,001,2025-07-15_10h01.00.695,ContPsyTracking,2024.2.4,159.19688352547558,2025-07-15 10h01.05.025414 +0100,
1,0,1,1,0,1,0,,,,,,,,,,,,,,,,,5.980136394500732,0.075,-0.013333333333333334,-0.16142695032725785,2.1468332117486373,0.03,,407153,001,2025-07-15_10h01.00.695,ContPsyTracking,2024.2.4,159.19688352547558,2025-07-15 10h01.05.025414 +0100,
1,0,1,1,0,1,0,,,,,,,,,,,,,,,,,5.9861366748809814,0.075,-0.013333333333333334,-0.41737714160533357,1.8661460423035714,0.03,,407153,001,2025-07-15_10h01.00.695,ContPsyTracking,2024.2.4,159.19688352547558,2025-07-15 10h01.05.025414 +0100,
1,0,1,1,0,1,0,,,,,,,,,,,,,,,,,5.992136240005493,0.075,-0.013333333333333334,-0.58909548486266,1.7468986921438963,0.03,,407153,001,2025-07-15_10h01.00.695,ContPsyTracking,2024.2.4,159.19688352547558,2025-07-15 10h01.05.025414 +0100,
1,0,1,1,0,1,0,,,,,,,,,,,,,,,,,5.998136520385742,0.075,-0.013333333333333334,-0.567559738572424,1.8985947786873645,0.03,,407153,001,2025-07-15_10h01.00.695,ContPsyTracking,2024.2.4,159.19688352547558,2025-07-15 10h01.05.025414 +0100,
1,0,1,1,0,1,0,,,,,,,,,,,,,,,,,6.004136562347412,0.075,-0.013333333333333334,-1.1126560689134508,1.8231860049949138,0.03,,407153,001,2025-07-15_10h01.00.695,ContPsyTracking,2024.2.4,159.19688352547558,2025-07-15 10h01.05.025414 +0100,
1,0,1,1,0,1,0,,,,,,,,,,,,,,,,,6.010136365890503,0.075,-0.013333333333333334,-0.8943397866590981,1.7841829838640202,0.03,,407153,001,2025-07-15_10h01.00.695,ContPsyTracking,2024.2.4,159.19688352547558,2025-07-15 10h01.05.025414 +0100,
1,0,1,1,0,1,0,,,,,,,,,,,,,,,,,6.016136407852173,0.075,-0.013333333333333334,-0.8316950993840952,2.0800474000894567,0.03,,407153,001,2025-07-15_10h01.00.695,ContPsyTracking,2024.2.4,159.19688352547558,2025-07-15 10h01.05.025414 +0100,
1,0,1,1,0,1,0,,,,,,,,,,,,,,,,,6.022136449813843,0.075,-0.013333333333333334,-0.5692887036248622,2.081354470836469,0.03,,407153,001,2025-07-15_10h01.00.695,ContPsyTracking,2024.2.4,159.19688352547558,2025-07-15 10h01.05.025414 +0100,
1,0,1,1,0,1,0,,,,,,,,,,,,,,,,,6.028136253356934,0.075,-0.011666666666666667,-0.5403151902970312,2.1833157209106377,0.03,,407153,001,2025-07-15_10h01.00.695,ContPsyTracking,2024.2.4,159.19688352547558,2025-07-15 10h01.05.025414 +0100,
1,0,1,1,0,1,0,,,,,,,,,,,,,,,,,6.034175157546997,0.075,-0.01,-0.1371363877602636,1.8729556394220632,0.03,,407153,001,2025-07-15_10h01.00.695,ContPsyTracking,2024.2.4,159.19688352547558,2025-07-15 10h01.05.025414 +0100,
1,0,1,1,0,1,0,,,,,,,,,,,,,,,,,6.04118013381958,0.075,-0.01,-0.167946894345154,1.7988732387724413,0.03,,407153,001,2025-07-15_10h01.00.695,ContPsyTracking,2024.2.4,159.19688352547558,2025-07-15 10h01.05.025414 +0100,
1,0,1,1,0,1,0,,,,,,,,,,,,,,,,,6.046508073806763,0.075,-0.01,-0.11508028235184506,2.1553677762579877,0.03,,407153,001,2025-07-15_10h01.00.695,ContPsyTracking,2024.2.4,159.19688352547558,2025-07-15 10h01.05.025414 +0100,
1,0,1,1,0,1,0,,,,,,,,,,,,,,,,,6.052508115768433,0.07333333333333333,-0.008333333333333333,-0.1820863940144759,2.2082215286736173,0.03,,407153,001,2025-07-15_10h01.00.695,ContPsyTracking,2024.2.4,159.19688352547558,2025-07-15 10h01.05.025414 +0100,
1,0,1,1,0,1,0,,,,,,,,,,,,,,,,,6.058507919311523,0.07333333333333333,-0.008333333333333333,0.0058292381836327345,2.6829327206652187,0.03,,407153,001,2025-07-15_10h01.00.695,ContPsyTracking,2024.2.4,159.19688352547558,2025-07-15 10h01.05.025414 +0100,
1,0,1,1,0,1,0,,,,,,,,,,,,,,,,,6.064503908157349,0.07333333333333333,-0.008333333333333333,0.22657400949395082,2.721273052077329,0.03,,407153,001,2025-07-15_10h01.00.695,ContPsyTracking,2024.2.4,159.19688352547558,2025-07-15 10h01.05.025414 +0100,
1,0,1,1,0,1,0,,,,,,,,,,,,,,,,,6.070508003234863,0.07333333333333333,-0.008333333333333333,0.8870688813566264,2.9991353448243583,0.03,,407153,001,2025-07-15_10h01.00.695,ContPsyTracking,2024.2.4,159.19688352547558,2025-07-15 10h01.05.025414 +0100,
1,0,1,1,0,1,0,,,,,,,,,,,,,,,,,6.076508045196533,0.07333333333333333,-0.006666666666666667,0.6615991246758881,3.0110401328480356,0.03,,407153,001,2025-07-15_10h01.00.695,ContPsyTracking,2024.2.4,159.19688352547558,2025-07-15 10h01.05.025414 +0100,
1,0,1,1,0,1,0,,,,,,,,,,,,,,,,,6.082507848739624,0.07333333333333333,-0.006666666666666667,0.6744230838964261,3.6124701393764473,0.03,,407153,001,2025-07-15_10h01.00.695,ContPsyTracking,2024.2.4,159.19688352547558,2025-07-15 10h01.05.025414 +0100,
1,0,1,1,0,1,0,,,,,,,,,,,,,,,,,6.089507579803467,0.07333333333333333,-0.006666666666666667,0.5978434294137165,3.549183178573576,0.03,,407153,001,2025-07-15_10h01.00.695,ContPsyTracking,2024.2.4,159.19688352547558,2025-07-15 10h01.05.025414 +0100,
1,0,1,1,0,1,0,,,,,,,,,,,,,,,,,6.095511436462402,0.07333333333333333,-0.006666666666666667,0.540786640392271,3.4832143150606623,0.03,,407153,001,2025-07-15_10h01.00.695,ContPsyTracking,2024.2.4,159.19688352547558,2025-07-15 10h01.05.025414 +0100,
1,0,1,1,0,1,0,,,,,,,,,,,,,,,,,6.101515054702759,0.07333333333333333,-0.006666666666666667,-0.1371294883640104,3.573052047688356,0.03,,407153,001,2025-07-15_10h01.00.695,ContPsyTracking,2024.2.4,159.19688352547558,2025-07-15 10h01.05.025414 +0100,
1,0,1,1,0,1,0,,,,,,,,,,,,,,,,,6.107558488845825,0.07333333333333333,-0.006666666666666667,-0.22599028539161975,3.6967212750246126,0.03,,407153,001,2025-07-15_10h01.00.695,ContPsyTracking,2024.2.4,159.19688352547558,2025-07-15 10h01.05.025414 +0100,
1,0,1,1,0,1,0,,,,,,,,,,,,,,,,,6.11757230758667,0.07166666666666667,-0.006666666666666667,-0.11664699740246527,3.4292876887724373,0.03,,407153,001,2025-07-15_10h01.00.695,ContPsyTracking,2024.2.4,159.19688352547558,2025-07-15 10h01.05.025414 +0100,
1,0,1,1,0,1,0,,,,,,,,,,,,,,,,,6.125572204589844,0.07166666666666667,-0.005,-0.19430996466205128,3.538520581207135,0.03,,407153,001,2025-07-15_10h01.00.695,ContPsyTracking,2024.2.4,159.19688352547558,2025-07-15 10h01.05.025414 +0100,
1,0,1,1,0,1,0,,,,,,,,,,,,,,,,,6.1315765380859375,0.07166666666666667,-0.005,-0.44833421597399015,3.6978458927013738,0.03,,407153,001,2025-07-15_10h01.00.695,ContPsyTracking,2024.2.4,159.19688352547558,2025-07-15 10h01.05.025414 +0100,
1,0,1,1,0,1,0,,,,,,,,,,,,,,,,,6.137576103210449,0.07166666666666667,-0.005,-0.47235269930328144,3.662649212187519,0.03,,407153,001,2025-07-15_10h01.00.695,ContPsyTracking,2024.2.4,159.19688352547558,2025-07-15 10h01.05.025414 +0100,
1,0,1,1,0,1,0,,,,,,,,,,,,,,,,,6.143576145172119,0.07166666666666667,-0.005,-0.418589688266075,3.5884428352513464,0.03,,407153,001,2025-07-15_10h01.00.695,ContPsyTracking,2024.2.4,159.19688352547558,2025-07-15 10h01.05.025414 +0100,
1,0,1,1,0,1,0,,,,,,,,,,,,,,,,,6.149604558944702,0.07166666666666667,-0.005,-0.1952236813403429,3.6865695185803498,0.03,,407153,001,2025-07-15_10h01.00.695,ContPsyTracking,2024.2.4,159.19688352547558,2025-07-15 10h01.05.025414 +0100,
1,0,1,1,0,1,0,,,,,,,,,,,,,,,,,6.155604362487793,0.07166666666666667,-0.005,0.08311624820096492,4.006929118413463,0.03,,407153,001,2025-07-15_10h01.00.695,ContPsyTracking,2024.2.4,159.19688352547558,2025-07-15 10h01.05.025414 +0100,
1,0,1,1,0,1,0,,,,,,,,,,,,,,,,,6.161604642868042,0.07166666666666667,-0.005,-0.13047302824592674,3.7946152772872765,0.03,,407153,001,2025-07-15_10h01.00.695,ContPsyTracking,2024.2.4,159.19688352547558,2025-07-15 10h01.05.025414 +0100,
1,0,1,1,0,1,0,,,,,,,,,,,,,,,,,6.167600870132446,0.07166666666666667,-0.005,-0.030819423712829683,3.4443861390417134,0.03,,407153,001,2025-07-15_10h01.00.695,ContPsyTracking,2024.2.4,159.19688352547558,2025-07-15 10h01.05.025414 +0100,
1,0,1,1,0,1,0,,,,,,,,,,,,,,,,,6.173604726791382,0.07166666666666667,-0.005,-0.4938979302002441,3.933657476062749,0.03,,407153,001,2025-07-15_10h01.00.695,ContPsyTracking,2024.2.4,159.19688352547558,2025-07-15 10h01.05.025414 +0100,
1,0,1,1,0,1,0,,,,,,,,,,,,,,,,,6.179604530334473,0.07166666666666667,-0.005,-0.24191673689002763,4.152445090770346,0.03,,407153,001,2025-07-15_10h01.00.695,ContPsyTracking,2024.2.4,159.19688352547558,2025-07-15 10h01.05.025414 +0100,
1,0,1,1,0,1,0,,,,,,,,,,,,,,,,,6.185669422149658,0.07166666666666667,-0.005,-0.3409054706959048,3.9771343255461327,0.03,,407153,001,2025-07-15_10h01.00.695,ContPsyTracking,2024.2.4,159.19688352547558,2025-07-15 10h01.05.025414 +0100,
1,0,1,1,0,1,0,,,,,,,,,,,,,,,,,6.19266939163208,0.07166666666666667,-0.005,-0.17449290131438902,3.8097411595960065,0.03,,407153,001,2025-07-15_10h01.00.695,ContPsyTracking,2024.2.4,159.19688352547558,2025-07-15 10h01.05.025414 +0100,
1,0,1,1,0,1,0,,,,,,,,,,,,,,,,,6.197759628295898,0.07166666666666667,-0.005,-0.39251389870104825,3.558870333815161,0.03,,407153,001,2025-07-15_10h01.00.695,ContPsyTracking,2024.2.4,159.19688352547558,2025-07-15 10h01.05.025414 +0100,
1,0,1,1,0,1,0,,,,,,,,,,,,,,,,,6.2037739753723145,0.07166666666666667,-0.005,-0.5727566266812056,3.3890026100487383,0.03,,407153,001,2025-07-15_10h01.00.695,ContPsyTracking,2024.2.4,159.19688352547558,2025-07-15 10h01.05.025414 +0100,
1,0,1,1,0,1,0,,,,,,,,,,,,,,,,,6.209772825241089,0.07166666666666667,-0.005,-1.0442367195816824,3.4911400820617082,0.03,,407153,001,2025-07-15_10h01.00.695,ContPsyTracking,2024.2.4,159.19688352547558,2025-07-15 10h01.05.025414 +0100,
1,0,1,1,0,1,0,,,,,,,,,,,,,,,,,6.215767860412598,0.07166666666666667,-0.005,-0.6242876233170587,3.5438341623538365,0.03,,407153,001,2025-07-15_10h01.00.695,ContPsyTracking,2024.2.4,159.19688352547558,2025-07-15 10h01.05.025414 +0100,
1,0,1,1,0,1,0,,,,,,,,,,,,,,,,,6.2217724323272705,0.07166666666666667,-0.005,-1.2451746418943732,2.627782540023992,0.03,,407153,001,2025-07-15_10h01.00.695,ContPsyTracking,2024.2.4,159.19688352547558,2025-07-15 10h01.05.025414 +0100,
1,0,1,1,0,1,0,,,,,,,,,,,,,,,,,6.227789878845215,0.07166666666666667,-0.005,-0.7488521502611337,2.4528293344606267,0.03,,407153,001,2025-07-15_10h01.00.695,ContPsyTracking,2024.2.4,159.19688352547558,2025-07-15 10h01.05.025414 +0100,
1,0,1,1,0,1,0,,,,,,,,,,,,,,,,,6.233807563781738,0.07166666666666667,-0.005,-0.4396091219625636,2.500896555783297,0.03,,407153,001,2025-07-15_10h01.00.695,ContPsyTracking,2024.2.4,159.19688352547558,2025-07-15 10h01.05.025414 +0100,
1,0,1,1,0,1,0,,,,,,,,,,,,,,,,,6.240813255310059,0.07166666666666667,-0.005,-0.32474311943487977,2.699809848890764,0.03,,407153,001,2025-07-15_10h01.00.695,ContPsyTracking,2024.2.4,159.19688352547558,2025-07-15 10h01.05.025414 +0100,
1,0,1,1,0,1,0,,,,,,,,,,,,,,,,,6.245812892913818,0.07166666666666667,-0.005,-0.22270564664815462,2.5116020561643495,0.03,,407153,001,2025-07-15_10h01.00.695,ContPsyTracking,2024.2.4,159.19688352547558,2025-07-15 10h01.05.025414 +0100,
1,0,1,1,0,1,0,,,,,,,,,,,,,,,,,6.251812934875488,0.07166666666666667,-0.005,0.09652492680562125,2.72641762155355,0.03,,407153,001,2025-07-15_10h01.00.695,ContPsyTracking,2024.2.4,159.19688352547558,2025-07-15 10h01.05.025414 +0100,
1,0,1,1,0,1,0,,,,,,,,,,,,,,,,,6.25881290435791,0.07166666666666667,-0.005,0.31277655072595595,2.543283940840985,0.03,,407153,001,2025-07-15_10h01.00.695,ContPsyTracking,2024.2.4,159.19688352547558,2025-07-15 10h01.05.025414 +0100,
1,0,1,1,0,1,0,,,,,,,,,,,,,,,,,6.264829874038696,0.07166666666666667,-0.005,-0.02897464678154338,2.2037230247621147,0.03,,407153,001,2025-07-15_10h01.00.695,ContPsyTracking,2024.2.4,159.19688352547558,2025-07-15 10h01.05.025414 +0100,
1,0,1,1,0,1,0,,,,,,,,,,,,,,,,,6.27282977104187,0.07166666666666667,-0.005,0.04268342993895631,2.103027293799681,0.03,,407153,001,2025-07-15_10h01.00.695,ContPsyTracking,2024.2.4,159.19688352547558,2025-07-15 10h01.05.025414 +0100,
1,0,1,1,0,1,0,,,,,,,,,,,,,,,,,6.280825853347778,0.07166666666666667,-0.005,0.19392605042900274,2.5339185740883456,0.03,,407153,001,2025-07-15_10h01.00.695,ContPsyTracking,2024.2.4,159.19688352547558,2025-07-15 10h01.05.025414 +0100,
1,0,1,1,0,1,0,,,,,,,,,,,,,,,,,6.288829803466797,0.07166666666666667,-0.005,0.1563449933889697,2.7656155961708224,0.03,,407153,001,2025-07-15_10h01.00.695,ContPsyTracking,2024.2.4,159.19688352547558,2025-07-15 10h01.05.025414 +0100,
1,0,1,1,0,1,0,,,,,,,,,,,,,,,,,6.294829845428467,0.07166666666666667,-0.005,-0.5624087998165084,2.7415795153145495,0.03,,407153,001,2025-07-15_10h01.00.695,ContPsyTracking,2024.2.4,159.19688352547558,2025-07-15 10h01.05.025414 +0100,
1,0,1,1,0,1,0,,,,,,,,,,,,,,,,,6.300838470458984,0.07166666666666667,-0.005,-0.3033882286971075,2.6612849627762527,0.03,,407153,001,2025-07-15_10h01.00.695,ContPsyTracking,2024.2.4,159.19688352547558,2025-07-15 10h01.05.025414 +0100,
1,0,1,1,0,1,0,,,,,,,,,,,,,,,,,6.307838439941406,0.07166666666666667,-0.005,-0.5501640103450847,3.0874648332862478,0.03,,407153,001,2025-07-15_10h01.00.695,ContPsyTracking,2024.2.4,159.19688352547558,2025-07-15 10h01.05.025414 +0100,
1,0,1,1,0,1,0,,,,,,,,,,,,,,,,,6.312837839126587,0.07166666666666667,-0.005,-0.5316980129292735,2.8206987200621567,0.03,,407153,001,2025-07-15_10h01.00.695,ContPsyTracking,2024.2.4,159.19688352547558,2025-07-15 10h01.05.025414 +0100,
1,0,1,1,0,1,0,,,,,,,,,,,,,,,,,6.31983757019043,0.07166666666666667,-0.005,-0.558633841605621,2.568818001199854,0.03,,407153,001,2025-07-15_10h01.00.695,ContPsyTracking,2024.2.4,159.19688352547558,2025-07-15 10h01.05.025414 +0100,
1,0,1,1,0,1,0,,,,,,,,,,,,,,,,,6.330031394958496,0.07,-0.005,-0.5233180825917769,2.450902695579046,0.03,,407153,001,2025-07-15_10h01.00.695,ContPsyTracking,2024.2.4,159.19688352547558,2025-07-15 10h01.05.025414 +0100,
1,0,1,1,0,1,0,,,,,,,,,,,,,,,,,6.33803129196167,0.07,-0.005,-0.48159812117140655,2.6000646501737315,0.03,,407153,001,2025-07-15_10h01.00.695,ContPsyTracking,2024.2.4,159.19688352547558,2025-07-15 10h01.05.025414 +0100,
1,0,1,1,0,1,0,,,,,,,,,,,,,,,,,6.348031282424927,0.07,-0.005,-0.15486058834178557,2.3551298833286833,0.03,,407153,001,2025-07-15_10h01.00.695,ContPsyTracking,2024.2.4,159.19688352547558,2025-07-15 10h01.05.025414 +0100,
1,0,1,1,0,1,0,,,,,,,,,,,,,,,,,6.35603141784668,0.07,-0.005,-0.27426212363466207,2.5573536419146468,0.03,,407153,001,2025-07-15_10h01.00.695,ContPsyTracking,2024.2.4,159.19688352547558,2025-07-15 10h01.05.025414 +0100,
1,0,1,1,0,1,0,,,,,,,,,,,,,,,,,6.3660314083099365,0.07,-0.005,-0.2470259171985334,2.944080962997391,0.03,,407153,001,2025-07-15_10h01.00.695,ContPsyTracking,2024.2.4,159.19688352547558,2025-07-15 10h01.05.025414 +0100,
1,0,1,1,0,1,0,,,,,,,,,,,,,,,,,6.375031232833862,0.07,-0.005,0.3270307796096589,2.806992774850464,0.03,,407153,001,2025-07-15_10h01.00.695,ContPsyTracking,2024.2.4,159.19688352547558,2025-07-15 10h01.05.025414 +0100,
1,0,1,1,0,1,0,,,,,,,,,,,,,,,,,6.384194850921631,0.07,-0.005,0.11968123739134809,2.4259624934638104,0.03,,407153,001,2025-07-15_10h01.00.695,ContPsyTracking,2024.2.4,159.19688352547558,2025-07-15 10h01.05.025414 +0100,
1,0,1,1,0,1,0,,,,,,,,,,,,,,,,,6.393124103546143,0.07,-0.005,0.22531488873007544,2.5776763049037035,0.03,,407153,001,2025-07-15_10h01.00.695,ContPsyTracking,2024.2.4,159.19688352547558,2025-07-15 10h01.05.025414 +0100,
1,0,1,1,0,1,0,,,,,,,,,,,,,,,,,6.40313196182251,0.07,-0.005,0.1769334929244065,2.260645788392808,0.03,,407153,001,2025-07-15_10h01.00.695,ContPsyTracking,2024.2.4,159.19688352547558,2025-07-15 10h01.05.025414 +0100,
1,0,1,1,0,1,0,,,,,,,,,,,,,,,,,6.411148548126221,0.07,-0.005,0.3912934531320836,2.425633601970571,0.03,,407153,001,2025-07-15_10h01.00.695,ContPsyTracking,2024.2.4,159.19688352547558,2025-07-15 10h01.05.025414 +0100,
1,0,1,1,0,1,0,,,,,,,,,,,,,,,,,6.421181917190552,0.07,-0.005,0.33283257708160763,2.181965702213544,0.03,,407153,001,2025-07-15_10h01.00.695,ContPsyTracking,2024.2.4,159.19688352547558,2025-07-15 10h01.05.025414 +0100,
1,0,1,1,0,1,0,,,,,,,,,,,,,,,,,6.429177761077881,0.07,-0.005,1.009407420726026,2.3358480969246345,0.03,,407153,001,2025-07-15_10h01.00.695,ContPsyTracking,2024.2.4,159.19688352547558,2025-07-15 10h01.05.025414 +0100,
1,0,1,1,0,1,0,,,,,,,,,,,,,,,,,6.439177751541138,0.07,-0.005,1.5384065032263834,2.8107276933952994,0.03,,407153,001,2025-07-15_10h01.00.695,ContPsyTracking,2024.2.4,159.19688352547558,2025-07-15 10h01.05.025414 +0100,
1,0,1,1,0,1,0,,,,,,,,,,,,,,,,,6.448177814483643,0.07,-0.005,1.1055529657841272,2.198903689022496,0.03,,407153,001,2025-07-15_10h01.00.695,ContPsyTracking,2024.2.4,159.19688352547558,2025-07-15 10h01.05.025414 +0100,
1,0,1,1,0,1,0,,,,,,,,,,,,,,,,,6.457177639007568,0.07,-0.005,0.7612553322747511,2.22110309127414,0.03,,407153,001,2025-07-15_10h01.00.695,ContPsyTracking,2024.2.4,159.19688352547558,2025-07-15 10h01.05.025414 +0100,
1,0,1,1,0,1,0,,,,,,,,,,,,,,,,,6.466177940368652,0.07,-0.005,0.23937671973184216,2.0917226227613672,0.03,,407153,001,2025-07-15_10h01.00.695,ContPsyTracking,2024.2.4,159.19688352547558,2025-07-15 10h01.05.025414 +0100,
1,0,1,1,0,1,0,,,,,,,,,,,,,,,,,6.475177764892578,0.07,-0.005,0.37712263192006545,2.0354075765385207,0.03,,407153,001,2025-07-15_10h01.00.695,ContPsyTracking,2024.2.4,159.19688352547558,2025-07-15 10h01.05.025414 +0100,
1,0,1,1,0,1,0,,,,,,,,,,,,,,,,,6.484177827835083,0.07,-0.005,0.626021992544747,1.971474051309312,0.03,,407153,001,2025-07-15_10h01.00.695,ContPsyTracking,2024.2.4,159.19688352547558,2025-07-15 10h01.05.025414 +0100,
1,0,1,1,0,1,0,,,,,,,,,,,,,,,,,6.493190765380859,0.07,-0.005,0.662568143610959,1.5125432859739731,0.03,,407153,001,2025-07-15_10h01.00.695,ContPsyTracking,2024.2.4,159.19688352547558,2025-07-15 10h01.05.025414 +0100,
1,0,1,1,0,1,0,,,,,,,,,,,,,,,,,6.502306938171387,0.07,-0.005,0.7066341767828604,1.4576560610804257,0.03,,407153,001,2025-07-15_10h01.00.695,ContPsyTracking,2024.2.4,159.19688352547558,2025-07-15 10h01.05.025414 +0100,
1,0,1,1,0,1,0,,,,,,,,,,,,,,,,,6.511453628540039,0.07,-0.005,0.6616006220277179,1.7894948045705286,0.03,,407153,001,2025-07-15_10h01.00.695,ContPsyTracking,2024.2.4,159.19688352547558,2025-07-15 10h01.05.025414 +0100,
1,0,1,1,0,1,0,,,,,,,,,,,,,,,,,6.520406484603882,0.07,-0.005,0.5829109379292469,1.959291515642195,0.03,,407153,001,2025-07-15_10h01.00.695,ContPsyTracking,2024.2.4,159.19688352547558,2025-07-15 10h01.05.025414 +0100,
1,0,1,1,0,1,0,,,,,,,,,,,,,,,,,6.529406309127808,0.07,-0.005,0.5377447088855356,1.7404662175543184,0.03,,407153,001,2025-07-15_10h01.00.695,ContPsyTracking,2024.2.4,159.19688352547558,2025-07-15 10h01.05.025414 +0100,
1,0,1,1,0,1,0,,,,,,,,,,,,,,,,,6.538405895233154,0.06833333333333333,-0.005,0.7500698280089227,1.581577617751121,0.03,,407153,001,2025-07-15_10h01.00.695,ContPsyTracking,2024.2.4,159.19688352547558,2025-07-15 10h01.05.025414 +0100,
1,0,1,1,0,1,0,,,,,,,,,,,,,,,,,6.548413991928101,0.06833333333333333,-0.005,0.8837387906898356,1.4872304518219623,0.03,,407153,001,2025-07-15_10h01.00.695,ContPsyTracking,2024.2.4,159.19688352547558,2025-07-15 10h01.05.025414 +0100,
1,0,1,1,0,1,0,,,,,,,,,,,,,,,,,6.557414293289185,0.06666666666666667,-0.005,1.2056574621555878,1.5078665079736877,0.03,,407153,001,2025-07-15_10h01.00.695,ContPsyTracking,2024.2.4,159.19688352547558,2025-07-15 10h01.05.025414 +0100,
1,0,1,1,0,1,0,,,,,,,,,,,,,,,,,6.566413879394531,0.06666666666666667,-0.0033333333333333335,1.0960657894978407,1.2027276703194911,0.03,,407153,001,2025-07-15_10h01.00.695,ContPsyTracking,2024.2.4,159.19688352547558,2025-07-15 10h01.05.025414 +0100,
1,0,1,1,0,1,0,,,,,,,,,,,,,,,,,6.57550048828125,0.06666666666666667,-0.0033333333333333335,0.6267255241452747,1.3102653585261654,0.03,,407153,001,2025-07-15_10h01.00.695,ContPsyTracking,2024.2.4,159.19688352547558,2025-07-15 10h01.05.025414 +0100,
1,0,1,1,0,1,0,,,,,,,,,,,,,,,,,6.584656238555908,0.065,-0.0033333333333333335,0.4798344711319221,1.8348774077528582,0.03,,407153,001,2025-07-15_10h01.00.695,ContPsyTracking,2024.2.4,159.19688352547558,2025-07-15 10h01.05.025414 +0100,
1,0,1,1,0,1,0,,,,,,,,,,,,,,,,,6.5929954051971436,0.065,-0.0016666666666666668,0.12093273884505296,2.047800098981763,0.03,,407153,001,2025-07-15_10h01.00.695,ContPsyTracking,2024.2.4,159.19688352547558,2025-07-15 10h01.05.025414 +0100,
1,0,1,1,0,1,0,,,,,,,,,,,,,,,,,6.602967739105225,0.06333333333333334,-0.0016666666666666668,0.14265144520356382,2.2857791855321414,0.03,,407153,001,2025-07-15_10h01.00.695,ContPsyTracking,2024.2.4,159.19688352547558,2025-07-15 10h01.05.025414 +0100,
1,0,1,1,0,1,0,,,,,,,,,,,,,,,,,6.610967636108398,0.06333333333333334,-0.0016666666666666668,0.36595120517253715,1.9819262522977223,0.03,,407153,001,2025-07-15_10h01.00.695,ContPsyTracking,2024.2.4,159.19688352547558,2025-07-15 10h01.05.025414 +0100,
1,0,1,1,0,1,0,,,,,,,,,,,,,,,,,6.620972156524658,0.06166666666666667,-0.0016666666666666668,0.7638120063651346,2.1592298384725668,0.03,,407153,001,2025-07-15_10h01.00.695,ContPsyTracking,2024.2.4,159.19688352547558,2025-07-15 10h01.05.025414 +0100,
1,0,1,1,0,1,0,,,,,,,,,,,,,,,,,6.629076957702637,0.06166666666666667,-0.0033333333333333335,-0.18423617096847955,2.00972603322742,0.03,,407153,001,2025-07-15_10h01.00.695,ContPsyTracking,2024.2.4,159.19688352547558,2025-07-15 10h01.05.025414 +0100,
1,0,1,1,0,1,0,,,,,,,,,,,,,,,,,6.639084577560425,0.058333333333333334,-0.005,-0.27181307158946655,2.1307144142590166,0.03,,407153,001,2025-07-15_10h01.00.695,ContPsyTracking,2024.2.4,159.19688352547558,2025-07-15 10h01.05.025414 +0100,
1,0,1,1,0,1,0,,,,,,,,,,,,,,,,,6.647084712982178,0.058333333333333334,-0.008333333333333333,-0.48781059102885427,1.7493867359383886,0.03,,407153,001,2025-07-15_10h01.00.695,ContPsyTracking,2024.2.4,159.19688352547558,2025-07-15 10h01.05.025414 +0100,
1,0,1,1,0,1,0,,,,,,,,,,,,,,,,,6.657101631164551,0.056666666666666664,-0.008333333333333333,-0.1460825553406946,1.7692550177624988,0.03,,407153,001,2025-07-15_10h01.00.695,ContPsyTracking,2024.2.4,159.19688352547558,2025-07-15 10h01.05.025414 +0100,
1,0,1,1,0,1,0,,,,,,,,,,,,,,,,,6.666110992431641,0.056666666666666664,-0.01,-0.7332850890991751,1.8573017939454035,0.03,,407153,001,2025-07-15_10h01.00.695,ContPsyTracking,2024.2.4,159.19688352547558,2025-07-15 10h01.05.025414 +0100,
1,0,1,1,0,1,0,,,,,,,,,,,,,,,,,6.675111532211304,0.055,-0.01,-0.5637825202285587,1.9626474233424558,0.03,,407153,001,2025-07-15_10h01.00.695,ContPsyTracking,2024.2.4,159.19688352547558,2025-07-15 10h01.05.025414 +0100,
1,0,1,1,0,1,0,,,,,,,,,,,,,,,,,6.6841113567352295,0.055,-0.01,-0.5529335947084763,2.0271049791687483,0.03,,407153,001,2025-07-15_10h01.00.695,ContPsyTracking,2024.2.4,159.19688352547558,2025-07-15 10h01.05.025414 +0100,
1,0,1,1,0,1,0,,,,,,,,,,,,,,,,,6.693204879760742,0.055,-0.01,-0.5956095066192161,1.196936460950886,0.03,,407153,001,2025-07-15_10h01.00.695,ContPsyTracking,2024.2.4,159.19688352547558,2025-07-15 10h01.05.025414 +0100,
1,0,1,1,0,1,0,,,,,,,,,,,,,,,,,6.702280044555664,0.055,-0.01,-0.6586745815825416,0.932080809346672,0.03,,407153,001,2025-07-15_10h01.00.695,ContPsyTracking,2024.2.4,159.19688352547558,2025-07-15 10h01.05.025414 +0100,
1,0,1,1,0,1,0,,,,,,,,,,,,,,,,,6.711328029632568,0.055,-0.01,-0.6868957176348622,1.1370030596229233,0.03,,407153,001,2025-07-15_10h01.00.695,ContPsyTracking,2024.2.4,159.19688352547558,2025-07-15 10h01.05.025414 +0100,
1,0,1,1,0,1,0,,,,,,,,,,,,,,,,,6.720327854156494,0.055,-0.01,-0.9526275587230688,2.041184888093889,0.03,,407153,001,2025-07-15_10h01.00.695,ContPsyTracking,2024.2.4,159.19688352547558,2025-07-15 10h01.05.025414 +0100,
1,0,1,1,0,1,0,,,,,,,,,,,,,,,,,6.729340553283691,0.05333333333333334,-0.01,-0.46338286989885946,2.4686061082787876,0.03,,407153,001,2025-07-15_10h01.00.695,ContPsyTracking,2024.2.4,159.19688352547558,2025-07-15 10h01.05.025414 +0100,
1,0,1,1,0,1,0,,,,,,,,,,,,,,,,,6.738340139389038,0.05333333333333334,-0.01,-0.3048622049651831,2.5836737504977894,0.03,,407153,001,2025-07-15_10h01.00.695,ContPsyTracking,2024.2.4,159.19688352547558,2025-07-15 10h01.05.025414 +0100,
1,0,1,1,0,1,0,,,,,,,,,,,,,,,,,6.748340368270874,0.05333333333333334,-0.01,-0.8049556752608471,3.0559966645859356,0.03,,407153,001,2025-07-15_10h01.00.695,ContPsyTracking,2024.2.4,159.19688352547558,2025-07-15 10h01.05.025414 +0100,
1,0,1,1,0,1,0,,,,,,,,,,,,,,,,,6.7573487758636475,0.05333333333333334,-0.01,-0.6032560631342261,2.9659347044033315,0.03,,407153,001,2025-07-15_10h01.00.695,ContPsyTracking,2024.2.4,159.19688352547558,2025-07-15 10h01.05.025414 +0100,
1,0,1,1,0,1,0,,,,,,,,,,,,,,,,,6.766353368759155,0.05333333333333334,-0.01,-0.6995654643838589,2.7776106386266526,0.03,,407153,001,2025-07-15_10h01.00.695,ContPsyTracking,2024.2.4,159.19688352547558,2025-07-15 10h01.05.025414 +0100,
1,0,1,1,0,1,0,,,,,,,,,,,,,,,,,6.775432348251343,0.05333333333333334,-0.01,-0.11490461897341842,3.2896149270094917,0.03,,407153,001,2025-07-15_10h01.00.695,ContPsyTracking,2024.2.4,159.19688352547558,2025-07-15 10h01.05.025414 +0100,
1,0,1,1,0,1,0,,,,,,,,,,,,,,,,,6.7844557762146,0.05333333333333334,-0.01,0.09240918301796094,3.658965490819559,0.03,,407153,001,2025-07-15_10h01.00.695,ContPsyTracking,2024.2.4,159.19688352547558,2025-07-15 10h01.05.025414 +0100,
1,0,1,1,0,1,0,,,,,,,,,,,,,,,,,6.793518781661987,0.05333333333333334,-0.01,-0.19265239613834725,3.8040134241028105,0.03,,407153,001,2025-07-15_10h01.00.695,ContPsyTracking,2024.2.4,159.19688352547558,2025-07-15 10h01.05.025414 +0100,
1,0,1,1,0,1,0,,,,,,,,,,,,,,,,,6.802608966827393,0.055,-0.01,0.17706050586118224,3.2802971499224607,0.03,,407153,001,2025-07-15_10h01.00.695,ContPsyTracking,2024.2.4,159.19688352547558,2025-07-15 10h01.05.025414 +0100,
1,0,1,1,0,1,0,,,,,,,,,,,,,,,,,6.8119354248046875,0.055,-0.01,0.2335371993895018,3.2016672212746555,0.03,,407153,001,2025-07-15_10h01.00.695,ContPsyTracking,2024.2.4,159.19688352547558,2025-07-15 10h01.05.025414 +0100,
1,0,1,1,0,1,0,,,,,,,,,,,,,,,,,6.820951461791992,0.056666666666666664,-0.01,0.05295632379746515,3.2842173667709056,0.03,,407153,001,2025-07-15_10h01.00.695,ContPsyTracking,2024.2.4,159.19688352547558,2025-07-15 10h01.05.025414 +0100,
1,0,1,1,0,1,0,,,,,,,,,,,,,,,,,6.8299641609191895,0.058333333333333334,-0.01,-0.19095582435208272,3.2163640888594673,0.03,,407153,001,2025-07-15_10h01.00.695,ContPsyTracking,2024.2.4,159.19688352547558,2025-07-15 10h01.05.025414 +0100,
1,0,1,1,0,1,0,,,,,,,,,,,,,,,,,6.83897590637207,0.06,-0.01,0.05688903626637379,3.6990092072682677,0.03,,407153,001,2025-07-15_10h01.00.695,ContPsyTracking,2024.2.4,159.19688352547558,2025-07-15 10h01.05.025414 +0100,
1,0,1,1,0,1,0,,,,,,,,,,,,,,,,,6.847975254058838,0.06333333333333334,-0.006666666666666667,-0.06939945852260074,3.416943866344907,0.03,,407153,001,2025-07-15_10h01.00.695,ContPsyTracking,2024.2.4,159.19688352547558,2025-07-15 10h01.05.025414 +0100,
1,0,1,1,0,1,0,,,,,,,,,,,,,,,,,6.856976747512817,0.06333333333333334,-0.005,-0.06049751557055433,3.1450240302877774,0.03,,407153,001,2025-07-15_10h01.00.695,ContPsyTracking,2024.2.4,159.19688352547558,2025-07-15 10h01.05.025414 +0100,
1,0,1,1,0,1,0,,,,,,,,,,,,,,,,,6.866000413894653,0.06333333333333334,-0.0033333333333333335,-0.26203979465728755,3.131786708066316,0.03,,407153,001,2025-07-15_10h01.00.695,ContPsyTracking,2024.2.4,159.19688352547558,2025-07-15 10h01.05.025414 +0100,
1,0,1,1,0,1,0,,,,,,,,,,,,,,,,,6.8749964237213135,0.06333333333333334,-0.0016666666666666668,-0.39226949506774356,3.267789844182848,0.03,,407153,001,2025-07-15_10h01.00.695,ContPsyTracking,2024.2.4,159.19688352547558,2025-07-15 10h01.05.025414 +0100,
1,0,1,1,0,1,0,,,,,,,,,,,,,,,,,6.88399600982666,0.06333333333333334,-0.0016666666666666668,-0.7847273004608606,3.7724681474774817,0.03,,407153,001,2025-07-15_10h01.00.695,ContPsyTracking,2024.2.4,159.19688352547558,2025-07-15 10h01.05.025414 +0100,
1,0,1,1,0,1,0,,,,,,,,,,,,,,,,,6.893000364303589,0.065,0.0,-0.7450932928908872,3.5899591201123484,0.03,,407153,001,2025-07-15_10h01.00.695,ContPsyTracking,2024.2.4,159.19688352547558,2025-07-15 10h01.05.025414 +0100,
1,0,1,1,0,1,0,,,,,,,,,,,,,,,,,6.902000904083252,0.065,0.0,-0.6691017840717043,3.674524353023145,0.03,,407153,001,2025-07-15_10h01.00.695,ContPsyTracking,2024.2.4,159.19688352547558,2025-07-15 10h01.05.025414 +0100,
1,0,1,1,0,1,0,,,,,,,,,,,,,,,,,6.91200065612793,0.065,0.0,-0.7963273983216831,3.69218106679532,0.03,,407153,001,2025-07-15_10h01.00.695,ContPsyTracking,2024.2.4,159.19688352547558,2025-07-15 10h01.05.025414 +0100,
1,0,1,1,0,1,0,,,,,,,,,,,,,,,,,6.920000791549683,0.065,0.0016666666666666668,-1.0882907648399505,3.701629277642891,0.03,,407153,001,2025-07-15_10h01.00.695,ContPsyTracking,2024.2.4,159.19688352547558,2025-07-15 10h01.05.025414 +0100,
1,0,1,1,0,1,0,,,,,,,,,,,,,,,,,6.930000305175781,0.065,0.0016666666666666668,-1.0160897193572176,4.062742865466763,0.03,,407153,001,2025-07-15_10h01.00.695,ContPsyTracking,2024.2.4,159.19688352547558,2025-07-15 10h01.05.025414 +0100,
1,0,1,1,0,1,0,,,,,,,,,,,,,,,,,6.9379966259002686,0.065,0.0016666666666666668,-1.1451581387212566,3.924429061736552,0.03,,407153,001,2025-07-15_10h01.00.695,ContPsyTracking,2024.2.4,159.19688352547558,2025-07-15 10h01.05.025414 +0100,
1,0,1,1,0,1,0,,,,,,,,,,,,,,,,,6.948000431060791,0.065,0.0016666666666666668,-0.7123959970851244,4.245515106277966,0.03,,407153,001,2025-07-15_10h01.00.695,ContPsyTracking,2024.2.4,159.19688352547558,2025-07-15 10h01.05.025414 +0100,
1,0,1,1,0,1,0,,,,,,,,,,,,,,,,,6.956013441085815,0.065,0.0033333333333333335,-0.7474834043755187,4.208145391170023,0.03,,407153,001,2025-07-15_10h01.00.695,ContPsyTracking,2024.2.4,159.19688352547558,2025-07-15 10h01.05.025414 +0100,
1,0,1,1,0,1,0,,,,,,,,,,,,,,,,,6.96606183052063,0.065,0.0033333333333333335,-0.7824519547536087,4.237904791877538,0.03,,407153,001,2025-07-15_10h01.00.695,ContPsyTracking,2024.2.4,159.19688352547558,2025-07-15 10h01.05.025414 +0100,
1,0,1,1,0,1,0,,,,,,,,,,,,,,,,,6.975061655044556,0.065,0.0033333333333333335,-1.0426685069666015,4.476422260847109,0.03,,407153,001,2025-07-15_10h01.00.695,ContPsyTracking,2024.2.4,159.19688352547558,2025-07-15 10h01.05.025414 +0100,
1,0,1,1,0,1,0,,,,,,,,,,,,,,,,,6.984057426452637,0.065,0.0033333333333333335,-1.3509950058400588,4.9320010909335785,0.03,,407153,001,2025-07-15_10h01.00.695,ContPsyTracking,2024.2.4,159.19688352547558,2025-07-15 10h01.05.025414 +0100,
1,0,1,1,0,1,0,,,,,,,,,,,,,,,,,6.9930620193481445,0.065,0.0033333333333333335,-1.4506141852632721,4.8268219953144955,0.03,,407153,001,2025-07-15_10h01.00.695,ContPsyTracking,2024.2.4,159.19688352547558,2025-07-15 10h01.05.025414 +0100,
1,0,1,1,0,1,0,,,,,,,,,,,,,,,,,7.002194404602051,0.065,0.0033333333333333335,-1.8452580230084912,4.825844925868473,0.03,,407153,001,2025-07-15_10h01.00.695,ContPsyTracking,2024.2.4,159.19688352547558,2025-07-15 10h01.05.025414 +0100,
1,0,1,1,0,1,0,,,,,,,,,,,,,,,,,7.011144399642944,0.065,0.0033333333333333335,-1.768246759621025,5.196124693325326,0.03,,407153,001,2025-07-15_10h01.00.695,ContPsyTracking,2024.2.4,159.19688352547558,2025-07-15 10h01.05.025414 +0100,
1,0,1,1,0,1,0,,,,,,,,,,,,,,,,,7.02117657661438,0.065,0.0033333333333333335,-1.5057996750583038,4.6682163628014255,0.03,,407153,001,2025-07-15_10h01.00.695,ContPsyTracking,2024.2.4,159.19688352547558,2025-07-15 10h01.05.025414 +0100,
1,0,1,1,0,1,0,,,,,,,,,,,,,,,,,7.029176950454712,0.065,0.0033333333333333335,-1.5590187459025184,4.166673839344545,0.03,,407153,001,2025-07-15_10h01.00.695,ContPsyTracking,2024.2.4,159.19688352547558,2025-07-15 10h01.05.025414 +0100,
1,0,1,1,0,1,0,,,,,,,,,,,,,,,,,7.03917670249939,0.065,0.0033333333333333335,-1.3964897743991598,4.401476329100223,0.03,,407153,001,2025-07-15_10h01.00.695,ContPsyTracking,2024.2.4,159.19688352547558,2025-07-15 10h01.05.025414 +0100,
1,0,1,1,0,1,0,,,,,,,,,,,,,,,,,7.047176837921143,0.065,0.0033333333333333335,-0.9324116849036075,3.9619585405186726,0.03,,407153,001,2025-07-15_10h01.00.695,ContPsyTracking,2024.2.4,159.19688352547558,2025-07-15 10h01.05.025414 +0100,
1,0,1,1,0,1,0,,,,,,,,,,,,,,,,,7.057176828384399,0.065,0.0033333333333333335,-0.9975597653212485,3.6127096247953596,0.03,,407153,001,2025-07-15_10h01.00.695,ContPsyTracking,2024.2.4,159.19688352547558,2025-07-15 10h01.05.025414 +0100,
1,0,1,1,0,1,0,,,,,,,,,,,,,,,,,7.065176725387573,0.06333333333333334,0.0033333333333333335,-1.4640549662228841,3.8979428188709275,0.03,,407153,001,2025-07-15_10h01.00.695,ContPsyTracking,2024.2.4,159.19688352547558,2025-07-15 10h01.05.025414 +0100,
1,0,1,1,0,1,0,,,,,,,,,,,,,,,,,7.07517671585083,0.06333333333333334,0.0,-1.1858500047566989,3.653710479041227,0.03,,407153,001,2025-07-15_10h01.00.695,ContPsyTracking,2024.2.4,159.19688352547558,2025-07-15 10h01.05.025414 +0100,
1,0,1,1,0,1,0,,,,,,,,,,,,,,,,,7.083177089691162,0.06166666666666667,-0.0016666666666666668,-1.1599707958104624,3.367341389962247,0.03,,407153,001,2025-07-15_10h01.00.695,ContPsyTracking,2024.2.4,159.19688352547558,2025-07-15 10h01.05.025414 +0100,
1,0,1,1,0,1,0,,,,,,,,,,,,,,,,,7.093193769454956,0.06166666666666667,-0.005,-1.3530521229455945,3.6805170507114315,0.03,,407153,001,2025-07-15_10h01.00.695,ContPsyTracking,2024.2.4,159.19688352547558,2025-07-15 10h01.05.025414 +0100,
1,0,1,1,0,1,0,,,,,,,,,,,,,,,,,7.101202011108398,0.06166666666666667,-0.008333333333333333,-1.3968513004370753,3.3054308243470554,0.03,,407153,001,2025-07-15_10h01.00.695,ContPsyTracking,2024.2.4,159.19688352547558,2025-07-15 10h01.05.025414 +0100,
1,0,1,1,0,1,0,,,,,,,,,,,,,,,,,7.111201763153076,0.06166666666666667,-0.011666666666666667,-2.1430759392650676,3.3903180255315304,0.03,,407153,001,2025-07-15_10h01.00.695,ContPsyTracking,2024.2.4,159.19688352547558,2025-07-15 10h01.05.025414 +0100,
1,0,1,1,0,1,0,,,,,,,,,,,,,,,,,7.11920166015625,0.06166666666666667,-0.013333333333333334,-2.3015987511451588,3.69951605458745,0.03,,407153,001,2025-07-15_10h01.00.695,ContPsyTracking,2024.2.4,159.19688352547558,2025-07-15 10h01.05.025414 +0100,
1,0,1,1,0,1,0,,,,,,,,,,,,,,,,,7.129342317581177,0.06166666666666667,-0.013333333333333334,-1.9831699472691273,3.4480893326655497,0.03,,407153,001,2025-07-15_10h01.00.695,ContPsyTracking,2024.2.4,159.19688352547558,2025-07-15 10h01.05.025414 +0100,
1,0,1,1,0,1,0,,,,,,,,,,,,,,,,,7.138350009918213,0.06333333333333334,-0.015,-1.9573393346470773,3.294638772739588,0.03,,407153,001,2025-07-15_10h01.00.695,ContPsyTracking,2024.2.4,159.19688352547558,2025-07-15 10h01.05.025414 +0100,
1,0,1,1,0,1,0,,,,,,,,,,,,,,,,,7.147350311279297,0.065,-0.015,-2.2172896970423315,3.2835092002310113,0.03,,407153,001,2025-07-15_10h01.00.695,ContPsyTracking,2024.2.4,159.19688352547558,2025-07-15 10h01.05.025414 +0100,
1,0,1,1,0,1,0,,,,,,,,,,,,,,,,,7.156366586685181,0.065,-0.015,-2.525847812779918,3.6453094640169343,0.03,,407153,001,2025-07-15_10h01.00.695,ContPsyTracking,2024.2.4,159.19688352547558,2025-07-15 10h01.05.025414 +0100,
1,0,1,1,0,1,0,,,,,,,,,,,,,,,,,7.166400194168091,0.065,-0.015,-2.928608729020039,3.1492158489126445,0.03,,407153,001,2025-07-15_10h01.00.695,ContPsyTracking,2024.2.4,159.19688352547558,2025-07-15 10h01.05.025414 +0100,
1,0,1,1,0,1,0,,,,,,,,,,,,,,,,,7.17441725730896,0.06666666666666667,-0.016666666666666666,-2.7769075125806606,2.981703546028961,0.03,,407153,001,2025-07-15_10h01.00.695,ContPsyTracking,2024.2.4,159.19688352547558,2025-07-15 10h01.05.025414 +0100,
1,0,1,1,0,1,0,,,,,,,,,,,,,,,,,7.184416770935059,0.06833333333333333,-0.016666666666666666,-2.975734915301254,2.6929017523757888,0.03,,407153,001,2025-07-15_10h01.00.695,ContPsyTracking,2024.2.4,159.19688352547558,2025-07-15 10h01.05.025414 +0100,
1,0,1,1,0,1,0,,,,,,,,,,,,,,,,,7.192417621612549,0.06833333333333333,-0.018333333333333333,-3.1137632138717724,2.651262732831401,0.03,,407153,001,2025-07-15_10h01.00.695,ContPsyTracking,2024.2.4,159.19688352547558,2025-07-15 10h01.05.025414 +0100,
1,0,1,1,0,1,0,,,,,,,,,,,,,,,,,7.202416658401489,0.06833333333333333,-0.02,-2.4976858385734255,2.644149646129862,0.03,,407153,001,2025-07-15_10h01.00.695,ContPsyTracking,2024.2.4,159.19688352547558,2025-07-15 10h01.05.025414 +0100,
1,0,1,1,0,1,0,,,,,,,,,,,,,,,,,7.210417032241821,0.06833333333333333,-0.02,-2.537664794365352,2.6599199279805945,0.03,,407153,001,2025-07-15_10h01.00.695,ContPsyTracking,2024.2.4,159.19688352547558,2025-07-15 10h01.05.025414 +0100,
1,0,1,1,0,1,0,,,,,,,,,,,,,,,,,7.220438241958618,0.06833333333333333,-0.02,-2.5317313605930614,2.850182462635388,0.03,,407153,001,2025-07-15_10h01.00.695,ContPsyTracking,2024.2.4,159.19688352547558,2025-07-15 10h01.05.025414 +0100,
1,0,1,1,0,1,0,,,,,,,,,,,,,,,,,7.228438854217529,0.06833333333333333,-0.02,-2.3850394722956665,2.6016106141848083,0.03,,407153,001,2025-07-15_10h01.00.695,ContPsyTracking,2024.2.4,159.19688352547558,2025-07-15 10h01.05.025414 +0100,
1,0,1,1,0,1,0,,,,,,,,,,,,,,,,,7.238438844680786,0.07,-0.02,-2.051098745013556,2.3752718846630225,0.03,,407153,001,2025-07-15_10h01.00.695,ContPsyTracking,2024.2.4,159.19688352547558,2025-07-15 10h01.05.025414 +0100,
1,0,1,1,0,1,0,,,,,,,,,,,,,,,,,7.246534109115601,0.07166666666666667,-0.021666666666666667,-2.278359326982179,1.9455463787931926,0.03,,407153,001,2025-07-15_10h01.00.695,ContPsyTracking,2024.2.4,159.19688352547558,2025-07-15 10h01.05.025414 +0100,
1,0,1,1,0,1,0,,,,,,,,,,,,,,,,,7.256538152694702,0.07333333333333333,-0.025,-2.51208586181383,1.941872420907638,0.03,,407153,001,2025-07-15_10h01.00.695,ContPsyTracking,2024.2.4,159.19688352547558,2025-07-15 10h01.05.025414 +0100,
1,0,1,1,0,1,0,,,,,,,,,,,,,,,,,7.265539169311523,0.075,-0.028333333333333332,-1.794726960406324,2.458788179164932,0.03,,407153,001,2025-07-15_10h01.00.695,ContPsyTracking,2024.2.4,159.19688352547558,2025-07-15 10h01.05.025414 +0100,
1,0,1,1,0,1,0,,,,,,,,,,,,,,,,,7.274549961090088,0.07666666666666666,-0.03166666666666667,-1.9406189772078701,2.117816127352919,0.03,,407153,001,2025-07-15_10h01.00.695,ContPsyTracking,2024.2.4,159.19688352547558,2025-07-15 10h01.05.025414 +0100,
1,0,1,1,0,1,0,,,,,,,,,,,,,,,,,7.283546209335327,0.08166666666666667,-0.03666666666666667,-2.4708038996890833,2.7093700323848178,0.03,,407153,001,2025-07-15_10h01.00.695,ContPsyTracking,2024.2.4,159.19688352547558,2025-07-15 10h01.05.025414 +0100,
1,0,1,1,0,1,0,,,,,,,,,,,,,,,,,7.292550086975098,0.08333333333333333,-0.045,-2.3399843443585744,2.9799562514868647,0.03,,407153,001,2025-07-15_10h01.00.695,ContPsyTracking,2024.2.4,159.19688352547558,2025-07-15 10h01.05.025414 +0100,
1,0,1,1,0,1,0,,,,,,,,,,,,,,,,,7.301562309265137,0.08666666666666667,-0.051666666666666666,-2.0594341910245237,2.566297510787776,0.03,,407153,001,2025-07-15_10h01.00.695,ContPsyTracking,2024.2.4,159.19688352547558,2025-07-15 10h01.05.025414 +0100,
1,0,1,1,0,1,0,,,,,,,,,,,,,,,,,7.311575412750244,0.08833333333333333,-0.058333333333333334,-2.289707844418999,2.5370280127669735,0.03,,407153,001,2025-07-15_10h01.00.695,ContPsyTracking,2024.2.4,159.19688352547558,2025-07-15 10h01.05.025414 +0100,
1,0,1,1,0,1,0,,,,,,,,,,,,,,,,,7.319575309753418,0.09166666666666666,-0.06833333333333333,-1.6776371417133042,2.853073157011485,0.03,,407153,001,2025-07-15_10h01.00.695,ContPsyTracking,2024.2.4,159.19688352547558,2025-07-15 10h01.05.025414 +0100,
1,0,1,1,0,1,0,,,,,,,,,,,,,,,,,7.325575113296509,0.09333333333333334,-0.07833333333333334,-1.171524430854178,2.8404026179182833,0.03,,407153,001,2025-07-15_10h01.00.695,ContPsyTracking,2024.2.4,159.19688352547558,2025-07-15 10h01.05.025414 +0100,
1,0,1,1,0,1,0,,,,,,,,,,,,,,,,,7.33562159538269,0.095,-0.08333333333333333,-1.1977743292654437,3.2245181893543458,0.03,,407153,001,2025-07-15_10h01.00.695,ContPsyTracking,2024.2.4,159.19688352547558,2025-07-15 10h01.05.025414 +0100,
1,0,1,1,0,1,0,,,,,,,,,,,,,,,,,7.343621492385864,0.09666666666666666,-0.09333333333333334,-1.0765302632065765,3.3758896245762497,0.03,,407153,001,2025-07-15_10h01.00.695,ContPsyTracking,2024.2.4,159.19688352547558,2025-07-15 10h01.05.025414 +0100,
1,0,1,1,0,1,0,,,,,,,,,,,,,,,,,7.353621244430542,0.09833333333333333,-0.105,-0.9592072190372827,3.367154208733714,0.03,,407153,001,2025-07-15_10h01.00.695,ContPsyTracking,2024.2.4,159.19688352547558,2025-07-15 10h01.05.025414 +0100,
1,0,1,1,0,1,0,,,,,,,,,,,,,,,,,7.361621141433716,0.09833333333333333,-0.11166666666666666,-1.2787834289908497,3.419217617126829,0.03,,407153,001,2025-07-15_10h01.00.695,ContPsyTracking,2024.2.4,159.19688352547558,2025-07-15 10h01.05.025414 +0100,
1,0,1,1,0,1,0,,,,,,,,,,,,,,,,,7.371621131896973,0.09833333333333333,-0.11333333333333333,-1.0456794000834002,3.3899575097803907,0.03,,407153,001,2025-07-15_10h01.00.695,ContPsyTracking,2024.2.4,159.19688352547558,2025-07-15 10h01.05.025414 +0100,
1,0,1,1,0,1,0,,,,,,,,,,,,,,,,,7.379621505737305,0.09833333333333333,-0.115,-1.2343757144047593,3.4642716747319118,0.03,,407153,001,2025-07-15_10h01.00.695,ContPsyTracking,2024.2.4,159.19688352547558,2025-07-15 10h01.05.025414 +0100,
1,0,1,1,0,1,0,,,,,,,,,,,,,,,,,7.385621547698975,0.09833333333333333,-0.11666666666666667,-1.0432714519274808,3.5982595388454626,0.03,,407153,001,2025-07-15_10h01.00.695,ContPsyTracking,2024.2.4,159.19688352547558,2025-07-15 10h01.05.025414 +0100,
1,0,1,1,0,1,0,,,,,,,,,,,,,,,,,7.391621351242065,0.09833333333333333,-0.11833333333333333,-0.3790656239548823,3.5398912591187623,0.03,,407153,001,2025-07-15_10h01.00.695,ContPsyTracking,2024.2.4,159.19688352547558,2025-07-15 10h01.05.025414 +0100,
1,0,1,1,0,1,0,,,,,,,,,,,,,,,,,7.401621341705322,0.09833333333333333,-0.12166666666666667,-0.4950961859420928,2.9025053291565484,0.03,,407153,001,2025-07-15_10h01.00.695,ContPsyTracking,2024.2.4,159.19688352547558,2025-07-15 10h01.05.025414 +0100,
1,0,1,1,0,1,0,,,,,,,,,,,,,,,,,7.410621643066406,0.09833333333333333,-0.125,-0.38205534970169536,3.3482153883717762,0.03,,407153,001,2025-07-15_10h01.00.695,ContPsyTracking,2024.2.4,159.19688352547558,2025-07-15 10h01.05.025414 +0100,
1,0,1,1,0,1,0,,,,,,,,,,,,,,,,,7.420621633529663,0.09833333333333333,-0.12833333333333333,-0.2325481595843399,3.7163363560418983,0.03,,407153,001,2025-07-15_10h01.00.695,ContPsyTracking,2024.2.4,159.19688352547558,2025-07-15 10h01.05.025414 +0100,
1,0,1,1,0,1,0,,,,,,,,,,,,,,,,,7.428621530532837,0.09833333333333333,-0.13166666666666665,-0.21993051117397053,3.5921963306814018,0.03,,407153,001,2025-07-15_10h01.00.695,ContPsyTracking,2024.2.4,159.19688352547558,2025-07-15 10h01.05.025414 +0100,
1,0,1,1,0,1,0,,,,,,,,,,,,,,,,,7.434635639190674,0.09833333333333333,-0.13166666666666665,-0.040171557593799756,3.2991969093873084,0.03,,407153,001,2025-07-15_10h01.00.695,ContPsyTracking,2024.2.4,159.19688352547558,2025-07-15 10h01.05.025414 +0100,
1,0,1,1,0,1,0,,,,,,,,,,,,,,,,,7.440647602081299,0.09833333333333333,-0.13166666666666665,-0.10439179231843394,3.5442378658374607,0.03,,407153,001,2025-07-15_10h01.00.695,ContPsyTracking,2024.2.4,159.19688352547558,2025-07-15 10h01.05.025414 +0100,
1,0,1,1,0,1,0,,,,,,,,,,,,,,,,,7.450664281845093,0.09833333333333333,-0.13166666666666665,-0.3555345155189914,3.4444517846647265,0.03,,407153,001,2025-07-15_10h01.00.695,ContPsyTracking,2024.2.4,159.19688352547558,2025-07-15 10h01.05.025414 +0100,
1,0,1,1,0,1,0,,,,,,,,,,,,,,,,,7.458838701248169,0.09833333333333333,-0.13166666666666665,-0.4163339140121856,3.580765304645249,0.03,,407153,001,2025-07-15_10h01.00.695,ContPsyTracking,2024.2.4,159.19688352547558,2025-07-15 10h01.05.025414 +0100,
1,0,1,1,0,1,0,,,,,,,,,,,,,,,,,7.468873023986816,0.09833333333333333,-0.13166666666666665,-0.4651968330322096,3.6865313038486347,0.03,,407153,001,2025-07-15_10h01.00.695,ContPsyTracking,2024.2.4,159.19688352547558,2025-07-15 10h01.05.025414 +0100,
1,0,1,1,0,1,0,,,,,,,,,,,,,,,,,7.47688627243042,0.095,-0.12833333333333333,-0.8857170652284584,3.917596138602858,0.03,,407153,001,2025-07-15_10h01.00.695,ContPsyTracking,2024.2.4,159.19688352547558,2025-07-15 10h01.05.025414 +0100,
1,0,1,1,0,1,0,,,,,,,,,,,,,,,,,7.486890077590942,0.095,-0.125,-1.4305727659833076,3.6772051681157274,0.03,,407153,001,2025-07-15_10h01.00.695,ContPsyTracking,2024.2.4,159.19688352547558,2025-07-15 10h01.05.025414 +0100,
1,0,1,1,0,1,0,,,,,,,,,,,,,,,,,7.494898080825806,0.09166666666666666,-0.12166666666666667,-0.7978386060244295,3.533832206440526,0.03,,407153,001,2025-07-15_10h01.00.695,ContPsyTracking,2024.2.4,159.19688352547558,2025-07-15 10h01.05.025414 +0100,
1,0,1,1,0,1,0,,,,,,,,,,,,,,,,,7.500898599624634,0.09,-0.12,-0.5338735929930651,3.682199656629913,0.03,,407153,001,2025-07-15_10h01.00.695,ContPsyTracking,2024.2.4,159.19688352547558,2025-07-15 10h01.05.025414 +0100,
1,0,1,1,0,1,0,,,,,,,,,,,,,,,,,7.510898113250732,0.09,-0.11833333333333333,0.16649033907019695,4.255163079150667,0.03,,407153,001,2025-07-15_10h01.00.695,ContPsyTracking,2024.2.4,159.19688352547558,2025-07-15 10h01.05.025414 +0100,
1,0,1,1,0,1,0,,,,,,,,,,,,,,,,,7.519026517868042,0.08666666666666667,-0.11666666666666667,0.024288303070987644,4.9370512939181985,0.03,,407153,001,2025-07-15_10h01.00.695,ContPsyTracking,2024.2.4,159.19688352547558,2025-07-15 10h01.05.025414 +0100,
1,0,1,1,0,1,0,,,,,,,,,,,,,,,,,7.529026508331299,0.08666666666666667,-0.115,0.3234178427581825,4.74421921841508,0.03,,407153,001,2025-07-15_10h01.00.695,ContPsyTracking,2024.2.4,159.19688352547558,2025-07-15 10h01.05.025414 +0100,
1,0,1,1,0,1,0,,,,,,,,,,,,,,,,,7.538053750991821,0.085,-0.11333333333333333,0.76685936492443,4.82440451076798,0.03,,407153,001,2025-07-15_10h01.00.695,ContPsyTracking,2024.2.4,159.19688352547558,2025-07-15 10h01.05.025414 +0100,
1,0,1,1,0,1,0,,,,,,,,,,,,,,,,,7.5471742153167725,0.08333333333333333,-0.11166666666666666,1.1724106122770936,5.18539898901576,0.03,,407153,001,2025-07-15_10h01.00.695,ContPsyTracking,2024.2.4,159.19688352547558,2025-07-15 10h01.05.025414 +0100,
1,0,1,1,0,1,0,,,,,,,,,,,,,,,,,7.5551745891571045,0.08166666666666667,-0.10833333333333334,0.81515077922226,5.41752250282516,0.03,,407153,001,2025-07-15_10h01.00.695,ContPsyTracking,2024.2.4,159.19688352547558,2025-07-15 10h01.05.025414 +0100,
1,0,1,1,0,1,0,,,,,,,,,,,,,,,,,7.561174154281616,0.08,-0.10666666666666667,0.560260196956841,5.211056572755342,0.03,,407153,001,2025-07-15_10h01.00.695,ContPsyTracking,2024.2.4,159.19688352547558,2025-07-15 10h01.05.025414 +0100,
1,0,1,1,0,1,0,,,,,,,,,,,,,,,,,7.567174434661865,0.07833333333333334,-0.105,0.8289311994957034,5.28284858738207,0.03,,407153,001,2025-07-15_10h01.00.695,ContPsyTracking,2024.2.4,159.19688352547558,2025-07-15 10h01.05.025414 +0100,
1,0,1,1,0,1,0,,,,,,,,,,,,,,,,,7.573173761367798,0.07833333333333334,-0.105,0.8090417459086933,5.170943088756438,0.03,,407153,001,2025-07-15_10h01.00.695,ContPsyTracking,2024.2.4,159.19688352547558,2025-07-15 10h01.05.025414 +0100,
1,0,1,1,0,1,0,,,,,,,,,,,,,,,,,7.579174280166626,0.07833333333333334,-0.105,1.017704796704585,4.956833713769827,0.03,,407153,001,2025-07-15_10h01.00.695,ContPsyTracking,2024.2.4,159.19688352547558,2025-07-15 10h01.05.025414 +0100,
1,0,1,1,0,1,0,,,,,,,,,,,,,,,,,7.585174083709717,0.07833333333333334,-0.105,0.7304563826697318,5.070538434706367,0.03,,407153,001,2025-07-15_10h01.00.695,ContPsyTracking,2024.2.4,159.19688352547558,2025-07-15 10h01.05.025414 +0100,
1,0,1,1,0,1,0,,,,,,,,,,,,,,,,,7.592174768447876,0.07666666666666666,-0.10333333333333333,1.384340269888201,4.9794819623814215,0.03,,407153,001,2025-07-15_10h01.00.695,ContPsyTracking,2024.2.4,159.19688352547558,2025-07-15 10h01.05.025414 +0100,
1,0,1,1,0,1,0,,,,,,,,,,,,,,,,,7.598174095153809,0.07666666666666666,-0.10333333333333333,2.027044390733705,5.202739293169407,0.03,,407153,001,2025-07-15_10h01.00.695,ContPsyTracking,2024.2.4,159.19688352547558,2025-07-15 10h01.05.025414 +0100,
1,0,1,1,0,1,0,,,,,,,,,,,,,,,,,7.604183673858643,0.075,-0.10333333333333333,2.1169154542349573,5.251637730813595,0.03,,407153,001,2025-07-15_10h01.00.695,ContPsyTracking,2024.2.4,159.19688352547558,2025-07-15 10h01.05.025414 +0100,
1,0,1,1,0,1,0,,,,,,,,,,,,,,,,,7.610183954238892,0.075,-0.10166666666666667,2.19558698018802,5.324633399540044,0.03,,407153,001,2025-07-15_10h01.00.695,ContPsyTracking,2024.2.4,159.19688352547558,2025-07-15 10h01.05.025414 +0100,
1,0,1,1,0,1,0,,,,,,,,,,,,,,,,,7.616183757781982,0.07333333333333333,-0.1,1.6784730613389178,5.588936529780966,0.03,,407153,001,2025-07-15_10h01.00.695,ContPsyTracking,2024.2.4,159.19688352547558,2025-07-15 10h01.05.025414 +0100,
1,0,1,1,0,1,0,,,,,,,,,,,,,,,,,7.622183799743652,0.07166666666666667,-0.1,1.7809132002144628,5.972593651726221,0.03,,407153,001,2025-07-15_10h01.00.695,ContPsyTracking,2024.2.4,159.19688352547558,2025-07-15 10h01.05.025414 +0100,
1,0,1,1,0,1,0,,,,,,,,,,,,,,,,,7.628183841705322,0.07,-0.09833333333333333,1.7102550476808756,5.974615310457008,0.03,,407153,001,2025-07-15_10h01.00.695,ContPsyTracking,2024.2.4,159.19688352547558,2025-07-15 10h01.05.025414 +0100,
1,0,1,1,0,1,0,,,,,,,,,,,,,,,,,7.634183645248413,0.07,-0.09666666666666666,1.9189667693474135,5.5956823393798345,0.03,,407153,001,2025-07-15_10h01.00.695,ContPsyTracking,2024.2.4,159.19688352547558,2025-07-15 10h01.05.025414 +0100,
1,0,1,1,0,1,0,,,,,,,,,,,,,,,,,7.6401848793029785,0.07,-0.095,1.8695580621508625,5.520833289387554,0.03,,407153,001,2025-07-15_10h01.00.695,ContPsyTracking,2024.2.4,159.19688352547558,2025-07-15 10h01.05.025414 +0100,
1,0,1,1,0,1,0,,,,,,,,,,,,,,,,,7.650183439254761,0.06833333333333333,-0.095,1.493133683476843,5.392899100412374,0.03,,407153,001,2025-07-15_10h01.00.695,ContPsyTracking,2024.2.4,159.19688352547558,2025-07-15 10h01.05.025414 +0100,
1,0,1,1,0,1,0,,,,,,,,,,,,,,,,,7.658228874206543,0.06666666666666667,-0.095,1.5913794156308485,4.676917770092438,0.03,,407153,001,2025-07-15_10h01.00.695,ContPsyTracking,2024.2.4,159.19688352547558,2025-07-15 10h01.05.025414 +0100,
1,0,1,1,0,1,0,,,,,,,,,,,,,,,,,7.664227485656738,0.06666666666666667,-0.09166666666666666,1.0040819312569924,4.4449093885982665,0.03,,407153,001,2025-07-15_10h01.00.695,ContPsyTracking,2024.2.4,159.19688352547558,2025-07-15 10h01.05.025414 +0100,
1,0,1,1,0,1,0,,,,,,,,,,,,,,,,,7.67022705078125,0.065,-0.09166666666666666,1.2195739450577292,4.587880471681414,0.03,,407153,001,2025-07-15_10h01.00.695,ContPsyTracking,2024.2.4,159.19688352547558,2025-07-15 10h01.05.025414 +0100,
1,0,1,1,0,1,0,,,,,,,,,,,,,,,,,7.676226854324341,0.06333333333333334,-0.08833333333333333,1.2570130282737009,5.089281546231744,0.03,,407153,001,2025-07-15_10h01.00.695,ContPsyTracking,2024.2.4,159.19688352547558,2025-07-15 10h01.05.025414 +0100,
1,0,1,1,0,1,0,,,,,,,,,,,,,,,,,7.682226896286011,0.06166666666666667,-0.08666666666666667,1.2074681524454494,4.619626635970195,0.03,,407153,001,2025-07-15_10h01.00.695,ContPsyTracking,2024.2.4,159.19688352547558,2025-07-15 10h01.05.025414 +0100,
1,0,1,1,0,1,0,,,,,,,,,,,,,,,,,7.688226938247681,0.06,-0.08333333333333333,1.2980232089441788,3.656316293638258,0.03,,407153,001,2025-07-15_10h01.00.695,ContPsyTracking,2024.2.4,159.19688352547558,2025-07-15 10h01.05.025414 +0100,
1,0,1,1,0,1,0,,,,,,,,,,,,,,,,,7.69422721862793,0.058333333333333334,-0.08,1.4120625117402121,3.793544493689958,0.03,,407153,001,2025-07-15_10h01.00.695,ContPsyTracking,2024.2.4,159.19688352547558,2025-07-15 10h01.05.025414 +0100,
1,0,1,1,0,1,0,,,,,,,,,,,,,,,,,7.700227499008179,0.055,-0.07666666666666666,1.3200948219977027,3.859323140443209,0.03,,407153,001,2025-07-15_10h01.00.695,ContPsyTracking,2024.2.4,159.19688352547558,2025-07-15 10h01.05.025414 +0100,
1,0,1,1,0,1,0,,,,,,,,,,,,,,,,,7.7072272300720215,0.05333333333333334,-0.07333333333333333,1.0828132982705783,3.6943371611913722,0.03,,407153,001,2025-07-15_10h01.00.695,ContPsyTracking,2024.2.4,159.19688352547558,2025-07-15 10h01.05.025414 +0100,
1,0,1,1,0,1,0,,,,,,,,,,,,,,,,,7.71224308013916,0.05,-0.07166666666666667,1.0095765293274463,4.165403758679203,0.03,,407153,001,2025-07-15_10h01.00.695,ContPsyTracking,2024.2.4,159.19688352547558,2025-07-15 10h01.05.025414 +0100,
1,0,1,1,0,1,0,,,,,,,,,,,,,,,,,7.719240188598633,0.04833333333333333,-0.06833333333333333,0.9425606097097187,3.944962231577372,0.03,,407153,001,2025-07-15_10h01.00.695,ContPsyTracking,2024.2.4,159.19688352547558,2025-07-15 10h01.05.025414 +0100,
1,0,1,1,0,1,0,,,,,,,,,,,,,,,,,7.725239992141724,0.04666666666666667,-0.06666666666666667,1.3387434665738986,3.7962502181996647,0.03,,407153,001,2025-07-15_10h01.00.695,ContPsyTracking,2024.2.4,159.19688352547558,2025-07-15 10h01.05.025414 +0100,
1,0,1,1,0,1,0,,,,,,,,,,,,,,,,,7.731240272521973,0.045,-0.065,1.5820106181743783,3.6032347624953416,0.03,,407153,001,2025-07-15_10h01.00.695,ContPsyTracking,2024.2.4,159.19688352547558,2025-07-15 10h01.05.025414 +0100,
1,0,1,1,0,1,0,,,,,,,,,,,,,,,,,7.737239837646484,0.043333333333333335,-0.06333333333333334,1.875097516561223,4.041879965375013,0.03,,407153,001,2025-07-15_10h01.00.695,ContPsyTracking,2024.2.4,159.19688352547558,2025-07-15 10h01.05.025414 +0100,
1,0,1,1,0,1,0,,,,,,,,,,,,,,,,,7.743239879608154,0.041666666666666664,-0.06,1.1807151603756472,4.298025529735472,0.03,,407153,001,2025-07-15_10h01.00.695,ContPsyTracking,2024.2.4,159.19688352547558,2025-07-15 10h01.05.025414 +0100,
1,0,1,1,0,1,0,,,,,,,,,,,,,,,,,7.749241828918457,0.04,-0.058333333333333334,0.7545869080432365,4.2909723191192235,0.03,,407153,001,2025-07-15_10h01.00.695,ContPsyTracking,2024.2.4,159.19688352547558,2025-07-15 10h01.05.025414 +0100,
1,0,1,1,0,1,0,,,,,,,,,,,,,,,,,7.755241394042969,0.03666666666666667,-0.056666666666666664,0.7293839381811807,4.056451201667422,0.03,,407153,001,2025-07-15_10h01.00.695,ContPsyTracking,2024.2.4,159.19688352547558,2025-07-15 10h01.05.025414 +0100,
1,0,1,1,0,1,0,,,,,,,,,,,,,,,,,7.761240482330322,0.03666666666666667,-0.05333333333333334,0.4786420838086463,4.049633870712436,0.03,,407153,001,2025-07-15_10h01.00.695,ContPsyTracking,2024.2.4,159.19688352547558,2025-07-15 10h01.05.025414 +0100,
1,0,1,1,0,1,0,,,,,,,,,,,,,,,,,7.767240762710571,0.03333333333333333,-0.05,0.33557896648308094,3.9520007000082216,0.03,,407153,001,2025-07-15_10h01.00.695,ContPsyTracking,2024.2.4,159.19688352547558,2025-07-15 10h01.05.025414 +0100,
1,0,1,1,0,1,0,,,,,,,,,,,,,,,,,7.773240089416504,0.03,-0.04666666666666667,0.8216224571870455,3.8938762130785234,0.03,,407153,001,2025-07-15_10h01.00.695,ContPsyTracking,2024.2.4,159.19688352547558,2025-07-15 10h01.05.025414 +0100,
1,0,1,1,0,1,0,,,,,,,,,,,,,,,,,7.779240369796753,0.028333333333333332,-0.045,0.8845951088055778,4.163562551095056,0.03,,407153,001,2025-07-15_10h01.00.695,ContPsyTracking,2024.2.4,159.19688352547558,2025-07-15 10h01.05.025414 +0100,
1,0,1,1,0,1,0,,,,,,,,,,,,,,,,,7.785239934921265,0.025,-0.041666666666666664,0.6093833430434153,4.009792428365252,0.03,,407153,001,2025-07-15_10h01.00.695,ContPsyTracking,2024.2.4,159.19688352547558,2025-07-15 10h01.05.025414 +0100,
1,0,1,1,0,1,0,,,,,,,,,,,,,,,,,7.7922399044036865,0.021666666666666667,-0.041666666666666664,0.5845035530988014,4.224106349098289,0.03,,407153,001,2025-07-15_10h01.00.695,ContPsyTracking,2024.2.4,159.19688352547558,2025-07-15 10h01.05.025414 +0100,
1,0,1,1,0,1,0,,,,,,,,,,,,,,,,,7.802237272262573,0.016666666666666666,-0.04,0.45851593692098447,4.604698137254678,0.03,,407153,001,2025-07-15_10h01.00.695,ContPsyTracking,2024.2.4,159.19688352547558,2025-07-15 10h01.05.025414 +0100,
1,0,1,1,0,1,0,,,,,,,,,,,,,,,,,7.810255289077759,0.016666666666666666,-0.03333333333333333,0.08245594392356403,4.665905995799575,0.03,,407153,001,2025-07-15_10h01.00.695,ContPsyTracking,2024.2.4,159.19688352547558,2025-07-15 10h01.05.025414 +0100,
1,0,1,1,0,1,0,,,,,,,,,,,,,,,,,7.816267728805542,0.018333333333333333,-0.03166666666666667,0.5159072378672451,4.809187994338852,0.03,,407153,001,2025-07-15_10h01.00.695,ContPsyTracking,2024.2.4,159.19688352547558,2025-07-15 10h01.05.025414 +0100,
1,0,1,1,0,1,0,,,,,,,,,,,,,,,,,7.8222692012786865,0.01,-0.03,0.5856298963820158,4.646342400208242,0.03,,407153,001,2025-07-15_10h01.00.695,ContPsyTracking,2024.2.4,159.19688352547558,2025-07-15 10h01.05.025414 +0100,
1,0,1,1,0,1,0,,,,,,,,,,,,,,,,,7.828287363052368,0.01,-0.03166666666666667,0.7418282817192351,4.603187493827125,0.03,,407153,001,2025-07-15_10h01.00.695,ContPsyTracking,2024.2.4,159.19688352547558,2025-07-15 10h01.05.025414 +0100,
1,0,1,1,0,1,0,,,,,,,,,,,,,,,,,7.834282398223877,0.01,-0.03166666666666667,0.6145529660664711,4.556073642030974,0.03,,407153,001,2025-07-15_10h01.00.695,ContPsyTracking,2024.2.4,159.19688352547558,2025-07-15 10h01.05.025414 +0100,
1,0,1,1,0,1,0,,,,,,,,,,,,,,,,,7.840282440185547,0.01,-0.03166666666666667,0.6470624199483664,4.963478812912298,0.03,,407153,001,2025-07-15_10h01.00.695,ContPsyTracking,2024.2.4,159.19688352547558,2025-07-15 10h01.05.025414 +0100,
1,0,1,1,0,1,0,,,,,,,,,,,,,,,,,7.84629487991333,0.01,-0.03166666666666667,0.5416326824540466,4.6252747969710555,0.03,,407153,001,2025-07-15_10h01.00.695,ContPsyTracking,2024.2.4,159.19688352547558,2025-07-15 10h01.05.025414 +0100,
1,0,1,1,0,1,0,,,,,,,,,,,,,,,,,7.852312326431274,0.01,-0.03166666666666667,0.5545216407089841,4.972930323559762,0.03,,407153,001,2025-07-15_10h01.00.695,ContPsyTracking,2024.2.4,159.19688352547558,2025-07-15 10h01.05.025414 +0100,
1,0,1,1,0,1,0,,,,,,,,,,,,,,,,,7.8583128452301025,0.01,-0.03166666666666667,0.6647540918723238,5.084043464263354,0.03,,407153,001,2025-07-15_10h01.00.695,ContPsyTracking,2024.2.4,159.19688352547558,2025-07-15 10h01.05.025414 +0100,
1,0,1,1,0,1,0,,,,,,,,,,,,,,,,,7.8643128871917725,0.01,-0.03166666666666667,0.33157947494569795,5.1894522929590154,0.03,,407153,001,2025-07-15_10h01.00.695,ContPsyTracking,2024.2.4,159.19688352547558,2025-07-15 10h01.05.025414 +0100,
1,0,1,1,0,1,0,,,,,,,,,,,,,,,,,7.870312213897705,0.01,-0.03166666666666667,0.578206472069865,5.230956563360634,0.03,,407153,001,2025-07-15_10h01.00.695,ContPsyTracking,2024.2.4,159.19688352547558,2025-07-15 10h01.05.025414 +0100,
1,0,1,1,0,1,0,,,,,,,,,,,,,,,,,7.876312494277954,0.01,-0.03166666666666667,0.04801160796321979,5.239511593748682,0.03,,407153,001,2025-07-15_10h01.00.695,ContPsyTracking,2024.2.4,159.19688352547558,2025-07-15 10h01.05.025414 +0100,
1,0,1,1,0,1,0,,,,,,,,,,,,,,,,,7.882312059402466,0.01,-0.03166666666666667,0.0417126592292064,5.365776385728603,0.03,,407153,001,2025-07-15_10h01.00.695,ContPsyTracking,2024.2.4,159.19688352547558,2025-07-15 10h01.05.025414 +0100,
1,0,1,1,0,1,0,,,,,,,,,,,,,,,,,7.888308048248291,0.01,-0.03166666666666667,-0.041415374981233155,5.525510189853532,0.03,,407153,001,2025-07-15_10h01.00.695,ContPsyTracking,2024.2.4,159.19688352547558,2025-07-15 10h01.05.025414 +0100,
1,0,1,1,0,1,0,,,,,,,,,,,,,,,,,7.894397020339966,0.01,-0.03166666666666667,-0.08649280788468969,5.457339136569219,0.03,,407153,001,2025-07-15_10h01.00.695,ContPsyTracking,2024.2.4,159.19688352547558,2025-07-15 10h01.05.025414 +0100,
1,0,1,1,0,1,0,,,,,,,,,,,,,,,,,7.90048360824585,0.01,-0.03166666666666667,0.13981096745066038,5.809828364325599,0.03,,407153,001,2025-07-15_10h01.00.695,ContPsyTracking,2024.2.4,159.19688352547558,2025-07-15 10h01.05.025414 +0100,
1,0,1,1,0,1,0,,,,,,,,,,,,,,,,,7.9064836502075195,0.01,-0.03166666666666667,0.05280501962511576,5.809828364325599,0.03,,407153,001,2025-07-15_10h01.00.695,ContPsyTracking,2024.2.4,159.19688352547558,2025-07-15 10h01.05.025414 +0100,
1,0,1,1,0,1,0,,,,,,,,,,,,,,,,,7.912528991699219,0.01,-0.03166666666666667,0.1606033501610324,5.876567103926073,0.03,,407153,001,2025-07-15_10h01.00.695,ContPsyTracking,2024.2.4,159.19688352547558,2025-07-15 10h01.05.025414 +0100,
1,0,1,1,0,1,0,,,,,,,,,,,,,,,,,7.918607473373413,0.01,-0.03166666666666667,0.3557198686275702,5.876567103926073,0.03,,407153,001,2025-07-15_10h01.00.695,ContPsyTracking,2024.2.4,159.19688352547558,2025-07-15 10h01.05.025414 +0100,
1,0,1,1,0,1,0,,,,,,,,,,,,,,,,,7.924669027328491,0.01,-0.03166666666666667,0.08006400439219136,5.319196360441463,0.03,,407153,001,2025-07-15_10h01.00.695,ContPsyTracking,2024.2.4,159.19688352547558,2025-07-15 10h01.05.025414 +0100,
1,0,1,1,0,1,0,,,,,,,,,,,,,,,,,7.930753707885742,0.01,-0.03166666666666667,0.22865885088016266,5.243679956369066,0.03,,407153,001,2025-07-15_10h01.00.695,ContPsyTracking,2024.2.4,159.19688352547558,2025-07-15 10h01.05.025414 +0100,
1,0,1,1,0,1,0,,,,,,,,,,,,,,,,,7.936753749847412,0.01,-0.03166666666666667,0.47421582359949466,4.768598755055553,0.03,,407153,001,2025-07-15_10h01.00.695,ContPsyTracking,2024.2.4,159.19688352547558,2025-07-15 10h01.05.025414 +0100,
1,0,1,1,0,1,0,,,,,,,,,,,,,,,,,7.942753553390503,0.01,-0.03166666666666667,1.0776182240813788,5.238393572266894,0.03,,407153,001,2025-07-15_10h01.00.695,ContPsyTracking,2024.2.4,159.19688352547558,2025-07-15 10h01.05.025414 +0100,
1,0,1,1,0,1,0,,,,,,,,,,,,,,,,,7.948753595352173,0.01,-0.03166666666666667,0.524806578292603,4.792206525766238,0.03,,407153,001,2025-07-15_10h01.00.695,ContPsyTracking,2024.2.4,159.19688352547558,2025-07-15 10h01.05.025414 +0100,
1,0,1,1,0,1,0,,,,,,,,,,,,,,,,,7.954753637313843,0.01,-0.03166666666666667,0.34628615403133894,4.936215087340536,0.03,,407153,001,2025-07-15_10h01.00.695,ContPsyTracking,2024.2.4,159.19688352547558,2025-07-15 10h01.05.025414 +0100,
1,0,1,1,0,1,0,,,,,,,,,,,,,,,,,7.960753440856934,0.01,-0.03166666666666667,0.5377644113691566,5.224637983466992,0.03,,407153,001,2025-07-15_10h01.00.695,ContPsyTracking,2024.2.4,159.19688352547558,2025-07-15 10h01.05.025414 +0100,
1,0,1,1,0,1,0,,,,,,,,,,,,,,,,,7.966754913330078,0.01,-0.03166666666666667,0.7835758206902919,4.948985630107824,0.03,,407153,001,2025-07-15_10h01.00.695,ContPsyTracking,2024.2.4,159.19688352547558,2025-07-15 10h01.05.025414 +0100,
1,0,1,1,0,1,0,,,,,,,,,,,,,,,,,7.973753452301025,0.01,-0.03166666666666667,0.7347029334654369,4.43315240500618,0.03,,407153,001,2025-07-15_10h01.00.695,ContPsyTracking,2024.2.4,159.19688352547558,2025-07-15 10h01.05.025414 +0100,
1,0,1,1,0,1,0,,,,,,,,,,,,,,,,,7.978753566741943,0.01,-0.03166666666666667,0.8755749592116968,4.574052443145529,0.03,,407153,001,2025-07-15_10h01.00.695,ContPsyTracking,2024.2.4,159.19688352547558,2025-07-15 10h01.05.025414 +0100,
1,0,1,1,0,1,0,,,,,,,,,,,,,,,,,7.985754013061523,0.01,-0.03166666666666667,0.29167620950671613,4.780534457807819,0.03,,407153,001,2025-07-15_10h01.00.695,ContPsyTracking,2024.2.4,159.19688352547558,2025-07-15 10h01.05.025414 +0100,
1,0,1,1,0,1,0,,,,,,,,,,,,,,,,,7.991753816604614,0.01,-0.03166666666666667,0.19976893171995846,4.46604141910484,0.03,,407153,001,2025-07-15_10h01.00.695,ContPsyTracking,2024.2.4,159.19688352547558,2025-07-15 10h01.05.025414 +0100,
1,0,1,1,0,1,0,,,,,,,,,,,,,,,,,7.997753620147705,0.01,-0.03166666666666667,0.16125370382869292,4.102225152695976,0.03,,407153,001,2025-07-15_10h01.00.695,ContPsyTracking,2024.2.4,159.19688352547558,2025-07-15 10h01.05.025414 +0100,
1,0,1,1,0,1,0,,,,,,,,,,,,,,,,,8.003753662109375,0.01,-0.03166666666666667,0.7186271178948129,3.8193977684757705,0.03,,407153,001,2025-07-15_10h01.00.695,ContPsyTracking,2024.2.4,159.19688352547558,2025-07-15 10h01.05.025414 +0100,
1,0,1,1,0,1,0,,,,,,,,,,,,,,,,,8.009753704071045,0.01,-0.03166666666666667,0.8180323351369646,3.47242184688646,0.03,,407153,001,2025-07-15_10h01.00.695,ContPsyTracking,2024.2.4,159.19688352547558,2025-07-15 10h01.05.025414 +0100,
1,0,1,1,0,1,0,,,,,,,,,,,,,,,,,8.015753507614136,0.01,-0.03166666666666667,0.3664233933174275,3.4710627308647455,0.03,,407153,001,2025-07-15_10h01.00.695,ContPsyTracking,2024.2.4,159.19688352547558,2025-07-15 10h01.05.025414 +0100,
1,0,1,1,0,1,0,,,,,,,,,,,,,,,,,8.021754264831543,0.01,-0.03166666666666667,0.23544290285858127,3.3696041904913954,0.03,,407153,001,2025-07-15_10h01.00.695,ContPsyTracking,2024.2.4,159.19688352547558,2025-07-15 10h01.05.025414 +0100,
1,0,1,1,0,1,0,,,,,,,,,,,,,,,,,8.027753591537476,0.01,-0.03166666666666667,0.06765642816276038,3.270621104837098,0.03,,407153,001,2025-07-15_10h01.00.695,ContPsyTracking,2024.2.4,159.19688352547558,2025-07-15 10h01.05.025414 +0100,
1,0,1,1,0,1,0,,,,,,,,,,,,,,,,,8.033753395080566,0.01,-0.03166666666666667,-0.08054361930975121,3.3129478870767604,0.03,,407153,001,2025-07-15_10h01.00.695,ContPsyTracking,2024.2.4,159.19688352547558,2025-07-15 10h01.05.025414 +0100,
1,0,1,1,0,1,0,,,,,,,,,,,,,,,,,8.039764881134033,0.01,-0.03166666666666667,-0.4418875473544728,3.019555838570803,0.03,,407153,001,2025-07-15_10h01.00.695,ContPsyTracking,2024.2.4,159.19688352547558,2025-07-15 10h01.05.025414 +0100,
1,0,1,1,0,1,0,,,,,,,,,,,,,,,,,8.045753479003906,0.01,-0.03166666666666667,-0.32777357003186003,3.7956948555608796,0.03,,407153,001,2025-07-15_10h01.00.695,ContPsyTracking,2024.2.4,159.19688352547558,2025-07-15 10h01.05.025414 +0100,
1,0,1,1,0,1,0,,,,,,,,,,,,,,,,,8.051755666732788,0.01,-0.03166666666666667,-0.26828231718406204,3.060222310395594,0.03,,407153,001,2025-07-15_10h01.00.695,ContPsyTracking,2024.2.4,159.19688352547558,2025-07-15 10h01.05.025414 +0100,
1,0,1,1,0,1,0,,,,,,,,,,,,,,,,,8.057753562927246,0.01,-0.03166666666666667,-0.24501114168729118,3.054463930451203,0.03,,407153,001,2025-07-15_10h01.00.695,ContPsyTracking,2024.2.4,159.19688352547558,2025-07-15 10h01.05.025414 +0100,
1,0,1,1,0,1,0,,,,,,,,,,,,,,,,,8.063753843307495,0.01,-0.03166666666666667,-0.2340501400647833,3.54486827912429,0.03,,407153,001,2025-07-15_10h01.00.695,ContPsyTracking,2024.2.4,159.19688352547558,2025-07-15 10h01.05.025414 +0100,
1,0,1,1,0,1,0,,,,,,,,,,,,,,,,,8.069753408432007,0.01,-0.03166666666666667,0.45360404365701956,3.390811870766335,0.03,,407153,001,2025-07-15_10h01.00.695,ContPsyTracking,2024.2.4,159.19688352547558,2025-07-15 10h01.05.025414 +0100,
1,0,1,1,0,1,0,,,,,,,,,,,,,,,,,8.076753854751587,0.01,-0.03166666666666667,0.4735091784627284,3.510311743476233,0.03,,407153,001,2025-07-15_10h01.00.695,ContPsyTracking,2024.2.4,159.19688352547558,2025-07-15 10h01.05.025414 +0100,
1,0,1,1,0,1,0,,,,,,,,,,,,,,,,,8.081771850585938,0.01,-0.03166666666666667,-0.007797677382141488,3.4760000987227215,0.03,,407153,001,2025-07-15_10h01.00.695,ContPsyTracking,2024.2.4,159.19688352547558,2025-07-15 10h01.05.025414 +0100,
1,0,1,1,0,1,0,,,,,,,,,,,,,,,,,8.088770151138306,0.01,-0.03166666666666667,-0.1750211626882426,3.3238393597531486,0.03,,407153,001,2025-07-15_10h01.00.695,ContPsyTracking,2024.2.4,159.19688352547558,2025-07-15 10h01.05.025414 +0100,
1,0,1,1,0,1,0,,,,,,,,,,,,,,,,,8.094769954681396,0.01,-0.03166666666666667,-0.11701338683435383,3.8519264319001687,0.03,,407153,001,2025-07-15_10h01.00.695,ContPsyTracking,2024.2.4,159.19688352547558,2025-07-15 10h01.05.025414 +0100,
1,0,1,1,0,1,0,,,,,,,,,,,,,,,,,8.100769996643066,0.01,-0.03166666666666667,-0.10395974009496828,3.5596989074026237,0.03,,407153,001,2025-07-15_10h01.00.695,ContPsyTracking,2024.2.4,159.19688352547558,2025-07-15 10h01.05.025414 +0100,
1,0,1,1,0,1,0,,,,,,,,,,,,,,,,,8.106770038604736,0.01,-0.03166666666666667,0.10956623135288715,3.5773547323140034,0.03,,407153,001,2025-07-15_10h01.00.695,ContPsyTracking,2024.2.4,159.19688352547558,2025-07-15 10h01.05.025414 +0100,
1,0,1,1,0,1,0,,,,,,,,,,,,,,,,,8.112769842147827,0.01,-0.03166666666666667,-0.15406150979460384,3.8075971977704905,0.03,,407153,001,2025-07-15_10h01.00.695,ContPsyTracking,2024.2.4,159.19688352547558,2025-07-15 10h01.05.025414 +0100,
1,0,1,1,0,1,0,,,,,,,,,,,,,,,,,8.118770122528076,0.01,-0.03166666666666667,-0.0599392244871447,4.21628894938897,0.03,,407153,001,2025-07-15_10h01.00.695,ContPsyTracking,2024.2.4,159.19688352547558,2025-07-15 10h01.05.025414 +0100,
1,0,1,1,0,1,0,,,,,,,,,,,,,,,,,8.124770164489746,0.01,-0.03166666666666667,-0.11169516671051868,3.7569234950890444,0.03,,407153,001,2025-07-15_10h01.00.695,ContPsyTracking,2024.2.4,159.19688352547558,2025-07-15 10h01.05.025414 +0100,
1,0,1,1,0,1,0,,,,,,,,,,,,,,,,,8.130769968032837,0.01,-0.03166666666666667,0.0365587073286798,4.015366836404909,0.03,,407153,001,2025-07-15_10h01.00.695,ContPsyTracking,2024.2.4,159.19688352547558,2025-07-15 10h01.05.025414 +0100,
1,0,1,1,0,1,0,,,,,,,,,,,,,,,,,8.136770963668823,0.01,-0.03166666666666667,-0.0513556746306751,4.342928424745243,0.03,,407153,001,2025-07-15_10h01.00.695,ContPsyTracking,2024.2.4,159.19688352547558,2025-07-15 10h01.05.025414 +0100,
1,0,1,1,0,1,0,,,,,,,,,,,,,,,,,8.142770290374756,0.01,-0.03166666666666667,0.3731784631720311,4.296118035257978,0.03,,407153,001,2025-07-15_10h01.00.695,ContPsyTracking,2024.2.4,159.19688352547558,2025-07-15 10h01.05.025414 +0100,
1,0,1,1,0,1,0,,,,,,,,,,,,,,,,,8.14876651763916,0.01,-0.03166666666666667,0.3471468001191291,4.777886171227474,0.03,,407153,001,2025-07-15_10h01.00.695,ContPsyTracking,2024.2.4,159.19688352547558,2025-07-15 10h01.05.025414 +0100,
1,0,1,1,0,1,0,,,,,,,,,,,,,,,,,8.155770063400269,0.006666666666666667,-0.028333333333333332,0.3299630606995523,4.692806030821071,0.03,,407153,001,2025-07-15_10h01.00.695,ContPsyTracking,2024.2.4,159.19688352547558,2025-07-15 10h01.05.025414 +0100,
1,0,1,1,0,1,0,,,,,,,,,,,,,,,,,8.160770893096924,0.005,-0.025,0.3952287463032399,4.794247465836395,0.03,,407153,001,2025-07-15_10h01.00.695,ContPsyTracking,2024.2.4,159.19688352547558,2025-07-15 10h01.05.025414 +0100,
1,0,1,1,0,1,0,,,,,,,,,,,,,,,,,8.166854619979858,0.0033333333333333335,-0.023333333333333334,0.4616209741325319,4.654178747304771,0.03,,407153,001,2025-07-15_10h01.00.695,ContPsyTracking,2024.2.4,159.19688352547558,2025-07-15 10h01.05.025414 +0100,
1,0,1,1,0,1,0,,,,,,,,,,,,,,,,,8.173855066299438,0.0016666666666666668,-0.02,0.024641182056745592,4.381976863633806,0.03,,407153,001,2025-07-15_10h01.00.695,ContPsyTracking,2024.2.4,159.19688352547558,2025-07-15 10h01.05.025414 +0100,
1,0,1,1,0,1,0,,,,,,,,,,,,,,,,,8.178850412368774,0.0016666666666666668,-0.018333333333333333,-0.10539417855772656,4.788122625499422,0.03,,407153,001,2025-07-15_10h01.00.695,ContPsyTracking,2024.2.4,159.19688352547558,2025-07-15 10h01.05.025414 +0100,
1,0,1,1,0,1,0,,,,,,,,,,,,,,,,,8.184854984283447,0.0016666666666666668,-0.015,0.7710412646263797,4.3601284548154275,0.03,,407153,001,2025-07-15_10h01.00.695,ContPsyTracking,2024.2.4,159.19688352547558,2025-07-15 10h01.05.025414 +0100,
1,0,1,1,0,1,0,,,,,,,,,,,,,,,,,8.190863847732544,0.0,-0.013333333333333334,0.6377147216482351,4.3490798644945325,0.03,,407153,001,2025-07-15_10h01.00.695,ContPsyTracking,2024.2.4,159.19688352547558,2025-07-15 10h01.05.025414 +0100,
1,0,1,1,0,1,0,,,,,,,,,,,,,,,,,8.19686245918274,0.0,-0.011666666666666667,0.8903753425415101,4.227817386241915,0.03,,407153,001,2025-07-15_10h01.00.695,ContPsyTracking,2024.2.4,159.19688352547558,2025-07-15 10h01.05.025414 +0100,
1,0,1,1,0,1,0,,,,,,,,,,,,,,,,,8.203867197036743,-0.0033333333333333335,-0.01,0.7112801712189739,4.310131149777847,0.03,,407153,001,2025-07-15_10h01.00.695,ContPsyTracking,2024.2.4,159.19688352547558,2025-07-15 10h01.05.025414 +0100,
1,0,1,1,0,1,0,,,,,,,,,,,,,,,,,8.209877252578735,-0.0033333333333333335,-0.008333333333333333,0.6314319621774733,4.715215669480024,0.03,,407153,001,2025-07-15_10h01.00.695,ContPsyTracking,2024.2.4,159.19688352547558,2025-07-15 10h01.05.025414 +0100,
1,0,1,1,0,1,0,,,,,,,,,,,,,,,,,8.215894222259521,-0.005,-0.006666666666666667,0.37972041989688665,4.817736862942466,0.03,,407153,001,2025-07-15_10h01.00.695,ContPsyTracking,2024.2.4,159.19688352547558,2025-07-15 10h01.05.025414 +0100,
1,0,1,1,0,1,0,,,,,,,,,,,,,,,,,8.221894264221191,-0.006666666666666667,-0.006666666666666667,0.6408343883309479,4.875805342053319,0.03,,407153,001,2025-07-15_10h01.00.695,ContPsyTracking,2024.2.4,159.19688352547558,2025-07-15 10h01.05.025414 +0100,
1,0,1,1,0,1,0,,,,,,,,,,,,,,,,,8.231902360916138,-0.008333333333333333,-0.005,0.24686109042251336,4.6056921657849745,0.03,,407153,001,2025-07-15_10h01.00.695,ContPsyTracking,2024.2.4,159.19688352547558,2025-07-15 10h01.05.025414 +0100,
1,0,1,1,0,1,0,,,,,,,,,,,,,,,,,8.239902257919312,-0.01,-0.0016666666666666668,0.7187327100058026,4.831850000424636,0.03,,407153,001,2025-07-15_10h01.00.695,ContPsyTracking,2024.2.4,159.19688352547558,2025-07-15 10h01.05.025414 +0100,
1,0,1,1,0,1,0,,,,,,,,,,,,,,,,,8.24590253829956,-0.01,0.0,0.5489970234927037,4.596420873642224,0.03,,407153,001,2025-07-15_10h01.00.695,ContPsyTracking,2024.2.4,159.19688352547558,2025-07-15 10h01.05.025414 +0100,
1,0,1,1,0,1,0,,,,,,,,,,,,,,,,,8.251902341842651,-0.011666666666666667,0.0016666666666666668,0.2825996560859992,4.978953113556338,0.03,,407153,001,2025-07-15_10h01.00.695,ContPsyTracking,2024.2.4,159.19688352547558,2025-07-15 10h01.05.025414 +0100,
1,0,1,1,0,1,0,,,,,,,,,,,,,,,,,8.257902383804321,-0.011666666666666667,0.0016666666666666668,0.7052995519486115,5.568651105601319,0.03,,407153,001,2025-07-15_10h01.00.695,ContPsyTracking,2024.2.4,159.19688352547558,2025-07-15 10h01.05.025414 +0100,
1,0,1,1,0,1,0,,,,,,,,,,,,,,,,,8.26390266418457,-0.011666666666666667,0.006666666666666667,0.990279413082924,5.621958453822607,0.03,,407153,001,2025-07-15_10h01.00.695,ContPsyTracking,2024.2.4,159.19688352547558,2025-07-15 10h01.05.025414 +0100,
1,0,1,1,0,1,0,,,,,,,,,,,,,,,,,8.269902467727661,-0.013333333333333334,0.008333333333333333,0.8272287370465301,5.621958453822607,0.03,,407153,001,2025-07-15_10h01.00.695,ContPsyTracking,2024.2.4,159.19688352547558,2025-07-15 10h01.05.025414 +0100,
1,0,1,1,0,1,0,,,,,,,,,,,,,,,,,8.27590274810791,-0.015,0.01,0.9240913787127113,5.842099071059273,0.03,,407153,001,2025-07-15_10h01.00.695,ContPsyTracking,2024.2.4,159.19688352547558,2025-07-15 10h01.05.025414 +0100,
1,0,1,1,0,1,0,,,,,,,,,,,,,,,,,8.28190279006958,-0.015,0.013333333333333334,0.9413489354755727,5.842099071059273,0.03,,407153,001,2025-07-15_10h01.00.695,ContPsyTracking,2024.2.4,159.19688352547558,2025-07-15 10h01.05.025414 +0100,
1,0,1,1,0,1,0,,,,,,,,,,,,,,,,,8.287933349609375,-0.015,0.015,1.1704619767385507,5.6988406239375875,0.03,,407153,001,2025-07-15_10h01.00.695,ContPsyTracking,2024.2.4,159.19688352547558,2025-07-15 10h01.05.025414 +0100,
1,0,1,1,0,1,0,,,,,,,,,,,,,,,,,8.293933391571045,-0.016666666666666666,0.016666666666666666,1.1141919707005892,5.651018005826812,0.03,,407153,001,2025-07-15_10h01.00.695,ContPsyTracking,2024.2.4,159.19688352547558,2025-07-15 10h01.05.025414 +0100,
1,0,1,1,0,1,0,,,,,,,,,,,,,,,,,8.299942255020142,-0.02,0.018333333333333333,0.8059598118909688,5.719775641128296,0.03,,407153,001,2025-07-15_10h01.00.695,ContPsyTracking,2024.2.4,159.19688352547558,2025-07-15 10h01.05.025414 +0100,
1,0,1,1,0,1,0,,,,,,,,,,,,,,,,,8.307042598724365,-0.02,0.021666666666666667,0.3155586167502579,5.355975177123625,0.03,,407153,001,2025-07-15_10h01.00.695,ContPsyTracking,2024.2.4,159.19688352547558,2025-07-15 10h01.05.025414 +0100,
1,0,1,1,0,1,0,,,,,,,,,,,,,,,,,8.312040567398071,-0.023333333333333334,0.023333333333333334,0.2552016151703047,5.239185667250172,0.03,,407153,001,2025-07-15_10h01.00.695,ContPsyTracking,2024.2.4,159.19688352547558,2025-07-15 10h01.05.025414 +0100,
1,0,1,1,0,1,0,,,,,,,,,,,,,,,,,8.318052053451538,-0.023333333333333334,0.025,0.4225101257689738,5.035143722412549,0.03,,407153,001,2025-07-15_10h01.00.695,ContPsyTracking,2024.2.4,159.19688352547558,2025-07-15 10h01.05.025414 +0100,
1,0,1,1,0,1,0,,,,,,,,,,,,,,,,,8.325052499771118,-0.023333333333333334,0.02666666666666667,0.29617588682702817,5.0146110329573474,0.03,,407153,001,2025-07-15_10h01.00.695,ContPsyTracking,2024.2.4,159.19688352547558,2025-07-15 10h01.05.025414 +0100,
1,0,1,1,0,1,0,,,,,,,,,,,,,,,,,8.330070495605469,-0.023333333333333334,0.02666666666666667,0.38654908843138286,4.666493796993731,0.03,,407153,001,2025-07-15_10h01.00.695,ContPsyTracking,2024.2.4,159.19688352547558,2025-07-15 10h01.05.025414 +0100,
1,0,1,1,0,1,0,,,,,,,,,,,,,,,,,8.337070226669312,-0.023333333333333334,0.03,0.42170217555114065,4.8782584414645065,0.03,,407153,001,2025-07-15_10h01.00.695,ContPsyTracking,2024.2.4,159.19688352547558,2025-07-15 10h01.05.025414 +0100,
1,0,1,1,0,1,0,,,,,,,,,,,,,,,,,8.343069553375244,-0.023333333333333334,0.03166666666666667,0.2668912472159083,4.707805469930205,0.03,,407153,001,2025-07-15_10h01.00.695,ContPsyTracking,2024.2.4,159.19688352547558,2025-07-15 10h01.05.025414 +0100,
1,0,1,1,0,1,0,,,,,,,,,,,,,,,,,8.349069356918335,-0.023333333333333334,0.035,0.2442224601427194,4.741770496813838,0.03,,407153,001,2025-07-15_10h01.00.695,ContPsyTracking,2024.2.4,159.19688352547558,2025-07-15 10h01.05.025414 +0100,
1,0,1,1,0,1,0,,,,,,,,,,,,,,,,,8.355068445205688,-0.025,0.035,-0.17935601698425188,4.65152242028412,0.03,,407153,001,2025-07-15_10h01.00.695,ContPsyTracking,2024.2.4,159.19688352547558,2025-07-15 10h01.05.025414 +0100,
1,0,1,1,0,1,0,,,,,,,,,,,,,,,,,8.361069202423096,-0.025,0.03666666666666667,-0.2972423041866207,4.874633293736966,0.03,,407153,001,2025-07-15_10h01.00.695,ContPsyTracking,2024.2.4,159.19688352547558,2025-07-15 10h01.05.025414 +0100,
1,0,1,1,0,1,0,,,,,,,,,,,,,,,,,8.367068529129028,-0.025,0.03833333333333333,-0.5668039484443465,4.713723991796309,0.03,,407153,001,2025-07-15_10h01.00.695,ContPsyTracking,2024.2.4,159.19688352547558,2025-07-15 10h01.05.025414 +0100,
1,0,1,1,0,1,0,,,,,,,,,,,,,,,,,8.373064279556274,-0.025,0.04,-0.42332347225240224,4.281199004809508,0.03,,407153,001,2025-07-15_10h01.00.695,ContPsyTracking,2024.2.4,159.19688352547558,2025-07-15 10h01.05.025414 +0100,
1,0,1,1,0,1,0,,,,,,,,,,,,,,,,,8.383079051971436,-0.025,0.043333333333333335,-0.8147062841211221,4.240689113728992,0.03,,407153,001,2025-07-15_10h01.00.695,ContPsyTracking,2024.2.4,159.19688352547558,2025-07-15 10h01.05.025414 +0100,
1,0,1,1,0,1,0,,,,,,,,,,,,,,,,,8.39108395576477,-0.025,0.045,-0.6402016381167089,4.605818048214358,0.03,,407153,001,2025-07-15_10h01.00.695,ContPsyTracking,2024.2.4,159.19688352547558,2025-07-15 10h01.05.025414 +0100,
1,0,1,1,0,1,0,,,,,,,,,,,,,,,,,8.397091627120972,-0.025,0.04666666666666667,-0.3663670277941063,4.731978123985281,0.03,,407153,001,2025-07-15_10h01.00.695,ContPsyTracking,2024.2.4,159.19688352547558,2025-07-15 10h01.05.025414 +0100,
1,0,1,1,0,1,0,,,,,,,,,,,,,,,,,8.40309190750122,-0.025,0.04833333333333333,-0.2776478755187614,5.145399987129315,0.03,,407153,001,2025-07-15_10h01.00.695,ContPsyTracking,2024.2.4,159.19688352547558,2025-07-15 10h01.05.025414 +0100,
1,0,1,1,0,1,0,,,,,,,,,,,,,,,,,8.40909194946289,-0.025,0.051666666666666666,0.3238223837001771,4.977867557697588,0.03,,407153,001,2025-07-15_10h01.00.695,ContPsyTracking,2024.2.4,159.19688352547558,2025-07-15 10h01.05.025414 +0100,
1,0,1,1,0,1,0,,,,,,,,,,,,,,,,,8.41509199142456,-0.025,0.051666666666666666,0.3208117814811161,5.102454520644202,0.03,,407153,001,2025-07-15_10h01.00.695,ContPsyTracking,2024.2.4,159.19688352547558,2025-07-15 10h01.05.025414 +0100,
1,0,1,1,0,1,0,,,,,,,,,,,,,,,,,8.421229839324951,-0.025,0.055,0.6531969453033695,5.1568828845848325,0.03,,407153,001,2025-07-15_10h01.00.695,ContPsyTracking,2024.2.4,159.19688352547558,2025-07-15 10h01.05.025414 +0100,
1,0,1,1,0,1,0,,,,,,,,,,,,,,,,,8.427231311798096,-0.025,0.056666666666666664,0.6289291603857666,4.9336276850280205,0.03,,407153,001,2025-07-15_10h01.00.695,ContPsyTracking,2024.2.4,159.19688352547558,2025-07-15 10h01.05.025414 +0100,
1,0,1,1,0,1,0,,,,,,,,,,,,,,,,,8.43323278427124,-0.023333333333333334,0.06,0.63840860476202,4.898751428738216,0.03,,407153,001,2025-07-15_10h01.00.695,ContPsyTracking,2024.2.4,159.19688352547558,2025-07-15 10h01.05.025414 +0100,
1,0,1,1,0,1,0,,,,,,,,,,,,,,,,,8.440232753753662,-0.021666666666666667,0.06166666666666667,0.48387229090196787,5.212074779210808,0.03,,407153,001,2025-07-15_10h01.00.695,ContPsyTracking,2024.2.4,159.19688352547558,2025-07-15 10h01.05.025414 +0100,
1,0,1,1,0,1,0,,,,,,,,,,,,,,,,,8.445251703262329,-0.021666666666666667,0.06333333333333334,0.6554518683654886,5.525261809906254,0.03,,407153,001,2025-07-15_10h01.00.695,ContPsyTracking,2024.2.4,159.19688352547558,2025-07-15 10h01.05.025414 +0100,
1,0,1,1,0,1,0,,,,,,,,,,,,,,,,,8.451250314712524,-0.021666666666666667,0.065,0.9069179661445966,5.201874749685989,0.03,,407153,001,2025-07-15_10h01.00.695,ContPsyTracking,2024.2.4,159.19688352547558,2025-07-15 10h01.05.025414 +0100,
1,0,1,1,0,1,0,,,,,,,,,,,,,,,,,8.458250284194946,-0.021666666666666667,0.06666666666666667,0.82885039886237,4.961552247398376,0.03,,407153,001,2025-07-15_10h01.00.695,ContPsyTracking,2024.2.4,159.19688352547558,2025-07-15 10h01.05.025414 +0100,
1,0,1,1,0,1,0,,,,,,,,,,,,,,,,,8.464246988296509,-0.021666666666666667,0.06833333333333333,0.07892408634253545,5.31636543149395,0.03,,407153,001,2025-07-15_10h01.00.695,ContPsyTracking,2024.2.4,159.19688352547558,2025-07-15 10h01.05.025414 +0100,
1,0,1,1,0,1,0,,,,,,,,,,,,,,,,,8.470251083374023,-0.021666666666666667,0.07166666666666667,0.22415630122947858,5.514155850930698,0.03,,407153,001,2025-07-15_10h01.00.695,ContPsyTracking,2024.2.4,159.19688352547558,2025-07-15 10h01.05.025414 +0100,
1,0,1,1,0,1,0,,,,,,,,,,,,,,,,,8.476250171661377,-0.021666666666666667,0.07333333333333333,-0.11990893263218969,4.995943841445144,0.03,,407153,001,2025-07-15_10h01.00.695,ContPsyTracking,2024.2.4,159.19688352547558,2025-07-15 10h01.05.025414 +0100,
1,0,1,1,0,1,0,,,,,,,,,,,,,,,,,8.482250452041626,-0.021666666666666667,0.07666666666666666,-0.28462436211076847,4.867925794007966,0.03,,407153,001,2025-07-15_10h01.00.695,ContPsyTracking,2024.2.4,159.19688352547558,2025-07-15 10h01.05.025414 +0100,
1,0,1,1,0,1,0,,,,,,,,,,,,,,,,,8.488250255584717,-0.021666666666666667,0.08,-0.3803718148438302,5.067491637150485,0.03,,407153,001,2025-07-15_10h01.00.695,ContPsyTracking,2024.2.4,159.19688352547558,2025-07-15 10h01.05.025414 +0100,
1,0,1,1,0,1,0,,,,,,,,,,,,,,,,,8.494250297546387,-0.023333333333333334,0.085,-0.31318646328276,4.993607744059631,0.03,,407153,001,2025-07-15_10h01.00.695,ContPsyTracking,2024.2.4,159.19688352547558,2025-07-15 10h01.05.025414 +0100,
1,0,1,1,0,1,0,,,,,,,,,,,,,,,,,8.500250577926636,-0.023333333333333334,0.08833333333333333,-0.5113636496576166,5.27601301229848,0.03,,407153,001,2025-07-15_10h01.00.695,ContPsyTracking,2024.2.4,159.19688352547558,2025-07-15 10h01.05.025414 +0100,
1,0,1,1,0,1,0,,,,,,,,,,,,,,,,,8.506250619888306,-0.023333333333333334,0.09166666666666666,-0.5396046415970853,5.365696456989436,0.03,,407153,001,2025-07-15_10h01.00.695,ContPsyTracking,2024.2.4,159.19688352547558,2025-07-15 10h01.05.025414 +0100,
1,0,1,1,0,1,0,,,,,,,,,,,,,,,,,8.512250900268555,-0.023333333333333334,0.095,-0.8743092658801701,5.03073340830534,0.03,,407153,001,2025-07-15_10h01.00.695,ContPsyTracking,2024.2.4,159.19688352547558,2025-07-15 10h01.05.025414 +0100,
1,0,1,1,0,1,0,,,,,,,,,,,,,,,,,8.518250703811646,-0.025,0.1,-0.9634584377326293,4.670996696811423,0.03,,407153,001,2025-07-15_10h01.00.695,ContPsyTracking,2024.2.4,159.19688352547558,2025-07-15 10h01.05.025414 +0100,
1,0,1,1,0,1,0,,,,,,,,,,,,,,,,,8.524254322052002,-0.02666666666666667,0.105,-0.578835665690919,4.680322291755781,0.03,,407153,001,2025-07-15_10h01.00.695,ContPsyTracking,2024.2.4,159.19688352547558,2025-07-15 10h01.05.025414 +0100,
1,0,1,1,0,1,0,,,,,,,,,,,,,,,,,8.530254125595093,-0.028333333333333332,0.10833333333333334,0.12600358904320186,5.296371858755823,0.03,,407153,001,2025-07-15_10h01.00.695,ContPsyTracking,2024.2.4,159.19688352547558,2025-07-15 10h01.05.025414 +0100,
1,0,1,1,0,1,0,,,,,,,,,,,,,,,,,8.536363124847412,-0.028333333333333332,0.11166666666666666,-0.02656450896288373,5.135339088385228,0.03,,407153,001,2025-07-15_10h01.00.695,ContPsyTracking,2024.2.4,159.19688352547558,2025-07-15 10h01.05.025414 +0100,
1,0,1,1,0,1,0,,,,,,,,,,,,,,,,,8.542371273040771,-0.028333333333333332,0.115,0.6986189060231778,5.089272193390863,0.03,,407153,001,2025-07-15_10h01.00.695,ContPsyTracking,2024.2.4,159.19688352547558,2025-07-15 10h01.05.025414 +0100,
1,0,1,1,0,1,0,,,,,,,,,,,,,,,,,8.548371076583862,-0.028333333333333332,0.11666666666666667,0.6849247419609522,5.0371503648423515,0.03,,407153,001,2025-07-15_10h01.00.695,ContPsyTracking,2024.2.4,159.19688352547558,2025-07-15 10h01.05.025414 +0100,
1,0,1,1,0,1,0,,,,,,,,,,,,,,,,,8.5553719997406,-0.028333333333333332,0.12,-0.01599549371324782,4.967655487248238,0.03,,407153,001,2025-07-15_10h01.00.695,ContPsyTracking,2024.2.4,159.19688352547558,2025-07-15 10h01.05.025414 +0100,
1,0,1,1,0,1,0,,,,,,,,,,,,,,,,,8.560371160507202,-0.028333333333333332,0.12166666666666667,0.06928557531430965,5.044692924179918,0.03,,407153,001,2025-07-15_10h01.00.695,ContPsyTracking,2024.2.4,159.19688352547558,2025-07-15 10h01.05.025414 +0100,
1,0,1,1,0,1,0,,,,,,,,,,,,,,,,,8.56738805770874,-0.028333333333333332,0.12166666666666667,-0.1600123344982075,5.069830646806088,0.03,,407153,001,2025-07-15_10h01.00.695,ContPsyTracking,2024.2.4,159.19688352547558,2025-07-15 10h01.05.025414 +0100,
1,0,1,1,0,1,0,,,,,,,,,,,,,,,,,8.573388576507568,-0.028333333333333332,0.12166666666666667,0.4796456828952833,5.166839164648636,0.03,,407153,001,2025-07-15_10h01.00.695,ContPsyTracking,2024.2.4,159.19688352547558,2025-07-15 10h01.05.025414 +0100,
1,0,1,1,0,1,0,,,,,,,,,,,,,,,,,8.579388618469238,-0.028333333333333332,0.12166666666666667,0.7671174757248256,5.102007191780696,0.03,,407153,001,2025-07-15_10h01.00.695,ContPsyTracking,2024.2.4,159.19688352547558,2025-07-15 10h01.05.025414 +0100,
1,0,1,1,0,1,0,,,,,,,,,,,,,,,,,8.585398197174072,-0.028333333333333332,0.12166666666666667,0.46314884394332106,5.235790627393883,0.03,,407153,001,2025-07-15_10h01.00.695,ContPsyTracking,2024.2.4,159.19688352547558,2025-07-15 10h01.05.025414 +0100,
1,0,1,1,0,1,0,,,,,,,,,,,,,,,,,8.591397762298584,-0.028333333333333332,0.12166666666666667,0.5712478064906522,5.304105771070756,0.03,,407153,001,2025-07-15_10h01.00.695,ContPsyTracking,2024.2.4,159.19688352547558,2025-07-15 10h01.05.025414 +0100,
1,0,1,1,0,1,0,,,,,,,,,,,,,,,,,8.597397804260254,-0.028333333333333332,0.12166666666666667,0.9083901066785574,5.3906830105187105,0.03,,407153,001,2025-07-15_10h01.00.695,ContPsyTracking,2024.2.4,159.19688352547558,2025-07-15 10h01.05.025414 +0100,
1,0,1,1,0,1,0,,,,,,,,,,,,,,,,,8.603398084640503,-0.028333333333333332,0.12166666666666667,0.9608878734307262,5.406591854467339,0.03,,407153,001,2025-07-15_10h01.00.695,ContPsyTracking,2024.2.4,159.19688352547558,2025-07-15 10h01.05.025414 +0100,
1,0,1,1,0,1,0,,,,,,,,,,,,,,,,,8.609398126602173,-0.028333333333333332,0.12166666666666667,0.3992805342727379,5.1630077058424835,0.03,,407153,001,2025-07-15_10h01.00.695,ContPsyTracking,2024.2.4,159.19688352547558,2025-07-15 10h01.05.025414 +0100,
1,0,1,1,0,1,0,,,,,,,,,,,,,,,,,8.615397691726685,-0.028333333333333332,0.12166666666666667,0.30820677511116124,5.405192106469441,0.03,,407153,001,2025-07-15_10h01.00.695,ContPsyTracking,2024.2.4,159.19688352547558,2025-07-15 10h01.05.025414 +0100,
1,0,1,1,0,1,0,,,,,,,,,,,,,,,,,8.621397733688354,-0.028333333333333332,0.12166666666666667,0.32948453672079336,5.493577536593186,0.03,,407153,001,2025-07-15_10h01.00.695,ContPsyTracking,2024.2.4,159.19688352547558,2025-07-15 10h01.05.025414 +0100,
1,0,1,1,0,1,0,,,,,,,,,,,,,,,,,8.627397775650024,-0.028333333333333332,0.12166666666666667,0.17170589323759453,5.439641759941519,0.03,,407153,001,2025-07-15_10h01.00.695,ContPsyTracking,2024.2.4,159.19688352547558,2025-07-15 10h01.05.025414 +0100,
1,0,1,1,0,1,0,,,,,,,,,,,,,,,,,8.633557081222534,-0.028333333333333332,0.12166666666666667,0.4060115434157089,5.791001481284831,0.03,,407153,001,2025-07-15_10h01.00.695,ContPsyTracking,2024.2.4,159.19688352547558,2025-07-15 10h01.05.025414 +0100,
1,0,1,1,0,1,0,,,,,,,,,,,,,,,,,8.639512538909912,-0.028333333333333332,0.12166666666666667,0.25914814183919754,5.699645621061302,0.03,,407153,001,2025-07-15_10h01.00.695,ContPsyTracking,2024.2.4,159.19688352547558,2025-07-15 10h01.05.025414 +0100,
1,0,1,1,0,1,0,,,,,,,,,,,,,,,,,8.645512104034424,-0.028333333333333332,0.12166666666666667,0.21031186247844724,5.699645621061302,0.03,,407153,001,2025-07-15_10h01.00.695,ContPsyTracking,2024.2.4,159.19688352547558,2025-07-15 10h01.05.025414 +0100,
1,0,1,1,0,1,0,,,,,,,,,,,,,,,,,8.651511907577515,-0.028333333333333332,0.12166666666666667,0.17882668882639863,5.759539542162185,0.03,,407153,001,2025-07-15_10h01.00.695,ContPsyTracking,2024.2.4,159.19688352547558,2025-07-15 10h01.05.025414 +0100,
1,0,1,1,0,1,0,,,,,,,,,,,,,,,,,8.658512353897095,-0.028333333333333332,0.12333333333333334,0.01257095393106869,5.5511460641612125,0.03,,407153,001,2025-07-15_10h01.00.695,ContPsyTracking,2024.2.4,159.19688352547558,2025-07-15 10h01.05.025414 +0100,
1,0,1,1,0,1,0,,,,,,,,,,,,,,,,,8.663528203964233,-0.02666666666666667,0.125,0.12844870633169073,5.809279379136068,0.03,,407153,001,2025-07-15_10h01.00.695,ContPsyTracking,2024.2.4,159.19688352547558,2025-07-15 10h01.05.025414 +0100,
1,0,1,1,0,1,0,,,,,,,,,,,,,,,,,8.67052936553955,-0.025,0.13,0.2048054604896123,5.662803351987586,0.03,,407153,001,2025-07-15_10h01.00.695,ContPsyTracking,2024.2.4,159.19688352547558,2025-07-15 10h01.05.025414 +0100,
1,0,1,1,0,1,0,,,,,,,,,,,,,,,,,8.676528692245483,-0.025,0.13166666666666665,-0.07452887482296,5.98481430872094,0.03,,407153,001,2025-07-15_10h01.00.695,ContPsyTracking,2024.2.4,159.19688352547558,2025-07-15 10h01.05.025414 +0100,
1,0,1,1,0,1,0,,,,,,,,,,,,,,,,,8.682543754577637,-0.023333333333333334,0.13333333333333333,0.35623512953461306,5.832260618291158,0.03,,407153,001,2025-07-15_10h01.00.695,ContPsyTracking,2024.2.4,159.19688352547558,2025-07-15 10h01.05.025414 +0100,
1,0,1,1,0,1,0,,,,,,,,,,,,,,,,,8.688542604446411,-0.023333333333333334,0.13666666666666666,-0.3323858286201346,5.517936836405224,0.03,,407153,001,2025-07-15_10h01.00.695,ContPsyTracking,2024.2.4,159.19688352547558,2025-07-15 10h01.05.025414 +0100,
1,0,1,1,0,1,0,,,,,,,,,,,,,,,,,8.694542646408081,-0.021666666666666667,0.13833333333333334,-0.6475832441661057,5.740610597984256,0.03,,407153,001,2025-07-15_10h01.00.695,ContPsyTracking,2024.2.4,159.19688352547558,2025-07-15 10h01.05.025414 +0100,
1,0,1,1,0,1,0,,,,,,,,,,,,,,,,,8.700542211532593,-0.021666666666666667,0.14,0.08827783457419347,5.732870315000447,0.03,,407153,001,2025-07-15_10h01.00.695,ContPsyTracking,2024.2.4,159.19688352547558,2025-07-15 10h01.05.025414 +0100,
1,0,1,1,0,1,0,,,,,,,,,,,,,,,,,8.706542491912842,-0.021666666666666667,0.14166666666666666,0.44705304474621466,4.973628169961173,0.03,,407153,001,2025-07-15_10h01.00.695,ContPsyTracking,2024.2.4,159.19688352547558,2025-07-15 10h01.05.025414 +0100,
1,0,1,1,0,1,0,,,,,,,,,,,,,,,,,8.712542057037354,-0.021666666666666667,0.14166666666666666,0.6231369539350547,5.174975642104327,0.03,,407153,001,2025-07-15_10h01.00.695,ContPsyTracking,2024.2.4,159.19688352547558,2025-07-15 10h01.05.025414 +0100,
1,0,1,1,0,1,0,,,,,,,,,,,,,,,,,8.718542337417603,-0.021666666666666667,0.14333333333333334,0.6215701376743556,5.218407246875032,0.03,,407153,001,2025-07-15_10h01.00.695,ContPsyTracking,2024.2.4,159.19688352547558,2025-07-15 10h01.05.025414 +0100,
1,0,1,1,0,1,0,,,,,,,,,,,,,,,,,8.724542379379272,-0.02,0.145,0.6803019041140994,5.10253857592089,0.03,,407153,001,2025-07-15_10h01.00.695,ContPsyTracking,2024.2.4,159.19688352547558,2025-07-15 10h01.05.025414 +0100,
1,0,1,1,0,1,0,,,,,,,,,,,,,,,,,8.7305428981781,-0.018333333333333333,0.145,0.8461418103432881,4.674072436321723,0.03,,407153,001,2025-07-15_10h01.00.695,ContPsyTracking,2024.2.4,159.19688352547558,2025-07-15 10h01.05.025414 +0100,
1,0,1,1,0,1,0,,,,,,,,,,,,,,,,,8.736542463302612,-0.018333333333333333,0.145,0.5353452285584466,4.706803995616765,0.03,,407153,001,2025-07-15_10h01.00.695,ContPsyTracking,2024.2.4,159.19688352547558,2025-07-15 10h01.05.025414 +0100,
1,0,1,1,0,1,0,,,,,,,,,,,,,,,,,8.742542505264282,-0.016666666666666666,0.14666666666666667,0.6926875483631336,5.058836431250285,0.03,,407153,001,2025-07-15_10h01.00.695,ContPsyTracking,2024.2.4,159.19688352547558,2025-07-15 10h01.05.025414 +0100,
1,0,1,1,0,1,0,,,,,,,,,,,,,,,,,8.750542402267456,-0.016666666666666666,0.14666666666666667,0.7692252356260695,5.155535326897659,0.03,,407153,001,2025-07-15_10h01.00.695,ContPsyTracking,2024.2.4,159.19688352547558,2025-07-15 10h01.05.025414 +0100,
1,0,1,1,0,1,0,,,,,,,,,,,,,,,,,8.758549928665161,-0.016666666666666666,0.14833333333333334,1.2380178838186946,4.837979359076643,0.03,,407153,001,2025-07-15_10h01.00.695,ContPsyTracking,2024.2.4,159.19688352547558,2025-07-15 10h01.05.025414 +0100,
1,0,1,1,0,1,0,,,,,,,,,,,,,,,,,8.766566276550293,-0.016666666666666666,0.14833333333333334,0.9483602178728634,4.905855586336571,0.03,,407153,001,2025-07-15_10h01.00.695,ContPsyTracking,2024.2.4,159.19688352547558,2025-07-15 10h01.05.025414 +0100,
1,0,1,1,0,1,0,,,,,,,,,,,,,,,,,8.773666620254517,-0.015,0.15,1.0044308481621456,5.0050398638043925,0.03,,407153,001,2025-07-15_10h01.00.695,ContPsyTracking,2024.2.4,159.19688352547558,2025-07-15 10h01.05.025414 +0100,
1,0,1,1,0,1,0,,,,,,,,,,,,,,,,,8.779667615890503,-0.013333333333333334,0.15,1.031383064346427,4.990893695367782,0.03,,407153,001,2025-07-15_10h01.00.695,ContPsyTracking,2024.2.4,159.19688352547558,2025-07-15 10h01.05.025414 +0100,
1,0,1,1,0,1,0,,,,,,,,,,,,,,,,,8.785666942596436,-0.011666666666666667,0.15166666666666667,0.8942205358473176,4.52918617839031,0.03,,407153,001,2025-07-15_10h01.00.695,ContPsyTracking,2024.2.4,159.19688352547558,2025-07-15 10h01.05.025414 +0100,
1,0,1,1,0,1,0,,,,,,,,,,,,,,,,,8.791662693023682,-0.01,0.15333333333333332,0.6709063487297564,4.70116435581186,0.03,,407153,001,2025-07-15_10h01.00.695,ContPsyTracking,2024.2.4,159.19688352547558,2025-07-15 10h01.05.025414 +0100,
1,0,1,1,0,1,0,,,,,,,,,,,,,,,,,8.801666975021362,-0.008333333333333333,0.15666666666666668,0.9255946177274954,4.759232652445215,0.03,,407153,001,2025-07-15_10h01.00.695,ContPsyTracking,2024.2.4,159.19688352547558,2025-07-15 10h01.05.025414 +0100,
1,0,1,1,0,1,0,,,,,,,,,,,,,,,,,8.810666799545288,-0.006666666666666667,0.15833333333333333,0.8326388647542746,4.803636718151565,0.03,,407153,001,2025-07-15_10h01.00.695,ContPsyTracking,2024.2.4,159.19688352547558,2025-07-15 10h01.05.025414 +0100,
1,0,1,1,0,1,0,,,,,,,,,,,,,,,,,8.820666790008545,-0.005,0.16166666666666665,1.0535637253043113,4.352353040323198,0.03,,407153,001,2025-07-15_10h01.00.695,ContPsyTracking,2024.2.4,159.19688352547558,2025-07-15 10h01.05.025414 +0100,
1,0,1,1,0,1,0,,,,,,,,,,,,,,,,,8.828702688217163,-0.0033333333333333335,0.16333333333333333,1.2678667888333677,4.293249456314977,0.03,,407153,001,2025-07-15_10h01.00.695,ContPsyTracking,2024.2.4,159.19688352547558,2025-07-15 10h01.05.025414 +0100,
1,0,1,1,0,1,0,,,,,,,,,,,,,,,,,8.83870005607605,-0.0016666666666666668,0.165,1.3636054316334252,4.1928738890561466,0.03,,407153,001,2025-07-15_10h01.00.695,ContPsyTracking,2024.2.4,159.19688352547558,2025-07-15 10h01.05.025414 +0100,
1,0,1,1,0,1,0,,,,,,,,,,,,,,,,,8.846717119216919,0.0,0.16666666666666666,1.0828453511506861,4.426730771316676,0.03,,407153,001,2025-07-15_10h01.00.695,ContPsyTracking,2024.2.4,159.19688352547558,2025-07-15 10h01.05.025414 +0100,
1,0,1,1,0,1,0,,,,,,,,,,,,,,,,,8.856750249862671,0.0,0.16666666666666666,0.8785740509250359,4.006588265963281,0.03,,407153,001,2025-07-15_10h01.00.695,ContPsyTracking,2024.2.4,159.19688352547558,2025-07-15 10h01.05.025414 +0100,
1,0,1,1,0,1,0,,,,,,,,,,,,,,,,,8.865767240524292,0.0,0.16666666666666666,1.0793269058922346,4.276091693385399,0.03,,407153,001,2025-07-15_10h01.00.695,ContPsyTracking,2024.2.4,159.19688352547558,2025-07-15 10h01.05.025414 +0100,
1,0,1,1,0,1,0,,,,,,,,,,,,,,,,,8.874767065048218,0.0,0.16666666666666666,1.0875757171477405,4.599002991920027,0.03,,407153,001,2025-07-15_10h01.00.695,ContPsyTracking,2024.2.4,159.19688352547558,2025-07-15 10h01.05.025414 +0100,
1,0,1,1,0,1,0,,,,,,,,,,,,,,,,,8.883774042129517,0.0016666666666666668,0.16666666666666666,1.4306912627165214,4.717746003784423,0.03,,407153,001,2025-07-15_10h01.00.695,ContPsyTracking,2024.2.4,159.19688352547558,2025-07-15 10h01.05.025414 +0100,
1,0,1,1,0,1,0,,,,,,,,,,,,,,,,,8.892790079116821,0.0016666666666666668,0.16666666666666666,1.8105823897487292,4.806940504320401,0.03,,407153,001,2025-07-15_10h01.00.695,ContPsyTracking,2024.2.4,159.19688352547558,2025-07-15 10h01.05.025414 +0100,
1,0,1,1,0,1,0,,,,,,,,,,,,,,,,,8.901801824569702,0.0016666666666666668,0.16666666666666666,1.8380563389304054,5.000417581407367,0.03,,407153,001,2025-07-15_10h01.00.695,ContPsyTracking,2024.2.4,159.19688352547558,2025-07-15 10h01.05.025414 +0100,
1,0,1,1,0,1,0,,,,,,,,,,,,,,,,,8.910958766937256,0.0016666666666666668,0.16666666666666666,1.5043991420086902,4.654377579847169,0.03,,407153,001,2025-07-15_10h01.00.695,ContPsyTracking,2024.2.4,159.19688352547558,2025-07-15 10h01.05.025414 +0100,
1,0,1,1,0,1,0,,,,,,,,,,,,,,,,,8.919908285140991,0.0033333333333333335,0.16666666666666666,1.234960942095446,5.039815976129947,0.03,,407153,001,2025-07-15_10h01.00.695,ContPsyTracking,2024.2.4,159.19688352547558,2025-07-15 10h01.05.025414 +0100,
1,0,1,1,0,1,0,,,,,,,,,,,,,,,,,8.928908586502075,0.0033333333333333335,0.16666666666666666,1.0001283741651046,4.794559784710386,0.03,,407153,001,2025-07-15_10h01.00.695,ContPsyTracking,2024.2.4,159.19688352547558,2025-07-15 10h01.05.025414 +0100,
1,0,1,1,0,1,0,,,,,,,,,,,,,,,,,8.937943458557129,0.0033333333333333335,0.16666666666666666,1.3119777793196634,4.605589566004445,0.03,,407153,001,2025-07-15_10h01.00.695,ContPsyTracking,2024.2.4,159.19688352547558,2025-07-15 10h01.05.025414 +0100,
1,0,1,1,0,1,0,,,,,,,,,,,,,,,,,8.948047637939453,0.0033333333333333335,0.16666666666666666,1.4279948575374306,4.7788383974842175,0.03,,407153,001,2025-07-15_10h01.00.695,ContPsyTracking,2024.2.4,159.19688352547558,2025-07-15 10h01.05.025414 +0100,
1,0,1,1,0,1,0,,,,,,,,,,,,,,,,,8.956047534942627,0.0033333333333333335,0.16833333333333333,1.5905643082848193,4.980219517239811,0.03,,407153,001,2025-07-15_10h01.00.695,ContPsyTracking,2024.2.4,159.19688352547558,2025-07-15 10h01.05.025414 +0100,
1,0,1,1,0,1,0,,,,,,,,,,,,,,,,,8.966074705123901,0.0033333333333333335,0.16833333333333333,1.3703275515543423,5.254022750740121,0.03,,407153,001,2025-07-15_10h01.00.695,ContPsyTracking,2024.2.4,159.19688352547558,2025-07-15 10h01.05.025414 +0100,
1,0,1,1,0,1,0,,,,,,,,,,,,,,,,,8.975075006484985,0.005,0.16833333333333333,0.7509041395083357,5.543266045099268,0.03,,407153,001,2025-07-15_10h01.00.695,ContPsyTracking,2024.2.4,159.19688352547558,2025-07-15 10h01.05.025414 +0100,
1,0,1,1,0,1,0,,,,,,,,,,,,,,,,,8.984070539474487,0.005,0.16833333333333333,0.6979338719556394,5.8386352300364015,0.03,,407153,001,2025-07-15_10h01.00.695,ContPsyTracking,2024.2.4,159.19688352547558,2025-07-15 10h01.05.025414 +0100,
1,0,1,1,0,1,0,,,,,,,,,,,,,,,,,8.993074893951416,0.005,0.16833333333333333,0.8303473029522079,5.8386352300364015,0.03,,407153,001,2025-07-15_10h01.00.695,ContPsyTracking,2024.2.4,159.19688352547558,2025-07-15 10h01.05.025414 +0100,
1,0,1,1,0,1,0,,,,,,,,,,,,,,,,,9.002070426940918,0.005,0.16833333333333333,0.9131437146707547,5.894201532511677,0.03,,407153,001,2025-07-15_10h01.00.695,ContPsyTracking,2024.2.4,159.19688352547558,2025-07-15 10h01.05.025414 +0100,
1,0,1,1,0,1,0,,,,,,,,,,,,,,,,,9.011074781417847,0.005,0.16833333333333333,1.0343803292692526,5.894201532511677,0.03,,407153,001,2025-07-15_10h01.00.695,ContPsyTracking,2024.2.4,159.19688352547558,2025-07-15 10h01.05.025414 +0100,
1,0,1,1,0,1,0,,,,,,,,,,,,,,,,,9.020083904266357,0.005,0.16833333333333333,0.7744958541918943,5.538735088638718,0.03,,407153,001,2025-07-15_10h01.00.695,ContPsyTracking,2024.2.4,159.19688352547558,2025-07-15 10h01.05.025414 +0100,
1,0,1,1,0,1,0,,,,,,,,,,,,,,,,,9.029110431671143,0.005,0.16833333333333333,0.6502741133442782,5.468972653050697,0.03,,407153,001,2025-07-15_10h01.00.695,ContPsyTracking,2024.2.4,159.19688352547558,2025-07-15 10h01.05.025414 +0100,
1,0,1,1,0,1,0,,,,,,,,,,,,,,,,,9.039122581481934,0.005,0.16833333333333333,0.8063260698194744,5.66184751508739,0.03,,407153,001,2025-07-15_10h01.00.695,ContPsyTracking,2024.2.4,159.19688352547558,2025-07-15 10h01.05.025414 +0100,
1,0,1,1,0,1,0,,,,,,,,,,,,,,,,,9.047118425369263,0.005,0.16833333333333333,0.5178155188680411,5.242700933305734,0.03,,407153,001,2025-07-15_10h01.00.695,ContPsyTracking,2024.2.4,159.19688352547558,2025-07-15 10h01.05.025414 +0100,
1,0,1,1,0,1,0,,,,,,,,,,,,,,,,,9.057121992111206,0.005,0.16833333333333333,0.6035739891833661,5.09697580326526,0.03,,407153,001,2025-07-15_10h01.00.695,ContPsyTracking,2024.2.4,159.19688352547558,2025-07-15 10h01.05.025414 +0100,
1,0,1,1,0,1,0,,,,,,,,,,,,,,,,,9.065134048461914,0.005,0.16833333333333333,1.3022658336730375,5.079973712456762,0.03,,407153,001,2025-07-15_10h01.00.695,ContPsyTracking,2024.2.4,159.19688352547558,2025-07-15 10h01.05.025414 +0100,
1,0,1,1,0,1,0,,,,,,,,,,,,,,,,,9.075133800506592,0.005,0.16833333333333333,1.0006330908706316,5.298586478505062,0.03,,407153,001,2025-07-15_10h01.00.695,ContPsyTracking,2024.2.4,159.19688352547558,2025-07-15 10h01.05.025414 +0100,
1,0,1,1,0,1,0,,,,,,,,,,,,,,,,,9.083133697509766,0.005,0.16833333333333333,0.6831658717985072,5.359975131404876,0.03,,407153,001,2025-07-15_10h01.00.695,ContPsyTracking,2024.2.4,159.19688352547558,2025-07-15 10h01.05.025414 +0100,
1,0,1,1,0,1,0,,,,,,,,,,,,,,,,,9.09313416481018,0.006666666666666667,0.17,0.6616555124688351,5.6749005527423,0.03,,407153,001,2025-07-15_10h01.00.695,ContPsyTracking,2024.2.4,159.19688352547558,2025-07-15 10h01.05.025414 +0100,
1,0,1,1,0,1,0,,,,,,,,,,,,,,,,,9.102129459381104,0.006666666666666667,0.17,0.3251898475282549,5.731429705377887,0.03,,407153,001,2025-07-15_10h01.00.695,ContPsyTracking,2024.2.4,159.19688352547558,2025-07-15 10h01.05.025414 +0100,
1,0,1,1,0,1,0,,,,,,,,,,,,,,,,,9.111135005950928,0.006666666666666667,0.17,0.7198405205584426,5.731429705377887,0.03,,407153,001,2025-07-15_10h01.00.695,ContPsyTracking,2024.2.4,159.19688352547558,2025-07-15 10h01.05.025414 +0100,
1,0,1,1,0,1,0,,,,,,,,,,,,,,,,,9.120145559310913,0.006666666666666667,0.17,0.8511107695856603,5.222437650041748,0.03,,407153,001,2025-07-15_10h01.00.695,ContPsyTracking,2024.2.4,159.19688352547558,2025-07-15 10h01.05.025414 +0100,
1,0,1,1,0,1,0,,,,,,,,,,,,,,,,,9.129145622253418,0.006666666666666667,0.17,1.0646103883342164,5.363776803590329,0.03,,407153,001,2025-07-15_10h01.00.695,ContPsyTracking,2024.2.4,159.19688352547558,2025-07-15 10h01.05.025414 +0100,
1,0,1,1,0,1,0,,,,,,,,,,,,,,,,,9.138203620910645,0.008333333333333333,0.17,1.272276504007604,5.568475040916817,0.03,,407153,001,2025-07-15_10h01.00.695,ContPsyTracking,2024.2.4,159.19688352547558,2025-07-15 10h01.05.025414 +0100,
1,0,1,1,0,1,0,,,,,,,,,,,,,,,,,9.14725661277771,0.008333333333333333,0.17,1.084816040492988,5.582524883070321,0.03,,407153,001,2025-07-15_10h01.00.695,ContPsyTracking,2024.2.4,159.19688352547558,2025-07-15 10h01.05.025414 +0100,
1,0,1,1,0,1,0,,,,,,,,,,,,,,,,,9.156256675720215,0.008333333333333333,0.17166666666666666,0.6207580922878131,5.831565670112842,0.03,,407153,001,2025-07-15_10h01.00.695,ContPsyTracking,2024.2.4,159.19688352547558,2025-07-15 10h01.05.025414 +0100,
1,0,1,1,0,1,0,,,,,,,,,,,,,,,,,9.165312051773071,0.008333333333333333,0.17333333333333334,0.2888014887468846,5.552375632410048,0.03,,407153,001,2025-07-15_10h01.00.695,ContPsyTracking,2024.2.4,159.19688352547558,2025-07-15 10h01.05.025414 +0100,
1,0,1,1,0,1,0,,,,,,,,,,,,,,,,,9.174310684204102,0.008333333333333333,0.17333333333333334,0.5030843919958491,5.336089656542961,0.03,,407153,001,2025-07-15_10h01.00.695,ContPsyTracking,2024.2.4,159.19688352547558,2025-07-15 10h01.05.025414 +0100,
1,0,1,1,0,1,0,,,,,,,,,,,,,,,,,9.18434476852417,0.008333333333333333,0.17333333333333334,0.14526294765246334,5.336089656542961,0.03,,407153,001,2025-07-15_10h01.00.695,ContPsyTracking,2024.2.4,159.19688352547558,2025-07-15 10h01.05.025414 +0100,
1,0,1,1,0,1,0,,,,,,,,,,,,,,,,,9.192361116409302,0.008333333333333333,0.17333333333333334,0.2643073349068211,5.621141801694087,0.03,,407153,001,2025-07-15_10h01.00.695,ContPsyTracking,2024.2.4,159.19688352547558,2025-07-15 10h01.05.025414 +0100,
1,0,1,1,0,1,0,,,,,,,,,,,,,,,,,9.20259141921997,0.008333333333333333,0.17333333333333334,0.00694805998030501,5.678870469193561,0.03,,407153,001,2025-07-15_10h01.00.695,ContPsyTracking,2024.2.4,159.19688352547558,2025-07-15 10h01.05.025414 +0100,
1,0,1,1,0,1,0,,,,,,,,,,,,,,,,,9.210591077804565,0.008333333333333333,0.175,0.21126019355520947,5.678870469193561,0.03,,407153,001,2025-07-15_10h01.00.695,ContPsyTracking,2024.2.4,159.19688352547558,2025-07-15 10h01.05.025414 +0100,
1,0,1,1,0,1,0,,,,,,,,,,,,,,,,,9.220591306686401,0.008333333333333333,0.175,0.29516292048423093,5.714956890183155,0.03,,407153,001,2025-07-15_10h01.00.695,ContPsyTracking,2024.2.4,159.19688352547558,2025-07-15 10h01.05.025414 +0100,
1,0,1,1,0,1,0,,,,,,,,,,,,,,,,,9.228590965270996,0.008333333333333333,0.175,0.007005282617948083,5.666438725350115,0.03,,407153,001,2025-07-15_10h01.00.695,ContPsyTracking,2024.2.4,159.19688352547558,2025-07-15 10h01.05.025414 +0100,
1,0,1,1,0,1,0,,,,,,,,,,,,,,,,,9.238587141036987,0.008333333333333333,0.175,0.5021855422721112,5.655719719181741,0.03,,407153,001,2025-07-15_10h01.00.695,ContPsyTracking,2024.2.4,159.19688352547558,2025-07-15 10h01.05.025414 +0100,
1,0,1,1,0,1,0,,,,,,,,,,,,,,,,,9.24660587310791,0.008333333333333333,0.175,0.8997319220239377,5.880758159847965,0.03,,407153,001,2025-07-15_10h01.00.695,ContPsyTracking,2024.2.4,159.19688352547558,2025-07-15 10h01.05.025414 +0100,
1,0,1,1,0,1,0,,,,,,,,,,,,,,,,,9.256616592407227,0.008333333333333333,0.175,0.6692638265041674,5.880758159847965,0.03,,407153,001,2025-07-15_10h01.00.695,ContPsyTracking,2024.2.4,159.19688352547558,2025-07-15 10h01.05.025414 +0100,
1,0,1,1,0,1,0,,,,,,,,,,,,,,,,,9.265648603439331,0.008333333333333333,0.175,0.8914719645456081,5.931137920191236,0.03,,407153,001,2025-07-15_10h01.00.695,ContPsyTracking,2024.2.4,159.19688352547558,2025-07-15 10h01.05.025414 +0100,
1,0,1,1,0,1,0,,,,,,,,,,,,,,,,,9.274686574935913,0.008333333333333333,0.175,1.0465352688729597,5.698178509317885,0.03,,407153,001,2025-07-15_10h01.00.695,ContPsyTracking,2024.2.4,159.19688352547558,2025-07-15 10h01.05.025414 +0100,
1,0,1,1,0,1,0,,,,,,,,,,,,,,,,,9.283686876296997,0.008333333333333333,0.175,1.1934620979953714,5.5569786829582295,0.03,,407153,001,2025-07-15_10h01.00.695,ContPsyTracking,2024.2.4,159.19688352547558,2025-07-15 10h01.05.025414 +0100,
1,0,1,1,0,1,0,,,,,,,,,,,,,,,,,9.292686462402344,0.008333333333333333,0.175,0.8398794616207761,5.4829273176185795,0.03,,407153,001,2025-07-15_10h01.00.695,ContPsyTracking,2024.2.4,159.19688352547558,2025-07-15 10h01.05.025414 +0100,
1,0,1,1,0,1,0,,,,,,,,,,,,,,,,,9.30168628692627,0.008333333333333333,0.175,1.329109637724519,5.217406010501854,0.03,,407153,001,2025-07-15_10h01.00.695,ContPsyTracking,2024.2.4,159.19688352547558,2025-07-15 10h01.05.025414 +0100,
1,0,1,1,0,1,0,,,,,,,,,,,,,,,,,9.311686754226685,0.008333333333333333,0.175,1.9992550802159164,4.777932079812267,0.03,,407153,001,2025-07-15_10h01.00.695,ContPsyTracking,2024.2.4,159.19688352547558,2025-07-15 10h01.05.025414 +0100,
1,0,1,1,0,1,0,,,,,,,,,,,,,,,,,9.31968641281128,0.008333333333333333,0.17666666666666667,1.862352797672673,4.8743287724785045,0.03,,407153,001,2025-07-15_10h01.00.695,ContPsyTracking,2024.2.4,159.19688352547558,2025-07-15 10h01.05.025414 +0100,
1,0,1,1,0,1,0,,,,,,,,,,,,,,,,,9.329686641693115,0.008333333333333333,0.17666666666666667,2.290140631684137,4.626562867899252,0.03,,407153,001,2025-07-15_10h01.00.695,ContPsyTracking,2024.2.4,159.19688352547558,2025-07-15 10h01.05.025414 +0100,
1,0,1,1,0,1,0,,,,,,,,,,,,,,,,,9.33768630027771,0.008333333333333333,0.17833333333333334,2.4854660639937505,4.770579864353144,0.03,,407153,001,2025-07-15_10h01.00.695,ContPsyTracking,2024.2.4,159.19688352547558,2025-07-15 10h01.05.025414 +0100,
1,0,1,1,0,1,0,,,,,,,,,,,,,,,,,9.347686529159546,0.008333333333333333,0.17833333333333334,2.20328694026403,4.964845556416007,0.03,,407153,001,2025-07-15_10h01.00.695,ContPsyTracking,2024.2.4,159.19688352547558,2025-07-15 10h01.05.025414 +0100,
1,0,1,1,0,1,0,,,,,,,,,,,,,,,,,9.356699228286743,0.008333333333333333,0.17833333333333334,2.068031144726569,4.484946867447716,0.03,,407153,001,2025-07-15_10h01.00.695,ContPsyTracking,2024.2.4,159.19688352547558,2025-07-15 10h01.05.025414 +0100,
1,0,1,1,0,1,0,,,,,,,,,,,,,,,,,9.365703821182251,0.008333333333333333,0.17833333333333334,2.1446135953693144,4.271892526849006,0.03,,407153,001,2025-07-15_10h01.00.695,ContPsyTracking,2024.2.4,159.19688352547558,2025-07-15 10h01.05.025414 +0100,
1,0,1,1,0,1,0,,,,,,,,,,,,,,,,,9.374703645706177,0.008333333333333333,0.17833333333333334,1.8116585163055048,4.617508192546881,0.03,,407153,001,2025-07-15_10h01.00.695,ContPsyTracking,2024.2.4,159.19688352547558,2025-07-15 10h01.05.025414 +0100,
1,0,1,1,0,1,0,,,,,,,,,,,,,,,,,9.383703470230103,0.008333333333333333,0.17833333333333334,1.894307773631032,4.432817285532538,0.03,,407153,001,2025-07-15_10h01.00.695,ContPsyTracking,2024.2.4,159.19688352547558,2025-07-15 10h01.05.025414 +0100,
1,0,1,1,0,1,0,,,,,,,,,,,,,,,,,9.392710208892822,0.008333333333333333,0.17833333333333334,1.6715034864978957,4.397066319209759,0.03,,407153,001,2025-07-15_10h01.00.695,ContPsyTracking,2024.2.4,159.19688352547558,2025-07-15 10h01.05.025414 +0100,
1,0,1,1,0,1,0,,,,,,,,,,,,,,,,,9.40171480178833,0.008333333333333333,0.17833333333333334,1.586375636770624,4.671412444140564,0.03,,407153,001,2025-07-15_10h01.00.695,ContPsyTracking,2024.2.4,159.19688352547558,2025-07-15 10h01.05.025414 +0100,
1,0,1,1,0,1,0,,,,,,,,,,,,,,,,,9.410710573196411,0.008333333333333333,0.17833333333333334,1.3860584670863108,4.615186965239573,0.03,,407153,001,2025-07-15_10h01.00.695,ContPsyTracking,2024.2.4,159.19688352547558,2025-07-15 10h01.05.025414 +0100,
1,0,1,1,0,1,0,,,,,,,,,,,,,,,,,9.420710563659668,0.008333333333333333,0.17833333333333334,1.6309694703397295,4.719791002042717,0.03,,407153,001,2025-07-15_10h01.00.695,ContPsyTracking,2024.2.4,159.19688352547558,2025-07-15 10h01.05.025414 +0100,
1,0,1,1,0,1,0,,,,,,,,,,,,,,,,,9.429710388183594,0.008333333333333333,0.17833333333333334,1.8223905078153986,4.751373969194133,0.03,,407153,001,2025-07-15_10h01.00.695,ContPsyTracking,2024.2.4,159.19688352547558,2025-07-15 10h01.05.025414 +0100,
1,0,1,1,0,1,0,,,,,,,,,,,,,,,,,9.438710451126099,0.008333333333333333,0.17833333333333334,1.9166545245649391,4.619646939570519,0.03,,407153,001,2025-07-15_10h01.00.695,ContPsyTracking,2024.2.4,159.19688352547558,2025-07-15 10h01.05.025414 +0100,
1,0,1,1,0,1,0,,,,,,,,,,,,,,,,,9.44672703742981,0.008333333333333333,0.17833333333333334,1.949758036391087,4.44936342245885,0.03,,407153,001,2025-07-15_10h01.00.695,ContPsyTracking,2024.2.4,159.19688352547558,2025-07-15 10h01.05.025414 +0100,
1,0,1,1,0,1,0,,,,,,,,,,,,,,,,,9.456793308258057,0.008333333333333333,0.17833333333333334,1.9629613559429782,4.168112817771734,0.03,,407153,001,2025-07-15_10h01.00.695,ContPsyTracking,2024.2.4,159.19688352547558,2025-07-15 10h01.05.025414 +0100,
1,0,1,1,0,1,0,,,,,,,,,,,,,,,,,9.46479344367981,0.008333333333333333,0.17833333333333334,1.5746588950201827,4.301132462276258,0.03,,407153,001,2025-07-15_10h01.00.695,ContPsyTracking,2024.2.4,159.19688352547558,2025-07-15 10h01.05.025414 +0100,
1,0,1,1,0,1,0,,,,,,,,,,,,,,,,,9.474793434143066,0.008333333333333333,0.17833333333333334,1.8359956627160563,3.73794314503209,0.03,,407153,001,2025-07-15_10h01.00.695,ContPsyTracking,2024.2.4,159.19688352547558,2025-07-15 10h01.05.025414 +0100,
1,0,1,1,0,1,0,,,,,,,,,,,,,,,,,9.483816146850586,0.008333333333333333,0.17833333333333334,2.287110337827131,3.5998230982708646,0.03,,407153,001,2025-07-15_10h01.00.695,ContPsyTracking,2024.2.4,159.19688352547558,2025-07-15 10h01.05.025414 +0100,
1,0,1,1,0,1,0,,,,,,,,,,,,,,,,,9.492815971374512,0.008333333333333333,0.17833333333333334,2.33301052048317,2.8238565381418055,0.03,,407153,001,2025-07-15_10h01.00.695,ContPsyTracking,2024.2.4,159.19688352547558,2025-07-15 10h01.05.025414 +0100,
1,0,1,1,0,1,0,,,,,,,,,,,,,,,,,9.501816034317017,0.008333333333333333,0.17833333333333334,2.6429345326916596,2.9304002601760013,0.03,,407153,001,2025-07-15_10h01.00.695,ContPsyTracking,2024.2.4,159.19688352547558,2025-07-15 10h01.05.025414 +0100,
1,0,1,1,0,1,0,,,,,,,,,,,,,,,,,9.510833263397217,0.008333333333333333,0.17833333333333334,2.769589000842054,2.8139736441194354,0.03,,407153,001,2025-07-15_10h01.00.695,ContPsyTracking,2024.2.4,159.19688352547558,2025-07-15 10h01.05.025414 +0100,
1,0,1,1,0,1,0,,,,,,,,,,,,,,,,,9.518833637237549,0.008333333333333333,0.17833333333333334,2.5299103562613134,2.664870747164061,0.03,,407153,001,2025-07-15_10h01.00.695,ContPsyTracking,2024.2.4,159.19688352547558,2025-07-15 10h01.05.025414 +0100,
1,0,1,1,0,1,0,,,,,,,,,,,,,,,,,9.528833866119385,0.008333333333333333,0.18,2.3847028693177945,2.7430610398002524,0.03,,407153,001,2025-07-15_10h01.00.695,ContPsyTracking,2024.2.4,159.19688352547558,2025-07-15 10h01.05.025414 +0100,
1,0,1,1,0,1,0,,,,,,,,,,,,,,,,,9.537920951843262,0.008333333333333333,0.18,2.3589997335481154,2.853717305700216,0.03,,407153,001,2025-07-15_10h01.00.695,ContPsyTracking,2024.2.4,159.19688352547558,2025-07-15 10h01.05.025414 +0100,
1,0,1,1,0,1,0,,,,,,,,,,,,,,,,,9.546920776367188,0.008333333333333333,0.18,2.3564945064562934,3.3133353567801933,0.03,,407153,001,2025-07-15_10h01.00.695,ContPsyTracking,2024.2.4,159.19688352547558,2025-07-15 10h01.05.025414 +0100,
1,0,1,1,0,1,0,,,,,,,,,,,,,,,,,9.555920839309692,0.008333333333333333,0.18,2.347250180561086,3.604061610698159,0.03,,407153,001,2025-07-15_10h01.00.695,ContPsyTracking,2024.2.4,159.19688352547558,2025-07-15 10h01.05.025414 +0100,
1,0,1,1,0,1,0,,,,,,,,,,,,,,,,,9.565921068191528,0.008333333333333333,0.18166666666666667,2.250122767286816,3.5804149244370373,0.03,,407153,001,2025-07-15_10h01.00.695,ContPsyTracking,2024.2.4,159.19688352547558,2025-07-15 10h01.05.025414 +0100,
1,0,1,1,0,1,0,,,,,,,,,,,,,,,,,9.573920965194702,0.008333333333333333,0.18166666666666667,2.209345238144788,4.108743684864279,0.03,,407153,001,2025-07-15_10h01.00.695,ContPsyTracking,2024.2.4,159.19688352547558,2025-07-15 10h01.05.025414 +0100,
1,0,1,1,0,1,0,,,,,,,,,,,,,,,,,9.583932638168335,0.008333333333333333,0.18166666666666667,1.7392174019542124,4.127667976845614,0.03,,407153,001,2025-07-15_10h01.00.695,ContPsyTracking,2024.2.4,159.19688352547558,2025-07-15 10h01.05.025414 +0100,
1,0,1,1,0,1,0,,,,,,,,,,,,,,,,,9.591933012008667,0.008333333333333333,0.18333333333333332,1.7133748435346963,4.5253499737021246,0.03,,407153,001,2025-07-15_10h01.00.695,ContPsyTracking,2024.2.4,159.19688352547558,2025-07-15 10h01.05.025414 +0100,
1,0,1,1,0,1,0,,,,,,,,,,,,,,,,,9.601939916610718,0.006666666666666667,0.18333333333333332,1.291052933508037,4.2960610761283675,0.03,,407153,001,2025-07-15_10h01.00.695,ContPsyTracking,2024.2.4,159.19688352547558,2025-07-15 10h01.05.025414 +0100,
1,0,1,1,0,1,0,,,,,,,,,,,,,,,,,9.609944105148315,0.006666666666666667,0.18333333333333332,1.993622070363307,4.045199656922101,0.03,,407153,001,2025-07-15_10h01.00.695,ContPsyTracking,2024.2.4,159.19688352547558,2025-07-15 10h01.05.025414 +0100,
1,0,1,1,0,1,0,,,,,,,,,,,,,,,,,9.619956493377686,0.006666666666666667,0.18333333333333332,1.8163471871061065,3.958342990525707,0.03,,407153,001,2025-07-15_10h01.00.695,ContPsyTracking,2024.2.4,159.19688352547558,2025-07-15 10h01.05.025414 +0100,
1,0,1,1,0,1,0,,,,,,,,,,,,,,,,,9.627970457077026,0.006666666666666667,0.185,2.2617157456126957,3.8971045649235507,0.03,,407153,001,2025-07-15_10h01.00.695,ContPsyTracking,2024.2.4,159.19688352547558,2025-07-15 10h01.05.025414 +0100,
1,0,1,1,0,1,0,,,,,,,,,,,,,,,,,9.637984275817871,0.006666666666666667,0.185,2.200980796318144,3.78002058056167,0.03,,407153,001,2025-07-15_10h01.00.695,ContPsyTracking,2024.2.4,159.19688352547558,2025-07-15 10h01.05.025414 +0100,
1,0,1,1,0,1,0,,,,,,,,,,,,,,,,,9.646984100341797,0.006666666666666667,0.185,2.334865781190602,3.877394318666197,0.03,,407153,001,2025-07-15_10h01.00.695,ContPsyTracking,2024.2.4,159.19688352547558,2025-07-15 10h01.05.025414 +0100,
1,0,1,1,0,1,0,,,,,,,,,,,,,,,,,9.656065940856934,0.006666666666666667,0.185,2.598600424448823,4.273571845527578,0.03,,407153,001,2025-07-15_10h01.00.695,ContPsyTracking,2024.2.4,159.19688352547558,2025-07-15 10h01.05.025414 +0100,
1,0,1,1,0,1,0,,,,,,,,,,,,,,,,,9.665066242218018,0.006666666666666667,0.185,2.4878326998539033,4.46851170591206,0.03,,407153,001,2025-07-15_10h01.00.695,ContPsyTracking,2024.2.4,159.19688352547558,2025-07-15 10h01.05.025414 +0100,
1,0,1,1,0,1,0,,,,,,,,,,,,,,,,,9.674066066741943,0.006666666666666667,0.185,2.650745952128103,3.893511243388467,0.03,,407153,001,2025-07-15_10h01.00.695,ContPsyTracking,2024.2.4,159.19688352547558,2025-07-15 10h01.05.025414 +0100,
1,0,1,1,0,1,0,,,,,,,,,,,,,,,,,9.68309998512268,0.006666666666666667,0.185,2.3840361178629395,3.7081373632926575,0.03,,407153,001,2025-07-15_10h01.00.695,ContPsyTracking,2024.2.4,159.19688352547558,2025-07-15 10h01.05.025414 +0100,
1,0,1,1,0,1,0,,,,,,,,,,,,,,,,,9.692117691040039,0.006666666666666667,0.185,2.1275417558457073,4.303605618109055,0.03,,407153,001,2025-07-15_10h01.00.695,ContPsyTracking,2024.2.4,159.19688352547558,2025-07-15 10h01.05.025414 +0100,
1,0,1,1,0,1,0,,,,,,,,,,,,,,,,,9.70119571685791,0.006666666666666667,0.185,1.821638460444186,4.305321019431189,0.03,,407153,001,2025-07-15_10h01.00.695,ContPsyTracking,2024.2.4,159.19688352547558,2025-07-15 10h01.05.025414 +0100,
1,0,1,1,0,1,0,,,,,,,,,,,,,,,,,9.710222005844116,0.006666666666666667,0.185,1.9230343645117813,4.212596673791701,0.03,,407153,001,2025-07-15_10h01.00.695,ContPsyTracking,2024.2.4,159.19688352547558,2025-07-15 10h01.05.025414 +0100,
1,0,1,1,0,1,0,,,,,,,,,,,,,,,,,9.719226598739624,0.006666666666666667,0.185,2.1556370361477106,3.8495069653620924,0.03,,407153,001,2025-07-15_10h01.00.695,ContPsyTracking,2024.2.4,159.19688352547558,2025-07-15 10h01.05.025414 +0100,
1,0,1,1,0,1,0,,,,,,,,,,,,,,,,,9.72522234916687,0.006666666666666667,0.185,1.8454792599191245,4.3398789655491825,0.03,,407153,001,2025-07-15_10h01.00.695,ContPsyTracking,2024.2.4,159.19688352547558,2025-07-15 10h01.05.025414 +0100,
1,0,1,1,0,1,0,,,,,,,,,,,,,,,,,9.735222101211548,0.006666666666666667,0.185,1.8701102136447256,4.254370029966991,0.03,,407153,001,2025-07-15_10h01.00.695,ContPsyTracking,2024.2.4,159.19688352547558,2025-07-15 10h01.05.025414 +0100,
1,0,1,1,0,1,0,,,,,,,,,,,,,,,,,9.7432222366333,0.006666666666666667,0.185,1.6069949234568925,3.6732770224975644,0.03,,407153,001,2025-07-15_10h01.00.695,ContPsyTracking,2024.2.4,159.19688352547558,2025-07-15 10h01.05.025414 +0100,
1,0,1,1,0,1,0,,,,,,,,,,,,,,,,,9.749238729476929,0.006666666666666667,0.185,2.160807703786577,3.3808967683716196,0.03,,407153,001,2025-07-15_10h01.00.695,ContPsyTracking,2024.2.4,159.19688352547558,2025-07-15 10h01.05.025414 +0100,
1,0,1,1,0,1,0,,,,,,,,,,,,,,,,,9.755246639251709,0.006666666666666667,0.185,2.183414717335687,3.8008842038482764,0.03,,407153,001,2025-07-15_10h01.00.695,ContPsyTracking,2024.2.4,159.19688352547558,2025-07-15 10h01.05.025414 +0100,
1,0,1,1,0,1,0,,,,,,,,,,,,,,,,,9.765246629714966,0.006666666666666667,0.185,2.1229359075436407,3.217906847733239,0.03,,407153,001,2025-07-15_10h01.00.695,ContPsyTracking,2024.2.4,159.19688352547558,2025-07-15 10h01.05.025414 +0100,
1,0,1,1,0,1,0,,,,,,,,,,,,,,,,,9.773246049880981,0.006666666666666667,0.185,2.1773014003185875,2.556809698415331,0.03,,407153,001,2025-07-15_10h01.00.695,ContPsyTracking,2024.2.4,159.19688352547558,2025-07-15 10h01.05.025414 +0100,
1,0,1,1,0,1,0,,,,,,,,,,,,,,,,,9.783246517181396,0.006666666666666667,0.185,2.084574477870251,2.6168598017533937,0.03,,407153,001,2025-07-15_10h01.00.695,ContPsyTracking,2024.2.4,159.19688352547558,2025-07-15 10h01.05.025414 +0100,
1,0,1,1,0,1,0,,,,,,,,,,,,,,,,,9.791246175765991,0.006666666666666667,0.185,2.2527969855221524,2.1184075197786143,0.03,,407153,001,2025-07-15_10h01.00.695,ContPsyTracking,2024.2.4,159.19688352547558,2025-07-15 10h01.05.025414 +0100,
1,0,1,1,0,1,0,,,,,,,,,,,,,,,,,9.798251152038574,0.006666666666666667,0.185,1.5406619458878037,1.748776329398484,0.03,,407153,001,2025-07-15_10h01.00.695,ContPsyTracking,2024.2.4,159.19688352547558,2025-07-15 10h01.05.025414 +0100,
1,0,1,1,0,1,0,,,,,,,,,,,,,,,,,9.807246208190918,0.006666666666666667,0.185,1.6519651767005032,1.7169190829300067,0.03,,407153,001,2025-07-15_10h01.00.695,ContPsyTracking,2024.2.4,159.19688352547558,2025-07-15 10h01.05.025414 +0100,
1,0,1,1,0,1,0,,,,,,,,,,,,,,,,,9.816271305084229,0.006666666666666667,0.185,1.2657876804595607,1.2975531041943351,0.03,,407153,001,2025-07-15_10h01.00.695,ContPsyTracking,2024.2.4,159.19688352547558,2025-07-15 10h01.05.025414 +0100,
1,0,1,1,0,1,0,,,,,,,,,,,,,,,,,9.82227110862732,0.006666666666666667,0.185,1.453643981130932,1.2610775709598154,0.03,,407153,001,2025-07-15_10h01.00.695,ContPsyTracking,2024.2.4,159.19688352547558,2025-07-15 10h01.05.025414 +0100,
1,0,1,1,0,1,0,,,,,,,,,,,,,,,,,9.832283735275269,0.006666666666666667,0.185,1.4594899160255366,1.5106822944147493,0.03,,407153,001,2025-07-15_10h01.00.695,ContPsyTracking,2024.2.4,159.19688352547558,2025-07-15 10h01.05.025414 +0100,
1,0,1,1,0,1,0,,,,,,,,,,,,,,,,,9.84035348892212,0.006666666666666667,0.185,2.132977390523275,1.8248148859589572,0.03,,407153,001,2025-07-15_10h01.00.695,ContPsyTracking,2024.2.4,159.19688352547558,2025-07-15 10h01.05.025414 +0100,
1,0,1,1,0,1,0,,,,,,,,,,,,,,,,,9.850353479385376,0.006666666666666667,0.185,2.4143449931760315,2.201839743037906,0.03,,407153,001,2025-07-15_10h01.00.695,ContPsyTracking,2024.2.4,159.19688352547558,2025-07-15 10h01.05.025414 +0100,
1,0,1,1,0,1,0,,,,,,,,,,,,,,,,,9.858361005783081,0.006666666666666667,0.185,2.216793149321845,2.15310914083975,0.03,,407153,001,2025-07-15_10h01.00.695,ContPsyTracking,2024.2.4,159.19688352547558,2025-07-15 10h01.05.025414 +0100,
1,0,1,1,0,1,0,,,,,,,,,,,,,,,,,9.868415594100952,0.006666666666666667,0.185,1.9248381672713126,1.8122492951491163,0.03,,407153,001,2025-07-15_10h01.00.695,ContPsyTracking,2024.2.4,159.19688352547558,2025-07-15 10h01.05.025414 +0100,
1,0,1,1,0,1,0,,,,,,,,,,,,,,,,,9.876415967941284,0.006666666666666667,0.185,2.3329713290141667,1.508844107393753,0.03,,407153,001,2025-07-15_10h01.00.695,ContPsyTracking,2024.2.4,159.19688352547558,2025-07-15 10h01.05.025414 +0100,
1,0,1,1,0,1,0,,,,,,,,,,,,,,,,,9.886415243148804,0.006666666666666667,0.185,2.201769429507721,1.274181360007051,0.03,,407153,001,2025-07-15_10h01.00.695,ContPsyTracking,2024.2.4,159.19688352547558,2025-07-15 10h01.05.025414 +0100,
1,0,1,1,0,1,0,,,,,,,,,,,,,,,,,9.894415140151978,0.006666666666666667,0.185,1.9337519059802897,0.8993776364875399,0.03,,407153,001,2025-07-15_10h01.00.695,ContPsyTracking,2024.2.4,159.19688352547558,2025-07-15 10h01.05.025414 +0100,
1,0,1,1,0,1,0,,,,,,,,,,,,,,,,,9.904422760009766,0.006666666666666667,0.185,2.351223703242193,0.5217071025268604,0.03,,407153,001,2025-07-15_10h01.00.695,ContPsyTracking,2024.2.4,159.19688352547558,2025-07-15 10h01.05.025414 +0100,
1,0,1,1,0,1,0,,,,,,,,,,,,,,,,,9.91242265701294,0.006666666666666667,0.185,2.8972095222491463,1.31456963924135,0.03,,407153,001,2025-07-15_10h01.00.695,ContPsyTracking,2024.2.4,159.19688352547558,2025-07-15 10h01.05.025414 +0100,
1,0,1,1,0,1,0,,,,,,,,,,,,,,,,,9.918422937393188,0.006666666666666667,0.185,2.3100306895548655,0.8908467821701452,0.03,,407153,001,2025-07-15_10h01.00.695,ContPsyTracking,2024.2.4,159.19688352547558,2025-07-15 10h01.05.025414 +0100,
1,0,1,1,0,1,0,,,,,,,,,,,,,,,,,9.925423383712769,0.006666666666666667,0.185,1.9429174072616284,1.275266693248184,0.03,,407153,001,2025-07-15_10h01.00.695,ContPsyTracking,2024.2.4,159.19688352547558,2025-07-15 10h01.05.025414 +0100,
1,0,1,1,0,1,0,,,,,,,,,,,,,,,,,9.93042278289795,0.006666666666666667,0.185,1.5818353315971172,0.8313108949523671,0.03,,407153,001,2025-07-15_10h01.00.695,ContPsyTracking,2024.2.4,159.19688352547558,2025-07-15 10h01.05.025414 +0100,
1,0,1,1,0,1,0,,,,,,,,,,,,,,,,,9.937439680099487,0.006666666666666667,0.185,1.2792541325312885,1.1572685418924702,0.03,,407153,001,2025-07-15_10h01.00.695,ContPsyTracking,2024.2.4,159.19688352547558,2025-07-15 10h01.05.025414 +0100,
1,0,1,1,0,1,0,,,,,,,,,,,,,,,,,9.942561864852905,0.006666666666666667,0.185,1.0172116698282918,1.078829537153459,0.03,,407153,001,2025-07-15_10h01.00.695,ContPsyTracking,2024.2.4,159.19688352547558,2025-07-15 10h01.05.025414 +0100,
1,0,1,1,0,1,0,,,,,,,,,,,,,,,,,9.948564291000366,0.006666666666666667,0.185,1.2527559423569337,0.6220231475447394,0.03,,407153,001,2025-07-15_10h01.00.695,ContPsyTracking,2024.2.4,159.19688352547558,2025-07-15 10h01.05.025414 +0100,
1,0,1,1,0,1,0,,,,,,,,,,,,,,,,,9.955513715744019,0.006666666666666667,0.185,1.2249670033040008,0.766267364653007,0.03,,407153,001,2025-07-15_10h01.00.695,ContPsyTracking,2024.2.4,159.19688352547558,2025-07-15 10h01.05.025414 +0100,
1,0,1,1,0,1,0,,,,,,,,,,,,,,,,,9.96152639389038,0.006666666666666667,0.185,1.173177397477892,0.4739402025430911,0.03,,407153,001,2025-07-15_10h01.00.695,ContPsyTracking,2024.2.4,159.19688352547558,2025-07-15 10h01.05.025414 +0100,
1,0,1,1,0,1,0,,,,,,,,,,,,,,,,,9.967527389526367,0.006666666666666667,0.185,1.230852572075529,0.041869444107852594,0.03,,407153,001,2025-07-15_10h01.00.695,ContPsyTracking,2024.2.4,159.19688352547558,2025-07-15 10h01.05.025414 +0100,
1,0,1,1,0,1,0,,,,,,,,,,,,,,,,,9.973526239395142,0.006666666666666667,0.185,1.4589392220451645,-0.2035419452821276,0.03,,407153,001,2025-07-15_10h01.00.695,ContPsyTracking,2024.2.4,159.19688352547558,2025-07-15 10h01.05.025414 +0100,
1,0,1,1,0,1,0,,,,,,,,,,,,,,,,,9.983564138412476,0.006666666666666667,0.185,1.6412807814125951,0.1264368725220667,0.03,,407153,001,2025-07-15_10h01.00.695,ContPsyTracking,2024.2.4,159.19688352547558,2025-07-15 10h01.05.025414 +0100,
1,0,1,1,0,1,0,,,,,,,,,,,,,,,,,9.991570711135864,0.006666666666666667,0.185,1.305312245667246,0.26176931552399363,0.03,,407153,001,2025-07-15_10h01.00.695,ContPsyTracking,2024.2.4,159.19688352547558,2025-07-15 10h01.05.025414 +0100,
1,0,1,1,0,1,0,,,,,,,,,,,,,,,,,9.997570991516113,0.006666666666666667,0.185,1.1434603789659437,0.2007237250092485,0.03,,407153,001,2025-07-15_10h01.00.695,ContPsyTracking,2024.2.4,159.19688352547558,2025-07-15 10h01.05.025414 +0100,
1,0,1,1,0,1,0,,,,,,,,,,,,,,,,,10.003570795059204,0.006666666666666667,0.185,0.8580544197080546,-0.054202649049434004,0.03,,407153,001,2025-07-15_10h01.00.695,ContPsyTracking,2024.2.4,159.19688352547558,2025-07-15 10h01.05.025414 +0100,
1,0,1,1,0,1,0,,,,,,,,,,,,,,,,,,,,,,,24.43592089996673,407153,001,2025-07-15_10h01.00.695,ContPsyTracking,2024.2.4,159.19688352547558,2025-07-15 10h01.05.025414 +0100,
