trials.thisRepN,trials.thisTrialN,trials.thisN,trials.thisIndex,polygon_2.started,mouse_2.started,mouse_2.x,mouse_2.y,mouse_2.leftButton,mouse_2.midButton,mouse_2.rightButton,mouse_2.time,polygon.started,mouse.started,time_in_run,x_coord_mouse,y_coord_mouse,x_coord_target,y_coord_target,opacity,polygon.stopped,mouse.stopped,mouse.x,mouse.y,mouse.leftButton,mouse.midButton,mouse.rightButton,mouse.time,participant,session,date,expName,psychopyVersion,frameRate,
,,,,11.618238249793649,2.787495031952858e-05,[0.11303462321792261],[0.09775967413441955],[1],[0],[0],[3.362993499962613],,,,,,,,,,,,,,,,,435100,001,2025-07-15_10h27.01.014,Continuous_Psychophysics,2022.2.5,None,
0,0,0,0,,,,,,,,,14.976212832843885,0.002159625058993697,3.0110650062561035,0.07739307535641547,-0.1690427698574338,-0.629160708544957,0.016902379048390127,0.03,,,,,,,,,435100,001,2025-07-15_10h27.01.014,Continuous_Psychophysics,2022.2.5,None,
0,0,0,0,,,,,,,,,,,3.0158839225769043,0.07739307535641547,-0.17006109979633402,-0.9112445463618672,0.8836943381178597,0.03,,,,,,,,,435100,001,2025-07-15_10h27.01.014,Continuous_Psychophysics,2022.2.5,None,
0,0,0,0,,,,,,,,,,,3.0204150676727295,0.07739307535641547,-0.17006109979633402,-0.7334031450204623,1.0495880146004521,0.03,,,,,,,,,435100,001,2025-07-15_10h27.01.014,Continuous_Psychophysics,2022.2.5,None,
0,0,0,0,,,,,,,,,,,3.0329341888427734,0.07739307535641547,-0.17006109979633402,-0.9077194792334013,0.4926396910931353,0.03,,,,,,,,,435100,001,2025-07-15_10h27.01.014,Continuous_Psychophysics,2022.2.5,None,
0,0,0,0,,,,,,,,,,,3.037045955657959,0.07739307535641547,-0.1710794297352342,-0.7049783406650821,0.20778866429196086,0.03,,,,,,,,,435100,001,2025-07-15_10h27.01.014,Continuous_Psychophysics,2022.2.5,None,
0,0,0,0,,,,,,,,,,,3.050218105316162,0.07841140529531568,-0.1710794297352342,-0.39109360022542305,0.30405230270364975,0.03,,,,,,,,,435100,001,2025-07-15_10h27.01.014,Continuous_Psychophysics,2022.2.5,None,
0,0,0,0,,,,,,,,,,,3.054518938064575,0.07841140529531568,-0.1710794297352342,-0.8116335815782201,0.10862140813749871,0.03,,,,,,,,,435100,001,2025-07-15_10h27.01.014,Continuous_Psychophysics,2022.2.5,None,
0,0,0,0,,,,,,,,,,,3.0672731399536133,0.07841140529531568,-0.1710794297352342,-0.8393595172698807,-0.0058047034925537006,0.03,,,,,,,,,435100,001,2025-07-15_10h27.01.014,Continuous_Psychophysics,2022.2.5,None,
0,0,0,0,,,,,,,,,,,3.0718071460723877,0.07841140529531568,-0.1710794297352342,-1.0660385874775384,-0.6409050769816439,0.03,,,,,,,,,435100,001,2025-07-15_10h27.01.014,Continuous_Psychophysics,2022.2.5,None,
0,0,0,0,,,,,,,,,,,3.0764520168304443,0.07841140529531568,-0.1710794297352342,-1.2059879901488895,-0.9397621033859799,0.03,,,,,,,,,435100,001,2025-07-15_10h27.01.014,Continuous_Psychophysics,2022.2.5,None,
0,0,0,0,,,,,,,,,,,3.088747978210449,0.07841140529531568,-0.1710794297352342,-0.545872437848574,-1.3626274588377298,0.03,,,,,,,,,435100,001,2025-07-15_10h27.01.014,Continuous_Psychophysics,2022.2.5,None,
0,0,0,0,,,,,,,,,,,3.0936460494995117,0.07841140529531568,-0.17209775967413443,-0.6846596028305454,-1.4430298208772596,0.03,,,,,,,,,435100,001,2025-07-15_10h27.01.014,Continuous_Psychophysics,2022.2.5,None,
0,0,0,0,,,,,,,,,,,3.1059041023254395,0.07841140529531568,-0.17209775967413443,-0.1779674277285901,-1.6852886142869166,0.03,,,,,,,,,435100,001,2025-07-15_10h27.01.014,Continuous_Psychophysics,2022.2.5,None,
0,0,0,0,,,,,,,,,,,3.1105430126190186,0.07841140529531568,-0.17209775967413443,-0.3378613594873533,-1.2601814373125888,0.03,,,,,,,,,435100,001,2025-07-15_10h27.01.014,Continuous_Psychophysics,2022.2.5,None,
0,0,0,0,,,,,,,,,,,3.1229770183563232,0.07841140529531568,-0.17209775967413443,-0.7474510436034114,-1.3410811607191384,0.03,,,,,,,,,435100,001,2025-07-15_10h27.01.014,Continuous_Psychophysics,2022.2.5,None,
0,0,0,0,,,,,,,,,,,3.126477003097534,0.07841140529531568,-0.17209775967413443,-0.8089090044683479,-1.5622690069497391,0.03,,,,,,,,,435100,001,2025-07-15_10h27.01.014,Continuous_Psychophysics,2022.2.5,None,
0,0,0,0,,,,,,,,,,,3.140075922012329,0.07535641547861507,-0.17209775967413443,-1.2024513468633873,-1.3993068123847592,0.03,,,,,,,,,435100,001,2025-07-15_10h27.01.014,Continuous_Psychophysics,2022.2.5,None,
0,0,0,0,,,,,,,,,,,3.1441810131073,0.07535641547861507,-0.17209775967413443,-1.185051081213244,-1.2753760051179843,0.03,,,,,,,,,435100,001,2025-07-15_10h27.01.014,Continuous_Psychophysics,2022.2.5,None,
0,0,0,0,,,,,,,,,,,3.157578229904175,0.07128309572301425,-0.1710794297352342,-0.8812854960162626,-1.3520685389075346,0.03,,,,,,,,,435100,001,2025-07-15_10h27.01.014,Continuous_Psychophysics,2022.2.5,None,
0,0,0,0,,,,,,,,,,,3.161713123321533,0.07128309572301425,-0.1710794297352342,-1.520506156557189,-1.6987503659469205,0.03,,,,,,,,,435100,001,2025-07-15_10h27.01.014,Continuous_Psychophysics,2022.2.5,None,
0,0,0,0,,,,,,,,,,,3.1746091842651367,0.06313645621181263,-0.159877800407332,-0.7846288824086485,-2.141090698750438,0.03,,,,,,,,,435100,001,2025-07-15_10h27.01.014,Continuous_Psychophysics,2022.2.5,None,
0,0,0,0,,,,,,,,,,,3.178345203399658,0.06313645621181263,-0.159877800407332,-1.0445441395018142,-2.2711172020078876,0.03,,,,,,,,,435100,001,2025-07-15_10h27.01.014,Continuous_Psychophysics,2022.2.5,None,
0,0,0,0,,,,,,,,,,,3.191932201385498,0.0539714867617108,-0.1415478615071283,-0.6852114063212831,-2.1350431999241737,0.03,,,,,,,,,435100,001,2025-07-15_10h27.01.014,Continuous_Psychophysics,2022.2.5,None,
0,0,0,0,,,,,,,,,,,3.19697904586792,0.045824847250509164,-0.12016293279022404,-0.5844262758263962,-1.8513724842353725,0.03,,,,,,,,,435100,001,2025-07-15_10h27.01.014,Continuous_Psychophysics,2022.2.5,None,
0,0,0,0,,,,,,,,,,,3.201726198196411,0.045824847250509164,-0.12016293279022404,-0.40231034470786675,-1.8281554467718408,0.03,,,,,,,,,435100,001,2025-07-15_10h27.01.014,Continuous_Psychophysics,2022.2.5,None,
0,0,0,0,,,,,,,,,,,3.2139391899108887,0.03971486761710794,-0.09266802443991853,-0.17572860208452035,-1.9220921693944861,0.03,,,,,,,,,435100,001,2025-07-15_10h27.01.014,Continuous_Psychophysics,2022.2.5,None,
0,0,0,0,,,,,,,,,,,3.2183380126953125,0.03971486761710794,-0.09266802443991853,0.10823404703922629,-1.7779018451551216,0.03,,,,,,,,,435100,001,2025-07-15_10h27.01.014,Continuous_Psychophysics,2022.2.5,None,
0,0,0,0,,,,,,,,,,,3.231189250946045,0.032586558044806514,-0.06008146639511202,0.5989759969611612,-2.127557486928197,0.03,,,,,,,,,435100,001,2025-07-15_10h27.01.014,Continuous_Psychophysics,2022.2.5,None,
0,0,0,0,,,,,,,,,,,3.2354719638824463,0.032586558044806514,-0.06008146639511202,0.044009991743797605,-2.282065671374411,0.03,,,,,,,,,435100,001,2025-07-15_10h27.01.014,Continuous_Psychophysics,2022.2.5,None,
0,0,0,0,,,,,,,,,,,3.248453140258789,0.029531568228105907,-0.04073319755600815,0.3499531382966385,-2.441645803225468,0.03,,,,,,,,,435100,001,2025-07-15_10h27.01.014,Continuous_Psychophysics,2022.2.5,None,
0,0,0,0,,,,,,,,,,,3.2529351711273193,0.028513238289205704,-0.03665987780040733,0.4215432003036436,-2.551074184953659,0.03,,,,,,,,,435100,001,2025-07-15_10h27.01.014,Continuous_Psychophysics,2022.2.5,None,
0,0,0,0,,,,,,,,,,,3.2654502391815186,0.028513238289205704,-0.029531568228105907,0.04969470873542964,-2.5131537161294277,0.03,,,,,,,,,435100,001,2025-07-15_10h27.01.014,Continuous_Psychophysics,2022.2.5,None,
0,0,0,0,,,,,,,,,,,3.268578052520752,0.0274949083503055,-0.024439918533604887,-0.06968276550969603,-2.755315827109267,0.03,,,,,,,,,435100,001,2025-07-15_10h27.01.014,Continuous_Psychophysics,2022.2.5,None,
0,0,0,0,,,,,,,,,,,3.2825729846954346,0.0274949083503055,-0.020366598778004074,-0.04242613093228363,-2.8866338404207337,0.03,,,,,,,,,435100,001,2025-07-15_10h27.01.014,Continuous_Psychophysics,2022.2.5,None,
0,0,0,0,,,,,,,,,,,3.286902904510498,0.0274949083503055,-0.019348268839103868,-0.32432918147780626,-2.946379657061351,0.03,,,,,,,,,435100,001,2025-07-15_10h27.01.014,Continuous_Psychophysics,2022.2.5,None,
0,0,0,0,,,,,,,,,,,3.2999420166015625,0.026476578411405296,-0.018329938900203666,-0.12029548860658898,-3.0160276861889015,0.03,,,,,,,,,435100,001,2025-07-15_10h27.01.014,Continuous_Psychophysics,2022.2.5,None,
0,0,0,0,,,,,,,,,,,3.304626226425171,0.026476578411405296,-0.017311608961303463,-0.2508395702594788,-2.911983928667744,0.03,,,,,,,,,435100,001,2025-07-15_10h27.01.014,Continuous_Psychophysics,2022.2.5,None,
0,0,0,0,,,,,,,,,,,3.3172662258148193,0.026476578411405296,-0.017311608961303463,-0.7253954619738369,-2.381913201257011,0.03,,,,,,,,,435100,001,2025-07-15_10h27.01.014,Continuous_Psychophysics,2022.2.5,None,
0,0,0,0,,,,,,,,,,,3.321726083755493,0.026476578411405296,-0.017311608961303463,-0.6305003432231255,-2.3870915867082974,0.03,,,,,,,,,435100,001,2025-07-15_10h27.01.014,Continuous_Psychophysics,2022.2.5,None,
0,0,0,0,,,,,,,,,,,3.326186180114746,0.026476578411405296,-0.017311608961303463,-1.0187996521865577,-2.6921131769678794,0.03,,,,,,,,,435100,001,2025-07-15_10h27.01.014,Continuous_Psychophysics,2022.2.5,None,
0,0,0,0,,,,,,,,,,,3.3385372161865234,0.026476578411405296,-0.017311608961303463,-1.2405405916087398,-2.31916651941415,0.03,,,,,,,,,435100,001,2025-07-15_10h27.01.014,Continuous_Psychophysics,2022.2.5,None,
0,0,0,0,,,,,,,,,,,3.3429951667785645,0.026476578411405296,-0.017311608961303463,-1.8616023619776123,-2.463313811286473,0.03,,,,,,,,,435100,001,2025-07-15_10h27.01.014,Continuous_Psychophysics,2022.2.5,None,
0,0,0,0,,,,,,,,,,,3.35575008392334,0.026476578411405296,-0.017311608961303463,-1.930690864401169,-2.2473125676060546,0.03,,,,,,,,,435100,001,2025-07-15_10h27.01.014,Continuous_Psychophysics,2022.2.5,None,
0,0,0,0,,,,,,,,,,,3.3596410751342773,0.026476578411405296,-0.017311608961303463,-2.20087996368673,-2.702534990782759,0.03,,,,,,,,,435100,001,2025-07-15_10h27.01.014,Continuous_Psychophysics,2022.2.5,None,
0,0,0,0,,,,,,,,,,,3.373368978500366,0.026476578411405296,-0.017311608961303463,-2.845616349547455,-2.4126889524379984,0.03,,,,,,,,,435100,001,2025-07-15_10h27.01.014,Continuous_Psychophysics,2022.2.5,None,
0,0,0,0,,,,,,,,,,,3.377419948577881,0.026476578411405296,-0.017311608961303463,-2.9245867607338605,-2.51623563435043,0.03,,,,,,,,,435100,001,2025-07-15_10h27.01.014,Continuous_Psychophysics,2022.2.5,None,
0,0,0,0,,,,,,,,,,,3.390484094619751,0.026476578411405296,-0.018329938900203666,-3.116226609279618,-2.62071456569008,0.03,,,,,,,,,435100,001,2025-07-15_10h27.01.014,Continuous_Psychophysics,2022.2.5,None,
0,0,0,0,,,,,,,,,,,3.3954720497131348,0.026476578411405296,-0.018329938900203666,-3.092378656810242,-2.568673513546064,0.03,,,,,,,,,435100,001,2025-07-15_10h27.01.014,Continuous_Psychophysics,2022.2.5,None,
0,0,0,0,,,,,,,,,,,3.407741069793701,0.026476578411405296,-0.018329938900203666,-2.7473111132026866,-2.514823885297307,0.03,,,,,,,,,435100,001,2025-07-15_10h27.01.014,Continuous_Psychophysics,2022.2.5,None,
0,0,0,0,,,,,,,,,,,3.4125401973724365,0.026476578411405296,-0.018329938900203666,-2.9750007489887635,-2.3471685078490196,0.03,,,,,,,,,435100,001,2025-07-15_10h27.01.014,Continuous_Psychophysics,2022.2.5,None,
0,0,0,0,,,,,,,,,,,3.4249682426452637,0.026476578411405296,-0.019348268839103868,-2.93615061046527,-2.659904836209184,0.03,,,,,,,,,435100,001,2025-07-15_10h27.01.014,Continuous_Psychophysics,2022.2.5,None,
0,0,0,0,,,,,,,,,,,3.4296159744262695,0.026476578411405296,-0.019348268839103868,-2.695276696956312,-2.9393923465227045,0.03,,,,,,,,,435100,001,2025-07-15_10h27.01.014,Continuous_Psychophysics,2022.2.5,None,
0,0,0,0,,,,,,,,,,,3.434286117553711,0.026476578411405296,-0.019348268839103868,-2.3982615842823014,-2.6044496188795474,0.03,,,,,,,,,435100,001,2025-07-15_10h27.01.014,Continuous_Psychophysics,2022.2.5,None,
0,0,0,0,,,,,,,,,,,3.446336030960083,0.026476578411405296,-0.019348268839103868,-2.983792803067213,-2.4309091575001927,0.03,,,,,,,,,435100,001,2025-07-15_10h27.01.014,Continuous_Psychophysics,2022.2.5,None,
0,0,0,0,,,,,,,,,,,3.4509100914001465,0.026476578411405296,-0.019348268839103868,-3.157553737336065,-2.7894928481317507,0.03,,,,,,,,,435100,001,2025-07-15_10h27.01.014,Continuous_Psychophysics,2022.2.5,None,
0,0,0,0,,,,,,,,,,,3.463865041732788,0.026476578411405296,-0.019348268839103868,-3.0404715878920694,-2.7936142447610672,0.03,,,,,,,,,435100,001,2025-07-15_10h27.01.014,Continuous_Psychophysics,2022.2.5,None,
0,0,0,0,,,,,,,,,,,3.4684410095214844,0.026476578411405296,-0.019348268839103868,-2.9827552379450486,-2.9025576815650562,0.03,,,,,,,,,435100,001,2025-07-15_10h27.01.014,Continuous_Psychophysics,2022.2.5,None,
0,0,0,0,,,,,,,,,,,3.4809529781341553,0.026476578411405296,-0.019348268839103868,-2.569506601051847,-3.2875834856102304,0.03,,,,,,,,,435100,001,2025-07-15_10h27.01.014,Continuous_Psychophysics,2022.2.5,None,
0,0,0,0,,,,,,,,,,,3.4850332736968994,0.026476578411405296,-0.019348268839103868,-2.5031903514233154,-2.9859658593642036,0.03,,,,,,,,,435100,001,2025-07-15_10h27.01.014,Continuous_Psychophysics,2022.2.5,None,
0,0,0,0,,,,,,,,,,,3.4981470108032227,0.026476578411405296,-0.020366598778004074,-1.928275861498053,-2.77664264718228,0.03,,,,,,,,,435100,001,2025-07-15_10h27.01.014,Continuous_Psychophysics,2022.2.5,None,
0,0,0,0,,,,,,,,,,,3.502403974533081,0.026476578411405296,-0.020366598778004074,-1.9975264481784463,-2.5542432064314218,0.03,,,,,,,,,435100,001,2025-07-15_10h27.01.014,Continuous_Psychophysics,2022.2.5,None,
0,0,0,0,,,,,,,,,,,3.515349864959717,0.026476578411405296,-0.02240325865580448,-1.9162143597783432,-2.9215226597746993,0.03,,,,,,,,,435100,001,2025-07-15_10h27.01.014,Continuous_Psychophysics,2022.2.5,None,
0,0,0,0,,,,,,,,,,,3.5196709632873535,0.026476578411405296,-0.02240325865580448,-1.9889722594936023,-3.0559900780259746,0.03,,,,,,,,,435100,001,2025-07-15_10h27.01.014,Continuous_Psychophysics,2022.2.5,None,
0,0,0,0,,,,,,,,,,,3.5324509143829346,0.025458248472505093,-0.024439918533604887,-1.8426919456554525,-2.811645651022666,0.03,,,,,,,,,435100,001,2025-07-15_10h27.01.014,Continuous_Psychophysics,2022.2.5,None,
0,0,0,0,,,,,,,,,,,3.537048101425171,0.025458248472505093,-0.025458248472505093,-1.581219789240778,-2.7587424318080283,0.03,,,,,,,,,435100,001,2025-07-15_10h27.01.014,Continuous_Psychophysics,2022.2.5,None,
0,0,0,0,,,,,,,,,,,3.549769163131714,0.024439918533604887,-0.025458248472505093,-1.2967794868377949,-3.079522296941491,0.03,,,,,,,,,435100,001,2025-07-15_10h27.01.014,Continuous_Psychophysics,2022.2.5,None,
0,0,0,0,,,,,,,,,,,3.5544402599334717,0.023421588594704685,-0.025458248472505093,-1.6902407713899694,-3.0852483810442193,0.03,,,,,,,,,435100,001,2025-07-15_10h27.01.014,Continuous_Psychophysics,2022.2.5,None,
0,0,0,0,,,,,,,,,,,3.5668582916259766,0.023421588594704685,-0.026476578411405296,-1.2311538955769517,-2.8288950089139377,0.03,,,,,,,,,435100,001,2025-07-15_10h27.01.014,Continuous_Psychophysics,2022.2.5,None,
0,0,0,0,,,,,,,,,,,3.571789026260376,0.023421588594704685,-0.026476578411405296,-1.2700741574099381,-3.1271394960901007,0.03,,,,,,,,,435100,001,2025-07-15_10h27.01.014,Continuous_Psychophysics,2022.2.5,None,
0,0,0,0,,,,,,,,,,,3.576399087905884,0.02240325865580448,-0.0274949083503055,-1.0426605714463157,-2.8899533475154833,0.03,,,,,,,,,435100,001,2025-07-15_10h27.01.014,Continuous_Psychophysics,2022.2.5,None,
0,0,0,0,,,,,,,,,,,3.588597059249878,0.021384928716904276,-0.0274949083503055,-1.2380047759290187,-2.923041949144241,0.03,,,,,,,,,435100,001,2025-07-15_10h27.01.014,Continuous_Psychophysics,2022.2.5,None,
0,0,0,0,,,,,,,,,,,3.593316078186035,0.021384928716904276,-0.0274949083503055,-1.3916067552280569,-2.5035202628246207,0.03,,,,,,,,,435100,001,2025-07-15_10h27.01.014,Continuous_Psychophysics,2022.2.5,None,
0,0,0,0,,,,,,,,,,,3.605743169784546,0.020366598778004074,-0.0274949083503055,-1.2430250259561952,-2.2995112555965904,0.03,,,,,,,,,435100,001,2025-07-15_10h27.01.014,Continuous_Psychophysics,2022.2.5,None,
0,0,0,0,,,,,,,,,,,3.6109349727630615,0.019348268839103868,-0.028513238289205704,-1.162363097960624,-2.311401155471926,0.03,,,,,,,,,435100,001,2025-07-15_10h27.01.014,Continuous_Psychophysics,2022.2.5,None,
0,0,0,0,,,,,,,,,,,3.622932195663452,0.018329938900203666,-0.029531568228105907,-0.7637840967324556,-1.8780455700507386,0.03,,,,,,,,,435100,001,2025-07-15_10h27.01.014,Continuous_Psychophysics,2022.2.5,None,
0,0,0,0,,,,,,,,,,,3.626849889755249,0.017311608961303463,-0.03054989816700611,-0.7727636186271445,-2.1284110584321017,0.03,,,,,,,,,435100,001,2025-07-15_10h27.01.014,Continuous_Psychophysics,2022.2.5,None,
0,0,0,0,,,,,,,,,,,3.6400370597839355,0.016293279022403257,-0.032586558044806514,-0.7668481117519333,-1.849312179384439,0.03,,,,,,,,,435100,001,2025-07-15_10h27.01.014,Continuous_Psychophysics,2022.2.5,None,
0,0,0,0,,,,,,,,,,,3.643559217453003,0.015274949083503055,-0.03360488798370672,-0.6669473867241811,-2.267217196636334,0.03,,,,,,,,,435100,001,2025-07-15_10h27.01.014,Continuous_Psychophysics,2022.2.5,None,
0,0,0,0,,,,,,,,,,,3.657291889190674,0.014256619144602852,-0.03767820773930754,-0.7695031358754326,-2.683878404731527,0.03,,,,,,,,,435100,001,2025-07-15_10h27.01.014,Continuous_Psychophysics,2022.2.5,None,
0,0,0,0,,,,,,,,,,,3.6614410877227783,0.014256619144602852,-0.03767820773930754,-0.8382737775213677,-3.0014531557766584,0.03,,,,,,,,,435100,001,2025-07-15_10h27.01.014,Continuous_Psychophysics,2022.2.5,None,
0,0,0,0,,,,,,,,,,,3.6744742393493652,0.012219959266802444,-0.04175152749490835,-0.7096391461888711,-2.4419451049079135,0.03,,,,,,,,,435100,001,2025-07-15_10h27.01.014,Continuous_Psychophysics,2022.2.5,None,
0,0,0,0,,,,,,,,,,,3.6789019107818604,0.012219959266802444,-0.04175152749490835,0.14000933506919677,-2.8646536932258466,0.03,,,,,,,,,435100,001,2025-07-15_10h27.01.014,Continuous_Psychophysics,2022.2.5,None,
0,0,0,0,,,,,,,,,,,3.6915459632873535,0.012219959266802444,-0.04378818737270876,0.3125323303094068,-3.0648892351867922,0.03,,,,,,,,,435100,001,2025-07-15_10h27.01.014,Continuous_Psychophysics,2022.2.5,None,
0,0,0,0,,,,,,,,,,,3.695801019668579,0.012219959266802444,-0.04378818737270876,0.28085966114023914,-3.33271148738954,0.03,,,,,,,,,435100,001,2025-07-15_10h27.01.014,Continuous_Psychophysics,2022.2.5,None,
0,0,0,0,,,,,,,,,,,3.7090651988983154,0.012219959266802444,-0.045824847250509164,-0.03333797726549609,-3.1178534323647638,0.03,,,,,,,,,435100,001,2025-07-15_10h27.01.014,Continuous_Psychophysics,2022.2.5,None,
0,0,0,0,,,,,,,,,,,3.7140252590179443,0.012219959266802444,-0.04684317718940937,-0.01932475882281233,-3.4408971637395656,0.03,,,,,,,,,435100,001,2025-07-15_10h27.01.014,Continuous_Psychophysics,2022.2.5,None,
0,0,0,0,,,,,,,,,,,3.7178640365600586,0.012219959266802444,-0.04684317718940937,-0.23882543855641192,-3.1946966030087496,0.03,,,,,,,,,435100,001,2025-07-15_10h27.01.014,Continuous_Psychophysics,2022.2.5,None,
0,0,0,0,,,,,,,,,,,3.730592966079712,0.012219959266802444,-0.048879837067209775,-0.24295719516005457,-3.0050532125883915,0.03,,,,,,,,,435100,001,2025-07-15_10h27.01.014,Continuous_Psychophysics,2022.2.5,None,
0,0,0,0,,,,,,,,,,,3.734896183013916,0.012219959266802444,-0.048879837067209775,-0.19484262239524625,-2.6721282482659894,0.03,,,,,,,,,435100,001,2025-07-15_10h27.01.014,Continuous_Psychophysics,2022.2.5,None,
0,0,0,0,,,,,,,,,,,3.7478811740875244,0.012219959266802444,-0.051934826883910386,-0.36027103982443365,-3.238192412260195,0.03,,,,,,,,,435100,001,2025-07-15_10h27.01.014,Continuous_Psychophysics,2022.2.5,None,
0,0,0,0,,,,,,,,,,,3.7514431476593018,0.012219959266802444,-0.051934826883910386,-0.6049089014601831,-2.7475930025189594,0.03,,,,,,,,,435100,001,2025-07-15_10h27.01.014,Continuous_Psychophysics,2022.2.5,None,
0,0,0,0,,,,,,,,,,,3.7650651931762695,0.012219959266802444,-0.0560081466395112,-0.6814951984009172,-2.3690805090244256,0.03,,,,,,,,,435100,001,2025-07-15_10h27.01.014,Continuous_Psychophysics,2022.2.5,None,
0,0,0,0,,,,,,,,,,,3.769278049468994,0.012219959266802444,-0.0560081466395112,-0.588561551248449,-2.5180100797085703,0.03,,,,,,,,,435100,001,2025-07-15_10h27.01.014,Continuous_Psychophysics,2022.2.5,None,
0,0,0,0,,,,,,,,,,,3.782090187072754,0.014256619144602852,-0.06008146639511202,-0.43708499072389084,-2.5972573547094475,0.03,,,,,,,,,435100,001,2025-07-15_10h27.01.014,Continuous_Psychophysics,2022.2.5,None,
0,0,0,0,,,,,,,,,,,3.78669810295105,0.015274949083503055,-0.062118126272912425,-0.7717862835573992,-2.489807948826193,0.03,,,,,,,,,435100,001,2025-07-15_10h27.01.014,Continuous_Psychophysics,2022.2.5,None,
0,0,0,0,,,,,,,,,,,3.799704074859619,0.016293279022403257,-0.06517311608961303,-0.8232896570683464,-2.4051112265981507,0.03,,,,,,,,,435100,001,2025-07-15_10h27.01.014,Continuous_Psychophysics,2022.2.5,None,
0,0,0,0,,,,,,,,,,,3.8043692111968994,0.018329938900203666,-0.06924643584521385,-0.9726828416085588,-2.635454357994984,0.03,,,,,,,,,435100,001,2025-07-15_10h27.01.014,Continuous_Psychophysics,2022.2.5,None,
0,0,0,0,,,,,,,,,,,3.8166990280151367,0.019348268839103868,-0.07331975560081466,-1.3144055524845153,-3.1076197817384865,0.03,,,,,,,,,435100,001,2025-07-15_10h27.01.014,Continuous_Psychophysics,2022.2.5,None,
0,0,0,0,,,,,,,,,,,3.8214120864868164,0.021384928716904276,-0.07841140529531568,-1.4709593408949118,-3.1502447140490064,0.03,,,,,,,,,435100,001,2025-07-15_10h27.01.014,Continuous_Psychophysics,2022.2.5,None,
0,0,0,0,,,,,,,,,,,3.833760976791382,0.02240325865580448,-0.0845213849287169,-1.8825480159959063,-3.244853266148894,0.03,,,,,,,,,435100,001,2025-07-15_10h27.01.014,Continuous_Psychophysics,2022.2.5,None,
0,0,0,0,,,,,,,,,,,3.838253974914551,0.023421588594704685,-0.08961303462321792,-2.3906971856049255,-3.304218814322248,0.03,,,,,,,,,435100,001,2025-07-15_10h27.01.014,Continuous_Psychophysics,2022.2.5,None,
0,0,0,0,,,,,,,,,,,3.842864990234375,0.023421588594704685,-0.09572301425661914,-2.290414333473002,-3.4389320426189496,0.03,,,,,,,,,435100,001,2025-07-15_10h27.01.014,Continuous_Psychophysics,2022.2.5,None,
0,0,0,0,,,,,,,,,,,3.8553531169891357,0.024439918533604887,-0.10081466395112017,-2.4113039473623137,-2.9788952075214095,0.03,,,,,,,,,435100,001,2025-07-15_10h27.01.014,Continuous_Psychophysics,2022.2.5,None,
0,0,0,0,,,,,,,,,,,3.8600881099700928,0.024439918533604887,-0.10692464358452139,-3.124821936582088,-3.0692291870064823,0.03,,,,,,,,,435100,001,2025-07-15_10h27.01.014,Continuous_Psychophysics,2022.2.5,None,
0,0,0,0,,,,,,,,,,,3.8723959922790527,0.024439918533604887,-0.1120162932790224,-3.4698184163362984,-3.5700597657052633,0.03,,,,,,,,,435100,001,2025-07-15_10h27.01.014,Continuous_Psychophysics,2022.2.5,None,
0,0,0,0,,,,,,,,,,,3.8768742084503174,0.024439918533604887,-0.11812627291242363,-3.3078624872720903,-3.165449433071674,0.03,,,,,,,,,435100,001,2025-07-15_10h27.01.014,Continuous_Psychophysics,2022.2.5,None,
0,0,0,0,,,,,,,,,,,3.8895351886749268,0.021384928716904276,-0.12321792260692464,-3.5069304738368743,-2.98214119765351,0.03,,,,,,,,,435100,001,2025-07-15_10h27.01.014,Continuous_Psychophysics,2022.2.5,None,
0,0,0,0,,,,,,,,,,,3.8944690227508545,0.018329938900203666,-0.12932790224032586,-2.740065900660719,-2.793109907205846,0.03,,,,,,,,,435100,001,2025-07-15_10h27.01.014,Continuous_Psychophysics,2022.2.5,None,
0,0,0,0,,,,,,,,,,,3.9065160751342773,0.014256619144602852,-0.13441955193482688,-3.329968440097053,-2.480828927911956,0.03,,,,,,,,,435100,001,2025-07-15_10h27.01.014,Continuous_Psychophysics,2022.2.5,None,
0,0,0,0,,,,,,,,,,,3.9098451137542725,0.010183299389002037,-0.1395112016293279,-3.4732618750814073,-2.2181850863293926,0.03,,,,,,,,,435100,001,2025-07-15_10h27.01.014,Continuous_Psychophysics,2022.2.5,None,
0,0,0,0,,,,,,,,,,,3.923762083053589,0.003054989816700611,-0.1446028513238289,-3.4402532978216485,-2.406162231041229,0.03,,,,,,,,,435100,001,2025-07-15_10h27.01.014,Continuous_Psychophysics,2022.2.5,None,
0,0,0,0,,,,,,,,,,,3.9278881549835205,0.003054989816700611,-0.1446028513238289,-2.9641439166519654,-2.049556801804461,0.03,,,,,,,,,435100,001,2025-07-15_10h27.01.014,Continuous_Psychophysics,2022.2.5,None,
0,0,0,0,,,,,,,,,,,3.941314935684204,-0.0050916496945010185,-0.14969450101832993,-2.976874398734597,-2.2056751265303998,0.03,,,,,,,,,435100,001,2025-07-15_10h27.01.014,Continuous_Psychophysics,2022.2.5,None,
0,0,0,0,,,,,,,,,,,3.9454450607299805,-0.0050916496945010185,-0.14969450101832993,-2.7084310051822937,-1.6675168602069954,0.03,,,,,,,,,435100,001,2025-07-15_10h27.01.014,Continuous_Psychophysics,2022.2.5,None,
0,0,0,0,,,,,,,,,,,3.958280086517334,-0.010183299389002037,-0.15173116089613034,-2.7251200256601,-1.2870890637047923,0.03,,,,,,,,,435100,001,2025-07-15_10h27.01.014,Continuous_Psychophysics,2022.2.5,None,
0,0,0,0,,,,,,,,,,,3.9631688594818115,-0.013238289205702648,-0.15173116089613034,-2.6426673212415728,-1.6069608474379031,0.03,,,,,,,,,435100,001,2025-07-15_10h27.01.014,Continuous_Psychophysics,2022.2.5,None,
0,0,0,0,,,,,,,,,,,3.9755020141601562,-0.014256619144602852,-0.15071283095723015,-2.570481109293982,-1.4084803984467418,0.03,,,,,,,,,435100,001,2025-07-15_10h27.01.014,Continuous_Psychophysics,2022.2.5,None,
0,0,0,0,,,,,,,,,,,3.9802780151367188,-0.015274949083503055,-0.14765784114052954,-2.587449941855536,-1.4019849691240585,0.03,,,,,,,,,435100,001,2025-07-15_10h27.01.014,Continuous_Psychophysics,2022.2.5,None,
0,0,0,0,,,,,,,,,,,3.984778881072998,-0.015274949083503055,-0.14765784114052954,-2.0381012446253024,-1.1574684714259327,0.03,,,,,,,,,435100,001,2025-07-15_10h27.01.014,Continuous_Psychophysics,2022.2.5,None,
0,0,0,0,,,,,,,,,,,3.9971671104431152,-0.015274949083503055,-0.1395112016293279,-2.872795580532234,-1.0214232718475384,0.03,,,,,,,,,435100,001,2025-07-15_10h27.01.014,Continuous_Psychophysics,2022.2.5,None,
0,0,0,0,,,,,,,,,,,4.001355886459351,-0.015274949083503055,-0.1395112016293279,-2.4566805021095908,-1.0290516527415132,0.03,,,,,,,,,435100,001,2025-07-15_10h27.01.014,Continuous_Psychophysics,2022.2.5,None,
0,0,0,0,,,,,,,,,,,4.014209985733032,-0.015274949083503055,-0.1334012219959267,-2.6378032339830897,-1.5631713347178504,0.03,,,,,,,,,435100,001,2025-07-15_10h27.01.014,Continuous_Psychophysics,2022.2.5,None,
0,0,0,0,,,,,,,,,,,4.018654108047485,-0.015274949083503055,-0.1334012219959267,-2.347197608304664,-2.144159599805742,0.03,,,,,,,,,435100,001,2025-07-15_10h27.01.014,Continuous_Psychophysics,2022.2.5,None,
0,0,0,0,,,,,,,,,,,4.031551837921143,-0.013238289205702648,-0.12729124236252545,-2.5059949632306386,-2.3472012692133886,0.03,,,,,,,,,435100,001,2025-07-15_10h27.01.014,Continuous_Psychophysics,2022.2.5,None,
0,0,0,0,,,,,,,,,,,4.0364460945129395,-0.013238289205702648,-0.12525458248472504,-2.2896739624959994,-2.4226472799023004,0.03,,,,,,,,,435100,001,2025-07-15_10h27.01.014,Continuous_Psychophysics,2022.2.5,None,
0,0,0,0,,,,,,,,,,,4.048458099365234,-0.012219959266802444,-0.12423625254582485,-2.1572378824579834,-2.5427453172064998,0.03,,,,,,,,,435100,001,2025-07-15_10h27.01.014,Continuous_Psychophysics,2022.2.5,None,
0,0,0,0,,,,,,,,,,,4.051316261291504,-0.012219959266802444,-0.12423625254582485,-2.51436257105484,-2.502766629856791,0.03,,,,,,,,,435100,001,2025-07-15_10h27.01.014,Continuous_Psychophysics,2022.2.5,None,
0,0,0,0,,,,,,,,,,,4.066065073013306,-0.01120162932790224,-0.12321792260692464,-2.1035346160648323,-2.386876989334144,0.03,,,,,,,,,435100,001,2025-07-15_10h27.01.014,Continuous_Psychophysics,2022.2.5,None,
0,0,0,0,,,,,,,,,,,4.070552110671997,-0.01120162932790224,-0.12321792260692464,-1.8643446317572074,-2.3572310595784702,0.03,,,,,,,,,435100,001,2025-07-15_10h27.01.014,Continuous_Psychophysics,2022.2.5,None,
0,0,0,0,,,,,,,,,,,4.082932949066162,-0.01120162932790224,-0.12219959266802444,-1.8378114860173493,-2.137078458807176,0.03,,,,,,,,,435100,001,2025-07-15_10h27.01.014,Continuous_Psychophysics,2022.2.5,None,
0,0,0,0,,,,,,,,,,,4.087457895278931,-0.013238289205702648,-0.12219959266802444,-2.2683820050513455,-1.5100495937600964,0.03,,,,,,,,,435100,001,2025-07-15_10h27.01.014,Continuous_Psychophysics,2022.2.5,None,
0,0,0,0,,,,,,,,,,,4.100445032119751,-0.015274949083503055,-0.12219959266802444,-2.2773828992545413,-1.5502402255430205,0.03,,,,,,,,,435100,001,2025-07-15_10h27.01.014,Continuous_Psychophysics,2022.2.5,None,
0,0,0,0,,,,,,,,,,,4.105148077011108,-0.019348268839103868,-0.12219959266802444,-2.2851693654993372,-1.4545707476205738,0.03,,,,,,,,,435100,001,2025-07-15_10h27.01.014,Continuous_Psychophysics,2022.2.5,None,
0,0,0,0,,,,,,,,,,,4.1097540855407715,-0.023421588594704685,-0.12219959266802444,-2.274556284278838,-1.6058074862474703,0.03,,,,,,,,,435100,001,2025-07-15_10h27.01.014,Continuous_Psychophysics,2022.2.5,None,
0,0,0,0,,,,,,,,,,,4.122061014175415,-0.028513238289205704,-0.12219959266802444,-2.148898207311881,-1.2378774886628126,0.03,,,,,,,,,435100,001,2025-07-15_10h27.01.014,Continuous_Psychophysics,2022.2.5,None,
0,0,0,0,,,,,,,,,,,4.126900911331177,-0.034623217922606926,-0.12219959266802444,-1.989193511907246,-0.9991560643098283,0.03,,,,,,,,,435100,001,2025-07-15_10h27.01.014,Continuous_Psychophysics,2022.2.5,None,
0,0,0,0,,,,,,,,,,,4.139096021652222,-0.04073319755600815,-0.12219959266802444,-2.195931601555302,-1.174115580833461,0.03,,,,,,,,,435100,001,2025-07-15_10h27.01.014,Continuous_Psychophysics,2022.2.5,None,
0,0,0,0,,,,,,,,,,,4.143903970718384,-0.04684317718940937,-0.12219959266802444,-1.9840503648431453,-1.1157591329123542,0.03,,,,,,,,,435100,001,2025-07-15_10h27.01.014,Continuous_Psychophysics,2022.2.5,None,
0,0,0,0,,,,,,,,,,,4.1560680866241455,-0.05295315682281059,-0.12321792260692464,-2.008912000119648,-1.0857013367852244,0.03,,,,,,,,,435100,001,2025-07-15_10h27.01.014,Continuous_Psychophysics,2022.2.5,None,
0,0,0,0,,,,,,,,,,,4.160308122634888,-0.054989816700611,-0.12423625254582485,-2.1026057882090483,-0.9571399130423748,0.03,,,,,,,,,435100,001,2025-07-15_10h27.01.014,Continuous_Psychophysics,2022.2.5,None,
0,0,0,0,,,,,,,,,,,4.173191070556641,-0.059063136456211814,-0.12525458248472504,-1.946837061507837,-0.6725239436228037,0.03,,,,,,,,,435100,001,2025-07-15_10h27.01.014,Continuous_Psychophysics,2022.2.5,None,
0,0,0,0,,,,,,,,,,,4.177699089050293,-0.06619144602851323,-0.12525458248472504,-1.9496384383590546,-0.9720518873049959,0.03,,,,,,,,,435100,001,2025-07-15_10h27.01.014,Continuous_Psychophysics,2022.2.5,None,
0,0,0,0,,,,,,,,,,,4.1907970905303955,-0.06822810590631365,-0.12525458248472504,-2.1187099769517306,-0.9429781067565705,0.03,,,,,,,,,435100,001,2025-07-15_10h27.01.014,Continuous_Psychophysics,2022.2.5,None,
0,0,0,0,,,,,,,,,,,4.195425033569336,-0.07026476578411406,-0.12525458248472504,-2.065746700343469,-0.9396652734228499,0.03,,,,,,,,,435100,001,2025-07-15_10h27.01.014,Continuous_Psychophysics,2022.2.5,None,
0,0,0,0,,,,,,,,,,,4.207643032073975,-0.07230142566191446,-0.12118126272912423,-1.599176681063656,-1.5910590221898189,0.03,,,,,,,,,435100,001,2025-07-15_10h27.01.014,Continuous_Psychophysics,2022.2.5,None,
0,0,0,0,,,,,,,,,,,4.212071180343628,-0.07230142566191446,-0.11608961303462322,-1.4006297664201868,-1.163825186316193,0.03,,,,,,,,,435100,001,2025-07-15_10h27.01.014,Continuous_Psychophysics,2022.2.5,None,
0,0,0,0,,,,,,,,,,,4.224907875061035,-0.07230142566191446,-0.09877800407331976,-1.4202094441186297,-0.9161166691712191,0.03,,,,,,,,,435100,001,2025-07-15_10h27.01.014,Continuous_Psychophysics,2022.2.5,None,
0,0,0,0,,,,,,,,,,,4.229186058044434,-0.07230142566191446,-0.09877800407331976,-1.732132907553978,-1.046590839144364,0.03,,,,,,,,,435100,001,2025-07-15_10h27.01.014,Continuous_Psychophysics,2022.2.5,None,
0,0,0,0,,,,,,,,,,,4.242294073104858,-0.06619144602851323,-0.0814663951120163,-1.6371582656788624,-0.4449075444753088,0.03,,,,,,,,,435100,001,2025-07-15_10h27.01.014,Continuous_Psychophysics,2022.2.5,None,
0,0,0,0,,,,,,,,,,,4.246767044067383,-0.06415478615071284,-0.07841140529531568,-1.4553804590160129,0.08059116937453381,0.03,,,,,,,,,435100,001,2025-07-15_10h27.01.014,Continuous_Psychophysics,2022.2.5,None,
0,0,0,0,,,,,,,,,,,4.251187086105347,-0.06415478615071284,-0.07841140529531568,-1.5908061781886687,-0.06476466553597401,0.03,,,,,,,,,435100,001,2025-07-15_10h27.01.014,Continuous_Psychophysics,2022.2.5,None,
0,0,0,0,,,,,,,,,,,4.263610124588013,-0.05804480651731161,-0.06619144602851323,-1.0364131136397403,-0.4563690602639978,0.03,,,,,,,,,435100,001,2025-07-15_10h27.01.014,Continuous_Psychophysics,2022.2.5,None,
0,0,0,0,,,,,,,,,,,4.2685768604278564,-0.05804480651731161,-0.06619144602851323,-1.1134863153664916,-0.8733254967516487,0.03,,,,,,,,,435100,001,2025-07-15_10h27.01.014,Continuous_Psychophysics,2022.2.5,None,
0,0,0,0,,,,,,,,,,,4.2806079387664795,-0.0539714867617108,-0.06008146639511202,-1.0160576142887432,-1.3872729765596103,0.03,,,,,,,,,435100,001,2025-07-15_10h27.01.014,Continuous_Psychophysics,2022.2.5,None,
0,0,0,0,,,,,,,,,,,4.284870147705078,-0.0539714867617108,-0.06008146639511202,-0.8098161440508839,-1.5305513034225302,0.03,,,,,,,,,435100,001,2025-07-15_10h27.01.014,Continuous_Psychophysics,2022.2.5,None,
0,0,0,0,,,,,,,,,,,4.297636032104492,-0.051934826883910386,-0.059063136456211814,-0.9975622478218146,-1.78349590245931,0.03,,,,,,,,,435100,001,2025-07-15_10h27.01.014,Continuous_Psychophysics,2022.2.5,None,
0,0,0,0,,,,,,,,,,,4.3018410205841064,-0.051934826883910386,-0.059063136456211814,-0.9389449412168093,-2.1453837034054706,0.03,,,,,,,,,435100,001,2025-07-15_10h27.01.014,Continuous_Psychophysics,2022.2.5,None,
0,0,0,0,,,,,,,,,,,4.314841032028198,-0.051934826883910386,-0.059063136456211814,-0.7717931544608072,-2.005163245283189,0.03,,,,,,,,,435100,001,2025-07-15_10h27.01.014,Continuous_Psychophysics,2022.2.5,None,
0,0,0,0,,,,,,,,,,,4.318319082260132,-0.051934826883910386,-0.059063136456211814,-0.500804813119325,-1.994094727714701,0.03,,,,,,,,,435100,001,2025-07-15_10h27.01.014,Continuous_Psychophysics,2022.2.5,None,
0,0,0,0,,,,,,,,,,,4.331741094589233,-0.051934826883910386,-0.059063136456211814,-0.7788282255044726,-1.9930853875258197,0.03,,,,,,,,,435100,001,2025-07-15_10h27.01.014,Continuous_Psychophysics,2022.2.5,None,
0,0,0,0,,,,,,,,,,,4.334551095962524,-0.051934826883910386,-0.059063136456211814,-1.3813894275605345,-2.1690978707652584,0.03,,,,,,,,,435100,001,2025-07-15_10h27.01.014,Continuous_Psychophysics,2022.2.5,None,
0,0,0,0,,,,,,,,,,,4.3491051197052,-0.051934826883910386,-0.06008146639511202,-1.4052680730876286,-2.1079089972851035,0.03,,,,,,,,,435100,001,2025-07-15_10h27.01.014,Continuous_Psychophysics,2022.2.5,None,
0,0,0,0,,,,,,,,,,,4.3534510135650635,-0.051934826883910386,-0.06008146639511202,-1.8677308111790805,-1.9257143233130931,0.03,,,,,,,,,435100,001,2025-07-15_10h27.01.014,Continuous_Psychophysics,2022.2.5,None,
0,0,0,0,,,,,,,,,,,4.366410970687866,-0.051934826883910386,-0.06008146639511202,-1.4736454987773957,-2.020826716428955,0.03,,,,,,,,,435100,001,2025-07-15_10h27.01.014,Continuous_Psychophysics,2022.2.5,None,
0,0,0,0,,,,,,,,,,,4.371201038360596,-0.051934826883910386,-0.06109979633401222,-1.397999845074509,-1.8279384959045546,0.03,,,,,,,,,435100,001,2025-07-15_10h27.01.014,Continuous_Psychophysics,2022.2.5,None,
0,0,0,0,,,,,,,,,,,4.38332724571228,-0.051934826883910386,-0.06109979633401222,-0.8098298672700355,-1.3363882960798499,0.03,,,,,,,,,435100,001,2025-07-15_10h27.01.014,Continuous_Psychophysics,2022.2.5,None,
0,0,0,0,,,,,,,,,,,4.387650012969971,-0.051934826883910386,-0.06109979633401222,-0.5499399584944105,-1.2579898621376588,0.03,,,,,,,,,435100,001,2025-07-15_10h27.01.014,Continuous_Psychophysics,2022.2.5,None,
0,0,0,0,,,,,,,,,,,4.400512933731079,-0.051934826883910386,-0.06109979633401222,-0.45163346163349205,-0.9013802949461751,0.03,,,,,,,,,435100,001,2025-07-15_10h27.01.014,Continuous_Psychophysics,2022.2.5,None,
0,0,0,0,,,,,,,,,,,4.405077219009399,-0.051934826883910386,-0.06109979633401222,-1.0315585146006963,-1.2713097371141215,0.03,,,,,,,,,435100,001,2025-07-15_10h27.01.014,Continuous_Psychophysics,2022.2.5,None,
0,0,0,0,,,,,,,,,,,4.41016697883606,-0.051934826883910386,-0.06109979633401222,-0.3927962424775594,-0.8537717920859726,0.03,,,,,,,,,435100,001,2025-07-15_10h27.01.014,Continuous_Psychophysics,2022.2.5,None,
0,0,0,0,,,,,,,,,,,4.42194390296936,-0.05091649694501019,-0.059063136456211814,-0.7575069711961142,-1.1949664791428922,0.03,,,,,,,,,435100,001,2025-07-15_10h27.01.014,Continuous_Psychophysics,2022.2.5,None,
0,0,0,0,,,,,,,,,,,4.426822185516357,-0.05091649694501019,-0.05702647657841141,-0.9227705524654701,-1.2091979868078604,0.03,,,,,,,,,435100,001,2025-07-15_10h27.01.014,Continuous_Psychophysics,2022.2.5,None,
0,0,0,0,,,,,,,,,,,4.439213037490845,-0.05091649694501019,-0.0560081466395112,-0.44784139026966857,-1.4382102524383436,0.03,,,,,,,,,435100,001,2025-07-15_10h27.01.014,Continuous_Psychophysics,2022.2.5,None,
0,0,0,0,,,,,,,,,,,4.4438700675964355,-0.04989816700610998,-0.0539714867617108,-0.1564718119885754,-1.3598316285220433,0.03,,,,,,,,,435100,001,2025-07-15_10h27.01.014,Continuous_Psychophysics,2022.2.5,None,
0,0,0,0,,,,,,,,,,,4.456585168838501,-0.048879837067209775,-0.04989816700610998,-0.22767662391067317,-1.2124765395990798,0.03,,,,,,,,,435100,001,2025-07-15_10h27.01.014,Continuous_Psychophysics,2022.2.5,None,
0,0,0,0,,,,,,,,,,,4.461302042007446,-0.048879837067209775,-0.04989816700610998,-0.9174615569630806,-1.6940668164664434,0.03,,,,,,,,,435100,001,2025-07-15_10h27.01.014,Continuous_Psychophysics,2022.2.5,None,
0,0,0,0,,,,,,,,,,,4.473433971405029,-0.04786150712830957,-0.04786150712830957,-0.9203153492725633,-1.3895861945793784,0.03,,,,,,,,,435100,001,2025-07-15_10h27.01.014,Continuous_Psychophysics,2022.2.5,None,
0,0,0,0,,,,,,,,,,,4.477633953094482,-0.04786150712830957,-0.04786150712830957,-1.371069004596488,-1.256053892346308,0.03,,,,,,,,,435100,001,2025-07-15_10h27.01.014,Continuous_Psychophysics,2022.2.5,None,
0,0,0,0,,,,,,,,,,,4.490623235702515,-0.04786150712830957,-0.04684317718940937,-1.4473619505958921,-1.1017335522574183,0.03,,,,,,,,,435100,001,2025-07-15_10h27.01.014,Continuous_Psychophysics,2022.2.5,None,
0,0,0,0,,,,,,,,,,,4.494970083236694,-0.04786150712830957,-0.04684317718940937,-1.6725340577703034,-0.928248525842971,0.03,,,,,,,,,435100,001,2025-07-15_10h27.01.014,Continuous_Psychophysics,2022.2.5,None,
0,0,0,0,,,,,,,,,,,4.507903099060059,-0.04684317718940937,-0.04684317718940937,-1.8764608958052695,-0.6073411514199715,0.03,,,,,,,,,435100,001,2025-07-15_10h27.01.014,Continuous_Psychophysics,2022.2.5,None,
0,0,0,0,,,,,,,,,,,4.512477159500122,-0.04684317718940937,-0.04684317718940937,-2.178418899804655,-0.3702321081812987,0.03,,,,,,,,,435100,001,2025-07-15_10h27.01.014,Continuous_Psychophysics,2022.2.5,None,
0,0,0,0,,,,,,,,,,,4.52484393119812,-0.04684317718940937,-0.04684317718940937,-2.374929833345193,-0.37977921236318046,0.03,,,,,,,,,435100,001,2025-07-15_10h27.01.014,Continuous_Psychophysics,2022.2.5,None,
0,0,0,0,,,,,,,,,,,4.529345989227295,-0.04684317718940937,-0.04684317718940937,-2.757037656409494,-0.037969007659529264,0.03,,,,,,,,,435100,001,2025-07-15_10h27.01.014,Continuous_Psychophysics,2022.2.5,None,
0,0,0,0,,,,,,,,,,,4.541999101638794,-0.04480651731160896,-0.04684317718940937,-3.151905711212826,-0.41560880693990015,0.03,,,,,,,,,435100,001,2025-07-15_10h27.01.014,Continuous_Psychophysics,2022.2.5,None,
0,0,0,0,,,,,,,,,,,4.5467329025268555,-0.04378818737270876,-0.04684317718940937,-2.6909723868033284,-0.26788133366793854,0.03,,,,,,,,,435100,001,2025-07-15_10h27.01.014,Continuous_Psychophysics,2022.2.5,None,
0,0,0,0,,,,,,,,,,,4.551189184188843,-0.04378818737270876,-0.04684317718940937,-2.6780500633851014,-0.016916256679700814,0.03,,,,,,,,,435100,001,2025-07-15_10h27.01.014,Continuous_Psychophysics,2022.2.5,None,
0,0,0,0,,,,,,,,,,,4.563464164733887,-0.03971486761710794,-0.04684317718940937,-2.754436825527257,-0.10994417676980087,0.03,,,,,,,,,435100,001,2025-07-15_10h27.01.014,Continuous_Psychophysics,2022.2.5,None,
0,0,0,0,,,,,,,,,,,4.567975044250488,-0.03971486761710794,-0.04684317718940937,-2.8117905432209054,-0.40930950172595637,0.03,,,,,,,,,435100,001,2025-07-15_10h27.01.014,Continuous_Psychophysics,2022.2.5,None,
0,0,0,0,,,,,,,,,,,4.580563068389893,-0.035641547861507125,-0.04684317718940937,-3.4501886301520392,-0.6171452010380283,0.03,,,,,,,,,435100,001,2025-07-15_10h27.01.014,Continuous_Psychophysics,2022.2.5,None,
0,0,0,0,,,,,,,,,,,4.5852320194244385,-0.03360488798370672,-0.04684317718940937,-3.665530445942287,-0.9119767282040221,0.03,,,,,,,,,435100,001,2025-07-15_10h27.01.014,Continuous_Psychophysics,2022.2.5,None,
0,0,0,0,,,,,,,,,,,4.597631931304932,-0.03054989816700611,-0.045824847250509164,-3.509877949158557,-0.7833993487245152,0.03,,,,,,,,,435100,001,2025-07-15_10h27.01.014,Continuous_Psychophysics,2022.2.5,None,
0,0,0,0,,,,,,,,,,,4.602187871932983,-0.028513238289205704,-0.045824847250509164,-3.2468982538726396,-0.41587221982766226,0.03,,,,,,,,,435100,001,2025-07-15_10h27.01.014,Continuous_Psychophysics,2022.2.5,None,
0,0,0,0,,,,,,,,,,,4.6146910190582275,-0.026476578411405296,-0.045824847250509164,-3.074245556652967,-0.003951649420864345,0.03,,,,,,,,,435100,001,2025-07-15_10h27.01.014,Continuous_Psychophysics,2022.2.5,None,
0,0,0,0,,,,,,,,,,,4.618674039840698,-0.024439918533604887,-0.045824847250509164,-2.490322512381112,-0.1999093473654059,0.03,,,,,,,,,435100,001,2025-07-15_10h27.01.014,Continuous_Psychophysics,2022.2.5,None,
0,0,0,0,,,,,,,,,,,4.631746053695679,-0.023421588594704685,-0.045824847250509164,-2.6341367235901885,-0.5008477965379379,0.03,,,,,,,,,435100,001,2025-07-15_10h27.01.014,Continuous_Psychophysics,2022.2.5,None,
0,0,0,0,,,,,,,,,,,4.635177135467529,-0.021384928716904276,-0.045824847250509164,-2.433699309963896,-0.7064183342671817,0.03,,,,,,,,,435100,001,2025-07-15_10h27.01.014,Continuous_Psychophysics,2022.2.5,None,
0,0,0,0,,,,,,,,,,,4.648945093154907,-0.020366598778004074,-0.045824847250509164,-2.233698861538499,-0.7696039206184087,0.03,,,,,,,,,435100,001,2025-07-15_10h27.01.014,Continuous_Psychophysics,2022.2.5,None,
0,0,0,0,,,,,,,,,,,4.653599262237549,-0.018329938900203666,-0.04684317718940937,-2.2316493140028597,-0.9220995473297722,0.03,,,,,,,,,435100,001,2025-07-15_10h27.01.014,Continuous_Psychophysics,2022.2.5,None,
0,0,0,0,,,,,,,,,,,4.665872097015381,-0.017311608961303463,-0.04786150712830957,-2.483426747009482,-0.8781534500074849,0.03,,,,,,,,,435100,001,2025-07-15_10h27.01.014,Continuous_Psychophysics,2022.2.5,None,
0,0,0,0,,,,,,,,,,,4.670205116271973,-0.016293279022403257,-0.04989816700610998,-2.8975430059136724,-0.6599273325344441,0.03,,,,,,,,,435100,001,2025-07-15_10h27.01.014,Continuous_Psychophysics,2022.2.5,None,
0,0,0,0,,,,,,,,,,,4.682987928390503,-0.015274949083503055,-0.05091649694501019,-3.029813397051161,-0.14540169255002056,0.03,,,,,,,,,435100,001,2025-07-15_10h27.01.014,Continuous_Psychophysics,2022.2.5,None,
0,0,0,0,,,,,,,,,,,4.687014102935791,-0.015274949083503055,-0.05295315682281059,-2.9931160375070682,-0.11526242041900843,0.03,,,,,,,,,435100,001,2025-07-15_10h27.01.014,Continuous_Psychophysics,2022.2.5,None,
0,0,0,0,,,,,,,,,,,4.700217008590698,-0.014256619144602852,-0.0560081466395112,-3.4502839710268494,0.02775269720006461,0.03,,,,,,,,,435100,001,2025-07-15_10h27.01.014,Continuous_Psychophysics,2022.2.5,None,
0,0,0,0,,,,,,,,,,,4.704524040222168,-0.014256619144602852,-0.05804480651731161,-2.915925670175209,0.5530808979897611,0.03,,,,,,,,,435100,001,2025-07-15_10h27.01.014,Continuous_Psychophysics,2022.2.5,None,
0,0,0,0,,,,,,,,,,,4.71754002571106,-0.014256619144602852,-0.062118126272912425,-3.162854837703234,0.444112536057923,0.03,,,,,,,,,435100,001,2025-07-15_10h27.01.014,Continuous_Psychophysics,2022.2.5,None,
0,0,0,0,,,,,,,,,,,4.72205114364624,-0.014256619144602852,-0.062118126272912425,-2.791506066634664,0.9454955402249527,0.03,,,,,,,,,435100,001,2025-07-15_10h27.01.014,Continuous_Psychophysics,2022.2.5,None,
0,0,0,0,,,,,,,,,,,4.7265191078186035,-0.014256619144602852,-0.06517311608961303,-3.075915614887444,0.5380701737875975,0.03,,,,,,,,,435100,001,2025-07-15_10h27.01.014,Continuous_Psychophysics,2022.2.5,None,
0,0,0,0,,,,,,,,,,,4.738911151885986,-0.014256619144602852,-0.06822810590631365,-3.515854509440591,0.7090786141268777,0.03,,,,,,,,,435100,001,2025-07-15_10h27.01.014,Continuous_Psychophysics,2022.2.5,None,
0,0,0,0,,,,,,,,,,,4.743243932723999,-0.014256619144602852,-0.06822810590631365,-3.235315472208924,0.43113075407569473,0.03,,,,,,,,,435100,001,2025-07-15_10h27.01.014,Continuous_Psychophysics,2022.2.5,None,
0,0,0,0,,,,,,,,,,,4.755949020385742,-0.014256619144602852,-0.07026476578411406,-3.357870352589869,0.22793145919463836,0.03,,,,,,,,,435100,001,2025-07-15_10h27.01.014,Continuous_Psychophysics,2022.2.5,None,
0,0,0,0,,,,,,,,,,,4.759420156478882,-0.014256619144602852,-0.07026476578411406,-3.3880258431449337,0.9153564066731041,0.03,,,,,,,,,435100,001,2025-07-15_10h27.01.014,Continuous_Psychophysics,2022.2.5,None,
0,0,0,0,,,,,,,,,,,4.7730700969696045,-0.016293279022403257,-0.07128309572301425,-3.429870836527868,1.2216895977729776,0.03,,,,,,,,,435100,001,2025-07-15_10h27.01.014,Continuous_Psychophysics,2022.2.5,None,
0,0,0,0,,,,,,,,,,,4.7771501541137695,-0.016293279022403257,-0.07128309572301425,-3.378101674124824,0.8376862737624051,0.03,,,,,,,,,435100,001,2025-07-15_10h27.01.014,Continuous_Psychophysics,2022.2.5,None,
0,0,0,0,,,,,,,,,,,4.790213108062744,-0.021384928716904276,-0.07128309572301425,-2.944547183399544,0.8487158749123765,0.03,,,,,,,,,435100,001,2025-07-15_10h27.01.014,Continuous_Psychophysics,2022.2.5,None,
0,0,0,0,,,,,,,,,,,4.794719219207764,-0.021384928716904276,-0.07128309572301425,-2.9041862325934753,0.5081969092661416,0.03,,,,,,,,,435100,001,2025-07-15_10h27.01.014,Continuous_Psychophysics,2022.2.5,None,
0,0,0,0,,,,,,,,,,,4.807370185852051,-0.028513238289205704,-0.07128309572301425,-2.771511136101016,0.4155892334256571,0.03,,,,,,,,,435100,001,2025-07-15_10h27.01.014,Continuous_Psychophysics,2022.2.5,None,
0,0,0,0,,,,,,,,,,,4.812101125717163,-0.032586558044806514,-0.06924643584521385,-2.914654532573367,0.15349296962192666,0.03,,,,,,,,,435100,001,2025-07-15_10h27.01.014,Continuous_Psychophysics,2022.2.5,None,
0,0,0,0,,,,,,,,,,,4.8243749141693115,-0.03767820773930754,-0.06619144602851323,-2.7460133751517706,0.22018760305439314,0.03,,,,,,,,,435100,001,2025-07-15_10h27.01.014,Continuous_Psychophysics,2022.2.5,None,
0,0,0,0,,,,,,,,,,,4.828879117965698,-0.04175152749490835,-0.06313645621181263,-2.7995032669209903,0.293528304039556,0.03,,,,,,,,,435100,001,2025-07-15_10h27.01.014,Continuous_Psychophysics,2022.2.5,None,
0,0,0,0,,,,,,,,,,,4.841471910476685,-0.04684317718940937,-0.059063136456211814,-2.7346715153237797,-0.09215336658390194,0.03,,,,,,,,,435100,001,2025-07-15_10h27.01.014,Continuous_Psychophysics,2022.2.5,None,
0,0,0,0,,,,,,,,,,,4.846390962600708,-0.05091649694501019,-0.0560081466395112,-2.9005792693699775,0.13140757533376482,0.03,,,,,,,,,435100,001,2025-07-15_10h27.01.014,Continuous_Psychophysics,2022.2.5,None,
0,0,0,0,,,,,,,,,,,4.8510661125183105,-0.05091649694501019,-0.0560081466395112,-2.854408358288315,-0.49481237864801064,0.03,,,,,,,,,435100,001,2025-07-15_10h27.01.014,Continuous_Psychophysics,2022.2.5,None,
0,0,0,0,,,,,,,,,,,4.863182067871094,-0.0560081466395112,-0.051934826883910386,-2.9179103441199548,-0.5468608562464499,0.03,,,,,,,,,435100,001,2025-07-15_10h27.01.014,Continuous_Psychophysics,2022.2.5,None,
0,0,0,0,,,,,,,,,,,4.86806321144104,-0.0560081466395112,-0.051934826883910386,-3.1527723905075566,-0.633999308556294,0.03,,,,,,,,,435100,001,2025-07-15_10h27.01.014,Continuous_Psychophysics,2022.2.5,None,
0,0,0,0,,,,,,,,,,,4.880239963531494,-0.06008146639511202,-0.04786150712830957,-2.938501788655278,-0.7637315624447762,0.03,,,,,,,,,435100,001,2025-07-15_10h27.01.014,Continuous_Psychophysics,2022.2.5,None,
0,0,0,0,,,,,,,,,,,4.885066986083984,-0.06109979633401222,-0.045824847250509164,-3.215894413509157,-1.0059777154348528,0.03,,,,,,,,,435100,001,2025-07-15_10h27.01.014,Continuous_Psychophysics,2022.2.5,None,
0,0,0,0,,,,,,,,,,,4.897281885147095,-0.062118126272912425,-0.04480651731160896,-2.8006536294076563,-1.2621938638941608,0.03,,,,,,,,,435100,001,2025-07-15_10h27.01.014,Continuous_Psychophysics,2022.2.5,None,
0,0,0,0,,,,,,,,,,,4.901766061782837,-0.062118126272912425,-0.04276985743380855,-3.2434660988467714,-1.5978154538795093,0.03,,,,,,,,,435100,001,2025-07-15_10h27.01.014,Continuous_Psychophysics,2022.2.5,None,
0,0,0,0,,,,,,,,,,,4.914391040802002,-0.062118126272912425,-0.04175152749490835,-3.3774269627458597,-1.8319589393239488,0.03,,,,,,,,,435100,001,2025-07-15_10h27.01.014,Continuous_Psychophysics,2022.2.5,None,
0,0,0,0,,,,,,,,,,,4.9186601638793945,-0.062118126272912425,-0.03971486761710794,-3.2930595515566456,-1.6904787841046247,0.03,,,,,,,,,435100,001,2025-07-15_10h27.01.014,Continuous_Psychophysics,2022.2.5,None,
0,0,0,0,,,,,,,,,,,4.931384086608887,-0.06008146639511202,-0.038696537678207736,-3.2446019886236215,-1.8412813130001195,0.03,,,,,,,,,435100,001,2025-07-15_10h27.01.014,Continuous_Psychophysics,2022.2.5,None,
0,0,0,0,,,,,,,,,,,4.934997320175171,-0.059063136456211814,-0.03767820773930754,-3.5915010416123994,-1.8327816131490782,0.03,,,,,,,,,435100,001,2025-07-15_10h27.01.014,Continuous_Psychophysics,2022.2.5,None,
0,0,0,0,,,,,,,,,,,4.9486730098724365,-0.05702647657841141,-0.03665987780040733,-3.380441184397196,-1.4857837553869304,0.03,,,,,,,,,435100,001,2025-07-15_10h27.01.014,Continuous_Psychophysics,2022.2.5,None,
0,0,0,0,,,,,,,,,,,4.951815128326416,-0.054989816700611,-0.035641547861507125,-3.303702426791769,-1.5495591940088194,0.03,,,,,,,,,435100,001,2025-07-15_10h27.01.014,Continuous_Psychophysics,2022.2.5,None,
0,0,0,0,,,,,,,,,,,4.965821027755737,-0.05295315682281059,-0.034623217922606926,-2.7985892667887184,-1.7302905269833873,0.03,,,,,,,,,435100,001,2025-07-15_10h27.01.014,Continuous_Psychophysics,2022.2.5,None,
0,0,0,0,,,,,,,,,,,4.970137119293213,-0.05091649694501019,-0.034623217922606926,-2.511478887449928,-1.5281715270777487,0.03,,,,,,,,,435100,001,2025-07-15_10h27.01.014,Continuous_Psychophysics,2022.2.5,None,
0,0,0,0,,,,,,,,,,,4.982889175415039,-0.04989816700610998,-0.03360488798370672,-2.8446155500829793,-1.72986764136519,0.03,,,,,,,,,435100,001,2025-07-15_10h27.01.014,Continuous_Psychophysics,2022.2.5,None,
0,0,0,0,,,,,,,,,,,4.987358093261719,-0.048879837067209775,-0.03360488798370672,-2.970674000033413,-1.6149999246989402,0.03,,,,,,,,,435100,001,2025-07-15_10h27.01.014,Continuous_Psychophysics,2022.2.5,None,
0,0,0,0,,,,,,,,,,,5.000104188919067,-0.04684317718940937,-0.03360488798370672,-3.0041706231711944,-1.7668264577639612,0.03,,,,,,,,,435100,001,2025-07-15_10h27.01.014,Continuous_Psychophysics,2022.2.5,None,
0,0,0,0,,,,,,,,,,,5.004478216171265,-0.04684317718940937,-0.03360488798370672,-2.2169871185748415,-1.786718878215479,0.03,,,,,,,,,435100,001,2025-07-15_10h27.01.014,Continuous_Psychophysics,2022.2.5,None,
0,0,0,0,,,,,,,,,,,5.00936222076416,-0.04684317718940937,-0.03360488798370672,-2.102086507381912,-1.7962252465422752,0.03,,,,,,,,,435100,001,2025-07-15_10h27.01.014,Continuous_Psychophysics,2022.2.5,None,
0,0,0,0,,,,,,,,,,,5.021559953689575,-0.04684317718940937,-0.032586558044806514,-2.2173396382641424,-1.6727694927557533,0.03,,,,,,,,,435100,001,2025-07-15_10h27.01.014,Continuous_Psychophysics,2022.2.5,None,
0,0,0,0,,,,,,,,,,,5.026267051696777,-0.04684317718940937,-0.032586558044806514,-2.4490326211468045,-2.2667488671551426,0.03,,,,,,,,,435100,001,2025-07-15_10h27.01.014,Continuous_Psychophysics,2022.2.5,None,
0,0,0,0,,,,,,,,,,,5.038424968719482,-0.04684317718940937,-0.03054989816700611,-2.2943289028295175,-2.518259321530038,0.03,,,,,,,,,435100,001,2025-07-15_10h27.01.014,Continuous_Psychophysics,2022.2.5,None,
0,0,0,0,,,,,,,,,,,5.042829990386963,-0.04684317718940937,-0.03054989816700611,-1.9067299707902272,-2.6911957852785786,0.03,,,,,,,,,435100,001,2025-07-15_10h27.01.014,Continuous_Psychophysics,2022.2.5,None,
0,0,0,0,,,,,,,,,,,5.055497169494629,-0.04786150712830957,-0.026476578411405296,-1.9829133880634768,-3.0680476062977773,0.03,,,,,,,,,435100,001,2025-07-15_10h27.01.014,Continuous_Psychophysics,2022.2.5,None,
0,0,0,0,,,,,,,,,,,5.059835195541382,-0.04786150712830957,-0.026476578411405296,-1.722112424958506,-2.8551075330149285,0.03,,,,,,,,,435100,001,2025-07-15_10h27.01.014,Continuous_Psychophysics,2022.2.5,None,
0,0,0,0,,,,,,,,,,,5.072724103927612,-0.048879837067209775,-0.019348268839103868,-1.464526583461923,-2.413374731499778,0.03,,,,,,,,,435100,001,2025-07-15_10h27.01.014,Continuous_Psychophysics,2022.2.5,None,
0,0,0,0,,,,,,,,,,,5.0764992237091064,-0.048879837067209775,-0.019348268839103868,-1.602117696279996,-2.817317699591126,0.03,,,,,,,,,435100,001,2025-07-15_10h27.01.014,Continuous_Psychophysics,2022.2.5,None,
0,0,0,0,,,,,,,,,,,5.089776992797852,-0.04989816700610998,-0.015274949083503055,-1.3878050861629374,-2.59049605422763,0.03,,,,,,,,,435100,001,2025-07-15_10h27.01.014,Continuous_Psychophysics,2022.2.5,None,
0,0,0,0,,,,,,,,,,,5.093839168548584,-0.04989816700610998,-0.015274949083503055,-1.6243589561676388,-2.1151976389664444,0.03,,,,,,,,,435100,001,2025-07-15_10h27.01.014,Continuous_Psychophysics,2022.2.5,None,
0,0,0,0,,,,,,,,,,,5.106825113296509,-0.051934826883910386,-0.012219959266802444,-1.7313836427860365,-2.18969902482583,0.03,,,,,,,,,435100,001,2025-07-15_10h27.01.014,Continuous_Psychophysics,2022.2.5,None,
0,0,0,0,,,,,,,,,,,5.1112470626831055,-0.051934826883910386,-0.01120162932790224,-2.125872012222521,-1.991049589411257,0.03,,,,,,,,,435100,001,2025-07-15_10h27.01.014,Continuous_Psychophysics,2022.2.5,None,
0,0,0,0,,,,,,,,,,,5.123997211456299,-0.051934826883910386,-0.010183299389002037,-1.820720407965251,-2.385066082257128,0.03,,,,,,,,,435100,001,2025-07-15_10h27.01.014,Continuous_Psychophysics,2022.2.5,None,
0,0,0,0,,,,,,,,,,,5.128275156021118,-0.05295315682281059,-0.010183299389002037,-1.7715627625611106,-2.631911620727366,0.03,,,,,,,,,435100,001,2025-07-15_10h27.01.014,Continuous_Psychophysics,2022.2.5,None,
0,0,0,0,,,,,,,,,,,5.141263008117676,-0.0539714867617108,-0.010183299389002037,-1.394441073252859,-3.016059482392546,0.03,,,,,,,,,435100,001,2025-07-15_10h27.01.014,Continuous_Psychophysics,2022.2.5,None,
0,0,0,0,,,,,,,,,,,5.146111965179443,-0.0560081466395112,-0.01120162932790224,-1.2397299438785574,-3.1175421525962554,0.03,,,,,,,,,435100,001,2025-07-15_10h27.01.014,Continuous_Psychophysics,2022.2.5,None,
0,0,0,0,,,,,,,,,,,5.158634901046753,-0.05804480651731161,-0.014256619144602852,-0.5009783933858935,-3.7287555416448974,0.03,,,,,,,,,435100,001,2025-07-15_10h27.01.014,Continuous_Psychophysics,2022.2.5,None,
0,0,0,0,,,,,,,,,,,5.1638031005859375,-0.06008146639511202,-0.018329938900203666,-0.6281786115508756,-4.0362520295206865,0.03,,,,,,,,,435100,001,2025-07-15_10h27.01.014,Continuous_Psychophysics,2022.2.5,None,
0,0,0,0,,,,,,,,,,,5.1682469844818115,-0.06313645621181263,-0.02240325865580448,-0.5401456220276243,-3.609249758807404,0.03,,,,,,,,,435100,001,2025-07-15_10h27.01.014,Continuous_Psychophysics,2022.2.5,None,
0,0,0,0,,,,,,,,,,,5.1806440353393555,-0.06517311608961303,-0.0274949083503055,-0.7823647868334733,-3.425273598565838,0.03,,,,,,,,,435100,001,2025-07-15_10h27.01.014,Continuous_Psychophysics,2022.2.5,None,
0,0,0,0,,,,,,,,,,,5.18494725227356,-0.06822810590631365,-0.031568228105906315,-0.5385087428200235,-3.3116673803725294,0.03,,,,,,,,,435100,001,2025-07-15_10h27.01.014,Continuous_Psychophysics,2022.2.5,None,
0,0,0,0,,,,,,,,,,,5.197727203369141,-0.06924643584521385,-0.03360488798370672,-0.5179130571092608,-3.6895234926709626,0.03,,,,,,,,,435100,001,2025-07-15_10h27.01.014,Continuous_Psychophysics,2022.2.5,None,
0,0,0,0,,,,,,,,,,,5.201663255691528,-0.07128309572301425,-0.03665987780040733,-0.8823951228079678,-3.953293539990566,0.03,,,,,,,,,435100,001,2025-07-15_10h27.01.014,Continuous_Psychophysics,2022.2.5,None,
0,0,0,0,,,,,,,,,,,5.214775085449219,-0.07230142566191446,-0.038696537678207736,-1.6988845913146777,-3.7501687552112233,0.03,,,,,,,,,435100,001,2025-07-15_10h27.01.014,Continuous_Psychophysics,2022.2.5,None,
0,0,0,0,,,,,,,,,,,5.219385147094727,-0.07331975560081466,-0.04073319755600815,-2.1246681939728185,-3.666651830630725,0.03,,,,,,,,,435100,001,2025-07-15_10h27.01.014,Continuous_Psychophysics,2022.2.5,None,
0,0,0,0,,,,,,,,,,,5.231794118881226,-0.07433808553971487,-0.04175152749490835,-2.1087191548496005,-4.175982260144765,0.03,,,,,,,,,435100,001,2025-07-15_10h27.01.014,Continuous_Psychophysics,2022.2.5,None,
0,0,0,0,,,,,,,,,,,5.235043048858643,-0.07433808553971487,-0.04175152749490835,-2.313046264088644,-3.8681714292985494,0.03,,,,,,,,,435100,001,2025-07-15_10h27.01.014,Continuous_Psychophysics,2022.2.5,None,
0,0,0,0,,,,,,,,,,,5.2489142417907715,-0.07535641547861507,-0.04276985743380855,-2.591450870160023,-3.4317150055690546,0.03,,,,,,,,,435100,001,2025-07-15_10h27.01.014,Continuous_Psychophysics,2022.2.5,None,
0,0,0,0,,,,,,,,,,,5.253377914428711,-0.07535641547861507,-0.04276985743380855,-2.77328119776433,-3.049686978475486,0.03,,,,,,,,,435100,001,2025-07-15_10h27.01.014,Continuous_Psychophysics,2022.2.5,None,
0,0,0,0,,,,,,,,,,,5.265965938568115,-0.07535641547861507,-0.04276985743380855,-2.749634827439333,-3.2358152837504734,0.03,,,,,,,,,435100,001,2025-07-15_10h27.01.014,Continuous_Psychophysics,2022.2.5,None,
0,0,0,0,,,,,,,,,,,5.270451068878174,-0.07535641547861507,-0.04276985743380855,-2.6699524454920627,-3.0619372804624345,0.03,,,,,,,,,435100,001,2025-07-15_10h27.01.014,Continuous_Psychophysics,2022.2.5,None,
0,0,0,0,,,,,,,,,,,5.283512115478516,-0.07230142566191446,-0.04378818737270876,-2.7532215753119673,-2.3326861225879902,0.03,,,,,,,,,435100,001,2025-07-15_10h27.01.014,Continuous_Psychophysics,2022.2.5,None,
0,0,0,0,,,,,,,,,,,5.287796974182129,-0.07230142566191446,-0.04378818737270876,-2.5626523662246106,-2.1272577937065877,0.03,,,,,,,,,435100,001,2025-07-15_10h27.01.014,Continuous_Psychophysics,2022.2.5,None,
0,0,0,0,,,,,,,,,,,5.293544054031372,-0.07026476578411406,-0.045824847250509164,-2.5574178371167813,-2.0135217542771247,0.03,,,,,,,,,435100,001,2025-07-15_10h27.01.014,Continuous_Psychophysics,2022.2.5,None,
0,0,0,0,,,,,,,,,,,5.304851055145264,-0.06517311608961303,-0.05091649694501019,-2.9357103798080204,-2.025903456453846,0.03,,,,,,,,,435100,001,2025-07-15_10h27.01.014,Continuous_Psychophysics,2022.2.5,None,
0,0,0,0,,,,,,,,,,,5.3096230030059814,-0.06517311608961303,-0.05091649694501019,-2.8736738144037126,-1.6559181286550975,0.03,,,,,,,,,435100,001,2025-07-15_10h27.01.014,Continuous_Psychophysics,2022.2.5,None,
0,0,0,0,,,,,,,,,,,5.3218231201171875,-0.05804480651731161,-0.06109979633401222,-2.874694346205142,-2.2894467460039856,0.03,,,,,,,,,435100,001,2025-07-15_10h27.01.014,Continuous_Psychophysics,2022.2.5,None,
0,0,0,0,,,,,,,,,,,5.3263561725616455,-0.05804480651731161,-0.06109979633401222,-2.5606459294324844,-2.336549367617588,0.03,,,,,,,,,435100,001,2025-07-15_10h27.01.014,Continuous_Psychophysics,2022.2.5,None,
0,0,0,0,,,,,,,,,,,5.339003086090088,-0.05091649694501019,-0.07128309572301425,-1.9512023323471397,-2.768470630035133,0.03,,,,,,,,,435100,001,2025-07-15_10h27.01.014,Continuous_Psychophysics,2022.2.5,None,
0,0,0,0,,,,,,,,,,,5.342798948287964,-0.05091649694501019,-0.07128309572301425,-1.4284200698147507,-3.008985259469007,0.03,,,,,,,,,435100,001,2025-07-15_10h27.01.014,Continuous_Psychophysics,2022.2.5,None,
0,0,0,0,,,,,,,,,,,5.355877161026001,-0.045824847250509164,-0.0824847250509165,-1.7656129646403615,-3.4835243158849143,0.03,,,,,,,,,435100,001,2025-07-15_10h27.01.014,Continuous_Psychophysics,2022.2.5,None,
0,0,0,0,,,,,,,,,,,5.3594970703125,-0.045824847250509164,-0.0824847250509165,-1.8844160974106947,-3.6306318781481113,0.03,,,,,,,,,435100,001,2025-07-15_10h27.01.014,Continuous_Psychophysics,2022.2.5,None,
0,0,0,0,,,,,,,,,,,5.373111963272095,-0.04276985743380855,-0.08859470468431772,-1.9231160463520425,-3.4185489830586184,0.03,,,,,,,,,435100,001,2025-07-15_10h27.01.014,Continuous_Psychophysics,2022.2.5,None,
0,0,0,0,,,,,,,,,,,5.377173185348511,-0.04276985743380855,-0.08859470468431772,-1.8332354610656978,-3.021999924960966,0.03,,,,,,,,,435100,001,2025-07-15_10h27.01.014,Continuous_Psychophysics,2022.2.5,None,
0,0,0,0,,,,,,,,,,,5.3900721073150635,-0.04073319755600815,-0.09572301425661914,-1.7718577210610331,-3.083818794745784,0.03,,,,,,,,,435100,001,2025-07-15_10h27.01.014,Continuous_Psychophysics,2022.2.5,None,
0,0,0,0,,,,,,,,,,,5.392894268035889,-0.04073319755600815,-0.09572301425661914,-1.3902287227148682,-2.523282995635443,0.03,,,,,,,,,435100,001,2025-07-15_10h27.01.014,Continuous_Psychophysics,2022.2.5,None,
0,0,0,0,,,,,,,,,,,5.4073710441589355,-0.03971486761710794,-0.09979633401221996,-1.1485213882974488,-2.539398307752853,0.03,,,,,,,,,435100,001,2025-07-15_10h27.01.014,Continuous_Psychophysics,2022.2.5,None,
0,0,0,0,,,,,,,,,,,5.411821126937866,-0.03971486761710794,-0.10081466395112017,-0.8540065642745285,-1.711926039692917,0.03,,,,,,,,,435100,001,2025-07-15_10h27.01.014,Continuous_Psychophysics,2022.2.5,None,
0,0,0,0,,,,,,,,,,,5.424592018127441,-0.038696537678207736,-0.10183299389002037,-1.0093911738068864,-1.457507667616475,0.03,,,,,,,,,435100,001,2025-07-15_10h27.01.014,Continuous_Psychophysics,2022.2.5,None,
0,0,0,0,,,,,,,,,,,5.429111957550049,-0.038696537678207736,-0.10285132382892057,-1.8522916353086072,-1.457448268328433,0.03,,,,,,,,,435100,001,2025-07-15_10h27.01.014,Continuous_Psychophysics,2022.2.5,None,
0,0,0,0,,,,,,,,,,,5.441382169723511,-0.038696537678207736,-0.10285132382892057,-1.6528607910411726,-1.89966605134697,0.03,,,,,,,,,435100,001,2025-07-15_10h27.01.014,Continuous_Psychophysics,2022.2.5,None,
0,0,0,0,,,,,,,,,,,5.445738077163696,-0.03767820773930754,-0.10285132382892057,-1.1155754053069753,-1.7301669908874742,0.03,,,,,,,,,435100,001,2025-07-15_10h27.01.014,Continuous_Psychophysics,2022.2.5,None,
0,0,0,0,,,,,,,,,,,5.458511114120483,-0.03665987780040733,-0.10285132382892057,-1.2903567885028893,-1.6087078543623667,0.03,,,,,,,,,435100,001,2025-07-15_10h27.01.014,Continuous_Psychophysics,2022.2.5,None,
0,0,0,0,,,,,,,,,,,5.463251113891602,-0.03665987780040733,-0.10285132382892057,-1.1704998939298854,-1.7040543191590523,0.03,,,,,,,,,435100,001,2025-07-15_10h27.01.014,Continuous_Psychophysics,2022.2.5,None,
0,0,0,0,,,,,,,,,,,5.468172073364258,-0.035641547861507125,-0.10386965376782077,-1.1298894096306926,-2.122187128531488,0.03,,,,,,,,,435100,001,2025-07-15_10h27.01.014,Continuous_Psychophysics,2022.2.5,None,
0,0,0,0,,,,,,,,,,,5.480082035064697,-0.034623217922606926,-0.10386965376782077,-0.6994329984791476,-2.4302040088057786,0.03,,,,,,,,,435100,001,2025-07-15_10h27.01.014,Continuous_Psychophysics,2022.2.5,None,
0,0,0,0,,,,,,,,,,,5.484874248504639,-0.03360488798370672,-0.10488798370672098,-0.7507063933695546,-3.0237394666649084,0.03,,,,,,,,,435100,001,2025-07-15_10h27.01.014,Continuous_Psychophysics,2022.2.5,None,
0,0,0,0,,,,,,,,,,,5.497129201889038,-0.032586558044806514,-0.10692464358452139,-1.2034530125493368,-3.8029350108573836,0.03,,,,,,,,,435100,001,2025-07-15_10h27.01.014,Continuous_Psychophysics,2022.2.5,None,
0,0,0,0,,,,,,,,,,,5.501405239105225,-0.031568228105906315,-0.10896130346232179,-1.6223902890458006,-3.813145081366833,0.03,,,,,,,,,435100,001,2025-07-15_10h27.01.014,Continuous_Psychophysics,2022.2.5,None,
0,0,0,0,,,,,,,,,,,5.514141082763672,-0.031568228105906315,-0.1120162932790224,-1.207096369393093,-4.010452248550821,0.03,,,,,,,,,435100,001,2025-07-15_10h27.01.014,Continuous_Psychophysics,2022.2.5,None,
0,0,0,0,,,,,,,,,,,5.517991065979004,-0.03054989816700611,-0.11608961303462322,-1.6003565455885296,-3.9833037401912925,0.03,,,,,,,,,435100,001,2025-07-15_10h27.01.014,Continuous_Psychophysics,2022.2.5,None,
0,0,0,0,,,,,,,,,,,5.531234979629517,-0.03054989816700611,-0.12016293279022404,-2.0556755193475285,-3.8001169845793403,0.03,,,,,,,,,435100,001,2025-07-15_10h27.01.014,Continuous_Psychophysics,2022.2.5,None,
0,0,0,0,,,,,,,,,,,5.535243988037109,-0.03054989816700611,-0.12016293279022404,-2.031754672570697,-3.863845737755873,0.03,,,,,,,,,435100,001,2025-07-15_10h27.01.014,Continuous_Psychophysics,2022.2.5,None,
0,0,0,0,,,,,,,,,,,5.548190116882324,-0.03054989816700611,-0.12525458248472504,-1.6371123556820828,-4.046542097049915,0.03,,,,,,,,,435100,001,2025-07-15_10h27.01.014,Continuous_Psychophysics,2022.2.5,None,
0,0,0,0,,,,,,,,,,,5.5523529052734375,-0.03054989816700611,-0.12525458248472504,-1.90155732842811,-4.382240753229415,0.03,,,,,,,,,435100,001,2025-07-15_10h27.01.014,Continuous_Psychophysics,2022.2.5,None,
0,0,0,0,,,,,,,,,,,5.565205097198486,-0.03360488798370672,-0.12830957230142567,-2.1930291225031358,-4.833976768490005,0.03,,,,,,,,,435100,001,2025-07-15_10h27.01.014,Continuous_Psychophysics,2022.2.5,None,
0,0,0,0,,,,,,,,,,,5.568095922470093,-0.03360488798370672,-0.12830957230142567,-1.983270101388609,-4.954859341297134,0.03,,,,,,,,,435100,001,2025-07-15_10h27.01.014,Continuous_Psychophysics,2022.2.5,None,
0,0,0,0,,,,,,,,,,,5.582947015762329,-0.03971486761710794,-0.12830957230142567,-1.9926800725856715,-5.0202511730395445,0.03,,,,,,,,,435100,001,2025-07-15_10h27.01.014,Continuous_Psychophysics,2022.2.5,None,
0,0,0,0,,,,,,,,,,,5.586977005004883,-0.03971486761710794,-0.12830957230142567,-2.199585593035742,-5.642696761445249,0.03,,,,,,,,,435100,001,2025-07-15_10h27.01.014,Continuous_Psychophysics,2022.2.5,None,
0,0,0,0,,,,,,,,,,,5.6002490520477295,-0.04786150712830957,-0.11303462321792261,-2.039592473307808,-5.305504826153266,0.03,,,,,,,,,435100,001,2025-07-15_10h27.01.014,Continuous_Psychophysics,2022.2.5,None,
0,0,0,0,,,,,,,,,,,5.604840040206909,-0.05091649694501019,-0.10183299389002037,-2.382650868590879,-5.16990713516235,0.03,,,,,,,,,435100,001,2025-07-15_10h27.01.014,Continuous_Psychophysics,2022.2.5,None,
0,0,0,0,,,,,,,,,,,5.609411001205444,-0.05091649694501019,-0.10183299389002037,-2.3924904144763888,-4.967594071381023,0.03,,,,,,,,,435100,001,2025-07-15_10h27.01.014,Continuous_Psychophysics,2022.2.5,None,
0,0,0,0,,,,,,,,,,,5.6216161251068115,-0.054989816700611,-0.0824847250509165,-2.1894787031240157,-5.077631767699544,0.03,,,,,,,,,435100,001,2025-07-15_10h27.01.014,Continuous_Psychophysics,2022.2.5,None,
0,0,0,0,,,,,,,,,,,5.626314878463745,-0.054989816700611,-0.0824847250509165,-2.554770544518536,-5.132624725028031,0.03,,,,,,,,,435100,001,2025-07-15_10h27.01.014,Continuous_Psychophysics,2022.2.5,None,
0,0,0,0,,,,,,,,,,,5.639123201370239,-0.05702647657841141,-0.07331975560081466,-2.517928319096349,-5.392891413510078,0.03,,,,,,,,,435100,001,2025-07-15_10h27.01.014,Continuous_Psychophysics,2022.2.5,None,
0,0,0,0,,,,,,,,,,,5.642997980117798,-0.05702647657841141,-0.07331975560081466,-2.5854766385242907,-5.574722548487696,0.03,,,,,,,,,435100,001,2025-07-15_10h27.01.014,Continuous_Psychophysics,2022.2.5,None,
0,0,0,0,,,,,,,,,,,5.655923128128052,-0.05702647657841141,-0.062118126272912425,-2.5686775706990197,-5.528592008487383,0.03,,,,,,,,,435100,001,2025-07-15_10h27.01.014,Continuous_Psychophysics,2022.2.5,None,
0,0,0,0,,,,,,,,,,,5.659470081329346,-0.05702647657841141,-0.062118126272912425,-2.5990966122145496,-5.528592008487383,0.03,,,,,,,,,435100,001,2025-07-15_10h27.01.014,Continuous_Psychophysics,2022.2.5,None,
0,0,0,0,,,,,,,,,,,5.672797203063965,-0.05702647657841141,-0.062118126272912425,-1.732043467729118,-5.821972451134222,0.03,,,,,,,,,435100,001,2025-07-15_10h27.01.014,Continuous_Psychophysics,2022.2.5,None,
0,0,0,0,,,,,,,,,,,5.6774680614471436,-0.0560081466395112,-0.062118126272912425,-1.784321483847841,-5.821972451134222,0.03,,,,,,,,,435100,001,2025-07-15_10h27.01.014,Continuous_Psychophysics,2022.2.5,None,
0,0,0,0,,,,,,,,,,,5.690162181854248,-0.0539714867617108,-0.06313645621181263,-1.6055799209572161,-5.666670685406631,0.03,,,,,,,,,435100,001,2025-07-15_10h27.01.014,Continuous_Psychophysics,2022.2.5,None,
0,0,0,0,,,,,,,,,,,5.694838047027588,-0.05091649694501019,-0.06517311608961303,-2.300315052348323,-5.2829075740929206,0.03,,,,,,,,,435100,001,2025-07-15_10h27.01.014,Continuous_Psychophysics,2022.2.5,None,
0,0,0,0,,,,,,,,,,,5.7072060108184814,-0.04786150712830957,-0.06822810590631365,-2.6095309109834504,-5.277175000382645,0.03,,,,,,,,,435100,001,2025-07-15_10h27.01.014,Continuous_Psychophysics,2022.2.5,None,
0,0,0,0,,,,,,,,,,,5.711728096008301,-0.04378818737270876,-0.07128309572301425,-2.0871975664086273,-4.533775735052109,0.03,,,,,,,,,435100,001,2025-07-15_10h27.01.014,Continuous_Psychophysics,2022.2.5,None,
0,0,0,0,,,,,,,,,,,5.724548101425171,-0.04073319755600815,-0.07331975560081466,-1.9715650455538227,-4.284662760597008,0.03,,,,,,,,,435100,001,2025-07-15_10h27.01.014,Continuous_Psychophysics,2022.2.5,None,
0,0,0,0,,,,,,,,,,,5.729021072387695,-0.03767820773930754,-0.07433808553971487,-1.93855053411781,-4.36265443706706,0.03,,,,,,,,,435100,001,2025-07-15_10h27.01.014,Continuous_Psychophysics,2022.2.5,None,
0,0,0,0,,,,,,,,,,,5.741781949996948,-0.034623217922606926,-0.07535641547861507,-1.8932838312911922,-4.327673724414016,0.03,,,,,,,,,435100,001,2025-07-15_10h27.01.014,Continuous_Psychophysics,2022.2.5,None,
0,0,0,0,,,,,,,,,,,5.746323108673096,-0.032586558044806514,-0.07535641547861507,-2.218021124276407,-5.2521977777748665,0.03,,,,,,,,,435100,001,2025-07-15_10h27.01.014,Continuous_Psychophysics,2022.2.5,None,
0,0,0,0,,,,,,,,,,,5.758887052536011,-0.028513238289205704,-0.07637474541751528,-2.2639602012296893,-5.0036752909413655,0.03,,,,,,,,,435100,001,2025-07-15_10h27.01.014,Continuous_Psychophysics,2022.2.5,None,
0,0,0,0,,,,,,,,,,,5.76359486579895,-0.025458248472505093,-0.07637474541751528,-2.4380512679170416,-5.053443650038197,0.03,,,,,,,,,435100,001,2025-07-15_10h27.01.014,Continuous_Psychophysics,2022.2.5,None,
0,0,0,0,,,,,,,,,,,5.76829195022583,-0.023421588594704685,-0.07637474541751528,-3.0045542211559573,-4.085712148836177,0.03,,,,,,,,,435100,001,2025-07-15_10h27.01.014,Continuous_Psychophysics,2022.2.5,None,
0,0,0,0,,,,,,,,,,,5.7804059982299805,-0.021384928716904276,-0.07433808553971487,-3.3578022258525237,-4.015995883053574,0.03,,,,,,,,,435100,001,2025-07-15_10h27.01.014,Continuous_Psychophysics,2022.2.5,None,
0,0,0,0,,,,,,,,,,,5.784965991973877,-0.021384928716904276,-0.07331975560081466,-3.998134219322635,-4.306473923647799,0.03,,,,,,,,,435100,001,2025-07-15_10h27.01.014,Continuous_Psychophysics,2022.2.5,None,
0,0,0,0,,,,,,,,,,,5.797472953796387,-0.019348268839103868,-0.07128309572301425,-3.969796763601412,-4.642123026479712,0.03,,,,,,,,,435100,001,2025-07-15_10h27.01.014,Continuous_Psychophysics,2022.2.5,None,
0,0,0,0,,,,,,,,,,,5.801131010055542,-0.019348268839103868,-0.07128309572301425,-4.336496423413642,-4.517742567990574,0.03,,,,,,,,,435100,001,2025-07-15_10h27.01.014,Continuous_Psychophysics,2022.2.5,None,
0,0,0,0,,,,,,,,,,,5.814525127410889,-0.018329938900203666,-0.07026476578411406,-3.963727701107959,-4.359145184907799,0.03,,,,,,,,,435100,001,2025-07-15_10h27.01.014,Continuous_Psychophysics,2022.2.5,None,
0,0,0,0,,,,,,,,,,,5.818416118621826,-0.018329938900203666,-0.06924643584521385,-4.32688725649219,-4.412713254909594,0.03,,,,,,,,,435100,001,2025-07-15_10h27.01.014,Continuous_Psychophysics,2022.2.5,None,
0,0,0,0,,,,,,,,,,,5.8318541049957275,-0.017311608961303463,-0.06924643584521385,-4.240205926026015,-4.114297336160833,0.03,,,,,,,,,435100,001,2025-07-15_10h27.01.014,Continuous_Psychophysics,2022.2.5,None,
0,0,0,0,,,,,,,,,,,5.834742069244385,-0.017311608961303463,-0.06924643584521385,-4.250096281842532,-3.962135542515884,0.03,,,,,,,,,435100,001,2025-07-15_10h27.01.014,Continuous_Psychophysics,2022.2.5,None,
0,0,0,0,,,,,,,,,,,5.849375247955322,-0.017311608961303463,-0.06924643584521385,-4.417600514621475,-3.6192995270430925,0.03,,,,,,,,,435100,001,2025-07-15_10h27.01.014,Continuous_Psychophysics,2022.2.5,None,
0,0,0,0,,,,,,,,,,,5.853596210479736,-0.017311608961303463,-0.06924643584521385,-4.459420556010896,-3.4302606536693223,0.03,,,,,,,,,435100,001,2025-07-15_10h27.01.014,Continuous_Psychophysics,2022.2.5,None,
0,0,0,0,,,,,,,,,,,5.866063117980957,-0.016293279022403257,-0.06924643584521385,-4.5258327980994295,-3.0137559161091274,0.03,,,,,,,,,435100,001,2025-07-15_10h27.01.014,Continuous_Psychophysics,2022.2.5,None,
0,0,0,0,,,,,,,,,,,5.870008945465088,-0.016293279022403257,-0.06924643584521385,-4.388191931371332,-3.33896309011074,0.03,,,,,,,,,435100,001,2025-07-15_10h27.01.014,Continuous_Psychophysics,2022.2.5,None,
0,0,0,0,,,,,,,,,,,5.8835999965667725,-0.016293279022403257,-0.06924643584521385,-4.1871233661599145,-3.39845476261829,0.03,,,,,,,,,435100,001,2025-07-15_10h27.01.014,Continuous_Psychophysics,2022.2.5,None,
0,0,0,0,,,,,,,,,,,5.88800311088562,-0.016293279022403257,-0.06924643584521385,-4.466683654616699,-2.901389758920222,0.03,,,,,,,,,435100,001,2025-07-15_10h27.01.014,Continuous_Psychophysics,2022.2.5,None,
0,0,0,0,,,,,,,,,,,5.900593042373657,-0.016293279022403257,-0.06924643584521385,-4.136568660563539,-3.1063767099192354,0.03,,,,,,,,,435100,001,2025-07-15_10h27.01.014,Continuous_Psychophysics,2022.2.5,None,
0,0,0,0,,,,,,,,,,,5.904959201812744,-0.016293279022403257,-0.06924643584521385,-3.7530369447118184,-3.0965144783923417,0.03,,,,,,,,,435100,001,2025-07-15_10h27.01.014,Continuous_Psychophysics,2022.2.5,None,
0,0,0,0,,,,,,,,,,,5.917695999145508,-0.016293279022403257,-0.07026476578411406,-3.721418776242448,-3.253962672643541,0.03,,,,,,,,,435100,001,2025-07-15_10h27.01.014,Continuous_Psychophysics,2022.2.5,None,
0,0,0,0,,,,,,,,,,,5.922209978103638,-0.016293279022403257,-0.07026476578411406,-3.924647190801014,-3.7567726292403485,0.03,,,,,,,,,435100,001,2025-07-15_10h27.01.014,Continuous_Psychophysics,2022.2.5,None,
0,0,0,0,,,,,,,,,,,5.926143169403076,-0.016293279022403257,-0.07026476578411406,-4.424173182081782,-3.5616893639211495,0.03,,,,,,,,,435100,001,2025-07-15_10h27.01.014,Continuous_Psychophysics,2022.2.5,None,
0,0,0,0,,,,,,,,,,,5.939195156097412,-0.016293279022403257,-0.07026476578411406,-4.191784675581552,-3.9403224430662407,0.03,,,,,,,,,435100,001,2025-07-15_10h27.01.014,Continuous_Psychophysics,2022.2.5,None,
0,0,0,0,,,,,,,,,,,5.942723989486694,-0.016293279022403257,-0.07026476578411406,-4.2100436608503555,-3.440398673530773,0.03,,,,,,,,,435100,001,2025-07-15_10h27.01.014,Continuous_Psychophysics,2022.2.5,None,
0,0,0,0,,,,,,,,,,,5.956053972244263,-0.016293279022403257,-0.07026476578411406,-4.623691447153653,-2.9719482285240155,0.03,,,,,,,,,435100,001,2025-07-15_10h27.01.014,Continuous_Psychophysics,2022.2.5,None,
0,0,0,0,,,,,,,,,,,5.959136962890625,-0.016293279022403257,-0.07026476578411406,-4.740853493733212,-3.0797980376056304,0.03,,,,,,,,,435100,001,2025-07-15_10h27.01.014,Continuous_Psychophysics,2022.2.5,None,
0,0,0,0,,,,,,,,,,,5.9730870723724365,-0.016293279022403257,-0.07026476578411406,-4.650203206934978,-2.5831622869755364,0.03,,,,,,,,,435100,001,2025-07-15_10h27.01.014,Continuous_Psychophysics,2022.2.5,None,
0,0,0,0,,,,,,,,,,,5.975956201553345,-0.016293279022403257,-0.07026476578411406,-4.624409501271709,-2.856839822485179,0.03,,,,,,,,,435100,001,2025-07-15_10h27.01.014,Continuous_Psychophysics,2022.2.5,None,
0,0,0,0,,,,,,,,,,,5.990207195281982,-0.016293279022403257,-0.07026476578411406,-4.859368498194315,-3.175221062437104,0.03,,,,,,,,,435100,001,2025-07-15_10h27.01.014,Continuous_Psychophysics,2022.2.5,None,
0,0,0,0,,,,,,,,,,,5.9943389892578125,-0.016293279022403257,-0.07026476578411406,-5.038216532698532,-3.1306385166646873,0.03,,,,,,,,,435100,001,2025-07-15_10h27.01.014,Continuous_Psychophysics,2022.2.5,None,
0,0,0,0,,,,,,,,,,,6.007628917694092,-0.016293279022403257,-0.07026476578411406,-5.5302569074199965,-2.9303840525252465,0.03,,,,,,,,,435100,001,2025-07-15_10h27.01.014,Continuous_Psychophysics,2022.2.5,None,
0,0,0,0,,,,,,,,,,,6.012296199798584,-0.018329938900203666,-0.07128309572301425,-5.457110475387604,-2.5305999247029414,0.03,,,,,,,,,435100,001,2025-07-15_10h27.01.014,Continuous_Psychophysics,2022.2.5,None,
0,0,0,0,,,,,,,,,,,6.0246429443359375,-0.020366598778004074,-0.07637474541751528,-5.118044745565072,-2.9822760331223086,0.03,,,,,,,,,435100,001,2025-07-15_10h27.01.014,Continuous_Psychophysics,2022.2.5,None,
0,0,0,0,,,,,,,,,,,6.029148101806641,-0.02240325865580448,-0.0814663951120163,-4.870285618396301,-3.025298334732632,0.03,,,,,,,,,435100,001,2025-07-15_10h27.01.014,Continuous_Psychophysics,2022.2.5,None,
0,0,0,0,,,,,,,,,,,6.042111873626709,-0.024439918533604887,-0.0855397148676171,-4.472586800505476,-2.5982819803006136,0.03,,,,,,,,,435100,001,2025-07-15_10h27.01.014,Continuous_Psychophysics,2022.2.5,None,
0,0,0,0,,,,,,,,,,,6.046696186065674,-0.026476578411405296,-0.09164969450101833,-4.3576118543271525,-2.8994710435925373,0.03,,,,,,,,,435100,001,2025-07-15_10h27.01.014,Continuous_Psychophysics,2022.2.5,None,
0,0,0,0,,,,,,,,,,,6.0515360832214355,-0.029531568228105907,-0.09877800407331976,-4.462775091479497,-2.9203497361126867,0.03,,,,,,,,,435100,001,2025-07-15_10h27.01.014,Continuous_Psychophysics,2022.2.5,None,
0,0,0,0,,,,,,,,,,,6.063755989074707,-0.03360488798370672,-0.10386965376782077,-4.855067356809769,-3.1655157579612925,0.03,,,,,,,,,435100,001,2025-07-15_10h27.01.014,Continuous_Psychophysics,2022.2.5,None,
0,0,0,0,,,,,,,,,,,6.068027019500732,-0.03665987780040733,-0.10896130346232179,-4.512923535435136,-3.1214236078888464,0.03,,,,,,,,,435100,001,2025-07-15_10h27.01.014,Continuous_Psychophysics,2022.2.5,None,
0,0,0,0,,,,,,,,,,,6.080821990966797,-0.04378818737270876,-0.11710794297352342,-4.549873586118902,-3.490023634013787,0.03,,,,,,,,,435100,001,2025-07-15_10h27.01.014,Continuous_Psychophysics,2022.2.5,None,
0,0,0,0,,,,,,,,,,,6.084419012069702,-0.04378818737270876,-0.11710794297352342,-4.605462761453574,-3.0274202150100655,0.03,,,,,,,,,435100,001,2025-07-15_10h27.01.014,Continuous_Psychophysics,2022.2.5,None,
0,0,0,0,,,,,,,,,,,6.097938060760498,-0.05091649694501019,-0.12016293279022404,-4.542255924555476,-3.2687327647099975,0.03,,,,,,,,,435100,001,2025-07-15_10h27.01.014,Continuous_Psychophysics,2022.2.5,None,
0,0,0,0,,,,,,,,,,,6.102196216583252,-0.05091649694501019,-0.12016293279022404,-4.540457118007799,-3.4770449884745642,0.03,,,,,,,,,435100,001,2025-07-15_10h27.01.014,Continuous_Psychophysics,2022.2.5,None,
0,0,0,0,,,,,,,,,,,6.115080118179321,-0.059063136456211814,-0.12118126272912423,-4.883545625759858,-3.399455546712989,0.03,,,,,,,,,435100,001,2025-07-15_10h27.01.014,Continuous_Psychophysics,2022.2.5,None,
0,0,0,0,,,,,,,,,,,6.119447946548462,-0.059063136456211814,-0.12118126272912423,-4.649877553800547,-3.264817396324894,0.03,,,,,,,,,435100,001,2025-07-15_10h27.01.014,Continuous_Psychophysics,2022.2.5,None,
0,0,0,0,,,,,,,,,,,6.132554292678833,-0.07128309572301425,-0.11507128309572301,-4.405941882339939,-3.217491282795237,0.03,,,,,,,,,435100,001,2025-07-15_10h27.01.014,Continuous_Psychophysics,2022.2.5,None,
0,0,0,0,,,,,,,,,,,6.136945009231567,-0.07128309572301425,-0.11507128309572301,-4.3441713353009,-3.317775415748174,0.03,,,,,,,,,435100,001,2025-07-15_10h27.01.014,Continuous_Psychophysics,2022.2.5,None,
0,0,0,0,,,,,,,,,,,6.149312973022461,-0.08044806517311609,-0.09979633401221996,-4.218300390123596,-3.210631678090879,0.03,,,,,,,,,435100,001,2025-07-15_10h27.01.014,Continuous_Psychophysics,2022.2.5,None,
0,0,0,0,,,,,,,,,,,6.153938055038452,-0.0835030549898167,-0.09063136456211812,-4.240089527820928,-3.1712498683907673,0.03,,,,,,,,,435100,001,2025-07-15_10h27.01.014,Continuous_Psychophysics,2022.2.5,None,
0,0,0,0,,,,,,,,,,,6.16666316986084,-0.0845213849287169,-0.0855397148676171,-4.492843691694691,-3.3763463728346554,0.03,,,,,,,,,435100,001,2025-07-15_10h27.01.014,Continuous_Psychophysics,2022.2.5,None,
0,0,0,0,,,,,,,,,,,6.171658992767334,-0.08757637474541752,-0.07739307535641547,-4.255441064890431,-3.4078777850050446,0.03,,,,,,,,,435100,001,2025-07-15_10h27.01.014,Continuous_Psychophysics,2022.2.5,None,
0,0,0,0,,,,,,,,,,,6.176151990890503,-0.08757637474541752,-0.07739307535641547,-4.118472629003094,-3.6774614457084214,0.03,,,,,,,,,435100,001,2025-07-15_10h27.01.014,Continuous_Psychophysics,2022.2.5,None,
0,0,0,0,,,,,,,,,,,6.188125133514404,-0.08757637474541752,-0.06720977596741344,-3.9153787306091488,-3.718888598084297,0.03,,,,,,,,,435100,001,2025-07-15_10h27.01.014,Continuous_Psychophysics,2022.2.5,None,
0,0,0,0,,,,,,,,,,,6.193272113800049,-0.08757637474541752,-0.06415478615071284,-3.941042703493772,-4.21501048247848,0.03,,,,,,,,,435100,001,2025-07-15_10h27.01.014,Continuous_Psychophysics,2022.2.5,None,
0,0,0,0,,,,,,,,,,,6.20533013343811,-0.08757637474541752,-0.06109979633401222,-4.298370596038582,-3.966411130896219,0.03,,,,,,,,,435100,001,2025-07-15_10h27.01.014,Continuous_Psychophysics,2022.2.5,None,
0,0,0,0,,,,,,,,,,,6.209621906280518,-0.08757637474541752,-0.06109979633401222,-4.231532165989771,-3.3721739051059814,0.03,,,,,,,,,435100,001,2025-07-15_10h27.01.014,Continuous_Psychophysics,2022.2.5,None,
0,0,0,0,,,,,,,,,,,6.222386121749878,-0.08757637474541752,-0.05804480651731161,-4.232940854238648,-3.6949117276028525,0.03,,,,,,,,,435100,001,2025-07-15_10h27.01.014,Continuous_Psychophysics,2022.2.5,None,
0,0,0,0,,,,,,,,,,,6.226548194885254,-0.0855397148676171,-0.05804480651731161,-4.514367523554578,-3.992452817781979,0.03,,,,,,,,,435100,001,2025-07-15_10h27.01.014,Continuous_Psychophysics,2022.2.5,None,
0,0,0,0,,,,,,,,,,,6.239482164382935,-0.0835030549898167,-0.05804480651731161,-4.690302968112624,-4.2055186494384555,0.03,,,,,,,,,435100,001,2025-07-15_10h27.01.014,Continuous_Psychophysics,2022.2.5,None,
0,0,0,0,,,,,,,,,,,6.244065046310425,-0.0814663951120163,-0.06109979633401222,-4.652295430235771,-4.317631836249983,0.03,,,,,,,,,435100,001,2025-07-15_10h27.01.014,Continuous_Psychophysics,2022.2.5,None,
0,0,0,0,,,,,,,,,,,6.256504058837891,-0.07841140529531568,-0.06619144602851323,-4.301265610436789,-4.00307532289697,0.03,,,,,,,,,435100,001,2025-07-15_10h27.01.014,Continuous_Psychophysics,2022.2.5,None,
0,0,0,0,,,,,,,,,,,6.259892225265503,-0.07637474541751528,-0.07230142566191446,-4.334095139226938,-4.206718824700544,0.03,,,,,,,,,435100,001,2025-07-15_10h27.01.014,Continuous_Psychophysics,2022.2.5,None,
0,0,0,0,,,,,,,,,,,6.2735679149627686,-0.07331975560081466,-0.07739307535641547,-4.3427482083345135,-3.9192622109855346,0.03,,,,,,,,,435100,001,2025-07-15_10h27.01.014,Continuous_Psychophysics,2022.2.5,None,
0,0,0,0,,,,,,,,,,,6.276802062988281,-0.07026476578411406,-0.0835030549898167,-4.535377229449517,-3.9988279669895874,0.03,,,,,,,,,435100,001,2025-07-15_10h27.01.014,Continuous_Psychophysics,2022.2.5,None,
0,0,0,0,,,,,,,,,,,6.290873050689697,-0.06924643584521385,-0.08655804480651731,-4.666482936635637,-3.680743117978357,0.03,,,,,,,,,435100,001,2025-07-15_10h27.01.014,Continuous_Psychophysics,2022.2.5,None,
0,0,0,0,,,,,,,,,,,6.295236110687256,-0.06720977596741344,-0.09063136456211812,-4.211760243913288,-3.936715278418439,0.03,,,,,,,,,435100,001,2025-07-15_10h27.01.014,Continuous_Psychophysics,2022.2.5,None,
0,0,0,0,,,,,,,,,,,6.307959079742432,-0.06619144602851323,-0.09368635437881874,-4.561482308121066,-3.907144403965409,0.03,,,,,,,,,435100,001,2025-07-15_10h27.01.014,Continuous_Psychophysics,2022.2.5,None,
0,0,0,0,,,,,,,,,,,6.312250137329102,-0.06517311608961303,-0.09979633401221996,-4.897055844262629,-3.5240039538031573,0.03,,,,,,,,,435100,001,2025-07-15_10h27.01.014,Continuous_Psychophysics,2022.2.5,None,
0,0,0,0,,,,,,,,,,,6.325230121612549,-0.06517311608961303,-0.10590631364562118,-4.8791827791351645,-3.8301664020041195,0.03,,,,,,,,,435100,001,2025-07-15_10h27.01.014,Continuous_Psychophysics,2022.2.5,None,
0,0,0,0,,,,,,,,,,,6.329556226730347,-0.06517311608961303,-0.10590631364562118,-4.746960200021597,-3.9494158075618304,0.03,,,,,,,,,435100,001,2025-07-15_10h27.01.014,Continuous_Psychophysics,2022.2.5,None,
0,0,0,0,,,,,,,,,,,6.342365026473999,-0.06720977596741344,-0.1120162932790224,-4.756168704063683,-3.117433472287826,0.03,,,,,,,,,435100,001,2025-07-15_10h27.01.014,Continuous_Psychophysics,2022.2.5,None,
0,0,0,0,,,,,,,,,,,6.3466222286224365,-0.06720977596741344,-0.1120162932790224,-4.859874701818081,-3.2378190272602785,0.03,,,,,,,,,435100,001,2025-07-15_10h27.01.014,Continuous_Psychophysics,2022.2.5,None,
0,0,0,0,,,,,,,,,,,6.351056098937988,-0.07026476578411406,-0.11608961303462322,-4.734090773340714,-3.2266054892062686,0.03,,,,,,,,,435100,001,2025-07-15_10h27.01.014,Continuous_Psychophysics,2022.2.5,None,
0,0,0,0,,,,,,,,,,,6.363749027252197,-0.07739307535641547,-0.12219959266802444,-4.811297822434753,-3.2902751393070284,0.03,,,,,,,,,435100,001,2025-07-15_10h27.01.014,Continuous_Psychophysics,2022.2.5,None,
0,0,0,0,,,,,,,,,,,6.367924928665161,-0.07739307535641547,-0.12219959266802444,-4.675916392691887,-2.9685335991974937,0.03,,,,,,,,,435100,001,2025-07-15_10h27.01.014,Continuous_Psychophysics,2022.2.5,None,
0,0,0,0,,,,,,,,,,,6.380753040313721,-0.0824847250509165,-0.12627291242362526,-4.697951276050367,-3.2835459179661486,0.03,,,,,,,,,435100,001,2025-07-15_10h27.01.014,Continuous_Psychophysics,2022.2.5,None,
0,0,0,0,,,,,,,,,,,6.384641885757446,-0.0824847250509165,-0.12627291242362526,-5.01350717317384,-2.824622821079377,0.03,,,,,,,,,435100,001,2025-07-15_10h27.01.014,Continuous_Psychophysics,2022.2.5,None,
0,0,0,0,,,,,,,,,,,6.397829055786133,-0.08859470468431772,-0.13136456211812628,-5.110855763656305,-2.9293405023500534,0.03,,,,,,,,,435100,001,2025-07-15_10h27.01.014,Continuous_Psychophysics,2022.2.5,None,
0,0,0,0,,,,,,,,,,,6.400824069976807,-0.08859470468431772,-0.13136456211812628,-5.3187059674086905,-2.9417588279037825,0.03,,,,,,,,,435100,001,2025-07-15_10h27.01.014,Continuous_Psychophysics,2022.2.5,None,
0,0,0,0,,,,,,,,,,,6.41483211517334,-0.09470468431771895,-0.13238289205702647,-5.374707012264579,-3.2844842529115286,0.03,,,,,,,,,435100,001,2025-07-15_10h27.01.014,Continuous_Psychophysics,2022.2.5,None,
0,0,0,0,,,,,,,,,,,6.418025255203247,-0.09470468431771895,-0.13238289205702647,-5.530348121015883,-4.002889422684816,0.03,,,,,,,,,435100,001,2025-07-15_10h27.01.014,Continuous_Psychophysics,2022.2.5,None,
0,0,0,0,,,,,,,,,,,6.43190598487854,-0.09775967413441955,-0.13238289205702647,-5.492129394219728,-3.946714680015374,0.03,,,,,,,,,435100,001,2025-07-15_10h27.01.014,Continuous_Psychophysics,2022.2.5,None,
0,0,0,0,,,,,,,,,,,6.434728145599365,-0.09775967413441955,-0.13238289205702647,-5.6499275407465825,-4.215583033203318,0.03,,,,,,,,,435100,001,2025-07-15_10h27.01.014,Continuous_Psychophysics,2022.2.5,None,
0,0,0,0,,,,,,,,,,,6.449233055114746,-0.09979633401221996,-0.12830957230142567,-5.6499275407465825,-4.511057339431686,0.03,,,,,,,,,435100,001,2025-07-15_10h27.01.014,Continuous_Psychophysics,2022.2.5,None,
0,0,0,0,,,,,,,,,,,6.45379114151001,-0.10081466395112017,-0.12627291242362526,-5.7268869820350226,-4.481253938959291,0.03,,,,,,,,,435100,001,2025-07-15_10h27.01.014,Continuous_Psychophysics,2022.2.5,None,
0,0,0,0,,,,,,,,,,,6.466335296630859,-0.10183299389002037,-0.12423625254582485,-5.7268869820350226,-4.67512426839625,0.03,,,,,,,,,435100,001,2025-07-15_10h27.01.014,Continuous_Psychophysics,2022.2.5,None,
0,0,0,0,,,,,,,,,,,6.470842123031616,-0.10183299389002037,-0.12321792260692464,-5.9953278548938655,-4.695779557944284,0.03,,,,,,,,,435100,001,2025-07-15_10h27.01.014,Continuous_Psychophysics,2022.2.5,None,
0,0,0,0,,,,,,,,,,,6.483602046966553,-0.10285132382892057,-0.12219959266802444,-5.731526219093692,-4.86922056581335,0.03,,,,,,,,,435100,001,2025-07-15_10h27.01.014,Continuous_Psychophysics,2022.2.5,None,
0,0,0,0,,,,,,,,,,,6.4879419803619385,-0.10386965376782077,-0.12118126272912423,-5.921400193972507,-5.221813266431689,0.03,,,,,,,,,435100,001,2025-07-15_10h27.01.014,Continuous_Psychophysics,2022.2.5,None,
0,0,0,0,,,,,,,,,,,6.500598907470703,-0.10488798370672098,-0.12016293279022404,-5.9384878588143994,-4.741383646939342,0.03,,,,,,,,,435100,001,2025-07-15_10h27.01.014,Continuous_Psychophysics,2022.2.5,None,
0,0,0,0,,,,,,,,,,,6.504998207092285,-0.10590631364562118,-0.12016293279022404,-5.9384878588143994,-4.685563406509135,0.03,,,,,,,,,435100,001,2025-07-15_10h27.01.014,Continuous_Psychophysics,2022.2.5,None,
0,0,0,0,,,,,,,,,,,6.509727239608765,-0.10692464358452139,-0.12016293279022404,-5.769241139348509,-5.036807609181166,0.03,,,,,,,,,435100,001,2025-07-15_10h27.01.014,Continuous_Psychophysics,2022.2.5,None,
0,0,0,0,,,,,,,,,,,6.522228240966797,-0.10896130346232179,-0.12016293279022404,-5.827861307653427,-5.018167611078152,0.03,,,,,,,,,435100,001,2025-07-15_10h27.01.014,Continuous_Psychophysics,2022.2.5,None,
0,0,0,0,,,,,,,,,,,6.526485919952393,-0.1120162932790224,-0.12219959266802444,-5.8814295516116495,-4.772910265036473,0.03,,,,,,,,,435100,001,2025-07-15_10h27.01.014,Continuous_Psychophysics,2022.2.5,None,
0,0,0,0,,,,,,,,,,,6.539349317550659,-0.11405295315682282,-0.12423625254582485,-5.392609115509627,-4.910191602339139,0.03,,,,,,,,,435100,001,2025-07-15_10h27.01.014,Continuous_Psychophysics,2022.2.5,None,
0,0,0,0,,,,,,,,,,,6.543774127960205,-0.11710794297352342,-0.12627291242362526,-5.524502202519122,-4.987064046552502,0.03,,,,,,,,,435100,001,2025-07-15_10h27.01.014,Continuous_Psychophysics,2022.2.5,None,
0,0,0,0,,,,,,,,,,,6.5564610958099365,-0.12016293279022404,-0.12830957230142567,-5.871867617476431,-5.2475729174241135,0.03,,,,,,,,,435100,001,2025-07-15_10h27.01.014,Continuous_Psychophysics,2022.2.5,None,
0,0,0,0,,,,,,,,,,,6.5607171058654785,-0.12321792260692464,-0.13034623217922606,-5.871867617476431,-5.304911001742885,0.03,,,,,,,,,435100,001,2025-07-15_10h27.01.014,Continuous_Psychophysics,2022.2.5,None,
0,0,0,0,,,,,,,,,,,6.573583126068115,-0.12627291242362526,-0.13136456211812628,-5.142301403871896,-5.34270760976777,0.03,,,,,,,,,435100,001,2025-07-15_10h27.01.014,Continuous_Psychophysics,2022.2.5,None,
0,0,0,0,,,,,,,,,,,6.578054189682007,-0.12932790224032586,-0.13238289205702647,-5.379261714373997,-5.597681201128237,0.03,,,,,,,,,435100,001,2025-07-15_10h27.01.014,Continuous_Psychophysics,2022.2.5,None,
0,0,0,0,,,,,,,,,,,6.590972185134888,-0.13441955193482688,-0.13238289205702647,-5.5020200605037175,-5.635754651090198,0.03,,,,,,,,,435100,001,2025-07-15_10h27.01.014,Continuous_Psychophysics,2022.2.5,None,
0,0,0,0,,,,,,,,,,,6.5952911376953125,-0.13441955193482688,-0.13238289205702647,-5.4494240123939,-5.396081092699107,0.03,,,,,,,,,435100,001,2025-07-15_10h27.01.014,Continuous_Psychophysics,2022.2.5,None,
0,0,0,0,,,,,,,,,,,6.607988119125366,-0.13747454175152748,-0.13136456211812628,-5.631793276007808,-5.515146946426556,0.03,,,,,,,,,435100,001,2025-07-15_10h27.01.014,Continuous_Psychophysics,2022.2.5,None,
0,0,0,0,,,,,,,,,,,6.612149000167847,-0.13747454175152748,-0.13136456211812628,-5.570616558560501,-5.515146946426556,0.03,,,,,,,,,435100,001,2025-07-15_10h27.01.014,Continuous_Psychophysics,2022.2.5,None,
0,0,0,0,,,,,,,,,,,6.625002861022949,-0.1395112016293279,-0.12932790224032586,-5.670071633032388,-5.925896953472345,0.03,,,,,,,,,435100,001,2025-07-15_10h27.01.014,Continuous_Psychophysics,2022.2.5,None,
0,0,0,0,,,,,,,,,,,6.6292619705200195,-0.1395112016293279,-0.12932790224032586,-5.6127362354799315,-5.925896953472345,0.03,,,,,,,,,435100,001,2025-07-15_10h27.01.014,Continuous_Psychophysics,2022.2.5,None,
0,0,0,0,,,,,,,,,,,6.6422319412231445,-0.14052953156822812,-0.12729124236252545,-4.944174209198502,-5.925896953472345,0.03,,,,,,,,,435100,001,2025-07-15_10h27.01.014,Continuous_Psychophysics,2022.2.5,None,
0,0,0,0,,,,,,,,,,,6.6469950675964355,-0.14052953156822812,-0.12627291242362526,-5.503974985692074,-5.756899205847103,0.03,,,,,,,,,435100,001,2025-07-15_10h27.01.014,Continuous_Psychophysics,2022.2.5,None,
0,0,0,0,,,,,,,,,,,6.651284217834473,-0.14052953156822812,-0.12627291242362526,-5.503974985692074,-5.67616584270462,0.03,,,,,,,,,435100,001,2025-07-15_10h27.01.014,Continuous_Psychophysics,2022.2.5,None,
0,0,0,0,,,,,,,,,,,6.663445234298706,-0.1415478615071283,-0.12525458248472504,-5.32224863368118,-5.984564674674124,0.03,,,,,,,,,435100,001,2025-07-15_10h27.01.014,Continuous_Psychophysics,2022.2.5,None,
0,0,0,0,,,,,,,,,,,6.667872905731201,-0.1415478615071283,-0.12525458248472504,-5.059651373516846,-5.4796486284267925,0.03,,,,,,,,,435100,001,2025-07-15_10h27.01.014,Continuous_Psychophysics,2022.2.5,None,
0,0,0,0,,,,,,,,,,,6.6806089878082275,-0.1415478615071283,-0.12525458248472504,-5.043768831807592,-5.671820173867801,0.03,,,,,,,,,435100,001,2025-07-15_10h27.01.014,Continuous_Psychophysics,2022.2.5,None,
0,0,0,0,,,,,,,,,,,6.685003042221069,-0.1415478615071283,-0.12525458248472504,-5.222974056546897,-5.358111695405335,0.03,,,,,,,,,435100,001,2025-07-15_10h27.01.014,Continuous_Psychophysics,2022.2.5,None,
0,0,0,0,,,,,,,,,,,6.6977410316467285,-0.14358452138492872,-0.12423625254582485,-5.222974056546897,-5.6901972871695,0.03,,,,,,,,,435100,001,2025-07-15_10h27.01.014,Continuous_Psychophysics,2022.2.5,None,
0,0,0,0,,,,,,,,,,,6.701090097427368,-0.14358452138492872,-0.12423625254582485,-5.483602478786335,-5.802123398836187,0.03,,,,,,,,,435100,001,2025-07-15_10h27.01.014,Continuous_Psychophysics,2022.2.5,None,
0,0,0,0,,,,,,,,,,,6.714786052703857,-0.14765784114052954,-0.12321792260692464,-5.79124932966445,-5.778448908420388,0.03,,,,,,,,,435100,001,2025-07-15_10h27.01.014,Continuous_Psychophysics,2022.2.5,None,
0,0,0,0,,,,,,,,,,,6.719074964523315,-0.14969450101832993,-0.12321792260692464,-5.348034757993851,-5.778448908420388,0.03,,,,,,,,,435100,001,2025-07-15_10h27.01.014,Continuous_Psychophysics,2022.2.5,None,
0,0,0,0,,,,,,,,,,,6.731929063796997,-0.15376782077393075,-0.12321792260692464,-5.197908769130181,-5.488739829778902,0.03,,,,,,,,,435100,001,2025-07-15_10h27.01.014,Continuous_Psychophysics,2022.2.5,None,
0,0,0,0,,,,,,,,,,,6.736349105834961,-0.15682281059063136,-0.12321792260692464,-4.9760473600981845,-5.968653956916037,0.03,,,,,,,,,435100,001,2025-07-15_10h27.01.014,Continuous_Psychophysics,2022.2.5,None,
0,0,0,0,,,,,,,,,,,6.749255180358887,-0.159877800407332,-0.12219959266802444,-5.182080478346907,-5.504285919819408,0.03,,,,,,,,,435100,001,2025-07-15_10h27.01.014,Continuous_Psychophysics,2022.2.5,None,
0,0,0,0,,,,,,,,,,,6.7537572383880615,-0.16191446028513237,-0.12219959266802444,-5.038748039957829,-5.274384734645602,0.03,,,,,,,,,435100,001,2025-07-15_10h27.01.014,Continuous_Psychophysics,2022.2.5,None,
0,0,0,0,,,,,,,,,,,6.766258239746094,-0.164969450101833,-0.12219959266802444,-4.4974576045692345,-5.23979593689032,0.03,,,,,,,,,435100,001,2025-07-15_10h27.01.014,Continuous_Psychophysics,2022.2.5,None,
0,0,0,0,,,,,,,,,,,6.7710089683532715,-0.1670061099796334,-0.12219959266802444,-4.421208613135177,-5.379135737880766,0.03,,,,,,,,,435100,001,2025-07-15_10h27.01.014,Continuous_Psychophysics,2022.2.5,None,
0,0,0,0,,,,,,,,,,,6.783087968826294,-0.1680244399185336,-0.12219959266802444,-4.552358362779136,-5.301646925794451,0.03,,,,,,,,,435100,001,2025-07-15_10h27.01.014,Continuous_Psychophysics,2022.2.5,None,
0,0,0,0,,,,,,,,,,,6.787589073181152,-0.1690427698574338,-0.12219959266802444,-4.665075186723689,-5.1366774664281065,0.03,,,,,,,,,435100,001,2025-07-15_10h27.01.014,Continuous_Psychophysics,2022.2.5,None,
0,0,0,0,,,,,,,,,,,6.8003950119018555,-0.1690427698574338,-0.12118126272912423,-4.391213787908351,-5.339975912223733,0.03,,,,,,,,,435100,001,2025-07-15_10h27.01.014,Continuous_Psychophysics,2022.2.5,None,
0,0,0,0,,,,,,,,,,,6.80531120300293,-0.1690427698574338,-0.12118126272912423,-4.385700843114409,-4.874089203434294,0.03,,,,,,,,,435100,001,2025-07-15_10h27.01.014,Continuous_Psychophysics,2022.2.5,None,
0,0,0,0,,,,,,,,,,,6.810007095336914,-0.1690427698574338,-0.12118126272912423,-4.15335589488943,-4.629256010060628,0.03,,,,,,,,,435100,001,2025-07-15_10h27.01.014,Continuous_Psychophysics,2022.2.5,None,
0,0,0,0,,,,,,,,,,,6.822222948074341,-0.1690427698574338,-0.12118126272912423,-4.294470037937449,-4.282604933857804,0.03,,,,,,,,,435100,001,2025-07-15_10h27.01.014,Continuous_Psychophysics,2022.2.5,None,
0,0,0,0,,,,,,,,,,,6.82659912109375,-0.1670061099796334,-0.12118126272912423,-4.292026245874227,-4.111970328874751,0.03,,,,,,,,,435100,001,2025-07-15_10h27.01.014,Continuous_Psychophysics,2022.2.5,None,
0,0,0,0,,,,,,,,,,,6.83928108215332,-0.1629327902240326,-0.12118126272912423,-4.147875286253182,-3.9291249773927883,0.03,,,,,,,,,435100,001,2025-07-15_10h27.01.014,Continuous_Psychophysics,2022.2.5,None,
0,0,0,0,,,,,,,,,,,6.844189167022705,-0.159877800407332,-0.12118126272912423,-4.079089725082006,-3.5542839964140907,0.03,,,,,,,,,435100,001,2025-07-15_10h27.01.014,Continuous_Psychophysics,2022.2.5,None,
0,0,0,0,,,,,,,,,,,6.856381177902222,-0.14765784114052954,-0.12627291242362526,-4.0345164977434615,-3.368495027957283,0.03,,,,,,,,,435100,001,2025-07-15_10h27.01.014,Continuous_Psychophysics,2022.2.5,None,
0,0,0,0,,,,,,,,,,,6.860827207565308,-0.14765784114052954,-0.12627291242362526,-4.329806221427049,-3.420708989950917,0.03,,,,,,,,,435100,001,2025-07-15_10h27.01.014,Continuous_Psychophysics,2022.2.5,None,
0,0,0,0,,,,,,,,,,,6.873523235321045,-0.1364562118126273,-0.1395112016293279,-4.534972341006444,-3.963527848047474,0.03,,,,,,,,,435100,001,2025-07-15_10h27.01.014,Continuous_Psychophysics,2022.2.5,None,
0,0,0,0,,,,,,,,,,,6.87791109085083,-0.1364562118126273,-0.1395112016293279,-4.051744317307899,-4.015740575840423,0.03,,,,,,,,,435100,001,2025-07-15_10h27.01.014,Continuous_Psychophysics,2022.2.5,None,
0,0,0,0,,,,,,,,,,,6.890709161758423,-0.13238289205702647,-0.15274949083503056,-3.8890483801722504,-3.82425568989833,0.03,,,,,,,,,435100,001,2025-07-15_10h27.01.014,Continuous_Psychophysics,2022.2.5,None,
0,0,0,0,,,,,,,,,,,6.895031929016113,-0.13238289205702647,-0.15274949083503056,-3.9349039486092443,-4.0371303211319045,0.03,,,,,,,,,435100,001,2025-07-15_10h27.01.014,Continuous_Psychophysics,2022.2.5,None,
0,0,0,0,,,,,,,,,,,6.9084131717681885,-0.13034623217922606,-0.1670061099796334,-3.888542173863515,-4.199941945481357,0.03,,,,,,,,,435100,001,2025-07-15_10h27.01.014,Continuous_Psychophysics,2022.2.5,None,
0,0,0,0,,,,,,,,,,,6.913197040557861,-0.13034623217922606,-0.17311608961303462,-3.680335330619558,-4.5779015203213085,0.03,,,,,,,,,435100,001,2025-07-15_10h27.01.014,Continuous_Psychophysics,2022.2.5,None,
0,0,0,0,,,,,,,,,,,6.91765022277832,-0.13034623217922606,-0.17311608961303462,-3.5172812643436506,-5.460974351055893,0.03,,,,,,,,,435100,001,2025-07-15_10h27.01.014,Continuous_Psychophysics,2022.2.5,None,
0,0,0,0,,,,,,,,,,,6.929764032363892,-0.1334012219959267,-0.18228105906313646,-3.7421070812728594,-5.15047945208236,0.03,,,,,,,,,435100,001,2025-07-15_10h27.01.014,Continuous_Psychophysics,2022.2.5,None,
0,0,0,0,,,,,,,,,,,6.934432029724121,-0.1334012219959267,-0.18228105906313646,-3.8182732519803917,-5.478422071376903,0.03,,,,,,,,,435100,001,2025-07-15_10h27.01.014,Continuous_Psychophysics,2022.2.5,None,
0,0,0,0,,,,,,,,,,,6.946688890457153,-0.1415478615071283,-0.18737270875763748,-4.646824632178278,-5.515690054382314,0.03,,,,,,,,,435100,001,2025-07-15_10h27.01.014,Continuous_Psychophysics,2022.2.5,None,
0,0,0,0,,,,,,,,,,,6.95095419883728,-0.1415478615071283,-0.18737270875763748,-4.4543888732477965,-5.616201359083457,0.03,,,,,,,,,435100,001,2025-07-15_10h27.01.014,Continuous_Psychophysics,2022.2.5,None,
0,0,0,0,,,,,,,,,,,6.963722229003906,-0.14867617107942974,-0.1894093686354379,-4.58219217317641,-5.764445138754025,0.03,,,,,,,,,435100,001,2025-07-15_10h27.01.014,Continuous_Psychophysics,2022.2.5,None,
0,0,0,0,,,,,,,,,,,6.967956066131592,-0.14867617107942974,-0.1894093686354379,-4.423915022822565,-5.764445138754025,0.03,,,,,,,,,435100,001,2025-07-15_10h27.01.014,Continuous_Psychophysics,2022.2.5,None,
0,0,0,0,,,,,,,,,,,6.980777263641357,-0.15580448065173116,-0.19042769857433808,-4.156484196127612,-5.764445138754025,0.03,,,,,,,,,435100,001,2025-07-15_10h27.01.014,Continuous_Psychophysics,2022.2.5,None,
0,0,0,0,,,,,,,,,,,6.984436273574829,-0.15580448065173116,-0.19042769857433808,-3.6842162613225593,-5.971054489385828,0.03,,,,,,,,,435100,001,2025-07-15_10h27.01.014,Continuous_Psychophysics,2022.2.5,None,
0,0,0,0,,,,,,,,,,,6.997821092605591,-0.159877800407332,-0.1924643584521385,-4.230013056411456,-5.971054489385828,0.03,,,,,,,,,435100,001,2025-07-15_10h27.01.014,Continuous_Psychophysics,2022.2.5,None,
0,0,0,0,,,,,,,,,,,7.000761985778809,-0.159877800407332,-0.1924643584521385,-4.480320548525287,-5.740316793730707,0.03,,,,,,,,,435100,001,2025-07-15_10h27.01.014,Continuous_Psychophysics,2022.2.5,None,
0,0,0,0,,,,,,,,,,,7.014863967895508,-0.1629327902240326,-0.1955193482688391,-3.9097846507828735,-5.299088335336235,0.03,,,,,,,,,435100,001,2025-07-15_10h27.01.014,Continuous_Psychophysics,2022.2.5,None,
0,0,0,0,,,,,,,,,,,7.018185138702393,-0.1629327902240326,-0.19653767820773932,-3.3565196335674754,-5.4865143458821715,0.03,,,,,,,,,435100,001,2025-07-15_10h27.01.014,Continuous_Psychophysics,2022.2.5,None,
0,0,0,0,,,,,,,,,,,7.031956195831299,-0.1629327902240326,-0.1975560081466395,-3.294540908662533,-5.24950843060283,0.03,,,,,,,,,435100,001,2025-07-15_10h27.01.014,Continuous_Psychophysics,2022.2.5,None,
0,0,0,0,,,,,,,,,,,7.035017251968384,-0.1629327902240326,-0.1985743380855397,-3.358007087970448,-5.013412566449042,0.03,,,,,,,,,435100,001,2025-07-15_10h27.01.014,Continuous_Psychophysics,2022.2.5,None,
0,0,0,0,,,,,,,,,,,7.04924201965332,-0.1629327902240326,-0.19959266802443992,-3.2346664082371555,-4.99321642690064,0.03,,,,,,,,,435100,001,2025-07-15_10h27.01.014,Continuous_Psychophysics,2022.2.5,None,
0,0,0,0,,,,,,,,,,,7.053553104400635,-0.1629327902240326,-0.20061099796334012,-2.9568033956602786,-5.493119805218147,0.03,,,,,,,,,435100,001,2025-07-15_10h27.01.014,Continuous_Psychophysics,2022.2.5,None,
0,0,0,0,,,,,,,,,,,7.066624879837036,-0.16089613034623218,-0.20162932790224034,-3.0275636703774325,-5.521082256714051,0.03,,,,,,,,,435100,001,2025-07-15_10h27.01.014,Continuous_Psychophysics,2022.2.5,None,
0,0,0,0,,,,,,,,,,,7.071094036102295,-0.15885947046843177,-0.20162932790224034,-3.663525236323755,-5.251557280256012,0.03,,,,,,,,,435100,001,2025-07-15_10h27.01.014,Continuous_Psychophysics,2022.2.5,None,
0,0,0,0,,,,,,,,,,,7.083733320236206,-0.15580448065173116,-0.20162932790224034,-3.5049199743904182,-5.115321630427149,0.03,,,,,,,,,435100,001,2025-07-15_10h27.01.014,Continuous_Psychophysics,2022.2.5,None,
0,0,0,0,,,,,,,,,,,7.0883629322052,-0.15478615071283094,-0.20162932790224034,-3.295342370747541,-4.398594289930692,0.03,,,,,,,,,435100,001,2025-07-15_10h27.01.014,Continuous_Psychophysics,2022.2.5,None,
0,0,0,0,,,,,,,,,,,7.093611001968384,-0.15274949083503056,-0.20162932790224034,-3.4456947336219566,-4.572020878575456,0.03,,,,,,,,,435100,001,2025-07-15_10h27.01.014,Continuous_Psychophysics,2022.2.5,None,
0,0,0,0,,,,,,,,,,,7.10519814491272,-0.15173116089613034,-0.20061099796334012,-3.7653378551378127,-4.694939305383632,0.03,,,,,,,,,435100,001,2025-07-15_10h27.01.014,Continuous_Psychophysics,2022.2.5,None,
0,0,0,0,,,,,,,,,,,7.109717130661011,-0.14969450101832993,-0.19959266802443992,-3.5217452954046675,-4.482826284187085,0.03,,,,,,,,,435100,001,2025-07-15_10h27.01.014,Continuous_Psychophysics,2022.2.5,None,
0,0,0,0,,,,,,,,,,,7.12224006652832,-0.14867617107942974,-0.19959266802443992,-3.2017157003572754,-4.630096786893434,0.03,,,,,,,,,435100,001,2025-07-15_10h27.01.014,Continuous_Psychophysics,2022.2.5,None,
0,0,0,0,,,,,,,,,,,7.1268630027771,-0.14765784114052954,-0.1985743380855397,-2.6911614475141645,-4.595454857846808,0.03,,,,,,,,,435100,001,2025-07-15_10h27.01.014,Continuous_Psychophysics,2022.2.5,None,
0,0,0,0,,,,,,,,,,,7.13946008682251,-0.14562118126272913,-0.1985743380855397,-2.8329031413454757,-4.690248727733206,0.03,,,,,,,,,435100,001,2025-07-15_10h27.01.014,Continuous_Psychophysics,2022.2.5,None,
0,0,0,0,,,,,,,,,,,7.143480062484741,-0.14562118126272913,-0.1985743380855397,-2.6800144708308187,-4.793602190740883,0.03,,,,,,,,,435100,001,2025-07-15_10h27.01.014,Continuous_Psychophysics,2022.2.5,None,
0,0,0,0,,,,,,,,,,,7.156454086303711,-0.1446028513238289,-0.1985743380855397,-2.841863145868121,-4.868311575313973,0.03,,,,,,,,,435100,001,2025-07-15_10h27.01.014,Continuous_Psychophysics,2022.2.5,None,
0,0,0,0,,,,,,,,,,,7.159820079803467,-0.1446028513238289,-0.1985743380855397,-3.0508456359191327,-4.7272367576376,0.03,,,,,,,,,435100,001,2025-07-15_10h27.01.014,Continuous_Psychophysics,2022.2.5,None,
0,0,0,0,,,,,,,,,,,7.173734188079834,-0.1425661914460285,-0.20061099796334012,-3.449594501362865,-4.9557834664652285,0.03,,,,,,,,,435100,001,2025-07-15_10h27.01.014,Continuous_Psychophysics,2022.2.5,None,
0,0,0,0,,,,,,,,,,,7.176471948623657,-0.1425661914460285,-0.20061099796334012,-3.1953711070117015,-5.080767276337451,0.03,,,,,,,,,435100,001,2025-07-15_10h27.01.014,Continuous_Psychophysics,2022.2.5,None,
0,0,0,0,,,,,,,,,,,7.191485166549683,-0.1415478615071283,-0.20264765784114053,-2.7230066515532765,-5.22457804094736,0.03,,,,,,,,,435100,001,2025-07-15_10h27.01.014,Continuous_Psychophysics,2022.2.5,None,
0,0,0,0,,,,,,,,,,,7.195339918136597,-0.1415478615071283,-0.20264765784114053,-2.953917867439768,-4.940944028463865,0.03,,,,,,,,,435100,001,2025-07-15_10h27.01.014,Continuous_Psychophysics,2022.2.5,None,
0,0,0,0,,,,,,,,,,,7.208550214767456,-0.13747454175152748,-0.20366598778004075,-2.8616584674979615,-4.707638224743732,0.03,,,,,,,,,435100,001,2025-07-15_10h27.01.014,Continuous_Psychophysics,2022.2.5,None,
0,0,0,0,,,,,,,,,,,7.213129281997681,-0.1354378818737271,-0.20366598778004075,-2.868182637100423,-4.44809075038117,0.03,,,,,,,,,435100,001,2025-07-15_10h27.01.014,Continuous_Psychophysics,2022.2.5,None,
0,0,0,0,,,,,,,,,,,7.225660085678101,-0.1334012219959267,-0.20366598778004075,-2.914726185878928,-4.386988008336418,0.03,,,,,,,,,435100,001,2025-07-15_10h27.01.014,Continuous_Psychophysics,2022.2.5,None,
0,0,0,0,,,,,,,,,,,7.230015277862549,-0.12932790224032586,-0.20366598778004075,-3.1434464937488054,-4.51530968700337,0.03,,,,,,,,,435100,001,2025-07-15_10h27.01.014,Continuous_Psychophysics,2022.2.5,None,
0,0,0,0,,,,,,,,,,,7.234384059906006,-0.12932790224032586,-0.20366598778004075,-2.9489664767652517,-5.1745602363362595,0.03,,,,,,,,,435100,001,2025-07-15_10h27.01.014,Continuous_Psychophysics,2022.2.5,None,
0,0,0,0,,,,,,,,,,,7.2468791007995605,-0.12423625254582485,-0.20162932790224034,-3.171433072975324,-5.471930652593585,0.03,,,,,,,,,435100,001,2025-07-15_10h27.01.014,Continuous_Psychophysics,2022.2.5,None,
0,0,0,0,,,,,,,,,,,7.25129508972168,-0.12423625254582485,-0.20162932790224034,-3.0151518016869368,-5.707787481859824,0.03,,,,,,,,,435100,001,2025-07-15_10h27.01.014,Continuous_Psychophysics,2022.2.5,None,
0,0,0,0,,,,,,,,,,,7.263787031173706,-0.11914460285132383,-0.19959266802443992,-3.2446695411067985,-5.7191843562388875,0.03,,,,,,,,,435100,001,2025-07-15_10h27.01.014,Continuous_Psychophysics,2022.2.5,None,
0,0,0,0,,,,,,,,,,,7.268116235733032,-0.11608961303462322,-0.1985743380855397,-3.0850490375332194,-5.7191843562388875,0.03,,,,,,,,,435100,001,2025-07-15_10h27.01.014,Continuous_Psychophysics,2022.2.5,None,
0,0,0,0,,,,,,,,,,,7.280846118927002,-0.11507128309572301,-0.1975560081466395,-3.1918876540139713,-5.458532821547961,0.03,,,,,,,,,435100,001,2025-07-15_10h27.01.014,Continuous_Psychophysics,2022.2.5,None,
0,0,0,0,,,,,,,,,,,7.284414052963257,-0.11507128309572301,-0.1975560081466395,-3.9151524737532366,-5.187823367946013,0.03,,,,,,,,,435100,001,2025-07-15_10h27.01.014,Continuous_Psychophysics,2022.2.5,None,
0,0,0,0,,,,,,,,,,,7.297944068908691,-0.1109979633401222,-0.19653767820773932,-4.348853318514117,-5.045108755903217,0.03,,,,,,,,,435100,001,2025-07-15_10h27.01.014,Continuous_Psychophysics,2022.2.5,None,
0,0,0,0,,,,,,,,,,,7.302819013595581,-0.109979633401222,-0.19653767820773932,-4.360711788410061,-5.009573753181612,0.03,,,,,,,,,435100,001,2025-07-15_10h27.01.014,Continuous_Psychophysics,2022.2.5,None,
0,0,0,0,,,,,,,,,,,7.31478214263916,-0.1079429735234216,-0.1955193482688391,-4.2879005206839285,-5.06288792832793,0.03,,,,,,,,,435100,001,2025-07-15_10h27.01.014,Continuous_Psychophysics,2022.2.5,None,
0,0,0,0,,,,,,,,,,,7.318068265914917,-0.10590631364562118,-0.1955193482688391,-4.43773204567287,-5.147491967506947,0.03,,,,,,,,,435100,001,2025-07-15_10h27.01.014,Continuous_Psychophysics,2022.2.5,None,
0,0,0,0,,,,,,,,,,,7.331862926483154,-0.10386965376782077,-0.1955193482688391,-4.10346342254323,-5.392372746227606,0.03,,,,,,,,,435100,001,2025-07-15_10h27.01.014,Continuous_Psychophysics,2022.2.5,None,
0,0,0,0,,,,,,,,,,,7.334986925125122,-0.10183299389002037,-0.1955193482688391,-4.707495225179746,-5.690183701647894,0.03,,,,,,,,,435100,001,2025-07-15_10h27.01.014,Continuous_Psychophysics,2022.2.5,None,
0,0,0,0,,,,,,,,,,,7.349195957183838,-0.09979633401221996,-0.1945010183299389,-5.008934280163603,-5.930978446868471,0.03,,,,,,,,,435100,001,2025-07-15_10h27.01.014,Continuous_Psychophysics,2022.2.5,None,
0,0,0,0,,,,,,,,,,,7.35349702835083,-0.09877800407331976,-0.1945010183299389,-5.18416208846949,-5.930978446868471,0.03,,,,,,,,,435100,001,2025-07-15_10h27.01.014,Continuous_Psychophysics,2022.2.5,None,
0,0,0,0,,,,,,,,,,,7.36613917350769,-0.09775967413441955,-0.1934826883910387,-5.435873637528823,-5.710981617520367,0.03,,,,,,,,,435100,001,2025-07-15_10h27.01.014,Continuous_Psychophysics,2022.2.5,None,
0,0,0,0,,,,,,,,,,,7.370728254318237,-0.09674134419551934,-0.1934826883910387,-5.137219868785569,-5.379409368057279,0.03,,,,,,,,,435100,001,2025-07-15_10h27.01.014,Continuous_Psychophysics,2022.2.5,None,
0,0,0,0,,,,,,,,,,,7.383218050003052,-0.09368635437881874,-0.1924643584521385,-4.750536749017761,-5.110059953785702,0.03,,,,,,,,,435100,001,2025-07-15_10h27.01.014,Continuous_Psychophysics,2022.2.5,None,
0,0,0,0,,,,,,,,,,,7.38759708404541,-0.09368635437881874,-0.1924643584521385,-4.681514217723261,-5.506780998816062,0.03,,,,,,,,,435100,001,2025-07-15_10h27.01.014,Continuous_Psychophysics,2022.2.5,None,
0,0,0,0,,,,,,,,,,,7.400459051132202,-0.09266802443991853,-0.1894093686354379,-5.1152823063306245,-5.493554228082175,0.03,,,,,,,,,435100,001,2025-07-15_10h27.01.014,Continuous_Psychophysics,2022.2.5,None,
0,0,0,0,,,,,,,,,,,7.404795169830322,-0.09266802443991853,-0.1894093686354379,-5.136254722566179,-5.35244297493826,0.03,,,,,,,,,435100,001,2025-07-15_10h27.01.014,Continuous_Psychophysics,2022.2.5,None,
0,0,0,0,,,,,,,,,,,7.40939998626709,-0.09063136456211812,-0.18737270875763748,-4.9070974184142,-5.210088833174112,0.03,,,,,,,,,435100,001,2025-07-15_10h27.01.014,Continuous_Psychophysics,2022.2.5,None,
0,0,0,0,,,,,,,,,,,7.421602010726929,-0.08757637474541752,-0.18329938900203666,-4.469477931032467,-4.858995385072081,0.03,,,,,,,,,435100,001,2025-07-15_10h27.01.014,Continuous_Psychophysics,2022.2.5,None,
0,0,0,0,,,,,,,,,,,7.4258201122283936,-0.08757637474541752,-0.18329938900203666,-4.481350811400113,-4.724220960104207,0.03,,,,,,,,,435100,001,2025-07-15_10h27.01.014,Continuous_Psychophysics,2022.2.5,None,
0,0,0,0,,,,,,,,,,,7.438626050949097,-0.0824847250509165,-0.17922606924643583,-4.350979989657646,-4.900415557475321,0.03,,,,,,,,,435100,001,2025-07-15_10h27.01.014,Continuous_Psychophysics,2022.2.5,None,
0,0,0,0,,,,,,,,,,,7.4428870677948,-0.0824847250509165,-0.17922606924643583,-4.33919844320356,-4.941183402544509,0.03,,,,,,,,,435100,001,2025-07-15_10h27.01.014,Continuous_Psychophysics,2022.2.5,None,
0,0,0,0,,,,,,,,,,,7.455782175064087,-0.07433808553971487,-0.17820773930753564,-4.196339462600135,-4.962788815494486,0.03,,,,,,,,,435100,001,2025-07-15_10h27.01.014,Continuous_Psychophysics,2022.2.5,None,
0,0,0,0,,,,,,,,,,,7.459532022476196,-0.07433808553971487,-0.17820773930753564,-4.175489564071289,-4.907372488055667,0.03,,,,,,,,,435100,001,2025-07-15_10h27.01.014,Continuous_Psychophysics,2022.2.5,None,
0,0,0,0,,,,,,,,,,,7.472746133804321,-0.06415478615071284,-0.17820773930753564,-3.6698463809345685,-4.6877378138374315,0.03,,,,,,,,,435100,001,2025-07-15_10h27.01.014,Continuous_Psychophysics,2022.2.5,None,
0,0,0,0,,,,,,,,,,,7.476729154586792,-0.06415478615071284,-0.17820773930753564,-3.9206243549050486,-4.675711330146841,0.03,,,,,,,,,435100,001,2025-07-15_10h27.01.014,Continuous_Psychophysics,2022.2.5,None,
0,0,0,0,,,,,,,,,,,7.489844083786011,-0.0539714867617108,-0.17820773930753564,-3.584531805633338,-4.438191953932801,0.03,,,,,,,,,435100,001,2025-07-15_10h27.01.014,Continuous_Psychophysics,2022.2.5,None,
0,0,0,0,,,,,,,,,,,7.494317054748535,-0.048879837067209775,-0.17820773930753564,-3.3828563024710556,-4.433997837162254,0.03,,,,,,,,,435100,001,2025-07-15_10h27.01.014,Continuous_Psychophysics,2022.2.5,None,
0,0,0,0,,,,,,,,,,,7.506957054138184,-0.04276985743380855,-0.18024439918533605,-3.929331205311298,-4.967129016488716,0.03,,,,,,,,,435100,001,2025-07-15_10h27.01.014,Continuous_Psychophysics,2022.2.5,None,
0,0,0,0,,,,,,,,,,,7.511595010757446,-0.03665987780040733,-0.18126272912423624,-4.035329542813892,-4.290350220243241,0.03,,,,,,,,,435100,001,2025-07-15_10h27.01.014,Continuous_Psychophysics,2022.2.5,None,
0,0,0,0,,,,,,,,,,,7.524010896682739,-0.03054989816700611,-0.18329938900203666,-3.604985278211994,-4.743424466571071,0.03,,,,,,,,,435100,001,2025-07-15_10h27.01.014,Continuous_Psychophysics,2022.2.5,None,
0,0,0,0,,,,,,,,,,,7.528233289718628,-0.025458248472505093,-0.18533604887983707,-4.138458788324149,-5.062389444880182,0.03,,,,,,,,,435100,001,2025-07-15_10h27.01.014,Continuous_Psychophysics,2022.2.5,None,
0,0,0,0,,,,,,,,,,,7.5412819385528564,-0.023421588594704685,-0.18635437881873726,-3.9865790613097554,-5.554935833063092,0.03,,,,,,,,,435100,001,2025-07-15_10h27.01.014,Continuous_Psychophysics,2022.2.5,None,
0,0,0,0,,,,,,,,,,,7.545805931091309,-0.019348268839103868,-0.18737270875763748,-3.6392125289785904,-5.334497979778104,0.03,,,,,,,,,435100,001,2025-07-15_10h27.01.014,Continuous_Psychophysics,2022.2.5,None,
0,0,0,0,,,,,,,,,,,7.558355093002319,-0.016293279022403257,-0.18839103869653767,-3.6654558184978194,-5.6244305702349955,0.03,,,,,,,,,435100,001,2025-07-15_10h27.01.014,Continuous_Psychophysics,2022.2.5,None,
0,0,0,0,,,,,,,,,,,7.563116073608398,-0.014256619144602852,-0.18839103869653767,-3.444870372856034,-5.919718316935832,0.03,,,,,,,,,435100,001,2025-07-15_10h27.01.014,Continuous_Psychophysics,2022.2.5,None,
0,0,0,0,,,,,,,,,,,7.575675010681152,-0.01120162932790224,-0.1894093686354379,-3.1182121520103663,-5.919718316935832,0.03,,,,,,,,,435100,001,2025-07-15_10h27.01.014,Continuous_Psychophysics,2022.2.5,None,
0,0,0,0,,,,,,,,,,,7.579982042312622,-0.01120162932790224,-0.1894093686354379,-3.5343864407000942,-5.919718316935832,0.03,,,,,,,,,435100,001,2025-07-15_10h27.01.014,Continuous_Psychophysics,2022.2.5,None,
0,0,0,0,,,,,,,,,,,7.584725856781006,-0.010183299389002037,-0.1894093686354379,-3.54140547517725,-5.930728077460658,0.03,,,,,,,,,435100,001,2025-07-15_10h27.01.014,Continuous_Psychophysics,2022.2.5,None,
0,0,0,0,,,,,,,,,,,7.5970470905303955,-0.010183299389002037,-0.19042769857433808,-4.250209162824468,-5.930728077460658,0.03,,,,,,,,,435100,001,2025-07-15_10h27.01.014,Continuous_Psychophysics,2022.2.5,None,
0,0,0,0,,,,,,,,,,,7.601511240005493,-0.010183299389002037,-0.19042769857433808,-3.448760988820244,-5.949859730929209,0.03,,,,,,,,,435100,001,2025-07-15_10h27.01.014,Continuous_Psychophysics,2022.2.5,None,
0,0,0,0,,,,,,,,,,,7.614090204238892,-0.010183299389002037,-0.19042769857433808,-3.5009755716227886,-5.801370283206023,0.03,,,,,,,,,435100,001,2025-07-15_10h27.01.014,Continuous_Psychophysics,2022.2.5,None,
0,0,0,0,,,,,,,,,,,7.618124961853027,-0.01120162932790224,-0.19144602851323828,-3.2106177558170237,-5.455336318003637,0.03,,,,,,,,,435100,001,2025-07-15_10h27.01.014,Continuous_Psychophysics,2022.2.5,None,
0,0,0,0,,,,,,,,,,,7.631070137023926,-0.013238289205702648,-0.1924643584521385,-3.393269674964002,-5.259129879984912,0.03,,,,,,,,,435100,001,2025-07-15_10h27.01.014,Continuous_Psychophysics,2022.2.5,None,
0,0,0,0,,,,,,,,,,,7.635270118713379,-0.017311608961303463,-0.1945010183299389,-3.156028372681564,-5.04570264018498,0.03,,,,,,,,,435100,001,2025-07-15_10h27.01.014,Continuous_Psychophysics,2022.2.5,None,
0,0,0,0,,,,,,,,,,,7.648180961608887,-0.031568228105906315,-0.1985743380855397,-3.8914128944733175,-5.377875941849858,0.03,,,,,,,,,435100,001,2025-07-15_10h27.01.014,Continuous_Psychophysics,2022.2.5,None,
0,0,0,0,,,,,,,,,,,7.65232515335083,-0.031568228105906315,-0.1985743380855397,-3.9472340416994034,-5.509712894068641,0.03,,,,,,,,,435100,001,2025-07-15_10h27.01.014,Continuous_Psychophysics,2022.2.5,None,
0,0,0,0,,,,,,,,,,,7.6653831005096436,-0.04989816700610998,-0.20264765784114053,-4.075255439049501,-5.2978286627671585,0.03,,,,,,,,,435100,001,2025-07-15_10h27.01.014,Continuous_Psychophysics,2022.2.5,None,
0,0,0,0,,,,,,,,,,,7.669603109359741,-0.04989816700610998,-0.20264765784114053,-4.191210492610103,-5.447040906327226,0.03,,,,,,,,,435100,001,2025-07-15_10h27.01.014,Continuous_Psychophysics,2022.2.5,None,
0,0,0,0,,,,,,,,,,,7.682612180709839,-0.07128309572301425,-0.20468431771894094,-4.3286994208620975,-5.641571383271854,0.03,,,,,,,,,435100,001,2025-07-15_10h27.01.014,Continuous_Psychophysics,2022.2.5,None,
0,0,0,0,,,,,,,,,,,7.687079191207886,-0.07128309572301425,-0.20468431771894094,-4.122902252555612,-5.682242971169616,0.03,,,,,,,,,435100,001,2025-07-15_10h27.01.014,Continuous_Psychophysics,2022.2.5,None,
0,0,0,0,,,,,,,,,,,7.699755907058716,-0.08655804480651731,-0.20570264765784113,-4.174472970184546,-5.158662665581002,0.03,,,,,,,,,435100,001,2025-07-15_10h27.01.014,Continuous_Psychophysics,2022.2.5,None,
0,0,0,0,,,,,,,,,,,7.70464301109314,-0.09572301425661914,-0.20570264765784113,-4.095332908552258,-5.29378018096138,0.03,,,,,,,,,435100,001,2025-07-15_10h27.01.014,Continuous_Psychophysics,2022.2.5,None,
0,0,0,0,,,,,,,,,,,7.71769905090332,-0.10386965376782077,-0.20570264765784113,-3.440471526123619,-5.6833280261604955,0.03,,,,,,,,,435100,001,2025-07-15_10h27.01.014,Continuous_Psychophysics,2022.2.5,None,
0,0,0,0,,,,,,,,,,,7.722151041030884,-0.10590631364562118,-0.20570264765784113,-2.9319611698996626,-5.708843695571564,0.03,,,,,,,,,435100,001,2025-07-15_10h27.01.014,Continuous_Psychophysics,2022.2.5,None,
0,0,0,0,,,,,,,,,,,7.726073980331421,-0.10590631364562118,-0.20570264765784113,-2.58708628704111,-5.708843695571564,0.03,,,,,,,,,435100,001,2025-07-15_10h27.01.014,Continuous_Psychophysics,2022.2.5,None,
0,0,0,0,,,,,,,,,,,7.738986253738403,-0.11405295315682282,-0.20468431771894094,-2.530683438544144,-5.676087946404924,0.03,,,,,,,,,435100,001,2025-07-15_10h27.01.014,Continuous_Psychophysics,2022.2.5,None,
0,0,0,0,,,,,,,,,,,7.742778062820435,-0.11405295315682282,-0.20468431771894094,-1.6960040089491701,-5.544417841070085,0.03,,,,,,,,,435100,001,2025-07-15_10h27.01.014,Continuous_Psychophysics,2022.2.5,None,
0,0,0,0,,,,,,,,,,,7.756455183029175,-0.11812627291242363,-0.20162932790224034,-1.3118195885007926,-5.201214537310597,0.03,,,,,,,,,435100,001,2025-07-15_10h27.01.014,Continuous_Psychophysics,2022.2.5,None,
0,0,0,0,,,,,,,,,,,7.761583089828491,-0.11914460285132383,-0.1985743380855397,-1.0620133342978377,-4.953022355633932,0.03,,,,,,,,,435100,001,2025-07-15_10h27.01.014,Continuous_Psychophysics,2022.2.5,None,
0,0,0,0,,,,,,,,,,,7.773414134979248,-0.11914460285132383,-0.1955193482688391,-0.9220678944279015,-5.377933361740579,0.03,,,,,,,,,435100,001,2025-07-15_10h27.01.014,Continuous_Psychophysics,2022.2.5,None,
0,0,0,0,,,,,,,,,,,7.77762508392334,-0.11914460285132383,-0.1955193482688391,-0.6992616505629679,-5.83342511560437,0.03,,,,,,,,,435100,001,2025-07-15_10h27.01.014,Continuous_Psychophysics,2022.2.5,None,
0,0,0,0,,,,,,,,,,,7.7905731201171875,-0.11710794297352342,-0.18737270875763748,-0.6006285630493838,-5.5275922208741495,0.03,,,,,,,,,435100,001,2025-07-15_10h27.01.014,Continuous_Psychophysics,2022.2.5,None,
0,0,0,0,,,,,,,,,,,7.795176029205322,-0.11507128309572301,-0.18635437881873726,-1.1354159788846765,-5.870485232706245,0.03,,,,,,,,,435100,001,2025-07-15_10h27.01.014,Continuous_Psychophysics,2022.2.5,None,
0,0,0,0,,,,,,,,,,,7.8077239990234375,-0.11303462321792261,-0.18228105906313646,-1.5253517521996924,-5.870485232706245,0.03,,,,,,,,,435100,001,2025-07-15_10h27.01.014,Continuous_Psychophysics,2022.2.5,None,
0,0,0,0,,,,,,,,,,,7.81207799911499,-0.1109979633401222,-0.18024439918533605,-1.3931765214869023,-5.725855058451246,0.03,,,,,,,,,435100,001,2025-07-15_10h27.01.014,Continuous_Psychophysics,2022.2.5,None,
0,0,0,0,,,,,,,,,,,7.8243958950042725,-0.1079429735234216,-0.17820773930753564,-1.2827217438663343,-5.547127061757893,0.03,,,,,,,,,435100,001,2025-07-15_10h27.01.014,Continuous_Psychophysics,2022.2.5,None,
0,0,0,0,,,,,,,,,,,7.828508138656616,-0.10590631364562118,-0.17718940936863545,-1.5771091930238033,-5.611453589129858,0.03,,,,,,,,,435100,001,2025-07-15_10h27.01.014,Continuous_Psychophysics,2022.2.5,None,
0,0,0,0,,,,,,,,,,,7.841511011123657,-0.10386965376782077,-0.17718940936863545,-1.766767608398501,-5.50206943045877,0.03,,,,,,,,,435100,001,2025-07-15_10h27.01.014,Continuous_Psychophysics,2022.2.5,None,
0,0,0,0,,,,,,,,,,,7.846251964569092,-0.10183299389002037,-0.17718940936863545,-2.3687706404729663,-5.061451272333819,0.03,,,,,,,,,435100,001,2025-07-15_10h27.01.014,Continuous_Psychophysics,2022.2.5,None,
0,0,0,0,,,,,,,,,,,7.858912944793701,-0.09979633401221996,-0.17718940936863545,-2.5513966334718807,-4.872805952636886,0.03,,,,,,,,,435100,001,2025-07-15_10h27.01.014,Continuous_Psychophysics,2022.2.5,None,
0,0,0,0,,,,,,,,,,,7.863241195678711,-0.09877800407331976,-0.17718940936863545,-2.1966725467112593,-5.213786818719887,0.03,,,,,,,,,435100,001,2025-07-15_10h27.01.014,Continuous_Psychophysics,2022.2.5,None,
0,0,0,0,,,,,,,,,,,7.867917060852051,-0.09775967413441955,-0.17922606924643583,-2.7381609879408755,-5.028808735884513,0.03,,,,,,,,,435100,001,2025-07-15_10h27.01.014,Continuous_Psychophysics,2022.2.5,None,
0,0,0,0,,,,,,,,,,,7.8803300857543945,-0.09674134419551934,-0.18126272912423624,-2.8401518885886565,-5.0543199726031265,0.03,,,,,,,,,435100,001,2025-07-15_10h27.01.014,Continuous_Psychophysics,2022.2.5,None,
0,0,0,0,,,,,,,,,,,7.885148048400879,-0.09572301425661914,-0.18431771894093688,-2.8839476728744,-5.051727877578668,0.03,,,,,,,,,435100,001,2025-07-15_10h27.01.014,Continuous_Psychophysics,2022.2.5,None,
0,0,0,0,,,,,,,,,,,7.897418260574341,-0.09572301425661914,-0.18635437881873726,-2.9847943898537093,-4.787262638963105,0.03,,,,,,,,,435100,001,2025-07-15_10h27.01.014,Continuous_Psychophysics,2022.2.5,None,
0,0,0,0,,,,,,,,,,,7.902239084243774,-0.09470468431771895,-0.18839103869653767,-3.3196829350482466,-4.22147522453176,0.03,,,,,,,,,435100,001,2025-07-15_10h27.01.014,Continuous_Psychophysics,2022.2.5,None,
0,0,0,0,,,,,,,,,,,7.914513111114502,-0.09470468431771895,-0.19144602851323828,-3.237224244456212,-4.231305331139249,0.03,,,,,,,,,435100,001,2025-07-15_10h27.01.014,Continuous_Psychophysics,2022.2.5,None,
0,0,0,0,,,,,,,,,,,7.918565988540649,-0.09470468431771895,-0.19144602851323828,-2.8853133012744223,-4.188988007240993,0.03,,,,,,,,,435100,001,2025-07-15_10h27.01.014,Continuous_Psychophysics,2022.2.5,None,
0,0,0,0,,,,,,,,,,,7.936842918395996,-0.09470468431771895,-0.1955193482688391,-2.836302306887474,-3.913122218322794,0.03,,,,,,,,,435100,001,2025-07-15_10h27.01.014,Continuous_Psychophysics,2022.2.5,None,
0,0,0,0,,,,,,,,,,,7.941792964935303,-0.09572301425661914,-0.19653767820773932,-2.3490297310363424,-3.8370634093443607,0.03,,,,,,,,,435100,001,2025-07-15_10h27.01.014,Continuous_Psychophysics,2022.2.5,None,
0,0,0,0,,,,,,,,,,,7.945877313613892,-0.09572301425661914,-0.19653767820773932,-2.148376154554474,-3.9913709210931843,0.03,,,,,,,,,435100,001,2025-07-15_10h27.01.014,Continuous_Psychophysics,2022.2.5,None,
0,0,0,0,,,,,,,,,,,7.958363056182861,-0.10081466395112017,-0.20061099796334012,-2.089176374319359,-3.720995932405096,0.03,,,,,,,,,435100,001,2025-07-15_10h27.01.014,Continuous_Psychophysics,2022.2.5,None,
0,0,0,0,,,,,,,,,,,7.962635040283203,-0.10081466395112017,-0.20061099796334012,-2.247754828515581,-3.610322317896289,0.03,,,,,,,,,435100,001,2025-07-15_10h27.01.014,Continuous_Psychophysics,2022.2.5,None,
0,0,0,0,,,,,,,,,,,7.975571155548096,-0.10692464358452139,-0.20468431771894094,-2.3289693954920088,-3.936860550827854,0.03,,,,,,,,,435100,001,2025-07-15_10h27.01.014,Continuous_Psychophysics,2022.2.5,None,
0,0,0,0,,,,,,,,,,,7.9801740646362305,-0.109979633401222,-0.20773930753564154,-2.9003630635120614,-3.9346670635262266,0.03,,,,,,,,,435100,001,2025-07-15_10h27.01.014,Continuous_Psychophysics,2022.2.5,None,
0,0,0,0,,,,,,,,,,,7.984469175338745,-0.109979633401222,-0.20773930753564154,-2.423977922381957,-3.6790777165182385,0.03,,,,,,,,,435100,001,2025-07-15_10h27.01.014,Continuous_Psychophysics,2022.2.5,None,
0,0,0,0,,,,,,,,,,,7.996889114379883,-0.11710794297352342,-0.21486761710794297,-2.0436675410565006,-3.6525806828349223,0.03,,,,,,,,,435100,001,2025-07-15_10h27.01.014,Continuous_Psychophysics,2022.2.5,None,
0,0,0,0,,,,,,,,,,,8.001317024230957,-0.11710794297352342,-0.21486761710794297,-2.1645006181636606,-3.4043836922473822,0.03,,,,,,,,,435100,001,2025-07-15_10h27.01.014,Continuous_Psychophysics,2022.2.5,None,
0,0,0,0,,,,,,,,,,,8.013919115066528,-0.12219959266802444,-0.219959266802444,-1.9483644091006005,-3.1613243885525835,0.03,,,,,,,,,435100,001,2025-07-15_10h27.01.014,Continuous_Psychophysics,2022.2.5,None,
0,0,0,0,,,,,,,,,,,8.017723083496094,-0.12219959266802444,-0.219959266802444,-1.8496490986647858,-3.8200342770026694,0.03,,,,,,,,,435100,001,2025-07-15_10h27.01.014,Continuous_Psychophysics,2022.2.5,None,
0,0,0,0,,,,,,,,,,,8.031193017959595,-0.12627291242362526,-0.2240325865580448,-1.4451493553139378,-3.5083161821679445,0.03,,,,,,,,,435100,001,2025-07-15_10h27.01.014,Continuous_Psychophysics,2022.2.5,None,
0,0,0,0,,,,,,,,,,,8.035229206085205,-0.12627291242362526,-0.2240325865580448,-1.4777565133812236,-3.3408357404243016,0.03,,,,,,,,,435100,001,2025-07-15_10h27.01.014,Continuous_Psychophysics,2022.2.5,None,
0,0,0,0,,,,,,,,,,,8.048171043395996,-0.12729124236252545,-0.22606924643584522,-1.5739768024256044,-3.246604088459671,0.03,,,,,,,,,435100,001,2025-07-15_10h27.01.014,Continuous_Psychophysics,2022.2.5,None,
0,0,0,0,,,,,,,,,,,8.05108904838562,-0.12729124236252545,-0.22606924643584522,-1.6595412700711172,-2.942969518231889,0.03,,,,,,,,,435100,001,2025-07-15_10h27.01.014,Continuous_Psychophysics,2022.2.5,None,
0,0,0,0,,,,,,,,,,,8.065454006195068,-0.12830957230142567,-0.22708757637474541,-1.7770103632042924,-2.6811789372757846,0.03,,,,,,,,,435100,001,2025-07-15_10h27.01.014,Continuous_Psychophysics,2022.2.5,None,
0,0,0,0,,,,,,,,,,,8.068380117416382,-0.12830957230142567,-0.22708757637474541,-1.2622650413823642,-2.58180597748084,0.03,,,,,,,,,435100,001,2025-07-15_10h27.01.014,Continuous_Psychophysics,2022.2.5,None,
0,0,0,0,,,,,,,,,,,8.082612991333008,-0.12830957230142567,-0.22810590631364563,-1.421341116358177,-2.732282527275468,0.03,,,,,,,,,435100,001,2025-07-15_10h27.01.014,Continuous_Psychophysics,2022.2.5,None,
0,0,0,0,,,,,,,,,,,8.086878061294556,-0.12627291242362526,-0.22912423625254583,-1.6577356950429396,-3.2673729279212402,0.03,,,,,,,,,435100,001,2025-07-15_10h27.01.014,Continuous_Psychophysics,2022.2.5,None,
0,0,0,0,,,,,,,,,,,8.099717140197754,-0.12219959266802444,-0.23014256619144602,-1.4414434441161046,-3.2504121405470343,0.03,,,,,,,,,435100,001,2025-07-15_10h27.01.014,Continuous_Psychophysics,2022.2.5,None,
0,0,0,0,,,,,,,,,,,8.104203939437866,-0.11507128309572301,-0.23116089613034624,-1.0469469329141743,-2.914161075112047,0.03,,,,,,,,,435100,001,2025-07-15_10h27.01.014,Continuous_Psychophysics,2022.2.5,None,
0,0,0,0,,,,,,,,,,,8.117260932922363,-0.10896130346232179,-0.23319755600814665,-1.2970272322307013,-2.894021237429564,0.03,,,,,,,,,435100,001,2025-07-15_10h27.01.014,Continuous_Psychophysics,2022.2.5,None,
0,0,0,0,,,,,,,,,,,8.121966123580933,-0.10081466395112017,-0.23523421588594703,-1.4663620858176332,-2.8740585168597623,0.03,,,,,,,,,435100,001,2025-07-15_10h27.01.014,Continuous_Psychophysics,2022.2.5,None,
0,0,0,0,,,,,,,,,,,8.126657962799072,-0.08961303462321792,-0.23828920570264767,-1.2960888966489836,-2.183092188028186,0.03,,,,,,,,,435100,001,2025-07-15_10h27.01.014,Continuous_Psychophysics,2022.2.5,None,
0,0,0,0,,,,,,,,,,,8.138850927352905,-0.07739307535641547,-0.23930753564154786,-1.4130718785005434,-1.8982583311694685,0.03,,,,,,,,,435100,001,2025-07-15_10h27.01.014,Continuous_Psychophysics,2022.2.5,None,
0,0,0,0,,,,,,,,,,,8.143203973770142,-0.06313645621181263,-0.24134419551934827,-1.7180942905100507,-2.294408934072531,0.03,,,,,,,,,435100,001,2025-07-15_10h27.01.014,Continuous_Psychophysics,2022.2.5,None,
0,0,0,0,,,,,,,,,,,8.156109094619751,-0.04989816700610998,-0.24134419551934827,-1.4173488795064404,-2.4438843707965074,0.03,,,,,,,,,435100,001,2025-07-15_10h27.01.014,Continuous_Psychophysics,2022.2.5,None,
0,0,0,0,,,,,,,,,,,8.15986704826355,-0.034623217922606926,-0.24134419551934827,-0.8246186716673393,-2.1483816291275697,0.03,,,,,,,,,435100,001,2025-07-15_10h27.01.014,Continuous_Psychophysics,2022.2.5,None,
0,0,0,0,,,,,,,,,,,8.173307180404663,-0.021384928716904276,-0.24134419551934827,-0.9201948536325356,-1.811178029418944,0.03,,,,,,,,,435100,001,2025-07-15_10h27.01.014,Continuous_Psychophysics,2022.2.5,None,
0,0,0,0,,,,,,,,,,,8.178025245666504,-0.016293279022403257,-0.24032586558044808,-0.6931179822311286,-1.2185054945115878,0.03,,,,,,,,,435100,001,2025-07-15_10h27.01.014,Continuous_Psychophysics,2022.2.5,None,
0,0,0,0,,,,,,,,,,,8.190558195114136,-0.006109979633401222,-0.23727087576374745,-0.6770185466125097,-0.5499947711867015,0.03,,,,,,,,,435100,001,2025-07-15_10h27.01.014,Continuous_Psychophysics,2022.2.5,None,
0,0,0,0,,,,,,,,,,,8.195359945297241,0.002036659877800407,-0.23421588594704684,-1.0062157743921563,-0.6249557356633623,0.03,,,,,,,,,435100,001,2025-07-15_10h27.01.014,Continuous_Psychophysics,2022.2.5,None,
0,0,0,0,,,,,,,,,,,8.207794189453125,0.014256619144602852,-0.22912423625254583,-0.7629719585138774,-0.3730832837981788,0.03,,,,,,,,,435100,001,2025-07-15_10h27.01.014,Continuous_Psychophysics,2022.2.5,None,
0,0,0,0,,,,,,,,,,,8.2121262550354,0.014256619144602852,-0.22912423625254583,-1.2918592555964992,-0.41066727331413777,0.03,,,,,,,,,435100,001,2025-07-15_10h27.01.014,Continuous_Psychophysics,2022.2.5,None,
0,0,0,0,,,,,,,,,,,8.22493314743042,0.02240325865580448,-0.2240325865580448,-1.1607889061364234,-0.2118852689576523,0.03,,,,,,,,,435100,001,2025-07-15_10h27.01.014,Continuous_Psychophysics,2022.2.5,None,
0,0,0,0,,,,,,,,,,,8.22912311553955,0.02240325865580448,-0.2240325865580448,-1.8687607361523848,-0.08409504615739807,0.03,,,,,,,,,435100,001,2025-07-15_10h27.01.014,Continuous_Psychophysics,2022.2.5,None,
0,0,0,0,,,,,,,,,,,8.242166996002197,0.0274949083503055,-0.2189409368635438,-2.1506526752708113,-0.47138510808321465,0.03,,,,,,,,,435100,001,2025-07-15_10h27.01.014,Continuous_Psychophysics,2022.2.5,None,
0,0,0,0,,,,,,,,,,,8.246601104736328,0.0274949083503055,-0.2189409368635438,-2.238808855497721,-0.7337507268438914,0.03,,,,,,,,,435100,001,2025-07-15_10h27.01.014,Continuous_Psychophysics,2022.2.5,None,
0,0,0,0,,,,,,,,,,,8.250881910324097,0.03054989816700611,-0.2158859470468432,-1.9460782434333055,-0.7286863174705719,0.03,,,,,,,,,435100,001,2025-07-15_10h27.01.014,Continuous_Psychophysics,2022.2.5,None,
0,0,0,0,,,,,,,,,,,8.263450145721436,0.03665987780040733,-0.20875763747454176,-2.1316030225959266,-0.37388795421756643,0.03,,,,,,,,,435100,001,2025-07-15_10h27.01.014,Continuous_Psychophysics,2022.2.5,None,
0,0,0,0,,,,,,,,,,,8.267815113067627,0.03665987780040733,-0.20875763747454176,-2.133915377937418,-0.21324160745651535,0.03,,,,,,,,,435100,001,2025-07-15_10h27.01.014,Continuous_Psychophysics,2022.2.5,None,
0,0,0,0,,,,,,,,,,,8.280809164047241,0.04175152749490835,-0.1985743380855397,-2.3208813631522003,-0.21608925933820403,0.03,,,,,,,,,435100,001,2025-07-15_10h27.01.014,Continuous_Psychophysics,2022.2.5,None,
0,0,0,0,,,,,,,,,,,8.284457206726074,0.04175152749490835,-0.1985743380855397,-2.4769590649559614,-0.2971037153140553,0.03,,,,,,,,,435100,001,2025-07-15_10h27.01.014,Continuous_Psychophysics,2022.2.5,None,
0,0,0,0,,,,,,,,,,,8.297896146774292,0.04786150712830957,-0.18533604887983707,-2.375412178206527,-0.5172312017908347,0.03,,,,,,,,,435100,001,2025-07-15_10h27.01.014,Continuous_Psychophysics,2022.2.5,None,
0,0,0,0,,,,,,,,,,,8.301666975021362,0.04786150712830957,-0.18533604887983707,-2.586508613932406,-0.26821148043744236,0.03,,,,,,,,,435100,001,2025-07-15_10h27.01.014,Continuous_Psychophysics,2022.2.5,None,
0,0,0,0,,,,,,,,,,,8.315099000930786,0.05295315682281059,-0.1710794297352342,-2.4799262024722606,-0.490275079521667,0.03,,,,,,,,,435100,001,2025-07-15_10h27.01.014,Continuous_Psychophysics,2022.2.5,None,
0,0,0,0,,,,,,,,,,,8.317928075790405,0.05295315682281059,-0.1710794297352342,-2.608937636761688,-0.27725977063783996,0.03,,,,,,,,,435100,001,2025-07-15_10h27.01.014,Continuous_Psychophysics,2022.2.5,None,
0,0,0,0,,,,,,,,,,,8.332178115844727,0.054989816700611,-0.15885947046843177,-2.0441329512158504,-0.03474193934465475,0.03,,,,,,,,,435100,001,2025-07-15_10h27.01.014,Continuous_Psychophysics,2022.2.5,None,
0,0,0,0,,,,,,,,,,,8.335003137588501,0.054989816700611,-0.15885947046843177,-2.27162457799638,0.17775541835298217,0.03,,,,,,,,,435100,001,2025-07-15_10h27.01.014,Continuous_Psychophysics,2022.2.5,None,
0,0,0,0,,,,,,,,,,,8.349775075912476,0.0560081466395112,-0.14765784114052954,-2.2165691042392934,0.0024031299838508102,0.03,,,,,,,,,435100,001,2025-07-15_10h27.01.014,Continuous_Psychophysics,2022.2.5,None,
0,0,0,0,,,,,,,,,,,8.354527235031128,0.0560081466395112,-0.1446028513238289,-2.01171435514219,-0.23510331668568848,0.03,,,,,,,,,435100,001,2025-07-15_10h27.01.014,Continuous_Psychophysics,2022.2.5,None,
0,0,0,0,,,,,,,,,,,8.3664710521698,0.0560081466395112,-0.14052953156822812,-1.683395962882537,-0.034431388774717964,0.03,,,,,,,,,435100,001,2025-07-15_10h27.01.014,Continuous_Psychophysics,2022.2.5,None,
0,0,0,0,,,,,,,,,,,8.370938062667847,0.0539714867617108,-0.13747454175152748,-1.8763530949757459,0.12192625386281988,0.03,,,,,,,,,435100,001,2025-07-15_10h27.01.014,Continuous_Psychophysics,2022.2.5,None,
0,0,0,0,,,,,,,,,,,8.38389801979065,0.05091649694501019,-0.12932790224032586,-1.7663836302446045,-0.16283760761902913,0.03,,,,,,,,,435100,001,2025-07-15_10h27.01.014,Continuous_Psychophysics,2022.2.5,None,
0,0,0,0,,,,,,,,,,,8.388438940048218,0.048879837067209775,-0.12729124236252545,-1.6505666524192513,-0.48103052746910846,0.03,,,,,,,,,435100,001,2025-07-15_10h27.01.014,Continuous_Psychophysics,2022.2.5,None,
0,0,0,0,,,,,,,,,,,8.393417119979858,0.04480651731160896,-0.12219959266802444,-1.501991614882411,-0.9139984203896132,0.03,,,,,,,,,435100,001,2025-07-15_10h27.01.014,Continuous_Psychophysics,2022.2.5,None,
0,0,0,0,,,,,,,,,,,8.405532121658325,0.03971486761710794,-0.11608961303462322,-1.0710476895011167,-1.195165663085828,0.03,,,,,,,,,435100,001,2025-07-15_10h27.01.014,Continuous_Psychophysics,2022.2.5,None,
0,0,0,0,,,,,,,,,,,8.41019606590271,0.03665987780040733,-0.1120162932790224,-1.690484039696203,-1.3362671622676559,0.03,,,,,,,,,435100,001,2025-07-15_10h27.01.014,Continuous_Psychophysics,2022.2.5,None,
0,0,0,0,,,,,,,,,,,8.422713994979858,0.034623217922606926,-0.109979633401222,-1.9814211379925883,-1.0862793813329907,0.03,,,,,,,,,435100,001,2025-07-15_10h27.01.014,Continuous_Psychophysics,2022.2.5,None,
0,0,0,0,,,,,,,,,,,8.426729202270508,0.03054989816700611,-0.10590631364562118,-2.1651816238411064,-0.8441190308199613,0.03,,,,,,,,,435100,001,2025-07-15_10h27.01.014,Continuous_Psychophysics,2022.2.5,None,
0,0,0,0,,,,,,,,,,,8.439540147781372,0.028513238289205704,-0.10386965376782077,-2.316965424807559,-1.2392607067879684,0.03,,,,,,,,,435100,001,2025-07-15_10h27.01.014,Continuous_Psychophysics,2022.2.5,None,
0,0,0,0,,,,,,,,,,,8.443652153015137,0.026476578411405296,-0.10285132382892057,-2.4289796056211315,-1.7147784161787956,0.03,,,,,,,,,435100,001,2025-07-15_10h27.01.014,Continuous_Psychophysics,2022.2.5,None,
0,0,0,0,,,,,,,,,,,8.456746101379395,0.023421588594704685,-0.10183299389002037,-2.4495444044648957,-2.1462702774090703,0.03,,,,,,,,,435100,001,2025-07-15_10h27.01.014,Continuous_Psychophysics,2022.2.5,None,
0,0,0,0,,,,,,,,,,,8.461448192596436,0.020366598778004074,-0.10183299389002037,-3.0407774799523124,-2.1610714109793014,0.03,,,,,,,,,435100,001,2025-07-15_10h27.01.014,Continuous_Psychophysics,2022.2.5,None,
0,0,0,0,,,,,,,,,,,8.474210023880005,0.012219959266802444,-0.11303462321792261,-3.2343421271910326,-2.170097280756009,0.03,,,,,,,,,435100,001,2025-07-15_10h27.01.014,Continuous_Psychophysics,2022.2.5,None,
0,0,0,0,,,,,,,,,,,8.478345155715942,0.012219959266802444,-0.11303462321792261,-3.019558644552915,-1.5700451513114726,0.03,,,,,,,,,435100,001,2025-07-15_10h27.01.014,Continuous_Psychophysics,2022.2.5,None,
0,0,0,0,,,,,,,,,,,8.491241216659546,0.003054989816700611,-0.13136456211812628,-3.551379905284999,-1.2184150306587933,0.03,,,,,,,,,435100,001,2025-07-15_10h27.01.014,Continuous_Psychophysics,2022.2.5,None,
0,0,0,0,,,,,,,,,,,8.495616912841797,0.003054989816700611,-0.13136456211812628,-3.6831963429152226,-1.3640953350321683,0.03,,,,,,,,,435100,001,2025-07-15_10h27.01.014,Continuous_Psychophysics,2022.2.5,None,
0,0,0,0,,,,,,,,,,,8.50824522972107,-0.008146639511201629,-0.16089613034623218,-4.098586569576877,-1.447522535868746,0.03,,,,,,,,,435100,001,2025-07-15_10h27.01.014,Continuous_Psychophysics,2022.2.5,None,
0,0,0,0,,,,,,,,,,,8.513151168823242,-0.014256619144602852,-0.17413441955193482,-4.137908420428703,-1.6606407919792645,0.03,,,,,,,,,435100,001,2025-07-15_10h27.01.014,Continuous_Psychophysics,2022.2.5,None,
0,0,0,0,,,,,,,,,,,8.517621994018555,-0.014256619144602852,-0.17413441955193482,-4.18335423176139,-1.9277383513827853,0.03,,,,,,,,,435100,001,2025-07-15_10h27.01.014,Continuous_Psychophysics,2022.2.5,None,
0,0,0,0,,,,,,,,,,,8.530005931854248,-0.023421588594704685,-0.1945010183299389,-4.178077283376649,-1.7442695616438406,0.03,,,,,,,,,435100,001,2025-07-15_10h27.01.014,Continuous_Psychophysics,2022.2.5,None,
0,0,0,0,,,,,,,,,,,8.534465074539185,-0.023421588594704685,-0.1945010183299389,-4.13246628765051,-2.3446929319180807,0.03,,,,,,,,,435100,001,2025-07-15_10h27.01.014,Continuous_Psychophysics,2022.2.5,None,
0,0,0,0,,,,,,,,,,,8.547081232070923,-0.029531568228105907,-0.20875763747454176,-4.010175250140168,-1.9719580851231706,0.03,,,,,,,,,435100,001,2025-07-15_10h27.01.014,Continuous_Psychophysics,2022.2.5,None,
0,0,0,0,,,,,,,,,,,8.551355123519897,-0.029531568228105907,-0.20875763747454176,-3.7624978450608713,-2.015331894842392,0.03,,,,,,,,,435100,001,2025-07-15_10h27.01.014,Continuous_Psychophysics,2022.2.5,None,
0,0,0,0,,,,,,,,,,,8.5644371509552,-0.035641547861507125,-0.219959266802444,-3.766351367426506,-2.5609864853710977,0.03,,,,,,,,,435100,001,2025-07-15_10h27.01.014,Continuous_Psychophysics,2022.2.5,None,
0,0,0,0,,,,,,,,,,,8.568825006484985,-0.035641547861507125,-0.219959266802444,-3.9303083227780355,-3.147756381954913,0.03,,,,,,,,,435100,001,2025-07-15_10h27.01.014,Continuous_Psychophysics,2022.2.5,None,
0,0,0,0,,,,,,,,,,,8.58154010772705,-0.038696537678207736,-0.225050916496945,-3.521736937567483,-3.08034409289269,0.03,,,,,,,,,435100,001,2025-07-15_10h27.01.014,Continuous_Psychophysics,2022.2.5,None,
0,0,0,0,,,,,,,,,,,8.584349155426025,-0.038696537678207736,-0.225050916496945,-3.7304598759348284,-2.506174859866212,0.03,,,,,,,,,435100,001,2025-07-15_10h27.01.014,Continuous_Psychophysics,2022.2.5,None,
0,0,0,0,,,,,,,,,,,8.5988609790802,-0.038696537678207736,-0.22708757637474541,-4.061751828435924,-2.5547025940013737,0.03,,,,,,,,,435100,001,2025-07-15_10h27.01.014,Continuous_Psychophysics,2022.2.5,None,
0,0,0,0,,,,,,,,,,,8.603517055511475,-0.03971486761710794,-0.22708757637474541,-3.973389451873685,-2.691551288168135,0.03,,,,,,,,,435100,001,2025-07-15_10h27.01.014,Continuous_Psychophysics,2022.2.5,None,
0,0,0,0,,,,,,,,,,,8.615792036056519,-0.03971486761710794,-0.22708757637474541,-3.886701708528156,-1.9972285862940158,0.03,,,,,,,,,435100,001,2025-07-15_10h27.01.014,Continuous_Psychophysics,2022.2.5,None,
0,0,0,0,,,,,,,,,,,8.62031602859497,-0.03971486761710794,-0.22708757637474541,-3.5598710330473606,-1.9138272847277198,0.03,,,,,,,,,435100,001,2025-07-15_10h27.01.014,Continuous_Psychophysics,2022.2.5,None,
0,0,0,0,,,,,,,,,,,8.633119106292725,-0.03971486761710794,-0.225050916496945,-3.033468729284695,-2.108154110643847,0.03,,,,,,,,,435100,001,2025-07-15_10h27.01.014,Continuous_Psychophysics,2022.2.5,None,
0,0,0,0,,,,,,,,,,,8.637415170669556,-0.03971486761710794,-0.2230142566191446,-3.916399129679434,-1.644924947230037,0.03,,,,,,,,,435100,001,2025-07-15_10h27.01.014,Continuous_Psychophysics,2022.2.5,None,
0,0,0,0,,,,,,,,,,,8.650450229644775,-0.03971486761710794,-0.2209775967413442,-3.830835237909857,-1.5476347872660055,0.03,,,,,,,,,435100,001,2025-07-15_10h27.01.014,Continuous_Psychophysics,2022.2.5,None,
0,0,0,0,,,,,,,,,,,8.654919147491455,-0.03971486761710794,-0.219959266802444,-3.4537828634826444,-0.9786116910685576,0.03,,,,,,,,,435100,001,2025-07-15_10h27.01.014,Continuous_Psychophysics,2022.2.5,None,
0,0,0,0,,,,,,,,,,,8.6596839427948,-0.03971486761710794,-0.21792260692464357,-3.4451373995732952,-0.5987258583983859,0.03,,,,,,,,,435100,001,2025-07-15_10h27.01.014,Continuous_Psychophysics,2022.2.5,None,
0,0,0,0,,,,,,,,,,,8.672243118286133,-0.03971486761710794,-0.2158859470468432,-3.657136966322094,-0.5560554516605233,0.03,,,,,,,,,435100,001,2025-07-15_10h27.01.014,Continuous_Psychophysics,2022.2.5,None,
0,0,0,0,,,,,,,,,,,8.67664098739624,-0.03971486761710794,-0.21486761710794297,-3.345482307358946,-0.6229728755442369,0.03,,,,,,,,,435100,001,2025-07-15_10h27.01.014,Continuous_Psychophysics,2022.2.5,None,
0,0,0,0,,,,,,,,,,,8.689462900161743,-0.04073319755600815,-0.21181262729124237,-3.579429843559375,-0.9481004499729662,0.03,,,,,,,,,435100,001,2025-07-15_10h27.01.014,Continuous_Psychophysics,2022.2.5,None,
0,0,0,0,,,,,,,,,,,8.693501234054565,-0.04175152749490835,-0.20875763747454176,-3.752377524001571,-1.1932066293347767,0.03,,,,,,,,,435100,001,2025-07-15_10h27.01.014,Continuous_Psychophysics,2022.2.5,None,
0,0,0,0,,,,,,,,,,,8.706377267837524,-0.04378818737270876,-0.20672097759674135,-3.8485826301975847,-1.4751454297772588,0.03,,,,,,,,,435100,001,2025-07-15_10h27.01.014,Continuous_Psychophysics,2022.2.5,None,
0,0,0,0,,,,,,,,,,,8.71132516860962,-0.04480651731160896,-0.20366598778004075,-3.6993521405904946,-1.155220671116619,0.03,,,,,,,,,435100,001,2025-07-15_10h27.01.014,Continuous_Psychophysics,2022.2.5,None,
0,0,0,0,,,,,,,,,,,8.723448991775513,-0.04786150712830957,-0.20061099796334012,-3.846883434076537,-0.8650419259136454,0.03,,,,,,,,,435100,001,2025-07-15_10h27.01.014,Continuous_Psychophysics,2022.2.5,None,
0,0,0,0,,,,,,,,,,,8.727721214294434,-0.05091649694501019,-0.1975560081466395,-3.730746140664504,-0.8934099969058149,0.03,,,,,,,,,435100,001,2025-07-15_10h27.01.014,Continuous_Psychophysics,2022.2.5,None,
0,0,0,0,,,,,,,,,,,8.74059796333313,-0.06008146639511202,-0.18839103869653767,-3.7803729215883055,-0.5883837164566081,0.03,,,,,,,,,435100,001,2025-07-15_10h27.01.014,Continuous_Psychophysics,2022.2.5,None,
0,0,0,0,,,,,,,,,,,8.744837999343872,-0.06008146639511202,-0.18839103869653767,-3.5605439483099803,-0.49107864784632943,0.03,,,,,,,,,435100,001,2025-07-15_10h27.01.014,Continuous_Psychophysics,2022.2.5,None,
0,0,0,0,,,,,,,,,,,8.758098125457764,-0.07535641547861507,-0.17718940936863545,-3.5618932567834136,-1.0876338183940097,0.03,,,,,,,,,435100,001,2025-07-15_10h27.01.014,Continuous_Psychophysics,2022.2.5,None,
0,0,0,0,,,,,,,,,,,8.762530088424683,-0.07535641547861507,-0.17718940936863545,-3.7487631947347717,-0.6163164923203727,0.03,,,,,,,,,435100,001,2025-07-15_10h27.01.014,Continuous_Psychophysics,2022.2.5,None,
0,0,0,0,,,,,,,,,,,8.775139093399048,-0.09063136456211812,-0.17006109979633402,-3.77802037652554,-0.5623041088652337,0.03,,,,,,,,,435100,001,2025-07-15_10h27.01.014,Continuous_Psychophysics,2022.2.5,None,
0,0,0,0,,,,,,,,,,,8.779399156570435,-0.09063136456211812,-0.17006109979633402,-3.4054206040216006,-0.30546296885495333,0.03,,,,,,,,,435100,001,2025-07-15_10h27.01.014,Continuous_Psychophysics,2022.2.5,None,
0,0,0,0,,,,,,,,,,,8.792171001434326,-0.10285132382892057,-0.1680244399185336,-3.3182823475155785,-0.5358577434015024,0.03,,,,,,,,,435100,001,2025-07-15_10h27.01.014,Continuous_Psychophysics,2022.2.5,None,
0,0,0,0,,,,,,,,,,,8.797044277191162,-0.1109979633401222,-0.1670061099796334,-2.911541957500931,-0.2952786905660722,0.03,,,,,,,,,435100,001,2025-07-15_10h27.01.014,Continuous_Psychophysics,2022.2.5,None,
0,0,0,0,,,,,,,,,,,8.801526069641113,-0.1109979633401222,-0.1670061099796334,-2.629866674483711,-0.7097503837424534,0.03,,,,,,,,,435100,001,2025-07-15_10h27.01.014,Continuous_Psychophysics,2022.2.5,None,
0,0,0,0,,,,,,,,,,,8.813691139221191,-0.12016293279022404,-0.1659877800407332,-3.3344839882429995,-0.48667449973022636,0.03,,,,,,,,,435100,001,2025-07-15_10h27.01.014,Continuous_Psychophysics,2022.2.5,None,
0,0,0,0,,,,,,,,,,,8.818125009536743,-0.12016293279022404,-0.1659877800407332,-3.7712937158835813,-0.684771374711853,0.03,,,,,,,,,435100,001,2025-07-15_10h27.01.014,Continuous_Psychophysics,2022.2.5,None,
0,0,0,0,,,,,,,,,,,8.830651044845581,-0.12729124236252545,-0.1659877800407332,-3.664024820747525,-0.7347299682414562,0.03,,,,,,,,,435100,001,2025-07-15_10h27.01.014,Continuous_Psychophysics,2022.2.5,None,
0,0,0,0,,,,,,,,,,,8.834481000900269,-0.12729124236252545,-0.1659877800407332,-3.2757057793777125,-1.4019519494503312,0.03,,,,,,,,,435100,001,2025-07-15_10h27.01.014,Continuous_Psychophysics,2022.2.5,None,
0,0,0,0,,,,,,,,,,,8.847841024398804,-0.13238289205702647,-0.164969450101833,-2.8485105327559723,-1.393060247006424,0.03,,,,,,,,,435100,001,2025-07-15_10h27.01.014,Continuous_Psychophysics,2022.2.5,None,
0,0,0,0,,,,,,,,,,,8.851157903671265,-0.13238289205702647,-0.164969450101833,-2.420414173118178,-1.2367045193478776,0.03,,,,,,,,,435100,001,2025-07-15_10h27.01.014,Continuous_Psychophysics,2022.2.5,None,
0,0,0,0,,,,,,,,,,,8.864893198013306,-0.1354378818737271,-0.1629327902240326,-2.4906210114481797,-1.1490472217922414,0.03,,,,,,,,,435100,001,2025-07-15_10h27.01.014,Continuous_Psychophysics,2022.2.5,None,
0,0,0,0,,,,,,,,,,,8.868427991867065,-0.1354378818737271,-0.1629327902240326,-2.4894047104802586,-1.132137609485972,0.03,,,,,,,,,435100,001,2025-07-15_10h27.01.014,Continuous_Psychophysics,2022.2.5,None,
0,0,0,0,,,,,,,,,,,8.88213324546814,-0.1364562118126273,-0.15274949083503056,-2.790406279584165,-1.29805102812197,0.03,,,,,,,,,435100,001,2025-07-15_10h27.01.014,Continuous_Psychophysics,2022.2.5,None,
0,0,0,0,,,,,,,,,,,8.886994123458862,-0.1364562118126273,-0.13747454175152748,-3.2657858371557755,-1.3417564993696374,0.03,,,,,,,,,435100,001,2025-07-15_10h27.01.014,Continuous_Psychophysics,2022.2.5,None,
0,0,0,0,,,,,,,,,,,8.899165153503418,-0.1364562118126273,-0.12219959266802444,-3.6298642814095334,-1.6415586453866755,0.03,,,,,,,,,435100,001,2025-07-15_10h27.01.014,Continuous_Psychophysics,2022.2.5,None,
0,0,0,0,,,,,,,,,,,8.90396523475647,-0.1334012219959267,-0.10285132382892057,-3.83081582843709,-1.9659538087611437,0.03,,,,,,,,,435100,001,2025-07-15_10h27.01.014,Continuous_Psychophysics,2022.2.5,None,
0,0,0,0,,,,,,,,,,,8.916321039199829,-0.13136456211812628,-0.09266802443991853,-3.9385269662535967,-1.749882419414835,0.03,,,,,,,,,435100,001,2025-07-15_10h27.01.014,Continuous_Psychophysics,2022.2.5,None,
0,0,0,0,,,,,,,,,,,8.921379089355469,-0.12729124236252545,-0.07535641547861507,-3.9684422323267254,-1.877537650868616,0.03,,,,,,,,,435100,001,2025-07-15_10h27.01.014,Continuous_Psychophysics,2022.2.5,None,
0,0,0,0,,,,,,,,,,,8.933804035186768,-0.12525458248472504,-0.06822810590631365,-4.286981268924858,-2.1144151564204945,0.03,,,,,,,,,435100,001,2025-07-15_10h27.01.014,Continuous_Psychophysics,2022.2.5,None,
0,0,0,0,,,,,,,,,,,8.938733100891113,-0.12321792260692464,-0.06415478615071284,-4.413068618626382,-1.8522626250223513,0.03,,,,,,,,,435100,001,2025-07-15_10h27.01.014,Continuous_Psychophysics,2022.2.5,None,
0,0,0,0,,,,,,,,,,,8.943465232849121,-0.12118126272912423,-0.0560081466395112,-4.689531865196164,-1.772959484053578,0.03,,,,,,,,,435100,001,2025-07-15_10h27.01.014,Continuous_Psychophysics,2022.2.5,None,
0,0,0,0,,,,,,,,,,,8.955851078033447,-0.11608961303462322,-0.04480651731160896,-4.06500232097347,-1.195349537820092,0.03,,,,,,,,,435100,001,2025-07-15_10h27.01.014,Continuous_Psychophysics,2022.2.5,None,
0,0,0,0,,,,,,,,,,,8.960806131362915,-0.11303462321792261,-0.04175152749490835,-4.308664302543978,-1.3712719605987107,0.03,,,,,,,,,435100,001,2025-07-15_10h27.01.014,Continuous_Psychophysics,2022.2.5,None,
0,0,0,0,,,,,,,,,,,8.972843885421753,-0.1120162932790224,-0.03971486761710794,-4.441338648192041,-1.5522950329242466,0.03,,,,,,,,,435100,001,2025-07-15_10h27.01.014,Continuous_Psychophysics,2022.2.5,None,
0,0,0,0,,,,,,,,,,,8.976769924163818,-0.109979633401222,-0.038696537678207736,-4.793800874663215,-1.4732065009241784,0.03,,,,,,,,,435100,001,2025-07-15_10h27.01.014,Continuous_Psychophysics,2022.2.5,None,
0,0,0,0,,,,,,,,,,,8.99018907546997,-0.10692464358452139,-0.03767820773930754,-5.203104987552939,-1.6627079183666074,0.03,,,,,,,,,435100,001,2025-07-15_10h27.01.014,Continuous_Psychophysics,2022.2.5,None,
0,0,0,0,,,,,,,,,,,8.99488091468811,-0.10386965376782077,-0.03665987780040733,-5.750106973100822,-1.1234408573850954,0.03,,,,,,,,,435100,001,2025-07-15_10h27.01.014,Continuous_Psychophysics,2022.2.5,None,
0,0,0,0,,,,,,,,,,,9.007567167282104,-0.09775967413441955,-0.03665987780040733,-5.650199213444394,-1.3726496175090237,0.03,,,,,,,,,435100,001,2025-07-15_10h27.01.014,Continuous_Psychophysics,2022.2.5,None,
0,0,0,0,,,,,,,,,,,9.011896133422852,-0.09775967413441955,-0.03665987780040733,-5.492975132982994,-1.3544490346102411,0.03,,,,,,,,,435100,001,2025-07-15_10h27.01.014,Continuous_Psychophysics,2022.2.5,None,
0,0,0,0,,,,,,,,,,,9.024675130844116,-0.09164969450101833,-0.03665987780040733,-5.908641731133099,-1.162392074127485,0.03,,,,,,,,,435100,001,2025-07-15_10h27.01.014,Continuous_Psychophysics,2022.2.5,None,
0,0,0,0,,,,,,,,,,,9.02931809425354,-0.09164969450101833,-0.03665987780040733,-5.604002623210585,-1.5931475699556197,0.03,,,,,,,,,435100,001,2025-07-15_10h27.01.014,Continuous_Psychophysics,2022.2.5,None,
0,0,0,0,,,,,,,,,,,9.034404993057251,-0.08757637474541752,-0.03665987780040733,-5.810736735387695,-1.9316236556792776,0.03,,,,,,,,,435100,001,2025-07-15_10h27.01.014,Continuous_Psychophysics,2022.2.5,None,
0,0,0,0,,,,,,,,,,,9.046333074569702,-0.07841140529531568,-0.03767820773930754,-5.810736735387695,-2.0149466092277906,0.03,,,,,,,,,435100,001,2025-07-15_10h27.01.014,Continuous_Psychophysics,2022.2.5,None,
0,0,0,0,,,,,,,,,,,9.050921201705933,-0.07841140529531568,-0.03767820773930754,-5.8790673817210335,-2.638104544470373,0.03,,,,,,,,,435100,001,2025-07-15_10h27.01.014,Continuous_Psychophysics,2022.2.5,None,
0,0,0,0,,,,,,,,,,,9.063585996627808,-0.06720977596741344,-0.04073319755600815,-5.514866446198326,-2.7672067722263547,0.03,,,,,,,,,435100,001,2025-07-15_10h27.01.014,Continuous_Psychophysics,2022.2.5,None,
0,0,0,0,,,,,,,,,,,9.068129062652588,-0.06720977596741344,-0.04073319755600815,-5.597821072585836,-2.895562253124409,0.03,,,,,,,,,435100,001,2025-07-15_10h27.01.014,Continuous_Psychophysics,2022.2.5,None,
0,0,0,0,,,,,,,,,,,9.08056902885437,-0.054989816700611,-0.04276985743380855,-5.597821072585836,-2.9354269376931637,0.03,,,,,,,,,435100,001,2025-07-15_10h27.01.014,Continuous_Psychophysics,2022.2.5,None,
0,0,0,0,,,,,,,,,,,9.084522247314453,-0.054989816700611,-0.04276985743380855,-5.963914619924527,-3.507633418293685,0.03,,,,,,,,,435100,001,2025-07-15_10h27.01.014,Continuous_Psychophysics,2022.2.5,None,
0,0,0,0,,,,,,,,,,,9.097546100616455,-0.04378818737270876,-0.045824847250509164,-5.912702756758077,-4.3401570993670715,0.03,,,,,,,,,435100,001,2025-07-15_10h27.01.014,Continuous_Psychophysics,2022.2.5,None,
0,0,0,0,,,,,,,,,,,9.10198712348938,-0.04378818737270876,-0.045824847250509164,-5.912702756758077,-4.329892004652534,0.03,,,,,,,,,435100,001,2025-07-15_10h27.01.014,Continuous_Psychophysics,2022.2.5,None,
0,0,0,0,,,,,,,,,,,9.114677906036377,-0.034623217922606926,-0.04989816700610998,-5.740147555971509,-4.848025344613276,0.03,,,,,,,,,435100,001,2025-07-15_10h27.01.014,Continuous_Psychophysics,2022.2.5,None,
0,0,0,0,,,,,,,,,,,9.119402885437012,-0.029531568228105907,-0.051934826883910386,-5.740147555971509,-4.699303109736869,0.03,,,,,,,,,435100,001,2025-07-15_10h27.01.014,Continuous_Psychophysics,2022.2.5,None,
0,0,0,0,,,,,,,,,,,9.131649017333984,-0.026476578411405296,-0.054989816700611,-5.411178641502782,-4.671044584720921,0.03,,,,,,,,,435100,001,2025-07-15_10h27.01.014,Continuous_Psychophysics,2022.2.5,None,
0,0,0,0,,,,,,,,,,,9.13456106185913,-0.026476578411405296,-0.054989816700611,-5.686919214780094,-4.283555021222569,0.03,,,,,,,,,435100,001,2025-07-15_10h27.01.014,Continuous_Psychophysics,2022.2.5,None,
0,0,0,0,,,,,,,,,,,9.149091958999634,-0.020366598778004074,-0.06313645621181263,-5.876727446598122,-4.179783921776473,0.03,,,,,,,,,435100,001,2025-07-15_10h27.01.014,Continuous_Psychophysics,2022.2.5,None,
0,0,0,0,,,,,,,,,,,9.15372896194458,-0.018329938900203666,-0.07230142566191446,-5.966819216073343,-4.652355603574778,0.03,,,,,,,,,435100,001,2025-07-15_10h27.01.014,Continuous_Psychophysics,2022.2.5,None,
0,0,0,0,,,,,,,,,,,9.166142225265503,-0.017311608961303463,-0.07942973523421588,-5.966819216073343,-4.466499098895175,0.03,,,,,,,,,435100,001,2025-07-15_10h27.01.014,Continuous_Psychophysics,2022.2.5,None,
0,0,0,0,,,,,,,,,,,9.170756101608276,-0.016293279022403257,-0.08859470468431772,-5.963357019072361,-4.432379517656122,0.03,,,,,,,,,435100,001,2025-07-15_10h27.01.014,Continuous_Psychophysics,2022.2.5,None,
0,0,0,0,,,,,,,,,,,9.183335065841675,-0.016293279022403257,-0.09775967413441955,-5.863474288346566,-4.323958093568791,0.03,,,,,,,,,435100,001,2025-07-15_10h27.01.014,Continuous_Psychophysics,2022.2.5,None,
0,0,0,0,,,,,,,,,,,9.188223838806152,-0.017311608961303463,-0.10285132382892057,-5.863474288346566,-4.458530522098407,0.03,,,,,,,,,435100,001,2025-07-15_10h27.01.014,Continuous_Psychophysics,2022.2.5,None,
0,0,0,0,,,,,,,,,,,9.193509101867676,-0.020366598778004074,-0.109979633401222,-5.863474288346566,-4.806501693118415,0.03,,,,,,,,,435100,001,2025-07-15_10h27.01.014,Continuous_Psychophysics,2022.2.5,None,
0,0,0,0,,,,,,,,,,,9.205383062362671,-0.024439918533604887,-0.11710794297352342,-5.948722059745534,-4.5357357111278205,0.03,,,,,,,,,435100,001,2025-07-15_10h27.01.014,Continuous_Psychophysics,2022.2.5,None,
0,0,0,0,,,,,,,,,,,9.209867000579834,-0.03054989816700611,-0.12423625254582485,-5.888290272345897,-4.5234733996617065,0.03,,,,,,,,,435100,001,2025-07-15_10h27.01.014,Continuous_Psychophysics,2022.2.5,None,
0,0,0,0,,,,,,,,,,,9.222594022750854,-0.035641547861507125,-0.12830957230142567,-5.661250468148285,-4.72318165469504,0.03,,,,,,,,,435100,001,2025-07-15_10h27.01.014,Continuous_Psychophysics,2022.2.5,None,
0,0,0,0,,,,,,,,,,,9.227010011672974,-0.04175152749490835,-0.13238289205702647,-5.796389513164647,-5.010082904670335,0.03,,,,,,,,,435100,001,2025-07-15_10h27.01.014,Continuous_Psychophysics,2022.2.5,None,
0,0,0,0,,,,,,,,,,,9.2396719455719,-0.04786150712830957,-0.13441955193482688,-5.796389513164647,-4.5876777328902785,0.03,,,,,,,,,435100,001,2025-07-15_10h27.01.014,Continuous_Psychophysics,2022.2.5,None,
0,0,0,0,,,,,,,,,,,9.244767904281616,-0.06008146639511202,-0.13747454175152748,-5.313401542169784,-4.561767592729008,0.03,,,,,,,,,435100,001,2025-07-15_10h27.01.014,Continuous_Psychophysics,2022.2.5,None,
0,0,0,0,,,,,,,,,,,9.256914138793945,-0.07637474541751528,-0.13747454175152748,-4.996865953175689,-4.717067215733253,0.03,,,,,,,,,435100,001,2025-07-15_10h27.01.014,Continuous_Psychophysics,2022.2.5,None,
0,0,0,0,,,,,,,,,,,9.261264085769653,-0.07637474541751528,-0.13747454175152748,-4.957312913025605,-4.0210719110323945,0.03,,,,,,,,,435100,001,2025-07-15_10h27.01.014,Continuous_Psychophysics,2022.2.5,None,
0,0,0,0,,,,,,,,,,,9.27399206161499,-0.09368635437881874,-0.13238289205702647,-5.278947207264057,-4.414608401818885,0.03,,,,,,,,,435100,001,2025-07-15_10h27.01.014,Continuous_Psychophysics,2022.2.5,None,
0,0,0,0,,,,,,,,,,,9.278347969055176,-0.09368635437881874,-0.13238289205702647,-5.948825517530935,-4.6377531176632845,0.03,,,,,,,,,435100,001,2025-07-15_10h27.01.014,Continuous_Psychophysics,2022.2.5,None,
0,0,0,0,,,,,,,,,,,9.291048049926758,-0.10590631364562118,-0.12525458248472504,-5.766195416734423,-4.45630227661913,0.03,,,,,,,,,435100,001,2025-07-15_10h27.01.014,Continuous_Psychophysics,2022.2.5,None,
0,0,0,0,,,,,,,,,,,9.295500040054321,-0.10590631364562118,-0.12525458248472504,-5.906053662463794,-4.630154179202263,0.03,,,,,,,,,435100,001,2025-07-15_10h27.01.014,Continuous_Psychophysics,2022.2.5,None,
0,0,0,0,,,,,,,,,,,9.30837106704712,-0.11812627291242363,-0.11405295315682282,-5.93113400779812,-4.759461236423738,0.03,,,,,,,,,435100,001,2025-07-15_10h27.01.014,Continuous_Psychophysics,2022.2.5,None,
0,0,0,0,,,,,,,,,,,9.313272953033447,-0.12118126272912423,-0.10896130346232179,-5.93113400779812,-4.792578397198519,0.03,,,,,,,,,435100,001,2025-07-15_10h27.01.014,Continuous_Psychophysics,2022.2.5,None,
0,0,0,0,,,,,,,,,,,9.317692041397095,-0.12118126272912423,-0.10896130346232179,-5.391763604467179,-4.876168396421806,0.03,,,,,,,,,435100,001,2025-07-15_10h27.01.014,Continuous_Psychophysics,2022.2.5,None,
0,0,0,0,,,,,,,,,,,9.329957008361816,-0.12423625254582485,-0.10183299389002037,-5.579055021693065,-4.9655054867619315,0.03,,,,,,,,,435100,001,2025-07-15_10h27.01.014,Continuous_Psychophysics,2022.2.5,None,
0,0,0,0,,,,,,,,,,,9.334549188613892,-0.12423625254582485,-0.10183299389002037,-4.99591932901366,-5.042715312761988,0.03,,,,,,,,,435100,001,2025-07-15_10h27.01.014,Continuous_Psychophysics,2022.2.5,None,
0,0,0,0,,,,,,,,,,,9.346957921981812,-0.12627291242362526,-0.09572301425661914,-5.379589428461684,-5.042715312761988,0.03,,,,,,,,,435100,001,2025-07-15_10h27.01.014,Continuous_Psychophysics,2022.2.5,None,
0,0,0,0,,,,,,,,,,,9.351152181625366,-0.12627291242362526,-0.09572301425661914,-5.330926943505158,-5.499680280748408,0.03,,,,,,,,,435100,001,2025-07-15_10h27.01.014,Continuous_Psychophysics,2022.2.5,None,
0,0,0,0,,,,,,,,,,,9.364057064056396,-0.12627291242362526,-0.09266802443991853,-5.349182200181529,-5.333407134364159,0.03,,,,,,,,,435100,001,2025-07-15_10h27.01.014,Continuous_Psychophysics,2022.2.5,None,
0,0,0,0,,,,,,,,,,,9.36779522895813,-0.12627291242362526,-0.09266802443991853,-5.257663847265574,-5.087056790268829,0.03,,,,,,,,,435100,001,2025-07-15_10h27.01.014,Continuous_Psychophysics,2022.2.5,None,
0,0,0,0,,,,,,,,,,,9.38109302520752,-0.12627291242362526,-0.09164969450101833,-5.210165984805178,-4.9661388561430275,0.03,,,,,,,,,435100,001,2025-07-15_10h27.01.014,Continuous_Psychophysics,2022.2.5,None,
0,0,0,0,,,,,,,,,,,9.38474702835083,-0.12627291242362526,-0.09164969450101833,-4.853539346520186,-4.778506262279727,0.03,,,,,,,,,435100,001,2025-07-15_10h27.01.014,Continuous_Psychophysics,2022.2.5,None,
0,0,0,0,,,,,,,,,,,9.398221969604492,-0.12219959266802444,-0.09266802443991853,-5.3265052820303085,-4.931827879936718,0.03,,,,,,,,,435100,001,2025-07-15_10h27.01.014,Continuous_Psychophysics,2022.2.5,None,
0,0,0,0,,,,,,,,,,,9.402973175048828,-0.11914460285132383,-0.09775967413441955,-5.445861925783627,-4.869508037408541,0.03,,,,,,,,,435100,001,2025-07-15_10h27.01.014,Continuous_Psychophysics,2022.2.5,None,
0,0,0,0,,,,,,,,,,,9.415401220321655,-0.11710794297352342,-0.10386965376782077,-5.765104679977983,-5.1201028221862215,0.03,,,,,,,,,435100,001,2025-07-15_10h27.01.014,Continuous_Psychophysics,2022.2.5,None,
0,0,0,0,,,,,,,,,,,9.420263051986694,-0.11507128309572301,-0.1109979633401222,-5.649020695996282,-5.26239681085676,0.03,,,,,,,,,435100,001,2025-07-15_10h27.01.014,Continuous_Psychophysics,2022.2.5,None,
0,0,0,0,,,,,,,,,,,9.432316064834595,-0.11507128309572301,-0.11608961303462322,-5.649020695996282,-5.308030479342139,0.03,,,,,,,,,435100,001,2025-07-15_10h27.01.014,Continuous_Psychophysics,2022.2.5,None,
0,0,0,0,,,,,,,,,,,9.436828136444092,-0.11507128309572301,-0.12321792260692464,-5.486719318500972,-5.283858627321607,0.03,,,,,,,,,435100,001,2025-07-15_10h27.01.014,Continuous_Psychophysics,2022.2.5,None,
0,0,0,0,,,,,,,,,,,9.449575185775757,-0.11507128309572301,-0.13136456211812628,-5.487063615168172,-5.189414321515575,0.03,,,,,,,,,435100,001,2025-07-15_10h27.01.014,Continuous_Psychophysics,2022.2.5,None,
0,0,0,0,,,,,,,,,,,9.454105138778687,-0.11507128309572301,-0.13747454175152748,-5.016290616945816,-5.517214668491574,0.03,,,,,,,,,435100,001,2025-07-15_10h27.01.014,Continuous_Psychophysics,2022.2.5,None,
0,0,0,0,,,,,,,,,,,9.466858148574829,-0.11608961303462322,-0.1425661914460285,-5.093419238586308,-5.117303440657652,0.03,,,,,,,,,435100,001,2025-07-15_10h27.01.014,Continuous_Psychophysics,2022.2.5,None,
0,0,0,0,,,,,,,,,,,9.47159218788147,-0.11914460285132383,-0.14562118126272913,-5.0074107227816675,-4.719632326434877,0.03,,,,,,,,,435100,001,2025-07-15_10h27.01.014,Continuous_Psychophysics,2022.2.5,None,
0,0,0,0,,,,,,,,,,,9.476189136505127,-0.12118126272912423,-0.14867617107942974,-5.125519206617879,-5.366636482897972,0.03,,,,,,,,,435100,001,2025-07-15_10h27.01.014,Continuous_Psychophysics,2022.2.5,None,
0,0,0,0,,,,,,,,,,,9.488463163375854,-0.12321792260692464,-0.14867617107942974,-4.847819963413566,-5.797835097547939,0.03,,,,,,,,,435100,001,2025-07-15_10h27.01.014,Continuous_Psychophysics,2022.2.5,None,
0,0,0,0,,,,,,,,,,,9.493181228637695,-0.12729124236252545,-0.15071283095723015,-4.489894097037415,-5.797835097547939,0.03,,,,,,,,,435100,001,2025-07-15_10h27.01.014,Continuous_Psychophysics,2022.2.5,None,
0,0,0,0,,,,,,,,,,,9.505506992340088,-0.12830957230142567,-0.15071283095723015,-4.785691502803404,-5.899023658302049,0.03,,,,,,,,,435100,001,2025-07-15_10h27.01.014,Continuous_Psychophysics,2022.2.5,None,
0,0,0,0,,,,,,,,,,,9.509780168533325,-0.13034623217922606,-0.15071283095723015,-4.714938508910762,-5.6583718070652145,0.03,,,,,,,,,435100,001,2025-07-15_10h27.01.014,Continuous_Psychophysics,2022.2.5,None,
0,0,0,0,,,,,,,,,,,9.522650003433228,-0.13238289205702647,-0.15071283095723015,-5.1562318477277636,-5.6583718070652145,0.03,,,,,,,,,435100,001,2025-07-15_10h27.01.014,Continuous_Psychophysics,2022.2.5,None,
0,0,0,0,,,,,,,,,,,9.526748180389404,-0.1334012219959267,-0.15071283095723015,-5.34157891863388,-5.589663005704108,0.03,,,,,,,,,435100,001,2025-07-15_10h27.01.014,Continuous_Psychophysics,2022.2.5,None,
0,0,0,0,,,,,,,,,,,9.539722919464111,-0.13441955193482688,-0.15071283095723015,-5.467833956365802,-5.6086446806693075,0.03,,,,,,,,,435100,001,2025-07-15_10h27.01.014,Continuous_Psychophysics,2022.2.5,None,
0,0,0,0,,,,,,,,,,,9.543930053710938,-0.13441955193482688,-0.15071283095723015,-5.802251234395273,-5.765173469680803,0.03,,,,,,,,,435100,001,2025-07-15_10h27.01.014,Continuous_Psychophysics,2022.2.5,None,
0,0,0,0,,,,,,,,,,,9.556465148925781,-0.13441955193482688,-0.15071283095723015,-5.802251234395273,-5.545284030745962,0.03,,,,,,,,,435100,001,2025-07-15_10h27.01.014,Continuous_Psychophysics,2022.2.5,None,
0,0,0,0,,,,,,,,,,,9.55933403968811,-0.13441955193482688,-0.15071283095723015,-5.309899595743057,-5.176522020412504,0.03,,,,,,,,,435100,001,2025-07-15_10h27.01.014,Continuous_Psychophysics,2022.2.5,None,
0,0,0,0,,,,,,,,,,,9.573897123336792,-0.13441955193482688,-0.15274949083503056,-5.356238066176916,-4.8486708779124825,0.03,,,,,,,,,435100,001,2025-07-15_10h27.01.014,Continuous_Psychophysics,2022.2.5,None,
0,0,0,0,,,,,,,,,,,9.578110218048096,-0.13441955193482688,-0.15274949083503056,-5.67748333734847,-4.980018900051684,0.03,,,,,,,,,435100,001,2025-07-15_10h27.01.014,Continuous_Psychophysics,2022.2.5,None,
0,0,0,0,,,,,,,,,,,9.591410160064697,-0.13136456211812628,-0.15885947046843177,-5.2488208588311,-5.11827136836677,0.03,,,,,,,,,435100,001,2025-07-15_10h27.01.014,Continuous_Psychophysics,2022.2.5,None,
0,0,0,0,,,,,,,,,,,9.596177101135254,-0.12932790224032586,-0.16191446028513237,-5.319529468270613,-4.875896072183426,0.03,,,,,,,,,435100,001,2025-07-15_10h27.01.014,Continuous_Psychophysics,2022.2.5,None,
0,0,0,0,,,,,,,,,,,9.608403205871582,-0.12729124236252545,-0.1680244399185336,-5.259061500688155,-5.077317131207358,0.03,,,,,,,,,435100,001,2025-07-15_10h27.01.014,Continuous_Psychophysics,2022.2.5,None,
0,0,0,0,,,,,,,,,,,9.612993001937866,-0.12525458248472504,-0.17413441955193482,-5.174482162369419,-4.934282255728898,0.03,,,,,,,,,435100,001,2025-07-15_10h27.01.014,Continuous_Psychophysics,2022.2.5,None,
0,0,0,0,,,,,,,,,,,9.625500202178955,-0.12219959266802444,-0.17922606924643583,-5.269941035916572,-4.9627508597207655,0.03,,,,,,,,,435100,001,2025-07-15_10h27.01.014,Continuous_Psychophysics,2022.2.5,None,
0,0,0,0,,,,,,,,,,,9.6302649974823,-0.12016293279022404,-0.18533604887983707,-5.190733059446765,-4.527445408572144,0.03,,,,,,,,,435100,001,2025-07-15_10h27.01.014,Continuous_Psychophysics,2022.2.5,None,
0,0,0,0,,,,,,,,,,,9.63467001914978,-0.12016293279022404,-0.18533604887983707,-5.473390305759968,-4.379279182738069,0.03,,,,,,,,,435100,001,2025-07-15_10h27.01.014,Continuous_Psychophysics,2022.2.5,None,
0,0,0,0,,,,,,,,,,,9.647347211837769,-0.11608961303462322,-0.1955193482688391,-5.070381337995418,-4.46836837369514,0.03,,,,,,,,,435100,001,2025-07-15_10h27.01.014,Continuous_Psychophysics,2022.2.5,None,
0,0,0,0,,,,,,,,,,,9.650911092758179,-0.11608961303462322,-0.1955193482688391,-5.341077612398128,-4.114817293234823,0.03,,,,,,,,,435100,001,2025-07-15_10h27.01.014,Continuous_Psychophysics,2022.2.5,None,
0,0,0,0,,,,,,,,,,,9.664438962936401,-0.11405295315682282,-0.20162932790224034,-4.95288666116199,-4.00484874408655,0.03,,,,,,,,,435100,001,2025-07-15_10h27.01.014,Continuous_Psychophysics,2022.2.5,None,
0,0,0,0,,,,,,,,,,,9.668407917022705,-0.11405295315682282,-0.20162932790224034,-4.830750274706848,-3.993554108549377,0.03,,,,,,,,,435100,001,2025-07-15_10h27.01.014,Continuous_Psychophysics,2022.2.5,None,
0,0,0,0,,,,,,,,,,,9.681393146514893,-0.11303462321792261,-0.20875763747454176,-4.170174744250119,-4.24435799017059,0.03,,,,,,,,,435100,001,2025-07-15_10h27.01.014,Continuous_Psychophysics,2022.2.5,None,
0,0,0,0,,,,,,,,,,,9.684916973114014,-0.11303462321792261,-0.21079429735234215,-4.686615471254183,-4.149046145547043,0.03,,,,,,,,,435100,001,2025-07-15_10h27.01.014,Continuous_Psychophysics,2022.2.5,None,
0,0,0,0,,,,,,,,,,,9.698700904846191,-0.11303462321792261,-0.21384928716904278,-4.615759210958196,-3.9374965961395945,0.03,,,,,,,,,435100,001,2025-07-15_10h27.01.014,Continuous_Psychophysics,2022.2.5,None,
0,0,0,0,,,,,,,,,,,9.703293085098267,-0.11303462321792261,-0.2158859470468432,-4.565147768781329,-3.948028191324585,0.03,,,,,,,,,435100,001,2025-07-15_10h27.01.014,Continuous_Psychophysics,2022.2.5,None,
0,0,0,0,,,,,,,,,,,9.715803146362305,-0.11303462321792261,-0.21690427698574338,-4.561704289779658,-4.26540852224315,0.03,,,,,,,,,435100,001,2025-07-15_10h27.01.014,Continuous_Psychophysics,2022.2.5,None,
0,0,0,0,,,,,,,,,,,9.720372915267944,-0.11405295315682282,-0.21792260692464357,-4.51947816617356,-4.5424173652963225,0.03,,,,,,,,,435100,001,2025-07-15_10h27.01.014,Continuous_Psychophysics,2022.2.5,None,
0,0,0,0,,,,,,,,,,,9.733790159225464,-0.11710794297352342,-0.2209775967413442,-4.538590076507625,-5.1838033084670325,0.03,,,,,,,,,435100,001,2025-07-15_10h27.01.014,Continuous_Psychophysics,2022.2.5,None,
0,0,0,0,,,,,,,,,,,9.738883018493652,-0.11710794297352342,-0.2209775967413442,-4.02219077263031,-5.3829658290869205,0.03,,,,,,,,,435100,001,2025-07-15_10h27.01.014,Continuous_Psychophysics,2022.2.5,None,
0,0,0,0,,,,,,,,,,,9.743537187576294,-0.11812627291242363,-0.2219959266802444,-4.253294360707777,-5.324395775606316,0.03,,,,,,,,,435100,001,2025-07-15_10h27.01.014,Continuous_Psychophysics,2022.2.5,None,
0,0,0,0,,,,,,,,,,,9.756102085113525,-0.12016293279022404,-0.2230142566191446,-4.25901981191738,-5.674662345982391,0.03,,,,,,,,,435100,001,2025-07-15_10h27.01.014,Continuous_Psychophysics,2022.2.5,None,
0,0,0,0,,,,,,,,,,,9.760496139526367,-0.12219959266802444,-0.2230142566191446,-4.53099279683002,-5.348527029755759,0.03,,,,,,,,,435100,001,2025-07-15_10h27.01.014,Continuous_Psychophysics,2022.2.5,None,
0,0,0,0,,,,,,,,,,,9.77285122871399,-0.12423625254582485,-0.2240325865580448,-3.929079852230135,-5.362354057129685,0.03,,,,,,,,,435100,001,2025-07-15_10h27.01.014,Continuous_Psychophysics,2022.2.5,None,
0,0,0,0,,,,,,,,,,,9.776339054107666,-0.12525458248472504,-0.2240325865580448,-4.286521992406443,-5.328003613204809,0.03,,,,,,,,,435100,001,2025-07-15_10h27.01.014,Continuous_Psychophysics,2022.2.5,None,
0,0,0,0,,,,,,,,,,,9.790147066116333,-0.12729124236252545,-0.2240325865580448,-4.099983556827432,-5.423077884913402,0.03,,,,,,,,,435100,001,2025-07-15_10h27.01.014,Continuous_Psychophysics,2022.2.5,None,
0,0,0,0,,,,,,,,,,,9.794695138931274,-0.12932790224032586,-0.2230142566191446,-3.962852039291909,-5.62144954472388,0.03,,,,,,,,,435100,001,2025-07-15_10h27.01.014,Continuous_Psychophysics,2022.2.5,None,
0,0,0,0,,,,,,,,,,,9.80727505683899,-0.13136456211812628,-0.2189409368635438,-3.9644915249861263,-5.484840888464432,0.03,,,,,,,,,435100,001,2025-07-15_10h27.01.014,Continuous_Psychophysics,2022.2.5,None,
0,0,0,0,,,,,,,,,,,9.812181234359741,-0.13238289205702647,-0.21181262729124237,-3.9896582289617726,-5.5841873519066505,0.03,,,,,,,,,435100,001,2025-07-15_10h27.01.014,Continuous_Psychophysics,2022.2.5,None,
0,0,0,0,,,,,,,,,,,9.824912071228027,-0.1334012219959267,-0.1924643584521385,-3.862007715630719,-5.445839017431106,0.03,,,,,,,,,435100,001,2025-07-15_10h27.01.014,Continuous_Psychophysics,2022.2.5,None,
0,0,0,0,,,,,,,,,,,9.82996392250061,-0.1334012219959267,-0.18126272912423624,-3.248908886145586,-4.943326972971686,0.03,,,,,,,,,435100,001,2025-07-15_10h27.01.014,Continuous_Psychophysics,2022.2.5,None,
0,0,0,0,,,,,,,,,,,9.834558248519897,-0.1334012219959267,-0.18126272912423624,-3.11074395033013,-5.1592923017394225,0.03,,,,,,,,,435100,001,2025-07-15_10h27.01.014,Continuous_Psychophysics,2022.2.5,None,
0,0,0,0,,,,,,,,,,,9.846879959106445,-0.1334012219959267,-0.17006109979633402,-3.0205777635996416,-5.001449542901157,0.03,,,,,,,,,435100,001,2025-07-15_10h27.01.014,Continuous_Psychophysics,2022.2.5,None,
0,0,0,0,,,,,,,,,,,9.851461172103882,-0.1334012219959267,-0.17006109979633402,-3.0739753931653033,-5.15423299372141,0.03,,,,,,,,,435100,001,2025-07-15_10h27.01.014,Continuous_Psychophysics,2022.2.5,None,
0,0,0,0,,,,,,,,,,,9.863873958587646,-0.13136456211812628,-0.15784114052953158,-2.804863024036432,-5.483204780135025,0.03,,,,,,,,,435100,001,2025-07-15_10h27.01.014,Continuous_Psychophysics,2022.2.5,None,
0,0,0,0,,,,,,,,,,,9.86841106414795,-0.13136456211812628,-0.15784114052953158,-2.9151101983585104,-5.718970677046778,0.03,,,,,,,,,435100,001,2025-07-15_10h27.01.014,Continuous_Psychophysics,2022.2.5,None,
0,0,0,0,,,,,,,,,,,9.88146710395813,-0.12932790224032586,-0.15071283095723015,-2.8160446430100716,-5.300524877002459,0.03,,,,,,,,,435100,001,2025-07-15_10h27.01.014,Continuous_Psychophysics,2022.2.5,None,
0,0,0,0,,,,,,,,,,,9.88453221321106,-0.12932790224032586,-0.15071283095723015,-2.5697707897792474,-5.254274551930584,0.03,,,,,,,,,435100,001,2025-07-15_10h27.01.014,Continuous_Psychophysics,2022.2.5,None,
0,0,0,0,,,,,,,,,,,9.89863109588623,-0.12729124236252545,-0.14765784114052954,-2.516077582438844,-5.28389937331713,0.03,,,,,,,,,435100,001,2025-07-15_10h27.01.014,Continuous_Psychophysics,2022.2.5,None,
0,0,0,0,,,,,,,,,,,9.903033018112183,-0.12627291242362526,-0.14765784114052954,-2.7639826999930914,-4.9824902146887355,0.03,,,,,,,,,435100,001,2025-07-15_10h27.01.014,Continuous_Psychophysics,2022.2.5,None,
0,0,0,0,,,,,,,,,,,9.915722131729126,-0.12525458248472504,-0.14663951120162932,-2.5726194633259034,-4.840334500447457,0.03,,,,,,,,,435100,001,2025-07-15_10h27.01.014,Continuous_Psychophysics,2022.2.5,None,
0,0,0,0,,,,,,,,,,,9.92008113861084,-0.12423625254582485,-0.14663951120162932,-2.7082773272831964,-4.826240774984563,0.03,,,,,,,,,435100,001,2025-07-15_10h27.01.014,Continuous_Psychophysics,2022.2.5,None,
0,0,0,0,,,,,,,,,,,9.932796001434326,-0.12423625254582485,-0.14663951120162932,-2.967770101953528,-5.223035337607419,0.03,,,,,,,,,435100,001,2025-07-15_10h27.01.014,Continuous_Psychophysics,2022.2.5,None,
0,0,0,0,,,,,,,,,,,9.936897039413452,-0.12321792260692464,-0.14663951120162932,-3.2727801669708816,-5.09205029899246,0.03,,,,,,,,,435100,001,2025-07-15_10h27.01.014,Continuous_Psychophysics,2022.2.5,None,
0,0,0,0,,,,,,,,,,,9.949947118759155,-0.12321792260692464,-0.14663951120162932,-3.7815708827288153,-5.592559163466708,0.03,,,,,,,,,435100,001,2025-07-15_10h27.01.014,Continuous_Psychophysics,2022.2.5,None,
0,0,0,0,,,,,,,,,,,9.954422950744629,-0.12219959266802444,-0.14562118126272913,-3.336328031732267,-5.51254703593073,0.03,,,,,,,,,435100,001,2025-07-15_10h27.01.014,Continuous_Psychophysics,2022.2.5,None,
0,0,0,0,,,,,,,,,,,9.967257976531982,-0.12118126272912423,-0.14562118126272913,-4.134076334854385,-5.718760373939967,0.03,,,,,,,,,435100,001,2025-07-15_10h27.01.014,Continuous_Psychophysics,2022.2.5,None,
0,0,0,0,,,,,,,,,,,9.972023010253906,-0.12016293279022404,-0.1446028513238289,-4.257701933101514,-5.718760373939967,0.03,,,,,,,,,435100,001,2025-07-15_10h27.01.014,Continuous_Psychophysics,2022.2.5,None,
0,0,0,0,,,,,,,,,,,9.976607084274292,-0.11914460285132383,-0.14358452138492872,-3.800193642031908,-5.600434798204302,0.03,,,,,,,,,435100,001,2025-07-15_10h27.01.014,Continuous_Psychophysics,2022.2.5,None,
0,0,0,0,,,,,,,,,,,9.988854885101318,-0.11812627291242363,-0.1425661914460285,-3.9064769740678305,-5.2240533369497175,0.03,,,,,,,,,435100,001,2025-07-15_10h27.01.014,Continuous_Psychophysics,2022.2.5,None,
0,0,0,0,,,,,,,,,,,9.993203163146973,-0.11710794297352342,-0.1415478615071283,-4.149488416323997,-5.2240533369497175,0.03,,,,,,,,,435100,001,2025-07-15_10h27.01.014,Continuous_Psychophysics,2022.2.5,None,
0,0,0,0,,,,,,,,,,,10.005972146987915,-0.11608961303462322,-0.1415478615071283,-4.537828400210381,-5.25534100018257,0.03,,,,,,,,,435100,001,2025-07-15_10h27.01.014,Continuous_Psychophysics,2022.2.5,None,
0,0,0,0,,,,,,,,,,,10.009631156921387,-0.11507128309572301,-0.14052953156822812,-4.5279915475238806,-4.96592387773791,0.03,,,,,,,,,435100,001,2025-07-15_10h27.01.014,Continuous_Psychophysics,2022.2.5,None,
0,0,0,0,,,,,,,,,,,10.023149013519287,-0.11303462321792261,-0.14052953156822812,-4.816948691511501,-4.8407611967971365,0.03,,,,,,,,,435100,001,2025-07-15_10h27.01.014,Continuous_Psychophysics,2022.2.5,None,
0,0,0,0,,,,,,,,,,,10.027810096740723,-0.1120162932790224,-0.14052953156822812,-4.768325508883107,-4.5645550433339634,0.03,,,,,,,,,435100,001,2025-07-15_10h27.01.014,Continuous_Psychophysics,2022.2.5,None,
0,0,0,0,,,,,,,,,,,10.040093183517456,-0.1109979633401222,-0.14052953156822812,-4.757179391927157,-4.681546161764662,0.03,,,,,,,,,435100,001,2025-07-15_10h27.01.014,Continuous_Psychophysics,2022.2.5,None,
0,0,0,0,,,,,,,,,,,10.043594121932983,-0.10896130346232179,-0.14052953156822812,-4.8763612834096035,-5.05661653063854,0.03,,,,,,,,,435100,001,2025-07-15_10h27.01.014,Continuous_Psychophysics,2022.2.5,None,
0,0,0,0,,,,,,,,,,,10.057969093322754,-0.1079429735234216,-0.14358452138492872,-4.833798949381078,-5.523944539642429,0.03,,,,,,,,,435100,001,2025-07-15_10h27.01.014,Continuous_Psychophysics,2022.2.5,None,
0,0,0,0,,,,,,,,,,,10.062155961990356,-0.1079429735234216,-0.14358452138492872,-4.851250828507712,-5.523944539642429,0.03,,,,,,,,,435100,001,2025-07-15_10h27.01.014,Continuous_Psychophysics,2022.2.5,None,
0,0,0,0,,,,,,,,,,,10.07470417022705,-0.10590631364562118,-0.15071283095723015,-4.93766541018428,-5.464024813818204,0.03,,,,,,,,,435100,001,2025-07-15_10h27.01.014,Continuous_Psychophysics,2022.2.5,None,
0,0,0,0,,,,,,,,,,,10.07898211479187,-0.10590631364562118,-0.15071283095723015,-5.174788655087257,-4.796308912808278,0.03,,,,,,,,,435100,001,2025-07-15_10h27.01.014,Continuous_Psychophysics,2022.2.5,None,
0,0,0,0,,,,,,,,,,,10.091779947280884,-0.10590631364562118,-0.159877800407332,-5.144596769218816,-5.286651825010582,0.03,,,,,,,,,435100,001,2025-07-15_10h27.01.014,Continuous_Psychophysics,2022.2.5,None,
0,0,0,0,,,,,,,,,,,10.096500158309937,-0.10590631364562118,-0.16395112016293278,-4.952788694589696,-5.1727670902469365,0.03,,,,,,,,,435100,001,2025-07-15_10h27.01.014,Continuous_Psychophysics,2022.2.5,None,
0,0,0,0,,,,,,,,,,,10.100975036621094,-0.10590631364562118,-0.16395112016293278,-4.801997076089367,-5.3542937506080115,0.03,,,,,,,,,435100,001,2025-07-15_10h27.01.014,Continuous_Psychophysics,2022.2.5,None,
0,0,0,0,,,,,,,,,,,10.113386154174805,-0.10590631364562118,-0.17209775967413443,-4.666263027855201,-5.764773890960802,0.03,,,,,,,,,435100,001,2025-07-15_10h27.01.014,Continuous_Psychophysics,2022.2.5,None,
0,0,0,0,,,,,,,,,,,10.117812156677246,-0.10590631364562118,-0.17209775967413443,-4.4410303935592905,-5.800940203079806,0.03,,,,,,,,,435100,001,2025-07-15_10h27.01.014,Continuous_Psychophysics,2022.2.5,None,
0,0,0,0,,,,,,,,,,,10.130486011505127,-0.10590631364562118,-0.18024439918533605,-4.616506933332522,-5.842463162704644,0.03,,,,,,,,,435100,001,2025-07-15_10h27.01.014,Continuous_Psychophysics,2022.2.5,None,
0,0,0,0,,,,,,,,,,,10.134535074234009,-0.10590631364562118,-0.18024439918533605,-4.42944071157856,-5.842463162704644,0.03,,,,,,,,,435100,001,2025-07-15_10h27.01.014,Continuous_Psychophysics,2022.2.5,None,
0,0,0,0,,,,,,,,,,,10.147310972213745,-0.10692464358452139,-0.18431771894093688,-4.090328226986832,-5.707626673328354,0.03,,,,,,,,,435100,001,2025-07-15_10h27.01.014,Continuous_Psychophysics,2022.2.5,None,
0,0,0,0,,,,,,,,,,,10.150900840759277,-0.10692464358452139,-0.18431771894093688,-3.925700215689271,-5.746864234674434,0.03,,,,,,,,,435100,001,2025-07-15_10h27.01.014,Continuous_Psychophysics,2022.2.5,None,
0,0,0,0,,,,,,,,,,,10.164876937866211,-0.1079429735234216,-0.19042769857433808,-3.8337770029632274,-5.857944303017836,0.03,,,,,,,,,435100,001,2025-07-15_10h27.01.014,Continuous_Psychophysics,2022.2.5,None,
0,0,0,0,,,,,,,,,,,10.169430017471313,-0.1079429735234216,-0.19144602851323828,-4.288058784186503,-5.75265637352418,0.03,,,,,,,,,435100,001,2025-07-15_10h27.01.014,Continuous_Psychophysics,2022.2.5,None,
0,0,0,0,,,,,,,,,,,10.182135105133057,-0.1079429735234216,-0.1934826883910387,-4.584983926984865,-5.198282409601157,0.03,,,,,,,,,435100,001,2025-07-15_10h27.01.014,Continuous_Psychophysics,2022.2.5,None,
0,0,0,0,,,,,,,,,,,10.186440229415894,-0.10896130346232179,-0.1955193482688391,-4.186089040594604,-4.716479237850486,0.03,,,,,,,,,435100,001,2025-07-15_10h27.01.014,Continuous_Psychophysics,2022.2.5,None,
0,0,0,0,,,,,,,,,,,10.19938611984253,-0.10896130346232179,-0.19653767820773932,-3.83214596638276,-3.928474282065908,0.03,,,,,,,,,435100,001,2025-07-15_10h27.01.014,Continuous_Psychophysics,2022.2.5,None,
0,0,0,0,,,,,,,,,,,10.203893899917603,-0.10896130346232179,-0.1985743380855397,-3.6506669018352587,-3.734352880551268,0.03,,,,,,,,,435100,001,2025-07-15_10h27.01.014,Continuous_Psychophysics,2022.2.5,None,
0,0,0,0,,,,,,,,,,,10.21644115447998,-0.10896130346232179,-0.19959266802443992,-4.617405776551363,-4.368656203462705,0.03,,,,,,,,,435100,001,2025-07-15_10h27.01.014,Continuous_Psychophysics,2022.2.5,None,
0,0,0,0,,,,,,,,,,,10.2207350730896,-0.10896130346232179,-0.20061099796334012,-4.75335832482604,-4.33847713168647,0.03,,,,,,,,,435100,001,2025-07-15_10h27.01.014,Continuous_Psychophysics,2022.2.5,None,
0,0,0,0,,,,,,,,,,,10.233652114868164,-0.10896130346232179,-0.20061099796334012,-4.970291914312321,-4.27350053931399,0.03,,,,,,,,,435100,001,2025-07-15_10h27.01.014,Continuous_Psychophysics,2022.2.5,None,
0,0,0,0,,,,,,,,,,,10.238071918487549,-0.1079429735234216,-0.20162932790224034,-4.911497237832358,-4.646873512486083,0.03,,,,,,,,,435100,001,2025-07-15_10h27.01.014,Continuous_Psychophysics,2022.2.5,None,
0,0,0,0,,,,,,,,,,,10.250752925872803,-0.10692464358452139,-0.20162932790224034,-4.467851318771698,-4.888117381224814,0.03,,,,,,,,,435100,001,2025-07-15_10h27.01.014,Continuous_Psychophysics,2022.2.5,None,
0,0,0,0,,,,,,,,,,,10.255092859268188,-0.10590631364562118,-0.20264765784114053,-4.446233582801679,-4.814808499831589,0.03,,,,,,,,,435100,001,2025-07-15_10h27.01.014,Continuous_Psychophysics,2022.2.5,None,
0,0,0,0,,,,,,,,,,,10.260138273239136,-0.10386965376782077,-0.20264765784114053,-4.247097103186268,-5.002589382470734,0.03,,,,,,,,,435100,001,2025-07-15_10h27.01.014,Continuous_Psychophysics,2022.2.5,None,
0,0,0,0,,,,,,,,,,,10.272176027297974,-0.10285132382892057,-0.20366598778004075,-4.1666164321208745,-4.62000596114972,0.03,,,,,,,,,435100,001,2025-07-15_10h27.01.014,Continuous_Psychophysics,2022.2.5,None,
0,0,0,0,,,,,,,,,,,10.276740074157715,-0.10183299389002037,-0.20366598778004075,-4.111814315728302,-4.547896726986887,0.03,,,,,,,,,435100,001,2025-07-15_10h27.01.014,Continuous_Psychophysics,2022.2.5,None,
0,0,0,0,,,,,,,,,,,10.289273023605347,-0.10081466395112017,-0.20468431771894094,-3.8455612616360777,-4.486556006752912,0.03,,,,,,,,,435100,001,2025-07-15_10h27.01.014,Continuous_Psychophysics,2022.2.5,None,
0,0,0,0,,,,,,,,,,,10.293787002563477,-0.10081466395112017,-0.20468431771894094,-4.205686021792661,-4.8181339767778875,0.03,,,,,,,,,435100,001,2025-07-15_10h27.01.014,Continuous_Psychophysics,2022.2.5,None,
0,0,0,0,,,,,,,,,,,10.306449174880981,-0.09979633401221996,-0.20570264765784113,-4.166043612207394,-4.604539954858281,0.03,,,,,,,,,435100,001,2025-07-15_10h27.01.014,Continuous_Psychophysics,2022.2.5,None,
0,0,0,0,,,,,,,,,,,10.309906244277954,-0.09877800407331976,-0.20570264765784113,-4.3569552170579104,-4.7970054598570115,0.03,,,,,,,,,435100,001,2025-07-15_10h27.01.014,Continuous_Psychophysics,2022.2.5,None,
0,0,0,0,,,,,,,,,,,10.323683977127075,-0.09877800407331976,-0.20570264765784113,-4.519739231612188,-4.603371452838092,0.03,,,,,,,,,435100,001,2025-07-15_10h27.01.014,Continuous_Psychophysics,2022.2.5,None,
0,0,0,0,,,,,,,,,,,10.327911138534546,-0.09877800407331976,-0.20570264765784113,-4.498319910504164,-4.422029037355286,0.03,,,,,,,,,435100,001,2025-07-15_10h27.01.014,Continuous_Psychophysics,2022.2.5,None,
0,0,0,0,,,,,,,,,,,10.340919971466064,-0.09775967413441955,-0.20570264765784113,-4.788669335727481,-4.4389442271745265,0.03,,,,,,,,,435100,001,2025-07-15_10h27.01.014,Continuous_Psychophysics,2022.2.5,None,
0,0,0,0,,,,,,,,,,,10.345128059387207,-0.09775967413441955,-0.20570264765784113,-4.444817214950717,-4.760506179580494,0.03,,,,,,,,,435100,001,2025-07-15_10h27.01.014,Continuous_Psychophysics,2022.2.5,None,
0,0,0,0,,,,,,,,,,,10.357934951782227,-0.09775967413441955,-0.20570264765784113,-4.748428428553015,-4.421858367092069,0.03,,,,,,,,,435100,001,2025-07-15_10h27.01.014,Continuous_Psychophysics,2022.2.5,None,
0,0,0,0,,,,,,,,,,,10.362159967422485,-0.09775967413441955,-0.20570264765784113,-4.664717829181497,-4.021978717362253,0.03,,,,,,,,,435100,001,2025-07-15_10h27.01.014,Continuous_Psychophysics,2022.2.5,None,
0,0,0,0,,,,,,,,,,,10.375389099121094,-0.09775967413441955,-0.20468431771894094,-4.756437279035104,-4.160594465902136,0.03,,,,,,,,,435100,001,2025-07-15_10h27.01.014,Continuous_Psychophysics,2022.2.5,None,
0,0,0,0,,,,,,,,,,,10.38000202178955,-0.09775967413441955,-0.20468431771894094,-4.483702457463998,-3.765170231997637,0.03,,,,,,,,,435100,001,2025-07-15_10h27.01.014,Continuous_Psychophysics,2022.2.5,None,
0,0,0,0,,,,,,,,,,,10.384721040725708,-0.09775967413441955,-0.20366598778004075,-4.878273258621014,-3.5854277687496094,0.03,,,,,,,,,435100,001,2025-07-15_10h27.01.014,Continuous_Psychophysics,2022.2.5,None,
0,0,0,0,,,,,,,,,,,10.396843910217285,-0.09877800407331976,-0.20162932790224034,-4.936111258572579,-3.406790224994706,0.03,,,,,,,,,435100,001,2025-07-15_10h27.01.014,Continuous_Psychophysics,2022.2.5,None,
0,0,0,0,,,,,,,,,,,10.401110887527466,-0.09877800407331976,-0.20162932790224034,-5.457815033332559,-2.8354044365522366,0.03,,,,,,,,,435100,001,2025-07-15_10h27.01.014,Continuous_Psychophysics,2022.2.5,None,
0,0,0,0,,,,,,,,,,,10.414196968078613,-0.09979633401221996,-0.19959266802443992,-5.598232077611457,-2.7684055470796407,0.03,,,,,,,,,435100,001,2025-07-15_10h27.01.014,Continuous_Psychophysics,2022.2.5,None,
0,0,0,0,,,,,,,,,,,10.41843295097351,-0.09979633401221996,-0.19959266802443992,-5.454011873721131,-2.143991871482371,0.03,,,,,,,,,435100,001,2025-07-15_10h27.01.014,Continuous_Psychophysics,2022.2.5,None,
0,0,0,0,,,,,,,,,,,10.431740045547485,-0.10081466395112017,-0.1985743380855397,-5.786039171869086,-2.27252970094976,0.03,,,,,,,,,435100,001,2025-07-15_10h27.01.014,Continuous_Psychophysics,2022.2.5,None,
0,0,0,0,,,,,,,,,,,10.43509817123413,-0.10081466395112017,-0.1985743380855397,-5.327980611120264,-2.269389530200187,0.03,,,,,,,,,435100,001,2025-07-15_10h27.01.014,Continuous_Psychophysics,2022.2.5,None,
0,0,0,0,,,,,,,,,,,10.448978185653687,-0.10081466395112017,-0.1975560081466395,-5.31868279837639,-2.174387603753355,0.03,,,,,,,,,435100,001,2025-07-15_10h27.01.014,Continuous_Psychophysics,2022.2.5,None,
0,0,0,0,,,,,,,,,,,10.452971935272217,-0.10081466395112017,-0.1975560081466395,-5.164982797855938,-2.4299671316432483,0.03,,,,,,,,,435100,001,2025-07-15_10h27.01.014,Continuous_Psychophysics,2022.2.5,None,
0,0,0,0,,,,,,,,,,,10.465825080871582,-0.10081466395112017,-0.1975560081466395,-4.75955503727318,-2.29263752794353,0.03,,,,,,,,,435100,001,2025-07-15_10h27.01.014,Continuous_Psychophysics,2022.2.5,None,
0,0,0,0,,,,,,,,,,,10.469888925552368,-0.10081466395112017,-0.1975560081466395,-5.128513083898435,-2.570258944183186,0.03,,,,,,,,,435100,001,2025-07-15_10h27.01.014,Continuous_Psychophysics,2022.2.5,None,
0,0,0,0,,,,,,,,,,,10.483098983764648,-0.10081466395112017,-0.1975560081466395,-5.1078645877750315,-2.6836984840992324,0.03,,,,,,,,,435100,001,2025-07-15_10h27.01.014,Continuous_Psychophysics,2022.2.5,None,
0,0,0,0,,,,,,,,,,,10.487694025039673,-0.10081466395112017,-0.1975560081466395,-4.851004105268373,-2.565931654062001,0.03,,,,,,,,,435100,001,2025-07-15_10h27.01.014,Continuous_Psychophysics,2022.2.5,None,
0,0,0,0,,,,,,,,,,,10.500699996948242,-0.10081466395112017,-0.1975560081466395,-4.588453763979399,-2.735305458191448,0.03,,,,,,,,,435100,001,2025-07-15_10h27.01.014,Continuous_Psychophysics,2022.2.5,None,
0,0,0,0,,,,,,,,,,,10.505166053771973,-0.10081466395112017,-0.1975560081466395,-4.893838905183989,-2.4079104691159023,0.03,,,,,,,,,435100,001,2025-07-15_10h27.01.014,Continuous_Psychophysics,2022.2.5,None,
0,0,0,0,,,,,,,,,,,10.509860038757324,-0.10081466395112017,-0.1975560081466395,-4.8578121353548,-2.3903350762407483,0.03,,,,,,,,,435100,001,2025-07-15_10h27.01.014,Continuous_Psychophysics,2022.2.5,None,
0,0,0,0,,,,,,,,,,,10.52229905128479,-0.10183299389002037,-0.1975560081466395,-4.669536680353339,-2.191335703242571,0.03,,,,,,,,,435100,001,2025-07-15_10h27.01.014,Continuous_Psychophysics,2022.2.5,None,
0,0,0,0,,,,,,,,,,,10.527041912078857,-0.10285132382892057,-0.1985743380855397,-4.634535927290596,-2.492519388033751,0.03,,,,,,,,,435100,001,2025-07-15_10h27.01.014,Continuous_Psychophysics,2022.2.5,None,
0,0,0,0,,,,,,,,,,,10.539309024810791,-0.10285132382892057,-0.19959266802443992,-4.962903069399422,-2.624131283647298,0.03,,,,,,,,,435100,001,2025-07-15_10h27.01.014,Continuous_Psychophysics,2022.2.5,None,
0,0,0,0,,,,,,,,,,,10.543951034545898,-0.10386965376782077,-0.20061099796334012,-4.929901089499673,-2.3028274479978355,0.03,,,,,,,,,435100,001,2025-07-15_10h27.01.014,Continuous_Psychophysics,2022.2.5,None,
0,0,0,0,,,,,,,,,,,10.55664610862732,-0.10488798370672098,-0.20162932790224034,-4.8575430207933215,-2.025005724593082,0.03,,,,,,,,,435100,001,2025-07-15_10h27.01.014,Continuous_Psychophysics,2022.2.5,None,
0,0,0,0,,,,,,,,,,,10.56145715713501,-0.10590631364562118,-0.20162932790224034,-5.059086476432795,-2.0099290921004895,0.03,,,,,,,,,435100,001,2025-07-15_10h27.01.014,Continuous_Psychophysics,2022.2.5,None,
0,0,0,0,,,,,,,,,,,10.573535919189453,-0.1079429735234216,-0.20264765784114053,-4.940091938657272,-1.790603298633,0.03,,,,,,,,,435100,001,2025-07-15_10h27.01.014,Continuous_Psychophysics,2022.2.5,None,
0,0,0,0,,,,,,,,,,,10.578030109405518,-0.109979633401222,-0.20264765784114053,-5.078096404381151,-1.896595605257152,0.03,,,,,,,,,435100,001,2025-07-15_10h27.01.014,Continuous_Psychophysics,2022.2.5,None,
0,0,0,0,,,,,,,,,,,10.59079122543335,-0.1109979633401222,-0.20264765784114053,-4.993855431907707,-1.5626342228144425,0.03,,,,,,,,,435100,001,2025-07-15_10h27.01.014,Continuous_Psychophysics,2022.2.5,None,
0,0,0,0,,,,,,,,,,,10.595455169677734,-0.11303462321792261,-0.20264765784114053,-4.745539561192025,-1.6425851869271129,0.03,,,,,,,,,435100,001,2025-07-15_10h27.01.014,Continuous_Psychophysics,2022.2.5,None,
0,0,0,0,,,,,,,,,,,10.6078519821167,-0.11710794297352342,-0.19959266802443992,-4.400310226377162,-1.2309248433909892,0.03,,,,,,,,,435100,001,2025-07-15_10h27.01.014,Continuous_Psychophysics,2022.2.5,None,
0,0,0,0,,,,,,,,,,,10.611642122268677,-0.11710794297352342,-0.19959266802443992,-3.5287819267214346,-1.1584008703443707,0.03,,,,,,,,,435100,001,2025-07-15_10h27.01.014,Continuous_Psychophysics,2022.2.5,None,
0,0,0,0,,,,,,,,,,,10.625904083251953,-0.12219959266802444,-0.1945010183299389,-3.697625887356206,-1.4111223190886373,0.03,,,,,,,,,435100,001,2025-07-15_10h27.01.014,Continuous_Psychophysics,2022.2.5,None,
0,0,0,0,,,,,,,,,,,10.630382061004639,-0.12219959266802444,-0.1945010183299389,-3.920857134855769,-1.7093395987398106,0.03,,,,,,,,,435100,001,2025-07-15_10h27.01.014,Continuous_Psychophysics,2022.2.5,None,
0,0,0,0,,,,,,,,,,,10.634666204452515,-0.12423625254582485,-0.19144602851323828,-3.801948243571258,-1.450360586153113,0.03,,,,,,,,,435100,001,2025-07-15_10h27.01.014,Continuous_Psychophysics,2022.2.5,None,
0,0,0,0,,,,,,,,,,,10.647640943527222,-0.12627291242362526,-0.18737270875763748,-3.506661001335091,-1.7605220019404435,0.03,,,,,,,,,435100,001,2025-07-15_10h27.01.014,Continuous_Psychophysics,2022.2.5,None,
0,0,0,0,,,,,,,,,,,10.651509046554565,-0.12627291242362526,-0.18737270875763748,-3.644732782621285,-1.4397664525042688,0.03,,,,,,,,,435100,001,2025-07-15_10h27.01.014,Continuous_Psychophysics,2022.2.5,None,
0,0,0,0,,,,,,,,,,,10.664766073226929,-0.12932790224032586,-0.18126272912423624,-3.5786170091636738,-1.3460039766258656,0.03,,,,,,,,,435100,001,2025-07-15_10h27.01.014,Continuous_Psychophysics,2022.2.5,None,
0,0,0,0,,,,,,,,,,,10.669257164001465,-0.12932790224032586,-0.18126272912423624,-3.610479364844186,-1.4793631614533873,0.03,,,,,,,,,435100,001,2025-07-15_10h27.01.014,Continuous_Psychophysics,2022.2.5,None,
0,0,0,0,,,,,,,,,,,10.681972980499268,-0.13034623217922606,-0.17617107942973523,-3.386713727916905,-1.8042014114656466,0.03,,,,,,,,,435100,001,2025-07-15_10h27.01.014,Continuous_Psychophysics,2022.2.5,None,
0,0,0,0,,,,,,,,,,,10.686368942260742,-0.13034623217922606,-0.17617107942973523,-3.6977850504279717,-1.437875549713687,0.03,,,,,,,,,435100,001,2025-07-15_10h27.01.014,Continuous_Psychophysics,2022.2.5,None,
0,0,0,0,,,,,,,,,,,10.699092149734497,-0.13034623217922606,-0.17006109979633402,-3.989045713779848,-1.8512793992417735,0.03,,,,,,,,,435100,001,2025-07-15_10h27.01.014,Continuous_Psychophysics,2022.2.5,None,
0,0,0,0,,,,,,,,,,,10.704118967056274,-0.13034623217922606,-0.1659877800407332,-4.105647225170624,-1.4841253913834906,0.03,,,,,,,,,435100,001,2025-07-15_10h27.01.014,Continuous_Psychophysics,2022.2.5,None,
0,0,0,0,,,,,,,,,,,10.716240167617798,-0.13034623217922606,-0.1629327902240326,-3.679193806878599,-1.9285304899796376,0.03,,,,,,,,,435100,001,2025-07-15_10h27.01.014,Continuous_Psychophysics,2022.2.5,None,
0,0,0,0,,,,,,,,,,,10.721041202545166,-0.13034623217922606,-0.159877800407332,-3.726579182528485,-1.8875259159594595,0.03,,,,,,,,,435100,001,2025-07-15_10h27.01.014,Continuous_Psychophysics,2022.2.5,None,
0,0,0,0,,,,,,,,,,,10.73331594467163,-0.12932790224032586,-0.15580448065173116,-3.7079857228678343,-1.5370826367009427,0.03,,,,,,,,,435100,001,2025-07-15_10h27.01.014,Continuous_Psychophysics,2022.2.5,None,
0,0,0,0,,,,,,,,,,,10.738303184509277,-0.12932790224032586,-0.15274949083503056,-4.119854692236655,-1.8846299035591905,0.03,,,,,,,,,435100,001,2025-07-15_10h27.01.014,Continuous_Psychophysics,2022.2.5,None,
0,0,0,0,,,,,,,,,,,10.74317216873169,-0.12729124236252545,-0.14867617107942974,-3.9512031688205016,-1.74012434505205,0.03,,,,,,,,,435100,001,2025-07-15_10h27.01.014,Continuous_Psychophysics,2022.2.5,None,
0,0,0,0,,,,,,,,,,,10.75505805015564,-0.12627291242362526,-0.14562118126272913,-3.6694553523460978,-1.5219097783512492,0.03,,,,,,,,,435100,001,2025-07-15_10h27.01.014,Continuous_Psychophysics,2022.2.5,None,
0,0,0,0,,,,,,,,,,,10.760006189346313,-0.12423625254582485,-0.1415478615071283,-4.279167937275737,-1.9263830726812903,0.03,,,,,,,,,435100,001,2025-07-15_10h27.01.014,Continuous_Psychophysics,2022.2.5,None,
0,0,0,0,,,,,,,,,,,10.772070169448853,-0.12321792260692464,-0.1384928716904277,-4.0626071846140475,-2.588766978214884,0.03,,,,,,,,,435100,001,2025-07-15_10h27.01.014,Continuous_Psychophysics,2022.2.5,None,
0,0,0,0,,,,,,,,,,,10.776747941970825,-0.12118126272912423,-0.13441955193482688,-3.9957716681608013,-2.804850999082947,0.03,,,,,,,,,435100,001,2025-07-15_10h27.01.014,Continuous_Psychophysics,2022.2.5,None,
0,0,0,0,,,,,,,,,,,10.789214134216309,-0.11914460285132383,-0.13034623217922606,-4.443010228861094,-2.461432340378203,0.03,,,,,,,,,435100,001,2025-07-15_10h27.01.014,Continuous_Psychophysics,2022.2.5,None,
0,0,0,0,,,,,,,,,,,10.79314398765564,-0.11710794297352342,-0.12525458248472504,-4.086250627808256,-2.6065981595448915,0.03,,,,,,,,,435100,001,2025-07-15_10h27.01.014,Continuous_Psychophysics,2022.2.5,None,
0,0,0,0,,,,,,,,,,,10.80644702911377,-0.11608961303462322,-0.12118126272912423,-4.227425743904242,-2.9647553887537645,0.03,,,,,,,,,435100,001,2025-07-15_10h27.01.014,Continuous_Psychophysics,2022.2.5,None,
0,0,0,0,,,,,,,,,,,10.811188220977783,-0.11507128309572301,-0.11710794297352342,-4.362212756699588,-2.7709484552511396,0.03,,,,,,,,,435100,001,2025-07-15_10h27.01.014,Continuous_Psychophysics,2022.2.5,None,
0,0,0,0,,,,,,,,,,,10.823429107666016,-0.11405295315682282,-0.11405295315682282,-4.386391634167745,-2.8733640361404382,0.03,,,,,,,,,435100,001,2025-07-15_10h27.01.014,Continuous_Psychophysics,2022.2.5,None,
0,0,0,0,,,,,,,,,,,10.827784061431885,-0.11303462321792261,-0.109979633401222,-4.221771024013005,-2.378708251534616,0.03,,,,,,,,,435100,001,2025-07-15_10h27.01.014,Continuous_Psychophysics,2022.2.5,None,
0,0,0,0,,,,,,,,,,,10.841293096542358,-0.11303462321792261,-0.10386965376782077,-4.157639481860567,-1.974708834340801,0.03,,,,,,,,,435100,001,2025-07-15_10h27.01.014,Continuous_Psychophysics,2022.2.5,None,
0,0,0,0,,,,,,,,,,,10.846068143844604,-0.11303462321792261,-0.10386965376782077,-4.247166292883484,-1.7262229551093284,0.03,,,,,,,,,435100,001,2025-07-15_10h27.01.014,Continuous_Psychophysics,2022.2.5,None,
0,0,0,0,,,,,,,,,,,10.857829093933105,-0.11303462321792261,-0.10081466395112017,-3.7251528790783586,-1.687672468817585,0.03,,,,,,,,,435100,001,2025-07-15_10h27.01.014,Continuous_Psychophysics,2022.2.5,None,
0,0,0,0,,,,,,,,,,,10.862689971923828,-0.11405295315682282,-0.09877800407331976,-3.7395477858403177,-1.6867382441845844,0.03,,,,,,,,,435100,001,2025-07-15_10h27.01.014,Continuous_Psychophysics,2022.2.5,None,
0,0,0,0,,,,,,,,,,,10.867818117141724,-0.11608961303462322,-0.09572301425661914,-4.044816386431133,-1.749057115665818,0.03,,,,,,,,,435100,001,2025-07-15_10h27.01.014,Continuous_Psychophysics,2022.2.5,None,
0,0,0,0,,,,,,,,,,,10.87955117225647,-0.11914460285132383,-0.09164969450101833,-4.129438612519966,-1.4354278938672282,0.03,,,,,,,,,435100,001,2025-07-15_10h27.01.014,Continuous_Psychophysics,2022.2.5,None,
0,0,0,0,,,,,,,,,,,10.884276151657104,-0.12118126272912423,-0.08859470468431772,-4.102594442407326,-1.1153138014499255,0.03,,,,,,,,,435100,001,2025-07-15_10h27.01.014,Continuous_Psychophysics,2022.2.5,None,
0,0,0,0,,,,,,,,,,,10.896866083145142,-0.12729124236252545,-0.07942973523421588,-4.555798235769329,-1.120590373875857,0.03,,,,,,,,,435100,001,2025-07-15_10h27.01.014,Continuous_Psychophysics,2022.2.5,None,
0,0,0,0,,,,,,,,,,,10.901360034942627,-0.12729124236252545,-0.07942973523421588,-4.292867309566142,-1.4167888538946756,0.03,,,,,,,,,435100,001,2025-07-15_10h27.01.014,Continuous_Psychophysics,2022.2.5,None,
0,0,0,0,,,,,,,,,,,10.91372799873352,-0.13136456211812628,-0.06924643584521385,-4.53220558795473,-1.5096918961855612,0.03,,,,,,,,,435100,001,2025-07-15_10h27.01.014,Continuous_Psychophysics,2022.2.5,None,
0,0,0,0,,,,,,,,,,,10.917773008346558,-0.13136456211812628,-0.06924643584521385,-4.962593961386983,-1.2050603492859113,0.03,,,,,,,,,435100,001,2025-07-15_10h27.01.014,Continuous_Psychophysics,2022.2.5,None,
0,0,0,0,,,,,,,,,,,10.930843114852905,-0.13136456211812628,-0.059063136456211814,-5.339582654051137,-1.1600155034161392,0.03,,,,,,,,,435100,001,2025-07-15_10h27.01.014,Continuous_Psychophysics,2022.2.5,None,
0,0,0,0,,,,,,,,,,,10.934485912322998,-0.13136456211812628,-0.059063136456211814,-5.292904175669398,-0.9247694505750688,0.03,,,,,,,,,435100,001,2025-07-15_10h27.01.014,Continuous_Psychophysics,2022.2.5,None,
0,0,0,0,,,,,,,,,,,10.948077917098999,-0.13136456211812628,-0.048879837067209775,-4.938848865249338,-0.9462139937027844,0.03,,,,,,,,,435100,001,2025-07-15_10h27.01.014,Continuous_Psychophysics,2022.2.5,None,
0,0,0,0,,,,,,,,,,,10.952765226364136,-0.13136456211812628,-0.048879837067209775,-4.982691918869269,-1.406421356881952,0.03,,,,,,,,,435100,001,2025-07-15_10h27.01.014,Continuous_Psychophysics,2022.2.5,None,
0,0,0,0,,,,,,,,,,,10.965259075164795,-0.12830957230142567,-0.04175152749490835,-5.704194945066513,-0.9211444551283604,0.03,,,,,,,,,435100,001,2025-07-15_10h27.01.014,Continuous_Psychophysics,2022.2.5,None,
0,0,0,0,,,,,,,,,,,10.970102071762085,-0.12423625254582485,-0.038696537678207736,-5.635643551893637,-0.5571956179240771,0.03,,,,,,,,,435100,001,2025-07-15_10h27.01.014,Continuous_Psychophysics,2022.2.5,None,
0,0,0,0,,,,,,,,,,,10.982383012771606,-0.12118126272912423,-0.03665987780040733,-5.635643551893637,-0.3931659424339501,0.03,,,,,,,,,435100,001,2025-07-15_10h27.01.014,Continuous_Psychophysics,2022.2.5,None,
0,0,0,0,,,,,,,,,,,10.987210988998413,-0.11710794297352342,-0.035641547861507125,-5.695370030496999,0.3594942661196745,0.03,,,,,,,,,435100,001,2025-07-15_10h27.01.014,Continuous_Psychophysics,2022.2.5,None,
0,0,0,0,,,,,,,,,,,10.999545097351074,-0.11303462321792261,-0.035641547861507125,-5.541916858550186,0.5777874918053477,0.03,,,,,,,,,435100,001,2025-07-15_10h27.01.014,Continuous_Psychophysics,2022.2.5,None,
0,0,0,0,,,,,,,,,,,11.00435185432434,-0.1079429735234216,-0.035641547861507125,-5.9561090895992015,0.5512698098960609,0.03,,,,,,,,,435100,001,2025-07-15_10h27.01.014,Continuous_Psychophysics,2022.2.5,None,
0,0,0,0,,,,,,,,,,,11.01663088798523,-0.10488798370672098,-0.035641547861507125,-5.912033617494309,0.6408942686198197,0.03,,,,,,,,,435100,001,2025-07-15_10h27.01.014,Continuous_Psychophysics,2022.2.5,None,
0,0,0,0,,,,,,,,,,,11.021596193313599,-0.10081466395112017,-0.03665987780040733,-5.912033617494309,0.6000497584826384,0.03,,,,,,,,,435100,001,2025-07-15_10h27.01.014,Continuous_Psychophysics,2022.2.5,None,
0,0,0,0,,,,,,,,,,,11.02720308303833,-0.09674134419551934,-0.03971486761710794,-5.5290050187668776,0.39601540398267987,0.03,,,,,,,,,435100,001,2025-07-15_10h27.01.014,Continuous_Psychophysics,2022.2.5,None,
0,0,0,0,,,,,,,,,,,11.038122177124023,-0.09368635437881874,-0.04480651731160896,-5.550154282786915,0.6916974135952347,0.03,,,,,,,,,435100,001,2025-07-15_10h27.01.014,Continuous_Psychophysics,2022.2.5,None,
0,0,0,0,,,,,,,,,,,11.045210123062134,-0.09063136456211812,-0.04989816700610998,-5.171894538721933,0.20840599190311182,0.03,,,,,,,,,435100,001,2025-07-15_10h27.01.014,Continuous_Psychophysics,2022.2.5,None,
0,0,0,0,,,,,,,,,,,11.05520510673523,-0.08757637474541752,-0.06008146639511202,-5.389499952784782,0.08700447291798488,0.03,,,,,,,,,435100,001,2025-07-15_10h27.01.014,Continuous_Psychophysics,2022.2.5,None,
0,0,0,0,,,,,,,,,,,11.060096979141235,-0.08655804480651731,-0.06720977596741344,-5.679989226750834,-0.041980772497767826,0.03,,,,,,,,,435100,001,2025-07-15_10h27.01.014,Continuous_Psychophysics,2022.2.5,None,
0,0,0,0,,,,,,,,,,,11.072279930114746,-0.08655804480651731,-0.07739307535641547,-5.712783608947719,-0.4135905910798514,0.03,,,,,,,,,435100,001,2025-07-15_10h27.01.014,Continuous_Psychophysics,2022.2.5,None,
0,0,0,0,,,,,,,,,,,11.076411008834839,-0.08655804480651731,-0.08961303462321792,-5.922394692942867,-0.07560185876181719,0.03,,,,,,,,,435100,001,2025-07-15_10h27.01.014,Continuous_Psychophysics,2022.2.5,None,
0,0,0,0,,,,,,,,,,,11.089340209960938,-0.08655804480651731,-0.10183299389002037,-5.967260043634816,-0.2411654087194167,0.03,,,,,,,,,435100,001,2025-07-15_10h27.01.014,Continuous_Psychophysics,2022.2.5,None,
0,0,0,0,,,,,,,,,,,11.093775987625122,-0.09063136456211812,-0.11507128309572301,-5.967260043634816,-0.051201455003997476,0.03,,,,,,,,,435100,001,2025-07-15_10h27.01.014,Continuous_Psychophysics,2022.2.5,None,
0,0,0,0,,,,,,,,,,,11.106351137161255,-0.09266802443991853,-0.12118126272912423,-5.967260043634816,-0.41226623182784083,0.03,,,,,,,,,435100,001,2025-07-15_10h27.01.014,Continuous_Psychophysics,2022.2.5,None,
0,0,0,0,,,,,,,,,,,11.110130071640015,-0.09674134419551934,-0.13136456211812628,-5.58088047553164,-0.37336939693405147,0.03,,,,,,,,,435100,001,2025-07-15_10h27.01.014,Continuous_Psychophysics,2022.2.5,None,
0,0,0,0,,,,,,,,,,,11.123542070388794,-0.09979633401221996,-0.1395112016293279,-5.388346051318706,-0.5849794495969206,0.03,,,,,,,,,435100,001,2025-07-15_10h27.01.014,Continuous_Psychophysics,2022.2.5,None,
0,0,0,0,,,,,,,,,,,11.12823224067688,-0.10488798370672098,-0.14663951120162932,-5.73837495276844,-0.8687622069863656,0.03,,,,,,,,,435100,001,2025-07-15_10h27.01.014,Continuous_Psychophysics,2022.2.5,None,
0,0,0,0,,,,,,,,,,,11.140969276428223,-0.10896130346232179,-0.15274949083503056,-5.53695132898603,-0.18313227985832448,0.03,,,,,,,,,435100,001,2025-07-15_10h27.01.014,Continuous_Psychophysics,2022.2.5,None,
0,0,0,0,,,,,,,,,,,11.145105123519897,-0.10896130346232179,-0.15274949083503056,-5.683041258718946,0.12808206636167602,0.03,,,,,,,,,435100,001,2025-07-15_10h27.01.014,Continuous_Psychophysics,2022.2.5,None,
0,0,0,0,,,,,,,,,,,11.158238172531128,-0.11507128309572301,-0.15885947046843177,-5.464728454335773,-0.0035783688001553016,0.03,,,,,,,,,435100,001,2025-07-15_10h27.01.014,Continuous_Psychophysics,2022.2.5,None,
0,0,0,0,,,,,,,,,,,11.1631600856781,-0.11812627291242363,-0.1629327902240326,-5.677009140671252,0.1378445920405225,0.03,,,,,,,,,435100,001,2025-07-15_10h27.01.014,Continuous_Psychophysics,2022.2.5,None,
0,0,0,0,,,,,,,,,,,11.167752027511597,-0.11812627291242363,-0.1629327902240326,-5.765844259079723,0.35282685259279306,0.03,,,,,,,,,435100,001,2025-07-15_10h27.01.014,Continuous_Psychophysics,2022.2.5,None,
0,0,0,0,,,,,,,,,,,11.180147171020508,-0.12118126272912423,-0.1680244399185336,-5.48017004256733,0.21408848071524186,0.03,,,,,,,,,435100,001,2025-07-15_10h27.01.014,Continuous_Psychophysics,2022.2.5,None,
0,0,0,0,,,,,,,,,,,11.184889078140259,-0.12118126272912423,-0.1680244399185336,-5.867880310195809,0.15263161343394288,0.03,,,,,,,,,435100,001,2025-07-15_10h27.01.014,Continuous_Psychophysics,2022.2.5,None,
0,0,0,0,,,,,,,,,,,11.197224140167236,-0.12321792260692464,-0.17413441955193482,-5.867880310195809,0.25587087386599033,0.03,,,,,,,,,435100,001,2025-07-15_10h27.01.014,Continuous_Psychophysics,2022.2.5,None,
0,0,0,0,,,,,,,,,,,11.201733112335205,-0.12321792260692464,-0.17413441955193482,-5.861404295742823,0.08490767624133255,0.03,,,,,,,,,435100,001,2025-07-15_10h27.01.014,Continuous_Psychophysics,2022.2.5,None,
0,0,0,0,,,,,,,,,,,11.214075088500977,-0.12423625254582485,-0.18024439918533605,-5.861404295742823,0.1741925505628758,0.03,,,,,,,,,435100,001,2025-07-15_10h27.01.014,Continuous_Psychophysics,2022.2.5,None,
0,0,0,0,,,,,,,,,,,11.21767807006836,-0.12423625254582485,-0.18024439918533605,-5.672540333073421,0.05980363317977909,0.03,,,,,,,,,435100,001,2025-07-15_10h27.01.014,Continuous_Psychophysics,2022.2.5,None,
0,0,0,0,,,,,,,,,,,11.23105502128601,-0.12525458248472504,-0.18737270875763748,-5.759818400816469,0.1147048594272187,0.03,,,,,,,,,435100,001,2025-07-15_10h27.01.014,Continuous_Psychophysics,2022.2.5,None,
0,0,0,0,,,,,,,,,,,11.236349105834961,-0.12627291242362526,-0.1894093686354379,-5.759818400816469,0.20731960715054312,0.03,,,,,,,,,435100,001,2025-07-15_10h27.01.014,Continuous_Psychophysics,2022.2.5,None,
0,0,0,0,,,,,,,,,,,11.248377084732056,-0.12627291242362526,-0.19144602851323828,-5.694977809865785,0.587241436162836,0.03,,,,,,,,,435100,001,2025-07-15_10h27.01.014,Continuous_Psychophysics,2022.2.5,None,
0,0,0,0,,,,,,,,,,,11.252865076065063,-0.12627291242362526,-0.1924643584521385,-5.411912158736823,0.8485541567329451,0.03,,,,,,,,,435100,001,2025-07-15_10h27.01.014,Continuous_Psychophysics,2022.2.5,None,
0,0,0,0,,,,,,,,,,,11.265558004379272,-0.12627291242362526,-0.1945010183299389,-5.222831422281391,0.8806232770418622,0.03,,,,,,,,,435100,001,2025-07-15_10h27.01.014,Continuous_Psychophysics,2022.2.5,None,
0,0,0,0,,,,,,,,,,,11.269938230514526,-0.12627291242362526,-0.1955193482688391,-5.600597243180171,1.17222052290075,0.03,,,,,,,,,435100,001,2025-07-15_10h27.01.014,Continuous_Psychophysics,2022.2.5,None,
0,0,0,0,,,,,,,,,,,11.282635927200317,-0.12627291242362526,-0.1975560081466395,-5.600597243180171,1.3323686898057385,0.03,,,,,,,,,435100,001,2025-07-15_10h27.01.014,Continuous_Psychophysics,2022.2.5,None,
0,0,0,0,,,,,,,,,,,11.287017107009888,-0.12627291242362526,-0.1985743380855397,-5.600597243180171,1.7198797094889167,0.03,,,,,,,,,435100,001,2025-07-15_10h27.01.014,Continuous_Psychophysics,2022.2.5,None,
0,0,0,0,,,,,,,,,,,11.299475193023682,-0.12627291242362526,-0.19959266802443992,-5.755017808191552,1.8065182982246164,0.03,,,,,,,,,435100,001,2025-07-15_10h27.01.014,Continuous_Psychophysics,2022.2.5,None,
0,0,0,0,,,,,,,,,,,11.303818941116333,-0.12627291242362526,-0.20162932790224034,-5.755017808191552,1.8209489385552176,0.03,,,,,,,,,435100,001,2025-07-15_10h27.01.014,Continuous_Psychophysics,2022.2.5,None,
0,0,0,0,,,,,,,,,,,11.316802024841309,-0.12627291242362526,-0.20264765784114053,-5.755017808191552,2.2204249935231264,0.03,,,,,,,,,435100,001,2025-07-15_10h27.01.014,Continuous_Psychophysics,2022.2.5,None,
0,0,0,0,,,,,,,,,,,11.321589946746826,-0.12627291242362526,-0.20366598778004075,-5.861146457569683,1.9230021098082153,0.03,,,,,,,,,435100,001,2025-07-15_10h27.01.014,Continuous_Psychophysics,2022.2.5,None,
0,0,0,0,,,,,,,,,,,11.334031105041504,-0.12627291242362526,-0.20468431771894094,-5.617832722202315,1.912280370198022,0.03,,,,,,,,,435100,001,2025-07-15_10h27.01.014,Continuous_Psychophysics,2022.2.5,None,
0,0,0,0,,,,,,,,,,,11.338662147521973,-0.12627291242362526,-0.20468431771894094,-5.617832722202315,1.8674955301382805,0.03,,,,,,,,,435100,001,2025-07-15_10h27.01.014,Continuous_Psychophysics,2022.2.5,None,
0,0,0,0,,,,,,,,,,,11.34316897392273,-0.12627291242362526,-0.20468431771894094,-5.255726526933862,1.6432683762103208,0.03,,,,,,,,,435100,001,2025-07-15_10h27.01.014,Continuous_Psychophysics,2022.2.5,None,
0,0,0,0,,,,,,,,,,,11.355454206466675,-0.12627291242362526,-0.20468431771894094,-5.377138502698619,1.6279619161782322,0.03,,,,,,,,,435100,001,2025-07-15_10h27.01.014,Continuous_Psychophysics,2022.2.5,None,
0,0,0,0,,,,,,,,,,,11.359785079956055,-0.12627291242362526,-0.20468431771894094,-5.213080066297695,1.8171442864902905,0.03,,,,,,,,,435100,001,2025-07-15_10h27.01.014,Continuous_Psychophysics,2022.2.5,None,
0,0,0,0,,,,,,,,,,,11.372749090194702,-0.12932790224032586,-0.20061099796334012,-5.25863832458096,1.7868546177670344,0.03,,,,,,,,,435100,001,2025-07-15_10h27.01.014,Continuous_Psychophysics,2022.2.5,None,
0,0,0,0,,,,,,,,,,,11.376686096191406,-0.13238289205702647,-0.1934826883910387,-5.154320293520424,1.5125377761162282,0.03,,,,,,,,,435100,001,2025-07-15_10h27.01.014,Continuous_Psychophysics,2022.2.5,None,
0,0,0,0,,,,,,,,,,,11.390007019042969,-0.1384928716904277,-0.18431771894093688,-5.007595307566322,1.0234034875297375,0.03,,,,,,,,,435100,001,2025-07-15_10h27.01.014,Continuous_Psychophysics,2022.2.5,None,
0,0,0,0,,,,,,,,,,,11.394394159317017,-0.14663951120162932,-0.164969450101833,-4.574725852861512,0.29681361967366526,0.03,,,,,,,,,435100,001,2025-07-15_10h27.01.014,Continuous_Psychophysics,2022.2.5,None,
0,0,0,0,,,,,,,,,,,11.407124280929565,-0.16191446028513237,-0.12525458248472504,-4.463257659293049,0.04755995591253234,0.03,,,,,,,,,435100,001,2025-07-15_10h27.01.014,Continuous_Psychophysics,2022.2.5,None,
0,0,0,0,,,,,,,,,,,11.411413192749023,-0.16191446028513237,-0.12525458248472504,-5.207183948741381,-0.3783400713034888,0.03,,,,,,,,,435100,001,2025-07-15_10h27.01.014,Continuous_Psychophysics,2022.2.5,None,
0,0,0,0,,,,,,,,,,,11.424504041671753,-0.17617107942973523,-0.07535641547861507,-5.395188337995509,-0.43938365574584703,0.03,,,,,,,,,435100,001,2025-07-15_10h27.01.014,Continuous_Psychophysics,2022.2.5,None,
0,0,0,0,,,,,,,,,,,11.428605079650879,-0.17617107942973523,-0.07535641547861507,-5.8100288656393495,-0.7575424575202474,0.03,,,,,,,,,435100,001,2025-07-15_10h27.01.014,Continuous_Psychophysics,2022.2.5,None,
0,0,0,0,,,,,,,,,,,11.441588878631592,-0.18635437881873726,-0.019348268839103868,-5.8100288656393495,-0.8860318088090211,0.03,,,,,,,,,435100,001,2025-07-15_10h27.01.014,Continuous_Psychophysics,2022.2.5,None,
0,0,0,0,,,,,,,,,,,11.446094989776611,-0.18635437881873726,-0.0050916496945010185,-5.357132668619743,-0.6306966254826507,0.03,,,,,,,,,435100,001,2025-07-15_10h27.01.014,Continuous_Psychophysics,2022.2.5,None,
0,0,0,0,,,,,,,,,,,11.459005117416382,-0.18737270875763748,0.017311608961303463,-5.416473248171981,-0.5253658154121106,0.03,,,,,,,,,435100,001,2025-07-15_10h27.01.014,Continuous_Psychophysics,2022.2.5,None,
0,0,0,0,,,,,,,,,,,11.463534116744995,-0.18737270875763748,0.025458248472505093,-4.846031677233672,-0.4662415992798271,0.03,,,,,,,,,435100,001,2025-07-15_10h27.01.014,Continuous_Psychophysics,2022.2.5,None,
0,0,0,0,,,,,,,,,,,11.467921018600464,-0.18737270875763748,0.025458248472505093,-5.21246537280525,-0.25279807159445644,0.03,,,,,,,,,435100,001,2025-07-15_10h27.01.014,Continuous_Psychophysics,2022.2.5,None,
0,0,0,0,,,,,,,,,,,11.480318069458008,-0.18737270875763748,0.04073319755600815,-5.345036267547997,-0.43799123949594,0.03,,,,,,,,,435100,001,2025-07-15_10h27.01.014,Continuous_Psychophysics,2022.2.5,None,
0,0,0,0,,,,,,,,,,,11.484743118286133,-0.18737270875763748,0.04073319755600815,-5.4595346405355984,-0.8052910848409098,0.03,,,,,,,,,435100,001,2025-07-15_10h27.01.014,Continuous_Psychophysics,2022.2.5,None,
0,0,0,0,,,,,,,,,,,11.497436046600342,-0.18737270875763748,0.05091649694501019,-5.288981579423376,-0.7086562895072012,0.03,,,,,,,,,435100,001,2025-07-15_10h27.01.014,Continuous_Psychophysics,2022.2.5,None,
0,0,0,0,,,,,,,,,,,11.500999212265015,-0.18737270875763748,0.05091649694501019,-4.953836878595186,-0.23898670928317173,0.03,,,,,,,,,435100,001,2025-07-15_10h27.01.014,Continuous_Psychophysics,2022.2.5,None,
0,0,0,0,,,,,,,,,,,11.514710903167725,-0.18635437881873726,0.054989816700611,-5.046252322957969,-0.469696950891764,0.03,,,,,,,,,435100,001,2025-07-15_10h27.01.014,Continuous_Psychophysics,2022.2.5,None,
0,0,0,0,,,,,,,,,,,11.519247055053711,-0.18431771894093688,0.0560081466395112,-4.689850804122145,-0.7263811278690899,0.03,,,,,,,,,435100,001,2025-07-15_10h27.01.014,Continuous_Psychophysics,2022.2.5,None,
0,0,0,0,,,,,,,,,,,11.531754970550537,-0.18329938900203666,0.0560081466395112,-4.823924359956561,-0.7623617312155004,0.03,,,,,,,,,435100,001,2025-07-15_10h27.01.014,Continuous_Psychophysics,2022.2.5,None,
0,0,0,0,,,,,,,,,,,11.53630518913269,-0.18126272912423624,0.0560081466395112,-4.352813493018869,-0.9795406107533007,0.03,,,,,,,,,435100,001,2025-07-15_10h27.01.014,Continuous_Psychophysics,2022.2.5,None,
0,0,0,0,,,,,,,,,,,11.548973083496094,-0.17922606924643583,0.0560081466395112,-4.351559328878533,-0.7417389620005861,0.03,,,,,,,,,435100,001,2025-07-15_10h27.01.014,Continuous_Psychophysics,2022.2.5,None,
0,0,0,0,,,,,,,,,,,11.553736209869385,-0.17718940936863545,0.0560081466395112,-4.67524486043933,-0.41186829462241564,0.03,,,,,,,,,435100,001,2025-07-15_10h27.01.014,Continuous_Psychophysics,2022.2.5,None,
0,0,0,0,,,,,,,,,,,11.569348096847534,-0.1710794297352342,0.0560081466395112,-4.501832857634293,-0.3071727725750296,0.03,,,,,,,,,435100,001,2025-07-15_10h27.01.014,Continuous_Psychophysics,2022.2.5,None,
0,0,0,0,,,,,,,,,,,11.572918891906738,-0.1710794297352342,0.0560081466395112,-4.158577362118659,-0.21729098465364088,0.03,,,,,,,,,435100,001,2025-07-15_10h27.01.014,Continuous_Psychophysics,2022.2.5,None,
0,0,0,0,,,,,,,,,,,11.575507164001465,-0.1710794297352342,0.0560081466395112,-4.435714189005374,0.2741051587030703,0.03,,,,,,,,,435100,001,2025-07-15_10h27.01.014,Continuous_Psychophysics,2022.2.5,None,
0,0,0,0,,,,,,,,,,,11.590595006942749,-0.16191446028513237,0.05702647657841141,-4.428453084173319,0.4774354563738985,0.03,,,,,,,,,435100,001,2025-07-15_10h27.01.014,Continuous_Psychophysics,2022.2.5,None,
0,0,0,0,,,,,,,,,,,11.595162153244019,-0.15580448065173116,0.05804480651731161,-4.550141086512775,0.018301328565206,0.03,,,,,,,,,435100,001,2025-07-15_10h27.01.014,Continuous_Psychophysics,2022.2.5,None,
0,0,0,0,,,,,,,,,,,11.607887029647827,-0.14867617107942974,0.059063136456211814,-4.751338753191461,-0.24000937839481307,0.03,,,,,,,,,435100,001,2025-07-15_10h27.01.014,Continuous_Psychophysics,2022.2.5,None,
0,0,0,0,,,,,,,,,,,11.61253809928894,-0.13747454175152748,0.06008146639511202,-4.538948501077724,-0.4426200038115585,0.03,,,,,,,,,435100,001,2025-07-15_10h27.01.014,Continuous_Psychophysics,2022.2.5,None,
0,0,0,0,,,,,,,,,,,11.625019073486328,-0.12932790224032586,0.06109979633401222,-4.430728118328554,-0.022268819724864497,0.03,,,,,,,,,435100,001,2025-07-15_10h27.01.014,Continuous_Psychophysics,2022.2.5,None,
0,0,0,0,,,,,,,,,,,11.629256248474121,-0.11914460285132383,0.062118126272912425,-4.327350013756268,-0.11518569933832176,0.03,,,,,,,,,435100,001,2025-07-15_10h27.01.014,Continuous_Psychophysics,2022.2.5,None,
0,0,0,0,,,,,,,,,,,11.64270806312561,-0.10386965376782077,0.062118126272912425,-4.542477972476698,-0.042979570344848894,0.03,,,,,,,,,435100,001,2025-07-15_10h27.01.014,Continuous_Psychophysics,2022.2.5,None,
0,0,0,0,,,,,,,,,,,11.646812200546265,-0.10386965376782077,0.062118126272912425,-4.498353100755784,-0.1835495274786731,0.03,,,,,,,,,435100,001,2025-07-15_10h27.01.014,Continuous_Psychophysics,2022.2.5,None,
0,0,0,0,,,,,,,,,,,11.65118408203125,-0.08961303462321792,0.062118126272912425,-5.250516697838469,0.11221836137627433,0.03,,,,,,,,,435100,001,2025-07-15_10h27.01.014,Continuous_Psychophysics,2022.2.5,None,
0,0,0,0,,,,,,,,,,,11.664074897766113,-0.0855397148676171,0.06109979633401222,-5.381697027337243,-0.6039532409819923,0.03,,,,,,,,,435100,001,2025-07-15_10h27.01.014,Continuous_Psychophysics,2022.2.5,None,
0,0,0,0,,,,,,,,,,,11.66881513595581,-0.07331975560081466,0.054989816700611,-5.425543077370132,-0.8086594552754921,0.03,,,,,,,,,435100,001,2025-07-15_10h27.01.014,Continuous_Psychophysics,2022.2.5,None,
0,0,0,0,,,,,,,,,,,11.681269884109497,-0.06008146639511202,0.04378818737270876,-5.9174660198523705,-1.0947132923260596,0.03,,,,,,,,,435100,001,2025-07-15_10h27.01.014,Continuous_Psychophysics,2022.2.5,None,
0,0,0,0,,,,,,,,,,,11.686017036437988,-0.06008146639511202,0.04378818737270876,-5.9174660198523705,-1.0665766740779026,0.03,,,,,,,,,435100,001,2025-07-15_10h27.01.014,Continuous_Psychophysics,2022.2.5,None,
0,0,0,0,,,,,,,,,,,11.69878602027893,-0.05091649694501019,0.028513238289205704,-5.485443615059073,-0.597355545325128,0.03,,,,,,,,,435100,001,2025-07-15_10h27.01.014,Continuous_Psychophysics,2022.2.5,None,
0,0,0,0,,,,,,,,,,,11.7031090259552,-0.05091649694501019,0.028513238289205704,-5.32475194767227,-0.48886611907400834,0.03,,,,,,,,,435100,001,2025-07-15_10h27.01.014,Continuous_Psychophysics,2022.2.5,None,
0,0,0,0,,,,,,,,,,,11.716031074523926,-0.045824847250509164,0.009164969450101833,-5.369473043223239,-0.45842711544721254,0.03,,,,,,,,,435100,001,2025-07-15_10h27.01.014,Continuous_Psychophysics,2022.2.5,None,
0,0,0,0,,,,,,,,,,,11.720293998718262,-0.045824847250509164,0.009164969450101833,-5.625979393403265,-0.21775199566214562,0.03,,,,,,,,,435100,001,2025-07-15_10h27.01.014,Continuous_Psychophysics,2022.2.5,None,
0,0,0,0,,,,,,,,,,,11.732967138290405,-0.04276985743380855,-0.017311608961303463,-5.4081007596439346,-0.3681762884136469,0.03,,,,,,,,,435100,001,2025-07-15_10h27.01.014,Continuous_Psychophysics,2022.2.5,None,
0,0,0,0,,,,,,,,,,,11.736896991729736,-0.04276985743380855,-0.017311608961303463,-5.197316486411411,0.5764376215193588,0.03,,,,,,,,,435100,001,2025-07-15_10h27.01.014,Continuous_Psychophysics,2022.2.5,None,
0,0,0,0,,,,,,,,,,,11.750258207321167,-0.04175152749490835,-0.04378818737270876,-5.700750609980952,0.9009238159922556,0.03,,,,,,,,,435100,001,2025-07-15_10h27.01.014,Continuous_Psychophysics,2022.2.5,None,
0,0,0,0,,,,,,,,,,,11.754719257354736,-0.04175152749490835,-0.05702647657841141,-5.6491437757472145,1.3533314124993043,0.03,,,,,,,,,435100,001,2025-07-15_10h27.01.014,Continuous_Psychophysics,2022.2.5,None,
0,0,0,0,,,,,,,,,,,11.767585039138794,-0.04276985743380855,-0.06924643584521385,-5.897188073245457,1.3610124053950825,0.03,,,,,,,,,435100,001,2025-07-15_10h27.01.014,Continuous_Psychophysics,2022.2.5,None,
0,0,0,0,,,,,,,,,,,11.772339105606079,-0.045824847250509164,-0.0824847250509165,-5.858135650255499,1.6079404990293056,0.03,,,,,,,,,435100,001,2025-07-15_10h27.01.014,Continuous_Psychophysics,2022.2.5,None,
0,0,0,0,,,,,,,,,,,11.77564787864685,-0.045824847250509164,-0.0824847250509165,-5.930007890634982,1.6633870947212201,0.03,,,,,,,,,435100,001,2025-07-15_10h27.01.014,Continuous_Psychophysics,2022.2.5,None,
0,0,0,0,,,,,,,,,,,11.789575099945068,-0.05295315682281059,-0.09877800407331976,-5.355502070777299,1.7868190250260243,0.03,,,,,,,,,435100,001,2025-07-15_10h27.01.014,Continuous_Psychophysics,2022.2.5,None,
0,0,0,0,,,,,,,,,,,11.793401956558228,-0.05702647657841141,-0.10896130346232179,-5.000145788745869,2.040031342748787,0.03,,,,,,,,,435100,001,2025-07-15_10h27.01.014,Continuous_Psychophysics,2022.2.5,None,
0,0,0,0,,,,,,,,,,,11.807024002075195,-0.062118126272912425,-0.11608961303462322,-4.381555863502095,1.9631077973838036,0.03,,,,,,,,,435100,001,2025-07-15_10h27.01.014,Continuous_Psychophysics,2022.2.5,None,
0,0,0,0,,,,,,,,,,,11.811105966567993,-0.06619144602851323,-0.12219959266802444,-4.305650855978942,1.7992183713609866,0.03,,,,,,,,,435100,001,2025-07-15_10h27.01.014,Continuous_Psychophysics,2022.2.5,None,
0,0,0,0,,,,,,,,,,,11.824034929275513,-0.07026476578411406,-0.12627291242362526,-4.155636600630287,1.4367047380512123,0.03,,,,,,,,,435100,001,2025-07-15_10h27.01.014,Continuous_Psychophysics,2022.2.5,None,
0,0,0,0,,,,,,,,,,,11.827509880065918,-0.07230142566191446,-0.12729124236252545,-4.163127315164606,0.8931768533432384,0.03,,,,,,,,,435100,001,2025-07-15_10h27.01.014,Continuous_Psychophysics,2022.2.5,None,
0,0,0,0,,,,,,,,,,,11.841227054595947,-0.07535641547861507,-0.13034623217922606,-3.730754759725821,0.7873307782155254,0.03,,,,,,,,,435100,001,2025-07-15_10h27.01.014,Continuous_Psychophysics,2022.2.5,None,
0,0,0,0,,,,,,,,,,,11.845768213272095,-0.07841140529531568,-0.13136456211812628,-4.128601535407544,1.1534786321839863,0.03,,,,,,,,,435100,001,2025-07-15_10h27.01.014,Continuous_Psychophysics,2022.2.5,None,
0,0,0,0,,,,,,,,,,,11.857863187789917,-0.0814663951120163,-0.1334012219959267,-4.442138092528826,1.3289817505445427,0.03,,,,,,,,,435100,001,2025-07-15_10h27.01.014,Continuous_Psychophysics,2022.2.5,None,
0,0,0,0,,,,,,,,,,,11.861310243606567,-0.0845213849287169,-0.1354378818737271,-4.213046579833248,1.4623928406265694,0.03,,,,,,,,,435100,001,2025-07-15_10h27.01.014,Continuous_Psychophysics,2022.2.5,None,
0,0,0,0,,,,,,,,,,,11.874528884887695,-0.08757637474541752,-0.1364562118126273,-4.287328165059829,1.5485565563299644,0.03,,,,,,,,,435100,001,2025-07-15_10h27.01.014,Continuous_Psychophysics,2022.2.5,None,
0,0,0,0,,,,,,,,,,,11.878026247024536,-0.08757637474541752,-0.1364562118126273,-4.233609036467578,1.9162448382202177,0.03,,,,,,,,,435100,001,2025-07-15_10h27.01.014,Continuous_Psychophysics,2022.2.5,None,
0,0,0,0,,,,,,,,,,,11.89154601097107,-0.09164969450101833,-0.13747454175152748,-4.256731959173018,2.5998401645892093,0.03,,,,,,,,,435100,001,2025-07-15_10h27.01.014,Continuous_Psychophysics,2022.2.5,None,
0,0,0,0,,,,,,,,,,,11.894833087921143,-0.09368635437881874,-0.13747454175152748,-3.9657366168331727,2.5434521601640143,0.03,,,,,,,,,435100,001,2025-07-15_10h27.01.014,Continuous_Psychophysics,2022.2.5,None,
0,0,0,0,,,,,,,,,,,11.908658027648926,-0.09979633401221996,-0.1384928716904277,-4.174225517681894,2.902699742793252,0.03,,,,,,,,,435100,001,2025-07-15_10h27.01.014,Continuous_Psychophysics,2022.2.5,None,
0,0,0,0,,,,,,,,,,,11.91160798072815,-0.09979633401221996,-0.1384928716904277,-4.230319303222028,2.5585658041834325,0.03,,,,,,,,,435100,001,2025-07-15_10h27.01.014,Continuous_Psychophysics,2022.2.5,None,
0,0,0,0,,,,,,,,,,,11.925687074661255,-0.10590631364562118,-0.13747454175152748,-4.155618038299997,2.6985730231383553,0.03,,,,,,,,,435100,001,2025-07-15_10h27.01.014,Continuous_Psychophysics,2022.2.5,None,
0,0,0,0,,,,,,,,,,,11.928603172302246,-0.10590631364562118,-0.13747454175152748,-3.717757743142703,2.1200754900997807,0.03,,,,,,,,,435100,001,2025-07-15_10h27.01.014,Continuous_Psychophysics,2022.2.5,None,
0,0,0,0,,,,,,,,,,,11.944370031356812,-0.11608961303462322,-0.12830957230142567,-3.780869935088514,2.100650491938514,0.03,,,,,,,,,435100,001,2025-07-15_10h27.01.014,Continuous_Psychophysics,2022.2.5,None,
0,0,0,0,,,,,,,,,,,11.947503089904785,-0.11914460285132383,-0.12219959266802444,-3.818059321160862,2.4164865952472545,0.03,,,,,,,,,435100,001,2025-07-15_10h27.01.014,Continuous_Psychophysics,2022.2.5,None,
0,0,0,0,,,,,,,,,,,11.950509071350098,-0.11914460285132383,-0.12219959266802444,-3.876292736144868,2.7122611121924565,0.03,,,,,,,,,435100,001,2025-07-15_10h27.01.014,Continuous_Psychophysics,2022.2.5,None,
0,0,0,0,,,,,,,,,,,11.964334964752197,-0.12627291242362526,-0.10386965376782077,-4.044641541740338,3.2997558654716244,0.03,,,,,,,,,435100,001,2025-07-15_10h27.01.014,Continuous_Psychophysics,2022.2.5,None,
0,0,0,0,,,,,,,,,,,11.967188119888306,-0.12627291242362526,-0.10386965376782077,-3.5447075751316257,3.538689633250134,0.03,,,,,,,,,435100,001,2025-07-15_10h27.01.014,Continuous_Psychophysics,2022.2.5,None,
0,0,0,0,,,,,,,,,,,11.981564044952393,-0.12932790224032586,-0.08757637474541752,-3.1612509910448203,3.6974923790657477,0.03,,,,,,,,,435100,001,2025-07-15_10h27.01.014,Continuous_Psychophysics,2022.2.5,None,
0,0,0,0,,,,,,,,,,,11.983980894088745,-0.12932790224032586,-0.08757637474541752,-2.349882428705461,4.270888724774399,0.03,,,,,,,,,435100,001,2025-07-15_10h27.01.014,Continuous_Psychophysics,2022.2.5,None,
0,0,0,0,,,,,,,,,,,11.998975992202759,-0.13136456211812628,-0.07026476578411406,-2.44386165013384,4.21938662672872,0.03,,,,,,,,,435100,001,2025-07-15_10h27.01.014,Continuous_Psychophysics,2022.2.5,None,
0,0,0,0,,,,,,,,,,,12.00157618522644,-0.13136456211812628,-0.07026476578411406,-2.6763289129263796,4.6741137701965965,0.03,,,,,,,,,435100,001,2025-07-15_10h27.01.014,Continuous_Psychophysics,2022.2.5,None,
0,0,0,0,,,,,,,,,,,12.017493963241577,-0.13238289205702647,-0.054989816700611,-3.074866823974596,4.759617935298091,0.03,,,,,,,,,435100,001,2025-07-15_10h27.01.014,Continuous_Psychophysics,2022.2.5,None,
0,0,0,0,,,,,,,,,,,12.022391080856323,-0.13238289205702647,-0.04786150712830957,-3.0452536003281696,4.817993966418867,0.03,,,,,,,,,435100,001,2025-07-15_10h27.01.014,Continuous_Psychophysics,2022.2.5,None,
0,0,0,0,,,,,,,,,,,12.025699138641357,-0.13238289205702647,-0.04786150712830957,-3.0070913671392185,4.6007182752988625,0.03,,,,,,,,,435100,001,2025-07-15_10h27.01.014,Continuous_Psychophysics,2022.2.5,None,
0,0,0,0,,,,,,,,,,,12.038882970809937,-0.13136456211812628,-0.035641547861507125,-2.9730998385882104,4.661263573617675,0.03,,,,,,,,,435100,001,2025-07-15_10h27.01.014,Continuous_Psychophysics,2022.2.5,None,
0,0,0,0,,,,,,,,,,,12.041994094848633,-0.13136456211812628,-0.035641547861507125,-2.8855986723629816,4.792415244883151,0.03,,,,,,,,,435100,001,2025-07-15_10h27.01.014,Continuous_Psychophysics,2022.2.5,None,
0,0,0,0,,,,,,,,,,,12.05620813369751,-0.12729124236252545,-0.026476578411405296,-2.593247771235533,5.208862745974869,0.03,,,,,,,,,435100,001,2025-07-15_10h27.01.014,Continuous_Psychophysics,2022.2.5,None,
0,0,0,0,,,,,,,,,,,12.058887004852295,-0.12729124236252545,-0.026476578411405296,-2.523916590459679,5.028087255272397,0.03,,,,,,,,,435100,001,2025-07-15_10h27.01.014,Continuous_Psychophysics,2022.2.5,None,
0,0,0,0,,,,,,,,,,,12.074605941772461,-0.12525458248472504,-0.02240325865580448,-2.5974258407131585,4.59275638975987,0.03,,,,,,,,,435100,001,2025-07-15_10h27.01.014,Continuous_Psychophysics,2022.2.5,None,
0,0,0,0,,,,,,,,,,,12.079179048538208,-0.12321792260692464,-0.020366598778004074,-2.379258833485171,4.764617698020624,0.03,,,,,,,,,435100,001,2025-07-15_10h27.01.014,Continuous_Psychophysics,2022.2.5,None,
0,0,0,0,,,,,,,,,,,12.090820074081421,-0.12118126272912423,-0.019348268839103868,-2.5797746471705247,4.839918224204352,0.03,,,,,,,,,435100,001,2025-07-15_10h27.01.014,Continuous_Psychophysics,2022.2.5,None,
0,0,0,0,,,,,,,,,,,12.09398102760315,-0.12016293279022404,-0.017311608961303463,-2.6644606580626062,4.824863585309981,0.03,,,,,,,,,435100,001,2025-07-15_10h27.01.014,Continuous_Psychophysics,2022.2.5,None,
0,0,0,0,,,,,,,,,,,12.109807014465332,-0.11812627291242363,-0.017311608961303463,-2.739095286918374,5.261714728965481,0.03,,,,,,,,,435100,001,2025-07-15_10h27.01.014,Continuous_Psychophysics,2022.2.5,None,
0,0,0,0,,,,,,,,,,,12.113601922988892,-0.11812627291242363,-0.017311608961303463,-2.6163173754500306,5.585820261973902,0.03,,,,,,,,,435100,001,2025-07-15_10h27.01.014,Continuous_Psychophysics,2022.2.5,None,
0,0,0,0,,,,,,,,,,,12.118453979492188,-0.11710794297352342,-0.017311608961303463,-2.0869808697278147,5.7041225387403935,0.03,,,,,,,,,435100,001,2025-07-15_10h27.01.014,Continuous_Psychophysics,2022.2.5,None,
0,0,0,0,,,,,,,,,,,12.130386114120483,-0.11608961303462322,-0.017311608961303463,-2.2646642355297577,5.7602659700720045,0.03,,,,,,,,,435100,001,2025-07-15_10h27.01.014,Continuous_Psychophysics,2022.2.5,None,
0,0,0,0,,,,,,,,,,,12.13457703590393,-0.11608961303462322,-0.017311608961303463,-2.1052778144397606,5.850425792857097,0.03,,,,,,,,,435100,001,2025-07-15_10h27.01.014,Continuous_Psychophysics,2022.2.5,None,
0,0,0,0,,,,,,,,,,,12.147727966308594,-0.11507128309572301,-0.017311608961303463,-2.283421008763018,5.533808250663559,0.03,,,,,,,,,435100,001,2025-07-15_10h27.01.014,Continuous_Psychophysics,2022.2.5,None,
0,0,0,0,,,,,,,,,,,12.151729106903076,-0.11507128309572301,-0.017311608961303463,-2.3804077904813923,5.067391427411689,0.03,,,,,,,,,435100,001,2025-07-15_10h27.01.014,Continuous_Psychophysics,2022.2.5,None,
0,0,0,0,,,,,,,,,,,12.164456129074097,-0.11507128309572301,-0.017311608961303463,-2.6450349696297595,4.987082729849237,0.03,,,,,,,,,435100,001,2025-07-15_10h27.01.014,Continuous_Psychophysics,2022.2.5,None,
0,0,0,0,,,,,,,,,,,12.167649984359741,-0.11507128309572301,-0.017311608961303463,-2.624010927106654,5.0094628533694205,0.03,,,,,,,,,435100,001,2025-07-15_10h27.01.014,Continuous_Psychophysics,2022.2.5,None,
0,0,0,0,,,,,,,,,,,12.181823253631592,-0.11507128309572301,-0.017311608961303463,-2.8012827170510173,5.001625374366385,0.03,,,,,,,,,435100,001,2025-07-15_10h27.01.014,Continuous_Psychophysics,2022.2.5,None,
0,0,0,0,,,,,,,,,,,12.186247110366821,-0.11507128309572301,-0.016293279022403257,-3.113917926822686,5.113922425131161,0.03,,,,,,,,,435100,001,2025-07-15_10h27.01.014,Continuous_Psychophysics,2022.2.5,None,
0,0,0,0,,,,,,,,,,,12.199475049972534,-0.11710794297352342,-0.014256619144602852,-3.10084571778496,5.455006081850182,0.03,,,,,,,,,435100,001,2025-07-15_10h27.01.014,Continuous_Psychophysics,2022.2.5,None,
0,0,0,0,,,,,,,,,,,12.204052209854126,-0.11914460285132383,-0.010183299389002037,-3.1979966492531964,5.741484422613168,0.03,,,,,,,,,435100,001,2025-07-15_10h27.01.014,Continuous_Psychophysics,2022.2.5,None,
0,0,0,0,,,,,,,,,,,12.216730117797852,-0.12219959266802444,0.003054989816700611,-2.8418124424455944,5.522911821747761,0.03,,,,,,,,,435100,001,2025-07-15_10h27.01.014,Continuous_Psychophysics,2022.2.5,None,
0,0,0,0,,,,,,,,,,,12.221180200576782,-0.12219959266802444,0.003054989816700611,-2.038337539984638,5.198144532059818,0.03,,,,,,,,,435100,001,2025-07-15_10h27.01.014,Continuous_Psychophysics,2022.2.5,None,
0,0,0,0,,,,,,,,,,,12.225886106491089,-0.12321792260692464,0.013238289205702648,-2.2594833728986954,4.897110040934318,0.03,,,,,,,,,435100,001,2025-07-15_10h27.01.014,Continuous_Psychophysics,2022.2.5,None,
0,0,0,0,,,,,,,,,,,12.23860502243042,-0.12423625254582485,0.038696537678207736,-2.45429772226552,4.838037111173666,0.03,,,,,,,,,435100,001,2025-07-15_10h27.01.014,Continuous_Psychophysics,2022.2.5,None,
0,0,0,0,,,,,,,,,,,12.2431480884552,-0.12423625254582485,0.038696537678207736,-2.6247522330772495,5.287142812441573,0.03,,,,,,,,,435100,001,2025-07-15_10h27.01.014,Continuous_Psychophysics,2022.2.5,None,
0,0,0,0,,,,,,,,,,,12.255612134933472,-0.12423625254582485,0.05804480651731161,-2.858126871960646,5.3393305888296645,0.03,,,,,,,,,435100,001,2025-07-15_10h27.01.014,Continuous_Psychophysics,2022.2.5,None,
0,0,0,0,,,,,,,,,,,12.260251998901367,-0.12423625254582485,0.05804480651731161,-2.919643132377619,5.433390709897913,0.03,,,,,,,,,435100,001,2025-07-15_10h27.01.014,Continuous_Psychophysics,2022.2.5,None,
0,0,0,0,,,,,,,,,,,12.272641897201538,-0.12016293279022404,0.08044806517311609,-2.9252644023469694,5.589660443622121,0.03,,,,,,,,,435100,001,2025-07-15_10h27.01.014,Continuous_Psychophysics,2022.2.5,None,
0,0,0,0,,,,,,,,,,,12.276479959487915,-0.12016293279022404,0.08044806517311609,-3.2255445071001794,5.475551565201456,0.03,,,,,,,,,435100,001,2025-07-15_10h27.01.014,Continuous_Psychophysics,2022.2.5,None,
0,0,0,0,,,,,,,,,,,12.289613008499146,-0.11608961303462322,0.09674134419551934,-3.343457180152544,5.721386247552183,0.03,,,,,,,,,435100,001,2025-07-15_10h27.01.014,Continuous_Psychophysics,2022.2.5,None,
0,0,0,0,,,,,,,,,,,12.294251918792725,-0.11608961303462322,0.09674134419551934,-3.570813256044154,5.975094764227577,0.03,,,,,,,,,435100,001,2025-07-15_10h27.01.014,Continuous_Psychophysics,2022.2.5,None,
0,0,0,0,,,,,,,,,,,12.306848049163818,-0.1120162932790224,0.109979633401222,-2.9840038728753537,5.504054686384182,0.03,,,,,,,,,435100,001,2025-07-15_10h27.01.014,Continuous_Psychophysics,2022.2.5,None,
0,0,0,0,,,,,,,,,,,12.311340093612671,-0.109979633401222,0.11507128309572301,-3.1432147412435314,4.977952177333099,0.03,,,,,,,,,435100,001,2025-07-15_10h27.01.014,Continuous_Psychophysics,2022.2.5,None,
0,0,0,0,,,,,,,,,,,12.323978900909424,-0.1079429735234216,0.11914460285132383,-3.086338886926353,4.624405323477633,0.03,,,,,,,,,435100,001,2025-07-15_10h27.01.014,Continuous_Psychophysics,2022.2.5,None,
0,0,0,0,,,,,,,,,,,12.328768014907837,-0.10590631364562118,0.12423625254582485,-3.0829722683379575,4.484791467182897,0.03,,,,,,,,,435100,001,2025-07-15_10h27.01.014,Continuous_Psychophysics,2022.2.5,None,
0,0,0,0,,,,,,,,,,,12.341286182403564,-0.10285132382892057,0.12932790224032586,-2.4124940921294766,4.507654935376941,0.03,,,,,,,,,435100,001,2025-07-15_10h27.01.014,Continuous_Psychophysics,2022.2.5,None,
0,0,0,0,,,,,,,,,,,12.345938205718994,-0.09979633401221996,0.13441955193482688,-2.6117800241256237,4.802007171078986,0.03,,,,,,,,,435100,001,2025-07-15_10h27.01.014,Continuous_Psychophysics,2022.2.5,None,
0,0,0,0,,,,,,,,,,,12.358375072479248,-0.09572301425661914,0.1395112016293279,-2.3797749159701227,4.654205849426601,0.03,,,,,,,,,435100,001,2025-07-15_10h27.01.014,Continuous_Psychophysics,2022.2.5,None,
0,0,0,0,,,,,,,,,,,12.36278223991394,-0.09164969450101833,0.14562118126272913,-2.118522971112804,4.277261386528255,0.03,,,,,,,,,435100,001,2025-07-15_10h27.01.014,Continuous_Psychophysics,2022.2.5,None,
0,0,0,0,,,,,,,,,,,12.375890016555786,-0.08757637474541752,0.15071283095723015,-1.776851813986562,4.507786567468507,0.03,,,,,,,,,435100,001,2025-07-15_10h27.01.014,Continuous_Psychophysics,2022.2.5,None,
0,0,0,0,,,,,,,,,,,12.380429029464722,-0.0835030549898167,0.15580448065173116,-1.6351106171639542,3.9690930785302454,0.03,,,,,,,,,435100,001,2025-07-15_10h27.01.014,Continuous_Psychophysics,2022.2.5,None,
0,0,0,0,,,,,,,,,,,12.384500980377197,-0.0835030549898167,0.15580448065173116,-1.7352593503250033,3.6816960986472154,0.03,,,,,,,,,435100,001,2025-07-15_10h27.01.014,Continuous_Psychophysics,2022.2.5,None,
0,0,0,0,,,,,,,,,,,12.397378921508789,-0.07535641547861507,0.164969450101833,-1.4461545384636119,3.60584179073405,0.03,,,,,,,,,435100,001,2025-07-15_10h27.01.014,Continuous_Psychophysics,2022.2.5,None,
0,0,0,0,,,,,,,,,,,12.401660203933716,-0.07331975560081466,0.1670061099796334,-1.9688276177091084,3.920825832415415,0.03,,,,,,,,,435100,001,2025-07-15_10h27.01.014,Continuous_Psychophysics,2022.2.5,None,
0,0,0,0,,,,,,,,,,,12.414811134338379,-0.07026476578411406,0.17006109979633402,-2.538960316110836,4.016164839055177,0.03,,,,,,,,,435100,001,2025-07-15_10h27.01.014,Continuous_Psychophysics,2022.2.5,None,
0,0,0,0,,,,,,,,,,,12.417794942855835,-0.06822810590631365,0.17311608961303462,-2.581182802421041,3.896761408135479,0.03,,,,,,,,,435100,001,2025-07-15_10h27.01.014,Continuous_Psychophysics,2022.2.5,None,
0,0,0,0,,,,,,,,,,,12.432295083999634,-0.06619144602851323,0.17515274949083504,-2.106505689642293,3.60084547203392,0.03,,,,,,,,,435100,001,2025-07-15_10h27.01.014,Continuous_Psychophysics,2022.2.5,None,
0,0,0,0,,,,,,,,,,,12.436491966247559,-0.06517311608961303,0.17718940936863545,-1.6937098497164795,3.5265371194378146,0.03,,,,,,,,,435100,001,2025-07-15_10h27.01.014,Continuous_Psychophysics,2022.2.5,None,
0,0,0,0,,,,,,,,,,,12.44926905632019,-0.06415478615071284,0.17820773930753564,-1.2653881355301038,2.8983628218365536,0.03,,,,,,,,,435100,001,2025-07-15_10h27.01.014,Continuous_Psychophysics,2022.2.5,None,
0,0,0,0,,,,,,,,,,,12.453191041946411,-0.06415478615071284,0.17820773930753564,-1.105904053163381,2.837476561708729,0.03,,,,,,,,,435100,001,2025-07-15_10h27.01.014,Continuous_Psychophysics,2022.2.5,None,
0,0,0,0,,,,,,,,,,,12.466565132141113,-0.06313645621181263,0.17820773930753564,-1.1788032716809322,3.3247073023409937,0.03,,,,,,,,,435100,001,2025-07-15_10h27.01.014,Continuous_Psychophysics,2022.2.5,None,
0,0,0,0,,,,,,,,,,,12.470482110977173,-0.06313645621181263,0.17820773930753564,-1.6978909562193762,3.264775594470201,0.03,,,,,,,,,435100,001,2025-07-15_10h27.01.014,Continuous_Psychophysics,2022.2.5,None,
0,0,0,0,,,,,,,,,,,12.484139919281006,-0.06619144602851323,0.1690427698574338,-2.0520743623958553,3.0852187059806293,0.03,,,,,,,,,435100,001,2025-07-15_10h27.01.014,Continuous_Psychophysics,2022.2.5,None,
0,0,0,0,,,,,,,,,,,12.488946199417114,-0.07433808553971487,0.15376782077393075,-2.3619597029872565,3.156002703002041,0.03,,,,,,,,,435100,001,2025-07-15_10h27.01.014,Continuous_Psychophysics,2022.2.5,None,
0,0,0,0,,,,,,,,,,,12.492751121520996,-0.07433808553971487,0.15376782077393075,-2.1035337284590963,2.945670197183478,0.03,,,,,,,,,435100,001,2025-07-15_10h27.01.014,Continuous_Psychophysics,2022.2.5,None,
0,0,0,0,,,,,,,,,,,12.50553584098816,-0.10081466395112017,0.10590631364562118,-2.3263940044652855,3.3509603322659793,0.03,,,,,,,,,435100,001,2025-07-15_10h27.01.014,Continuous_Psychophysics,2022.2.5,None,
0,0,0,0,,,,,,,,,,,12.509505033493042,-0.10081466395112017,0.10590631364562118,-2.609349973946355,3.1480322219215777,0.03,,,,,,,,,435100,001,2025-07-15_10h27.01.014,Continuous_Psychophysics,2022.2.5,None,
0,0,0,0,,,,,,,,,,,12.522757053375244,-0.12219959266802444,0.06720977596741344,-2.6334891008053596,2.841993644287004,0.03,,,,,,,,,435100,001,2025-07-15_10h27.01.014,Continuous_Psychophysics,2022.2.5,None,
0,0,0,0,,,,,,,,,,,12.526381969451904,-0.12219959266802444,0.06720977596741344,-2.236565763272978,2.920767446659281,0.03,,,,,,,,,435100,001,2025-07-15_10h27.01.014,Continuous_Psychophysics,2022.2.5,None,
0,0,0,0,,,,,,,,,,,12.539958000183105,-0.12830957230142567,0.054989816700611,-2.0375262834049854,2.605907473609132,0.03,,,,,,,,,435100,001,2025-07-15_10h27.01.014,Continuous_Psychophysics,2022.2.5,None,
0,0,0,0,,,,,,,,,,,12.542651176452637,-0.12830957230142567,0.054989816700611,-1.7618799505763347,2.70116845952767,0.03,,,,,,,,,435100,001,2025-07-15_10h27.01.014,Continuous_Psychophysics,2022.2.5,None,
0,0,0,0,,,,,,,,,,,12.557136058807373,-0.1364562118126273,0.03767820773930754,-1.4221329389898587,3.002077363966203,0.03,,,,,,,,,435100,001,2025-07-15_10h27.01.014,Continuous_Psychophysics,2022.2.5,None,
0,0,0,0,,,,,,,,,,,12.56180214881897,-0.1384928716904277,0.03360488798370672,-1.5567473773668588,3.3346748186887143,0.03,,,,,,,,,435100,001,2025-07-15_10h27.01.014,Continuous_Psychophysics,2022.2.5,None,
0,0,0,0,,,,,,,,,,,12.57433009147644,-0.1395112016293279,0.031568228105906315,-1.5100915802219268,3.2943327946996814,0.03,,,,,,,,,435100,001,2025-07-15_10h27.01.014,Continuous_Psychophysics,2022.2.5,None,
0,0,0,0,,,,,,,,,,,12.578695058822632,-0.14052953156822812,0.029531568228105907,-1.3809294161248145,3.272661536679873,0.03,,,,,,,,,435100,001,2025-07-15_10h27.01.014,Continuous_Psychophysics,2022.2.5,None,
0,0,0,0,,,,,,,,,,,12.59153699874878,-0.14052953156822812,0.029531568228105907,-1.2034315674264178,3.588617539588513,0.03,,,,,,,,,435100,001,2025-07-15_10h27.01.014,Continuous_Psychophysics,2022.2.5,None,
0,0,0,0,,,,,,,,,,,12.59653902053833,-0.14052953156822812,0.03054989816700611,-1.4241134291030642,3.4219380711466973,0.03,,,,,,,,,435100,001,2025-07-15_10h27.01.014,Continuous_Psychophysics,2022.2.5,None,
0,0,0,0,,,,,,,,,,,12.608675003051758,-0.1384928716904277,0.034623217922606926,-1.4900920462631144,2.861105176990007,0.03,,,,,,,,,435100,001,2025-07-15_10h27.01.014,Continuous_Psychophysics,2022.2.5,None,
0,0,0,0,,,,,,,,,,,12.612991094589233,-0.1354378818737271,0.04073319755600815,-1.6189814520197754,2.7237435355969914,0.03,,,,,,,,,435100,001,2025-07-15_10h27.01.014,Continuous_Psychophysics,2022.2.5,None,
0,0,0,0,,,,,,,,,,,12.626229047775269,-0.13136456211812628,0.04786150712830957,-1.6578558285325422,2.691605106396567,0.03,,,,,,,,,435100,001,2025-07-15_10h27.01.014,Continuous_Psychophysics,2022.2.5,None,
0,0,0,0,,,,,,,,,,,12.630534172058105,-0.13136456211812628,0.04786150712830957,-1.2437288228953096,2.500531156169676,0.03,,,,,,,,,435100,001,2025-07-15_10h27.01.014,Continuous_Psychophysics,2022.2.5,None,
0,0,0,0,,,,,,,,,,,12.634995222091675,-0.12830957230142567,0.051934826883910386,-1.4751767093489263,2.275655506869658,0.03,,,,,,,,,435100,001,2025-07-15_10h27.01.014,Continuous_Psychophysics,2022.2.5,None,
0,0,0,0,,,,,,,,,,,12.647584915161133,-0.12627291242362526,0.0560081466395112,-0.7780694691828399,2.518075766828,0.03,,,,,,,,,435100,001,2025-07-15_10h27.01.014,Continuous_Psychophysics,2022.2.5,None,
0,0,0,0,,,,,,,,,,,12.651732206344604,-0.12423625254582485,0.059063136456211814,-0.799742264271387,2.5040438468420785,0.03,,,,,,,,,435100,001,2025-07-15_10h27.01.014,Continuous_Psychophysics,2022.2.5,None,
0,0,0,0,,,,,,,,,,,12.664797067642212,-0.12321792260692464,0.06109979633401222,-0.5206334961725403,2.501149186690011,0.03,,,,,,,,,435100,001,2025-07-15_10h27.01.014,Continuous_Psychophysics,2022.2.5,None,
0,0,0,0,,,,,,,,,,,12.668662071228027,-0.12219959266802444,0.062118126272912425,-0.43124870053997155,2.996005313538865,0.03,,,,,,,,,435100,001,2025-07-15_10h27.01.014,Continuous_Psychophysics,2022.2.5,None,
0,0,0,0,,,,,,,,,,,12.681911945343018,-0.12219959266802444,0.06313645621181263,-0.6790059594486069,2.793448101319304,0.03,,,,,,,,,435100,001,2025-07-15_10h27.01.014,Continuous_Psychophysics,2022.2.5,None,
0,0,0,0,,,,,,,,,,,12.686397075653076,-0.12118126272912423,0.06415478615071284,-0.33337230582368355,2.2532298812779192,0.03,,,,,,,,,435100,001,2025-07-15_10h27.01.014,Continuous_Psychophysics,2022.2.5,None,
0,0,0,0,,,,,,,,,,,12.699203968048096,-0.12118126272912423,0.06415478615071284,-0.9696227400817308,1.9713453206798097,0.03,,,,,,,,,435100,001,2025-07-15_10h27.01.014,Continuous_Psychophysics,2022.2.5,None,
0,0,0,0,,,,,,,,,,,12.703622102737427,-0.12118126272912423,0.06415478615071284,-0.6929546721231533,1.75097281649075,0.03,,,,,,,,,435100,001,2025-07-15_10h27.01.014,Continuous_Psychophysics,2022.2.5,None,
0,0,0,0,,,,,,,,,,,12.71659517288208,-0.12118126272912423,0.06415478615071284,-0.5537733741553836,2.0224670008981604,0.03,,,,,,,,,435100,001,2025-07-15_10h27.01.014,Continuous_Psychophysics,2022.2.5,None,
0,0,0,0,,,,,,,,,,,12.721682071685791,-0.12118126272912423,0.06415478615071284,-0.41882694323709213,2.3247347869950064,0.03,,,,,,,,,435100,001,2025-07-15_10h27.01.014,Continuous_Psychophysics,2022.2.5,None,
0,0,0,0,,,,,,,,,,,12.727132081985474,-0.12321792260692464,0.06313645621181263,-0.3621094767510362,2.9399906144612786,0.03,,,,,,,,,435100,001,2025-07-15_10h27.01.014,Continuous_Psychophysics,2022.2.5,None,
0,0,0,0,,,,,,,,,,,12.738512992858887,-0.12525458248472504,0.06008146639511202,-0.1407507308584874,3.413698651171807,0.03,,,,,,,,,435100,001,2025-07-15_10h27.01.014,Continuous_Psychophysics,2022.2.5,None,
0,0,0,0,,,,,,,,,,,12.743722915649414,-0.12729124236252545,0.05804480651731161,-0.5441398914718728,2.932105811996353,0.03,,,,,,,,,435100,001,2025-07-15_10h27.01.014,Continuous_Psychophysics,2022.2.5,None,
0,0,0,0,,,,,,,,,,,12.756050109863281,-0.13034623217922606,0.0539714867617108,-0.37937698799018676,3.4066427205900793,0.03,,,,,,,,,435100,001,2025-07-15_10h27.01.014,Continuous_Psychophysics,2022.2.5,None,
0,0,0,0,,,,,,,,,,,12.760444164276123,-0.13034623217922606,0.0539714867617108,-0.0932959811355965,3.162564724765333,0.03,,,,,,,,,435100,001,2025-07-15_10h27.01.014,Continuous_Psychophysics,2022.2.5,None,
0,0,0,0,,,,,,,,,,,12.772767305374146,-0.1334012219959267,0.051934826883910386,-0.21981317688586577,3.2974248743052756,0.03,,,,,,,,,435100,001,2025-07-15_10h27.01.014,Continuous_Psychophysics,2022.2.5,None,
0,0,0,0,,,,,,,,,,,12.776649236679077,-0.1334012219959267,0.051934826883910386,-0.5525129035586759,3.0592591053810496,0.03,,,,,,,,,435100,001,2025-07-15_10h27.01.014,Continuous_Psychophysics,2022.2.5,None,
0,0,0,0,,,,,,,,,,,12.790102005004883,-0.13441955193482688,0.05091649694501019,-0.9263731673683555,2.884110511543155,0.03,,,,,,,,,435100,001,2025-07-15_10h27.01.014,Continuous_Psychophysics,2022.2.5,None,
0,0,0,0,,,,,,,,,,,12.79358196258545,-0.13441955193482688,0.05091649694501019,-1.2334972507719377,2.5355002766015144,0.03,,,,,,,,,435100,001,2025-07-15_10h27.01.014,Continuous_Psychophysics,2022.2.5,None,
0,0,0,0,,,,,,,,,,,12.807254076004028,-0.13441955193482688,0.05091649694501019,-0.9609990014043905,2.245279431340168,0.03,,,,,,,,,435100,001,2025-07-15_10h27.01.014,Continuous_Psychophysics,2022.2.5,None,
0,0,0,0,,,,,,,,,,,12.81157112121582,-0.13441955193482688,0.05091649694501019,-1.260245583558506,2.8758006856368845,0.03,,,,,,,,,435100,001,2025-07-15_10h27.01.014,Continuous_Psychophysics,2022.2.5,None,
0,0,0,0,,,,,,,,,,,12.824543952941895,-0.1334012219959267,0.0560081466395112,-1.3105835441887272,3.02861066064227,0.03,,,,,,,,,435100,001,2025-07-15_10h27.01.014,Continuous_Psychophysics,2022.2.5,None,
0,0,0,0,,,,,,,,,,,12.828764200210571,-0.1334012219959267,0.0560081466395112,-1.5674761832333877,2.979541746932018,0.03,,,,,,,,,435100,001,2025-07-15_10h27.01.014,Continuous_Psychophysics,2022.2.5,None,
0,0,0,0,,,,,,,,,,,12.841796159744263,-0.12729124236252545,0.06109979633401222,-2.046862356273534,3.0645530360546616,0.03,,,,,,,,,435100,001,2025-07-15_10h27.01.014,Continuous_Psychophysics,2022.2.5,None,
0,0,0,0,,,,,,,,,,,12.846610069274902,-0.12423625254582485,0.06313645621181263,-2.339026214564389,3.07731421577919,0.03,,,,,,,,,435100,001,2025-07-15_10h27.01.014,Continuous_Psychophysics,2022.2.5,None,
0,0,0,0,,,,,,,,,,,12.851163148880005,-0.12423625254582485,0.06313645621181263,-2.8874342076764514,3.362729533359911,0.03,,,,,,,,,435100,001,2025-07-15_10h27.01.014,Continuous_Psychophysics,2022.2.5,None,
0,0,0,0,,,,,,,,,,,12.863722085952759,-0.11608961303462322,0.06517311608961303,-2.5690063358871447,3.5207034040826377,0.03,,,,,,,,,435100,001,2025-07-15_10h27.01.014,Continuous_Psychophysics,2022.2.5,None,
0,0,0,0,,,,,,,,,,,12.868466138839722,-0.1109979633401222,0.06517311608961303,-2.513069722357884,4.099988398676582,0.03,,,,,,,,,435100,001,2025-07-15_10h27.01.014,Continuous_Psychophysics,2022.2.5,None,
0,0,0,0,,,,,,,,,,,12.880846977233887,-0.10590631364562118,0.06517311608961303,-2.2339552494703683,4.611973012850914,0.03,,,,,,,,,435100,001,2025-07-15_10h27.01.014,Continuous_Psychophysics,2022.2.5,None,
0,0,0,0,,,,,,,,,,,12.885205268859863,-0.10183299389002037,0.06313645621181263,-2.0236098203687476,4.851176231055944,0.03,,,,,,,,,435100,001,2025-07-15_10h27.01.014,Continuous_Psychophysics,2022.2.5,None,
0,0,0,0,,,,,,,,,,,12.89823293685913,-0.09674134419551934,0.06008146639511202,-1.4684599501397475,5.095973492448016,0.03,,,,,,,,,435100,001,2025-07-15_10h27.01.014,Continuous_Psychophysics,2022.2.5,None,
0,0,0,0,,,,,,,,,,,12.901734113693237,-0.09164969450101833,0.0560081466395112,-1.5540978181185212,5.409686009610563,0.03,,,,,,,,,435100,001,2025-07-15_10h27.01.014,Continuous_Psychophysics,2022.2.5,None,
0,0,0,0,,,,,,,,,,,12.915184020996094,-0.08655804480651731,0.051934826883910386,-1.2794213222433912,5.50833763687578,0.03,,,,,,,,,435100,001,2025-07-15_10h27.01.014,Continuous_Psychophysics,2022.2.5,None,
0,0,0,0,,,,,,,,,,,12.919564962387085,-0.07637474541751528,0.04175152749490835,-1.4242806991435009,5.6901695302780775,0.03,,,,,,,,,435100,001,2025-07-15_10h27.01.014,Continuous_Psychophysics,2022.2.5,None,
0,0,0,0,,,,,,,,,,,12.932246923446655,-0.07128309572301425,0.035641547861507125,-1.9295984860194366,5.708766858463815,0.03,,,,,,,,,435100,001,2025-07-15_10h27.01.014,Continuous_Psychophysics,2022.2.5,None,
0,0,0,0,,,,,,,,,,,12.936124086380005,-0.06415478615071284,0.0274949083503055,-2.2416525117354955,5.450410705798607,0.03,,,,,,,,,435100,001,2025-07-15_10h27.01.014,Continuous_Psychophysics,2022.2.5,None,
0,0,0,0,,,,,,,,,,,12.949457168579102,-0.05702647657841141,0.018329938900203666,-1.7690942793278188,5.438313545893324,0.03,,,,,,,,,435100,001,2025-07-15_10h27.01.014,Continuous_Psychophysics,2022.2.5,None,
0,0,0,0,,,,,,,,,,,12.953894138336182,-0.04989816700610998,0.009164969450101833,-1.5377841799038932,5.3620139496887225,0.03,,,,,,,,,435100,001,2025-07-15_10h27.01.014,Continuous_Psychophysics,2022.2.5,None,
0,0,0,0,,,,,,,,,,,12.966700077056885,-0.04175152749490835,0.0010183299389002036,-1.1441972796620585,5.663344229147115,0.03,,,,,,,,,435100,001,2025-07-15_10h27.01.014,Continuous_Psychophysics,2022.2.5,None,
0,0,0,0,,,,,,,,,,,12.971604108810425,-0.03767820773930754,-0.003054989816700611,-0.7590309992974091,5.827894932144046,0.03,,,,,,,,,435100,001,2025-07-15_10h27.01.014,Continuous_Psychophysics,2022.2.5,None,
0,0,0,0,,,,,,,,,,,12.97665810585022,-0.03054989816700611,-0.009164969450101833,-0.6606443677390255,5.993648257500603,0.03,,,,,,,,,435100,001,2025-07-15_10h27.01.014,Continuous_Psychophysics,2022.2.5,None,
0,0,0,0,,,,,,,,,,,12.988440036773682,-0.024439918533604887,-0.014256619144602852,-0.39042487657654634,5.993648257500603,0.03,,,,,,,,,435100,001,2025-07-15_10h27.01.014,Continuous_Psychophysics,2022.2.5,None,
0,0,0,0,,,,,,,,,,,12.992831945419312,-0.021384928716904276,-0.015274949083503055,-0.6564242752865799,5.993648257500603,0.03,,,,,,,,,435100,001,2025-07-15_10h27.01.014,Continuous_Psychophysics,2022.2.5,None,
0,0,0,0,,,,,,,,,,,13.005635023117065,-0.010183299389002037,-0.019348268839103868,-0.8335001010058515,5.506345875756675,0.03,,,,,,,,,435100,001,2025-07-15_10h27.01.014,Continuous_Psychophysics,2022.2.5,None,
0,0,0,0,,,,,,,,,,,13.009427070617676,-0.010183299389002037,-0.019348268839103868,-0.5711899739677184,5.332229435112227,0.03,,,,,,,,,435100,001,2025-07-15_10h27.01.014,Continuous_Psychophysics,2022.2.5,None,
0,0,0,0,,,,,,,,,,,13.02268099784851,-0.004073319755600814,-0.019348268839103868,-0.14177222397129846,4.996268163628146,0.03,,,,,,,,,435100,001,2025-07-15_10h27.01.014,Continuous_Psychophysics,2022.2.5,None,
0,0,0,0,,,,,,,,,,,13.02724289894104,-0.004073319755600814,-0.019348268839103868,-0.6200336077188064,5.154054461118945,0.03,,,,,,,,,435100,001,2025-07-15_10h27.01.014,Continuous_Psychophysics,2022.2.5,None,
0,0,0,0,,,,,,,,,,,13.039827108383179,-0.002036659877800407,-0.012219959266802444,-0.5975534993724044,4.976235944641031,0.03,,,,,,,,,435100,001,2025-07-15_10h27.01.014,Continuous_Psychophysics,2022.2.5,None,
0,0,0,0,,,,,,,,,,,13.04446816444397,-0.002036659877800407,-0.012219959266802444,-0.5948634712909293,4.918565885261847,0.03,,,,,,,,,435100,001,2025-07-15_10h27.01.014,Continuous_Psychophysics,2022.2.5,None,
0,0,0,0,,,,,,,,,,,13.057109117507935,0.0010183299389002036,-0.002036659877800407,-0.5401758843282825,4.641665561829226,0.03,,,,,,,,,435100,001,2025-07-15_10h27.01.014,Continuous_Psychophysics,2022.2.5,None,
0,0,0,0,,,,,,,,,,,13.061520099639893,0.0010183299389002036,-0.002036659877800407,-0.49192631811234777,4.6718910351203204,0.03,,,,,,,,,435100,001,2025-07-15_10h27.01.014,Continuous_Psychophysics,2022.2.5,None,
0,0,0,0,,,,,,,,,,,13.074504137039185,0.0010183299389002036,0.007128309572301426,-0.5468229660031135,5.039435554070016,0.03,,,,,,,,,435100,001,2025-07-15_10h27.01.014,Continuous_Psychophysics,2022.2.5,None,
0,0,0,0,,,,,,,,,,,13.078992128372192,0.0010183299389002036,0.010183299389002037,-0.6296373780267239,4.985905435360109,0.03,,,,,,,,,435100,001,2025-07-15_10h27.01.014,Continuous_Psychophysics,2022.2.5,None,
0,0,0,0,,,,,,,,,,,13.091768980026245,0.0,0.013238289205702648,-0.7954919561440472,4.561618471487601,0.03,,,,,,,,,435100,001,2025-07-15_10h27.01.014,Continuous_Psychophysics,2022.2.5,None,
0,0,0,0,,,,,,,,,,,13.096379041671753,-0.003054989816700611,0.016293279022403257,-0.8757932726846887,4.302990481763353,0.03,,,,,,,,,435100,001,2025-07-15_10h27.01.014,Continuous_Psychophysics,2022.2.5,None,
0,0,0,0,,,,,,,,,,,13.108890056610107,-0.006109979633401222,0.019348268839103868,-0.9429272031515243,4.523004353930672,0.03,,,,,,,,,435100,001,2025-07-15_10h27.01.014,Continuous_Psychophysics,2022.2.5,None,
0,0,0,0,,,,,,,,,,,13.113551139831543,-0.010183299389002037,0.021384928716904276,-0.44256974763297174,4.914859076724209,0.03,,,,,,,,,435100,001,2025-07-15_10h27.01.014,Continuous_Psychophysics,2022.2.5,None,
0,0,0,0,,,,,,,,,,,13.11794400215149,-0.010183299389002037,0.021384928716904276,-0.4895545326394671,4.863743198259712,0.03,,,,,,,,,435100,001,2025-07-15_10h27.01.014,Continuous_Psychophysics,2022.2.5,None,
0,0,0,0,,,,,,,,,,,13.130552053451538,-0.018329938900203666,0.0274949083503055,-0.3164644533127282,5.3568410165529725,0.03,,,,,,,,,435100,001,2025-07-15_10h27.01.014,Continuous_Psychophysics,2022.2.5,None,
0,0,0,0,,,,,,,,,,,13.13457703590393,-0.018329938900203666,0.0274949083503055,0.38828124091706673,5.27739821481728,0.03,,,,,,,,,435100,001,2025-07-15_10h27.01.014,Continuous_Psychophysics,2022.2.5,None,
0,0,0,0,,,,,,,,,,,13.147542953491211,-0.025458248472505093,0.031568228105906315,-0.09035664462542209,5.187206935837832,0.03,,,,,,,,,435100,001,2025-07-15_10h27.01.014,Continuous_Psychophysics,2022.2.5,None,
0,0,0,0,,,,,,,,,,,13.151339054107666,-0.0274949083503055,0.03360488798370672,0.3336086106132774,5.48090342407978,0.03,,,,,,,,,435100,001,2025-07-15_10h27.01.014,Continuous_Psychophysics,2022.2.5,None,
0,0,0,0,,,,,,,,,,,13.164594173431396,-0.029531568228105907,0.035641547861507125,0.3150979664908653,4.989790660164811,0.03,,,,,,,,,435100,001,2025-07-15_10h27.01.014,Continuous_Psychophysics,2022.2.5,None,
0,0,0,0,,,,,,,,,,,13.168489217758179,-0.032586558044806514,0.03665987780040733,0.05392308926640915,5.309828450269064,0.03,,,,,,,,,435100,001,2025-07-15_10h27.01.014,Continuous_Psychophysics,2022.2.5,None,
0,0,0,0,,,,,,,,,,,13.181764125823975,-0.03360488798370672,0.03767820773930754,0.37220695610033094,5.309828450269064,0.03,,,,,,,,,435100,001,2025-07-15_10h27.01.014,Continuous_Psychophysics,2022.2.5,None,
0,0,0,0,,,,,,,,,,,13.18499493598938,-0.035641547861507125,0.038696537678207736,0.6298148208222936,4.752404133825767,0.03,,,,,,,,,435100,001,2025-07-15_10h27.01.014,Continuous_Psychophysics,2022.2.5,None,
0,0,0,0,,,,,,,,,,,13.19877815246582,-0.035641547861507125,0.03971486761710794,0.6206755936916448,4.852634089345703,0.03,,,,,,,,,435100,001,2025-07-15_10h27.01.014,Continuous_Psychophysics,2022.2.5,None,
0,0,0,0,,,,,,,,,,,13.20290207862854,-0.03665987780040733,0.04073319755600815,0.7939380572061389,4.874851047429579,0.03,,,,,,,,,435100,001,2025-07-15_10h27.01.014,Continuous_Psychophysics,2022.2.5,None,
0,0,0,0,,,,,,,,,,,13.216095209121704,-0.03767820773930754,0.04073319755600815,0.9117045224463158,4.6202409843454335,0.03,,,,,,,,,435100,001,2025-07-15_10h27.01.014,Continuous_Psychophysics,2022.2.5,None,
0,0,0,0,,,,,,,,,,,13.2207772731781,-0.03767820773930754,0.04073319755600815,0.5238487378931427,4.352828515826704,0.03,,,,,,,,,435100,001,2025-07-15_10h27.01.014,Continuous_Psychophysics,2022.2.5,None,
0,0,0,0,,,,,,,,,,,13.233209133148193,-0.03767820773930754,0.04073319755600815,-0.2504648117332716,4.126971884348587,0.03,,,,,,,,,435100,001,2025-07-15_10h27.01.014,Continuous_Psychophysics,2022.2.5,None,
0,0,0,0,,,,,,,,,,,13.237524271011353,-0.03767820773930754,0.04073319755600815,-0.9258324359471027,4.126660934731015,0.03,,,,,,,,,435100,001,2025-07-15_10h27.01.014,Continuous_Psychophysics,2022.2.5,None,
0,0,0,0,,,,,,,,,,,13.250197172164917,-0.03767820773930754,0.04073319755600815,-1.0493287637666981,4.2499896719506625,0.03,,,,,,,,,435100,001,2025-07-15_10h27.01.014,Continuous_Psychophysics,2022.2.5,None,
0,0,0,0,,,,,,,,,,,13.254762172698975,-0.03767820773930754,0.04073319755600815,-0.28628799406764194,3.835533097250671,0.03,,,,,,,,,435100,001,2025-07-15_10h27.01.014,Continuous_Psychophysics,2022.2.5,None,
0,0,0,0,,,,,,,,,,,13.25935411453247,-0.03767820773930754,0.04073319755600815,0.052076755612472214,4.013934198845183,0.03,,,,,,,,,435100,001,2025-07-15_10h27.01.014,Continuous_Psychophysics,2022.2.5,None,
0,0,0,0,,,,,,,,,,,13.271744012832642,-0.03767820773930754,0.03971486761710794,0.5006737388127072,3.9645557297432945,0.03,,,,,,,,,435100,001,2025-07-15_10h27.01.014,Continuous_Psychophysics,2022.2.5,None,
0,0,0,0,,,,,,,,,,,13.276352882385254,-0.03767820773930754,0.03767820773930754,0.5347503534372325,3.6199558961110028,0.03,,,,,,,,,435100,001,2025-07-15_10h27.01.014,Continuous_Psychophysics,2022.2.5,None,
0,0,0,0,,,,,,,,,,,13.288901090621948,-0.03665987780040733,0.03054989816700611,0.8841710454117726,3.452736864038104,0.03,,,,,,,,,435100,001,2025-07-15_10h27.01.014,Continuous_Psychophysics,2022.2.5,None,
0,0,0,0,,,,,,,,,,,13.292895078659058,-0.03665987780040733,0.03054989816700611,0.9658249405615891,3.7292326919611076,0.03,,,,,,,,,435100,001,2025-07-15_10h27.01.014,Continuous_Psychophysics,2022.2.5,None,
0,0,0,0,,,,,,,,,,,13.305896043777466,-0.03665987780040733,0.025458248472505093,0.8000065430033709,3.543041673120389,0.03,,,,,,,,,435100,001,2025-07-15_10h27.01.014,Continuous_Psychophysics,2022.2.5,None,
0,0,0,0,,,,,,,,,,,13.309338092803955,-0.03665987780040733,0.025458248472505093,0.7549138234582401,3.4621762160881002,0.03,,,,,,,,,435100,001,2025-07-15_10h27.01.014,Continuous_Psychophysics,2022.2.5,None,
0,0,0,0,,,,,,,,,,,13.32302212715149,-0.03665987780040733,0.020366598778004074,0.7433335707410107,3.364440937295815,0.03,,,,,,,,,435100,001,2025-07-15_10h27.01.014,Continuous_Psychophysics,2022.2.5,None,
0,0,0,0,,,,,,,,,,,13.326930046081543,-0.03665987780040733,0.020366598778004074,0.660319461224496,3.3497965660489557,0.03,,,,,,,,,435100,001,2025-07-15_10h27.01.014,Continuous_Psychophysics,2022.2.5,None,
0,0,0,0,,,,,,,,,,,13.340569019317627,-0.035641547861507125,0.017311608961303463,0.5423038389781282,3.9166990083477438,0.03,,,,,,,,,435100,001,2025-07-15_10h27.01.014,Continuous_Psychophysics,2022.2.5,None,
0,0,0,0,,,,,,,,,,,13.345116138458252,-0.034623217922606926,0.015274949083503055,0.4295846271398611,3.7487886049873693,0.03,,,,,,,,,435100,001,2025-07-15_10h27.01.014,Continuous_Psychophysics,2022.2.5,None,
0,0,0,0,,,,,,,,,,,13.357904195785522,-0.03360488798370672,0.015274949083503055,0.472723554149567,3.726828188051648,0.03,,,,,,,,,435100,001,2025-07-15_10h27.01.014,Continuous_Psychophysics,2022.2.5,None,
0,0,0,0,,,,,,,,,,,13.362682104110718,-0.031568228105906315,0.015274949083503055,-0.26148207630139153,3.428170443144027,0.03,,,,,,,,,435100,001,2025-07-15_10h27.01.014,Continuous_Psychophysics,2022.2.5,None,
0,0,0,0,,,,,,,,,,,13.374922275543213,-0.028513238289205704,0.016293279022403257,0.10059798822486837,3.788422716975626,0.03,,,,,,,,,435100,001,2025-07-15_10h27.01.014,Continuous_Psychophysics,2022.2.5,None,
0,0,0,0,,,,,,,,,,,13.379711866378784,-0.024439918533604887,0.020366598778004074,-0.15185654770753998,3.8982855827054315,0.03,,,,,,,,,435100,001,2025-07-15_10h27.01.014,Continuous_Psychophysics,2022.2.5,None,
0,0,0,0,,,,,,,,,,,13.3842191696167,-0.024439918533604887,0.020366598778004074,-0.3526160110335517,4.012955873603908,0.03,,,,,,,,,435100,001,2025-07-15_10h27.01.014,Continuous_Psychophysics,2022.2.5,None,
0,0,0,0,,,,,,,,,,,13.396629095077515,-0.015274949083503055,0.035641547861507125,-0.18528796060170097,4.033126351327398,0.03,,,,,,,,,435100,001,2025-07-15_10h27.01.014,Continuous_Psychophysics,2022.2.5,None,
0,0,0,0,,,,,,,,,,,13.401171207427979,-0.015274949083503055,0.035641547861507125,-0.02365725598074958,4.150369509449298,0.03,,,,,,,,,435100,001,2025-07-15_10h27.01.014,Continuous_Psychophysics,2022.2.5,None,
0,0,0,0,,,,,,,,,,,13.413595199584961,-0.006109979633401222,0.048879837067209775,-0.4096001078606366,4.494426064550864,0.03,,,,,,,,,435100,001,2025-07-15_10h27.01.014,Continuous_Psychophysics,2022.2.5,None,
0,0,0,0,,,,,,,,,,,13.41834306716919,-0.0010183299389002036,0.05804480651731161,0.16935939339921469,4.9552256221535895,0.03,,,,,,,,,435100,001,2025-07-15_10h27.01.014,Continuous_Psychophysics,2022.2.5,None,
0,0,0,0,,,,,,,,,,,13.430798053741455,0.004073319755600814,0.06517311608961303,0.25941228560468654,4.542445579971453,0.03,,,,,,,,,435100,001,2025-07-15_10h27.01.014,Continuous_Psychophysics,2022.2.5,None,
0,0,0,0,,,,,,,,,,,13.435516119003296,0.006109979633401222,0.06720977596741344,0.17877689504936917,4.326747125453484,0.03,,,,,,,,,435100,001,2025-07-15_10h27.01.014,Continuous_Psychophysics,2022.2.5,None,
0,0,0,0,,,,,,,,,,,13.450697183609009,0.012219959266802444,0.07535641547861507,0.4757147779372416,4.631160368658941,0.03,,,,,,,,,435100,001,2025-07-15_10h27.01.014,Continuous_Psychophysics,2022.2.5,None,
0,0,0,0,,,,,,,,,,,13.454986095428467,0.012219959266802444,0.07535641547861507,0.53675894279416,4.146341757709502,0.03,,,,,,,,,435100,001,2025-07-15_10h27.01.014,Continuous_Psychophysics,2022.2.5,None,
0,0,0,0,,,,,,,,,,,13.45950198173523,0.015274949083503055,0.07841140529531568,0.5412297752445804,3.4029990154906224,0.03,,,,,,,,,435100,001,2025-07-15_10h27.01.014,Continuous_Psychophysics,2022.2.5,None,
0,0,0,0,,,,,,,,,,,13.472026109695435,0.017311608961303463,0.07942973523421588,0.24041159126839995,3.347698739601733,0.03,,,,,,,,,435100,001,2025-07-15_10h27.01.014,Continuous_Psychophysics,2022.2.5,None,
0,0,0,0,,,,,,,,,,,13.47657585144043,0.018329938900203666,0.08044806517311609,0.0717678267715535,3.446569760394407,0.03,,,,,,,,,435100,001,2025-07-15_10h27.01.014,Continuous_Psychophysics,2022.2.5,None,
0,0,0,0,,,,,,,,,,,13.489066123962402,0.019348268839103868,0.0814663951120163,0.28829787059828166,3.0589421312177985,0.03,,,,,,,,,435100,001,2025-07-15_10h27.01.014,Continuous_Psychophysics,2022.2.5,None,
0,0,0,0,,,,,,,,,,,13.493612051010132,0.019348268839103868,0.0814663951120163,0.3940396204790046,3.0659205221374655,0.03,,,,,,,,,435100,001,2025-07-15_10h27.01.014,Continuous_Psychophysics,2022.2.5,None,
0,0,0,0,,,,,,,,,,,13.506114959716797,0.020366598778004074,0.0824847250509165,0.4219176848156022,3.018275025371604,0.03,,,,,,,,,435100,001,2025-07-15_10h27.01.014,Continuous_Psychophysics,2022.2.5,None,
0,0,0,0,,,,,,,,,,,13.510001182556152,0.020366598778004074,0.0824847250509165,0.37278345096566257,3.5341934592233586,0.03,,,,,,,,,435100,001,2025-07-15_10h27.01.014,Continuous_Psychophysics,2022.2.5,None,
0,0,0,0,,,,,,,,,,,13.52357292175293,0.021384928716904276,0.0835030549898167,0.09066070865070314,3.487289919319631,0.03,,,,,,,,,435100,001,2025-07-15_10h27.01.014,Continuous_Psychophysics,2022.2.5,None,
0,0,0,0,,,,,,,,,,,13.527960062026978,0.021384928716904276,0.0845213849287169,-0.4351941494399774,3.444055130014346,0.03,,,,,,,,,435100,001,2025-07-15_10h27.01.014,Continuous_Psychophysics,2022.2.5,None,
0,0,0,0,,,,,,,,,,,13.540579080581665,0.02240325865580448,0.0855397148676171,-0.6443258714996314,3.6598206759894802,0.03,,,,,,,,,435100,001,2025-07-15_10h27.01.014,Continuous_Psychophysics,2022.2.5,None,
0,0,0,0,,,,,,,,,,,13.544641017913818,0.02240325865580448,0.0855397148676171,-0.8269482286552956,3.9788064331634225,0.03,,,,,,,,,435100,001,2025-07-15_10h27.01.014,Continuous_Psychophysics,2022.2.5,None,
0,0,0,0,,,,,,,,,,,13.55812120437622,0.024439918533604887,0.08757637474541752,-1.1930609064732907,3.621060678773916,0.03,,,,,,,,,435100,001,2025-07-15_10h27.01.014,Continuous_Psychophysics,2022.2.5,None,
0,0,0,0,,,,,,,,,,,13.562607049942017,0.024439918533604887,0.08757637474541752,-1.1856417552715197,3.9097592569201463,0.03,,,,,,,,,435100,001,2025-07-15_10h27.01.014,Continuous_Psychophysics,2022.2.5,None,
0,0,0,0,,,,,,,,,,,13.575154066085815,0.026476578411405296,0.08859470468431772,-1.3452169649239671,3.6858512557005203,0.03,,,,,,,,,435100,001,2025-07-15_10h27.01.014,Continuous_Psychophysics,2022.2.5,None,
0,0,0,0,,,,,,,,,,,13.580019235610962,0.0274949083503055,0.08859470468431772,-1.4062067894017152,3.2728708417546,0.03,,,,,,,,,435100,001,2025-07-15_10h27.01.014,Continuous_Psychophysics,2022.2.5,None,
0,0,0,0,,,,,,,,,,,13.584476232528687,0.0274949083503055,0.08859470468431772,-1.4321144689552068,3.1399015331523557,0.03,,,,,,,,,435100,001,2025-07-15_10h27.01.014,Continuous_Psychophysics,2022.2.5,None,
0,0,0,0,,,,,,,,,,,13.596660852432251,0.031568228105906315,0.08961303462321792,-1.326738737172157,3.264800835790118,0.03,,,,,,,,,435100,001,2025-07-15_10h27.01.014,Continuous_Psychophysics,2022.2.5,None,
0,0,0,0,,,,,,,,,,,13.601237297058105,0.031568228105906315,0.08961303462321792,-0.7944843129577952,3.092097219729268,0.03,,,,,,,,,435100,001,2025-07-15_10h27.01.014,Continuous_Psychophysics,2022.2.5,None,
0,0,0,0,,,,,,,,,,,13.613761901855469,0.034623217922606926,0.09063136456211812,-0.8726736380690094,3.460545235225611,0.03,,,,,,,,,435100,001,2025-07-15_10h27.01.014,Continuous_Psychophysics,2022.2.5,None,
0,0,0,0,,,,,,,,,,,13.61768913269043,0.034623217922606926,0.09063136456211812,-0.6899932645592137,3.595573977026676,0.03,,,,,,,,,435100,001,2025-07-15_10h27.01.014,Continuous_Psychophysics,2022.2.5,None,
0,0,0,0,,,,,,,,,,,13.630756139755249,0.03767820773930754,0.09063136456211812,-0.8922712442886951,3.480313090819487,0.03,,,,,,,,,435100,001,2025-07-15_10h27.01.014,Continuous_Psychophysics,2022.2.5,None,
0,0,0,0,,,,,,,,,,,13.634274005889893,0.03767820773930754,0.09063136456211812,-0.9007106816151176,4.247627249232893,0.03,,,,,,,,,435100,001,2025-07-15_10h27.01.014,Continuous_Psychophysics,2022.2.5,None,
0,0,0,0,,,,,,,,,,,13.647815227508545,0.04175152749490835,0.09063136456211812,-0.542428565067752,4.114344568419157,0.03,,,,,,,,,435100,001,2025-07-15_10h27.01.014,Continuous_Psychophysics,2022.2.5,None,
0,0,0,0,,,,,,,,,,,13.65207314491272,0.04175152749490835,0.09063136456211812,-0.5366958702047586,4.621204358474691,0.03,,,,,,,,,435100,001,2025-07-15_10h27.01.014,Continuous_Psychophysics,2022.2.5,None,
0,0,0,0,,,,,,,,,,,13.665088891983032,0.04480651731160896,0.09063136456211812,-0.7151109854628397,4.8526407260877935,0.03,,,,,,,,,435100,001,2025-07-15_10h27.01.014,Continuous_Psychophysics,2022.2.5,None,
0,0,0,0,,,,,,,,,,,13.669645071029663,0.04684317718940937,0.09063136456211812,-0.95116251942403,4.245739749982408,0.03,,,,,,,,,435100,001,2025-07-15_10h27.01.014,Continuous_Psychophysics,2022.2.5,None,
0,0,0,0,,,,,,,,,,,13.682137966156006,0.04786150712830957,0.09063136456211812,-1.2062016189895057,4.359675714075647,0.03,,,,,,,,,435100,001,2025-07-15_10h27.01.014,Continuous_Psychophysics,2022.2.5,None,
0,0,0,0,,,,,,,,,,,13.686657905578613,0.048879837067209775,0.09063136456211812,-0.7949079496270688,4.741566758238815,0.03,,,,,,,,,435100,001,2025-07-15_10h27.01.014,Continuous_Psychophysics,2022.2.5,None,
0,0,0,0,,,,,,,,,,,13.698997974395752,0.04989816700610998,0.09063136456211812,-1.1036364282578983,4.7561029980777665,0.03,,,,,,,,,435100,001,2025-07-15_10h27.01.014,Continuous_Psychophysics,2022.2.5,None,
0,0,0,0,,,,,,,,,,,13.703320026397705,0.04989816700610998,0.09063136456211812,-1.0870792465826042,4.266551088789144,0.03,,,,,,,,,435100,001,2025-07-15_10h27.01.014,Continuous_Psychophysics,2022.2.5,None,
0,0,0,0,,,,,,,,,,,13.716593027114868,0.04989816700610998,0.09063136456211812,-0.8224654208500735,4.306717587784462,0.03,,,,,,,,,435100,001,2025-07-15_10h27.01.014,Continuous_Psychophysics,2022.2.5,None,
0,0,0,0,,,,,,,,,,,13.721541166305542,0.04989816700610998,0.09063136456211812,-1.467483896539405,4.554155892421187,0.03,,,,,,,,,435100,001,2025-07-15_10h27.01.014,Continuous_Psychophysics,2022.2.5,None,
0,0,0,0,,,,,,,,,,,13.725971221923828,0.04989816700610998,0.09063136456211812,-1.5857384011417353,4.647057367815839,0.03,,,,,,,,,435100,001,2025-07-15_10h27.01.014,Continuous_Psychophysics,2022.2.5,None,
0,0,0,0,,,,,,,,,,,13.738317966461182,0.04989816700610998,0.09063136456211812,-1.7366022033151058,5.195561963223092,0.03,,,,,,,,,435100,001,2025-07-15_10h27.01.014,Continuous_Psychophysics,2022.2.5,None,
0,0,0,0,,,,,,,,,,,13.743123054504395,0.048879837067209775,0.09063136456211812,-1.6247245357055509,5.6162821864465435,0.03,,,,,,,,,435100,001,2025-07-15_10h27.01.014,Continuous_Psychophysics,2022.2.5,None,
0,0,0,0,,,,,,,,,,,13.755605936050415,0.04684317718940937,0.09063136456211812,-1.77442087685966,5.312619325918186,0.03,,,,,,,,,435100,001,2025-07-15_10h27.01.014,Continuous_Psychophysics,2022.2.5,None,
0,0,0,0,,,,,,,,,,,13.759785175323486,0.04684317718940937,0.09063136456211812,-2.3077346547568394,5.363597341723512,0.03,,,,,,,,,435100,001,2025-07-15_10h27.01.014,Continuous_Psychophysics,2022.2.5,None,
0,0,0,0,,,,,,,,,,,13.773096084594727,0.04480651731160896,0.09063136456211812,-2.541061205468184,5.156645933476637,0.03,,,,,,,,,435100,001,2025-07-15_10h27.01.014,Continuous_Psychophysics,2022.2.5,None,
0,0,0,0,,,,,,,,,,,13.777929067611694,0.04276985743380855,0.08961303462321792,-3.049670015564245,4.762106420616808,0.03,,,,,,,,,435100,001,2025-07-15_10h27.01.014,Continuous_Psychophysics,2022.2.5,None,
0,0,0,0,,,,,,,,,,,13.790165185928345,0.03971486761710794,0.08859470468431772,-2.636851195335385,4.329301590333565,0.03,,,,,,,,,435100,001,2025-07-15_10h27.01.014,Continuous_Psychophysics,2022.2.5,None,
0,0,0,0,,,,,,,,,,,13.794559240341187,0.03971486761710794,0.08859470468431772,-2.4824921580210653,4.777231047738327,0.03,,,,,,,,,435100,001,2025-07-15_10h27.01.014,Continuous_Psychophysics,2022.2.5,None,
0,0,0,0,,,,,,,,,,,13.807273149490356,0.03665987780040733,0.08859470468431772,-2.5104173803515692,5.1615252269969085,0.03,,,,,,,,,435100,001,2025-07-15_10h27.01.014,Continuous_Psychophysics,2022.2.5,None,
0,0,0,0,,,,,,,,,,,13.811805248260498,0.03665987780040733,0.08859470468431772,-2.487306829992827,5.670737382276335,0.03,,,,,,,,,435100,001,2025-07-15_10h27.01.014,Continuous_Psychophysics,2022.2.5,None,
0,0,0,0,,,,,,,,,,,13.824589014053345,0.03360488798370672,0.08859470468431772,-2.0313735287994827,5.945409870097539,0.03,,,,,,,,,435100,001,2025-07-15_10h27.01.014,Continuous_Psychophysics,2022.2.5,None,
0,0,0,0,,,,,,,,,,,13.82912302017212,0.03360488798370672,0.08859470468431772,-1.862472458778769,5.655367935884223,0.03,,,,,,,,,435100,001,2025-07-15_10h27.01.014,Continuous_Psychophysics,2022.2.5,None,
0,0,0,0,,,,,,,,,,,13.841539144515991,0.031568228105906315,0.08961303462321792,-1.6969946181175117,5.655367935884223,0.03,,,,,,,,,435100,001,2025-07-15_10h27.01.014,Continuous_Psychophysics,2022.2.5,None,
0,0,0,0,,,,,,,,,,,13.84664011001587,0.03054989816700611,0.09063136456211812,-1.8142643410022254,5.511080510452441,0.03,,,,,,,,,435100,001,2025-07-15_10h27.01.014,Continuous_Psychophysics,2022.2.5,None,
0,0,0,0,,,,,,,,,,,13.851121187210083,0.03054989816700611,0.09063136456211812,-1.8262650235084634,5.146425292372002,0.03,,,,,,,,,435100,001,2025-07-15_10h27.01.014,Continuous_Psychophysics,2022.2.5,None,
0,0,0,0,,,,,,,,,,,13.863312005996704,0.0274949083503055,0.09266802443991853,-1.307602075779629,5.0457670720762895,0.03,,,,,,,,,435100,001,2025-07-15_10h27.01.014,Continuous_Psychophysics,2022.2.5,None,
0,0,0,0,,,,,,,,,,,13.867727041244507,0.0274949083503055,0.09266802443991853,-0.9779137220774015,4.868738343812993,0.03,,,,,,,,,435100,001,2025-07-15_10h27.01.014,Continuous_Psychophysics,2022.2.5,None,
0,0,0,0,,,,,,,,,,,13.880589962005615,0.024439918533604887,0.09572301425661914,-1.260643881515678,4.811543092738488,0.03,,,,,,,,,435100,001,2025-07-15_10h27.01.014,Continuous_Psychophysics,2022.2.5,None,
0,0,0,0,,,,,,,,,,,13.884352922439575,0.024439918533604887,0.09572301425661914,-1.3074044250268453,4.534187440274907,0.03,,,,,,,,,435100,001,2025-07-15_10h27.01.014,Continuous_Psychophysics,2022.2.5,None,
0,0,0,0,,,,,,,,,,,13.897897243499756,0.021384928716904276,0.09877800407331976,-1.4480181887313623,4.418067196848187,0.03,,,,,,,,,435100,001,2025-07-15_10h27.01.014,Continuous_Psychophysics,2022.2.5,None,
0,0,0,0,,,,,,,,,,,13.90215015411377,0.021384928716904276,0.09877800407331976,-1.8311858827265848,4.216985346353634,0.03,,,,,,,,,435100,001,2025-07-15_10h27.01.014,Continuous_Psychophysics,2022.2.5,None,
0,0,0,0,,,,,,,,,,,13.91482424736023,0.019348268839103868,0.10285132382892057,-1.937370438059219,4.416591742995227,0.03,,,,,,,,,435100,001,2025-07-15_10h27.01.014,Continuous_Psychophysics,2022.2.5,None,
0,0,0,0,,,,,,,,,,,13.917749881744385,0.019348268839103868,0.10285132382892057,-2.0512425956002422,4.940380153792184,0.03,,,,,,,,,435100,001,2025-07-15_10h27.01.014,Continuous_Psychophysics,2022.2.5,None,
0,0,0,0,,,,,,,,,,,13.931950092315674,0.016293279022403257,0.1079429735234216,-1.7347907665601359,5.069906257720046,0.03,,,,,,,,,435100,001,2025-07-15_10h27.01.014,Continuous_Psychophysics,2022.2.5,None,
0,0,0,0,,,,,,,,,,,13.935091257095337,0.016293279022403257,0.1079429735234216,-2.1776198742959525,5.651969262346701,0.03,,,,,,,,,435100,001,2025-07-15_10h27.01.014,Continuous_Psychophysics,2022.2.5,None,
0,0,0,0,,,,,,,,,,,13.94902491569519,0.015274949083503055,0.11405295315682282,-2.1793831371096988,5.175500794742142,0.03,,,,,,,,,435100,001,2025-07-15_10h27.01.014,Continuous_Psychophysics,2022.2.5,None,
0,0,0,0,,,,,,,,,,,13.953275203704834,0.015274949083503055,0.11608961303462322,-2.543780035907313,5.146621876870001,0.03,,,,,,,,,435100,001,2025-07-15_10h27.01.014,Continuous_Psychophysics,2022.2.5,None,
0,0,0,0,,,,,,,,,,,13.966361045837402,0.014256619144602852,0.11812627291242363,-3.296636782356102,4.957743433815981,0.03,,,,,,,,,435100,001,2025-07-15_10h27.01.014,Continuous_Psychophysics,2022.2.5,None,
0,0,0,0,,,,,,,,,,,13.971030950546265,0.014256619144602852,0.12016293279022404,-3.4926428916620935,4.60592761196348,0.03,,,,,,,,,435100,001,2025-07-15_10h27.01.014,Continuous_Psychophysics,2022.2.5,None,
0,0,0,0,,,,,,,,,,,13.98372220993042,0.014256619144602852,0.12321792260692464,-3.4365605104783494,4.790597755967185,0.03,,,,,,,,,435100,001,2025-07-15_10h27.01.014,Continuous_Psychophysics,2022.2.5,None,
0,0,0,0,,,,,,,,,,,13.98862624168396,0.014256619144602852,0.12525458248472504,-3.3240952459537105,4.225412085851657,0.03,,,,,,,,,435100,001,2025-07-15_10h27.01.014,Continuous_Psychophysics,2022.2.5,None,
0,0,0,0,,,,,,,,,,,13.993356943130493,0.014256619144602852,0.12729124236252545,-3.2317467851455906,4.116724724426875,0.03,,,,,,,,,435100,001,2025-07-15_10h27.01.014,Continuous_Psychophysics,2022.2.5,None,
0,0,0,0,,,,,,,,,,,14.005576133728027,0.014256619144602852,0.12932790224032586,-3.042529957345027,3.744253682209977,0.03,,,,,,,,,435100,001,2025-07-15_10h27.01.014,Continuous_Psychophysics,2022.2.5,None,
0,0,0,0,,,,,,,,,,,14.010197877883911,0.014256619144602852,0.1334012219959267,-2.932507199223232,4.430635243861166,0.03,,,,,,,,,435100,001,2025-07-15_10h27.01.014,Continuous_Psychophysics,2022.2.5,None,
0,0,0,0,,,,,,,,,,,14.022686243057251,0.015274949083503055,0.13441955193482688,-3.498769124978627,4.2659425698350075,0.03,,,,,,,,,435100,001,2025-07-15_10h27.01.014,Continuous_Psychophysics,2022.2.5,None,
0,0,0,0,,,,,,,,,,,14.027132034301758,0.015274949083503055,0.1364562118126273,-3.1842502069537755,3.883699327549766,0.03,,,,,,,,,435100,001,2025-07-15_10h27.01.014,Continuous_Psychophysics,2022.2.5,None,
0,0,0,0,,,,,,,,,,,14.039756059646606,0.015274949083503055,0.1384928716904277,-3.471620732320468,4.106431335234415,0.03,,,,,,,,,435100,001,2025-07-15_10h27.01.014,Continuous_Psychophysics,2022.2.5,None,
0,0,0,0,,,,,,,,,,,14.043779134750366,0.015274949083503055,0.1395112016293279,-3.599629439960139,4.3345493277860605,0.03,,,,,,,,,435100,001,2025-07-15_10h27.01.014,Continuous_Psychophysics,2022.2.5,None,
0,0,0,0,,,,,,,,,,,14.056998014450073,0.015274949083503055,0.1415478615071283,-4.086789373815462,4.772541850331873,0.03,,,,,,,,,435100,001,2025-07-15_10h27.01.014,Continuous_Psychophysics,2022.2.5,None,
0,0,0,0,,,,,,,,,,,14.061437129974365,0.015274949083503055,0.1415478615071283,-4.203458519827645,4.797148018283864,0.03,,,,,,,,,435100,001,2025-07-15_10h27.01.014,Continuous_Psychophysics,2022.2.5,None,
0,0,0,0,,,,,,,,,,,14.07444715499878,0.014256619144602852,0.1425661914460285,-3.7431715491093223,5.001709735886077,0.03,,,,,,,,,435100,001,2025-07-15_10h27.01.014,Continuous_Psychophysics,2022.2.5,None,
0,0,0,0,,,,,,,,,,,14.07871413230896,0.014256619144602852,0.1425661914460285,-3.3701593747609433,4.792332836712244,0.03,,,,,,,,,435100,001,2025-07-15_10h27.01.014,Continuous_Psychophysics,2022.2.5,None,
0,0,0,0,,,,,,,,,,,14.091477870941162,0.008146639511201629,0.1425661914460285,-3.066760540467439,5.056648073563308,0.03,,,,,,,,,435100,001,2025-07-15_10h27.01.014,Continuous_Psychophysics,2022.2.5,None,
0,0,0,0,,,,,,,,,,,14.095786094665527,0.008146639511201629,0.1425661914460285,-2.9347848096636318,4.898662293177296,0.03,,,,,,,,,435100,001,2025-07-15_10h27.01.014,Continuous_Psychophysics,2022.2.5,None,
0,0,0,0,,,,,,,,,,,14.108767986297607,0.003054989816700611,0.1415478615071283,-3.5078030745878386,5.309100065451827,0.03,,,,,,,,,435100,001,2025-07-15_10h27.01.014,Continuous_Psychophysics,2022.2.5,None,
0,0,0,0,,,,,,,,,,,14.11355996131897,0.0,0.14052953156822812,-3.4892116263874984,5.465543341945505,0.03,,,,,,,,,435100,001,2025-07-15_10h27.01.014,Continuous_Psychophysics,2022.2.5,None,
0,0,0,0,,,,,,,,,,,14.118000030517578,0.0,0.14052953156822812,-3.5552224137476944,5.321199996508949,0.03,,,,,,,,,435100,001,2025-07-15_10h27.01.014,Continuous_Psychophysics,2022.2.5,None,
0,0,0,0,,,,,,,,,,,14.130178928375244,-0.003054989816700611,0.1384928716904277,-3.5469038471406535,5.143820429285322,0.03,,,,,,,,,435100,001,2025-07-15_10h27.01.014,Continuous_Psychophysics,2022.2.5,None,
0,0,0,0,,,,,,,,,,,14.134624004364014,-0.003054989816700611,0.1384928716904277,-4.009770762245179,5.2140616403860465,0.03,,,,,,,,,435100,001,2025-07-15_10h27.01.014,Continuous_Psychophysics,2022.2.5,None,
0,0,0,0,,,,,,,,,,,14.14725112915039,-0.006109979633401222,0.13747454175152748,-3.946175641263178,4.7829449031001525,0.03,,,,,,,,,435100,001,2025-07-15_10h27.01.014,Continuous_Psychophysics,2022.2.5,None,
0,0,0,0,,,,,,,,,,,14.151052951812744,-0.006109979633401222,0.13747454175152748,-4.719932953699864,4.9614300548549375,0.03,,,,,,,,,435100,001,2025-07-15_10h27.01.014,Continuous_Psychophysics,2022.2.5,None,
0,0,0,0,,,,,,,,,,,14.16431999206543,-0.007128309572301426,0.13747454175152748,-4.849693430269071,4.801749272716787,0.03,,,,,,,,,435100,001,2025-07-15_10h27.01.014,Continuous_Psychophysics,2022.2.5,None,
0,0,0,0,,,,,,,,,,,14.167823076248169,-0.007128309572301426,0.13747454175152748,-4.7750073629861305,4.854381428264463,0.03,,,,,,,,,435100,001,2025-07-15_10h27.01.014,Continuous_Psychophysics,2022.2.5,None,
0,0,0,0,,,,,,,,,,,14.181429862976074,-0.007128309572301426,0.1364562118126273,-5.237960700247282,4.477137627708638,0.03,,,,,,,,,435100,001,2025-07-15_10h27.01.014,Continuous_Psychophysics,2022.2.5,None,
0,0,0,0,,,,,,,,,,,14.18624210357666,-0.007128309572301426,0.1364562118126273,-5.1729226070051935,4.841462799680212,0.03,,,,,,,,,435100,001,2025-07-15_10h27.01.014,Continuous_Psychophysics,2022.2.5,None,
0,0,0,0,,,,,,,,,,,14.198431968688965,-0.008146639511201629,0.1354378818737271,-5.15819833508847,5.127036473693119,0.03,,,,,,,,,435100,001,2025-07-15_10h27.01.014,Continuous_Psychophysics,2022.2.5,None,
0,0,0,0,,,,,,,,,,,14.203084945678711,-0.008146639511201629,0.1354378818737271,-5.183191460341481,4.751687417490492,0.03,,,,,,,,,435100,001,2025-07-15_10h27.01.014,Continuous_Psychophysics,2022.2.5,None,
0,0,0,0,,,,,,,,,,,14.215548038482666,-0.008146639511201629,0.13441955193482688,-5.094454301526076,4.815651679707715,0.03,,,,,,,,,435100,001,2025-07-15_10h27.01.014,Continuous_Psychophysics,2022.2.5,None,
0,0,0,0,,,,,,,,,,,14.219857215881348,-0.009164969450101833,0.13441955193482688,-4.781994741819819,4.878408196424207,0.03,,,,,,,,,435100,001,2025-07-15_10h27.01.014,Continuous_Psychophysics,2022.2.5,None,
0,0,0,0,,,,,,,,,,,14.2328040599823,-0.009164969450101833,0.1334012219959267,-4.798252251701803,4.6178316925423095,0.03,,,,,,,,,435100,001,2025-07-15_10h27.01.014,Continuous_Psychophysics,2022.2.5,None,
0,0,0,0,,,,,,,,,,,14.237306118011475,-0.009164969450101833,0.1334012219959267,-4.63611161197115,4.816043394166265,0.03,,,,,,,,,435100,001,2025-07-15_10h27.01.014,Continuous_Psychophysics,2022.2.5,None,
0,0,0,0,,,,,,,,,,,14.250128030776978,-0.009164969450101833,0.13238289205702647,-4.9644250774784915,4.41837178367891,0.03,,,,,,,,,435100,001,2025-07-15_10h27.01.014,Continuous_Psychophysics,2022.2.5,None,
0,0,0,0,,,,,,,,,,,14.254642248153687,-0.009164969450101833,0.13238289205702647,-4.7983304948129755,4.312515780046065,0.03,,,,,,,,,435100,001,2025-07-15_10h27.01.014,Continuous_Psychophysics,2022.2.5,None,
0,0,0,0,,,,,,,,,,,14.267145156860352,-0.009164969450101833,0.13238289205702647,-4.7577574515938394,4.652896914066893,0.03,,,,,,,,,435100,001,2025-07-15_10h27.01.014,Continuous_Psychophysics,2022.2.5,None,
0,0,0,0,,,,,,,,,,,14.271459102630615,-0.009164969450101833,0.13238289205702647,-4.64207195060711,4.848617350878449,0.03,,,,,,,,,435100,001,2025-07-15_10h27.01.014,Continuous_Psychophysics,2022.2.5,None,
0,0,0,0,,,,,,,,,,,14.28421401977539,-0.009164969450101833,0.13238289205702647,-4.7830035617046835,5.219480678153782,0.03,,,,,,,,,435100,001,2025-07-15_10h27.01.014,Continuous_Psychophysics,2022.2.5,None,
0,0,0,0,,,,,,,,,,,14.288536071777344,-0.009164969450101833,0.13238289205702647,-4.845624365143714,5.271075983123318,0.03,,,,,,,,,435100,001,2025-07-15_10h27.01.014,Continuous_Psychophysics,2022.2.5,None,
0,0,0,0,,,,,,,,,,,14.293032169342041,-0.009164969450101833,0.13238289205702647,-4.712814403267543,5.247639372593771,0.03,,,,,,,,,435100,001,2025-07-15_10h27.01.014,Continuous_Psychophysics,2022.2.5,None,
0,0,0,0,,,,,,,,,,,14.305657148361206,-0.009164969450101833,0.13238289205702647,-4.417861959128904,4.516877585061138,0.03,,,,,,,,,435100,001,2025-07-15_10h27.01.014,Continuous_Psychophysics,2022.2.5,None,
0,0,0,0,,,,,,,,,,,14.310631036758423,-0.009164969450101833,0.13136456211812628,-4.334340985724255,4.879785460109116,0.03,,,,,,,,,435100,001,2025-07-15_10h27.01.014,Continuous_Psychophysics,2022.2.5,None,
0,0,0,0,,,,,,,,,,,14.32292914390564,-0.01120162932790224,0.12932790224032586,-4.787750543755734,5.336285412064029,0.03,,,,,,,,,435100,001,2025-07-15_10h27.01.014,Continuous_Psychophysics,2022.2.5,None,
0,0,0,0,,,,,,,,,,,14.326801061630249,-0.014256619144602852,0.12525458248472504,-4.758124025636087,5.875554601504577,0.03,,,,,,,,,435100,001,2025-07-15_10h27.01.014,Continuous_Psychophysics,2022.2.5,None,
0,0,0,0,,,,,,,,,,,14.340158224105835,-0.02240325865580448,0.11507128309572301,-4.911174928706891,5.315194219118177,0.03,,,,,,,,,435100,001,2025-07-15_10h27.01.014,Continuous_Psychophysics,2022.2.5,None,
0,0,0,0,,,,,,,,,,,14.34476113319397,-0.02240325865580448,0.11507128309572301,-5.162818477832217,5.95898979842192,0.03,,,,,,,,,435100,001,2025-07-15_10h27.01.014,Continuous_Psychophysics,2022.2.5,None,
0,0,0,0,,,,,,,,,,,14.3576500415802,-0.032586558044806514,0.10692464358452139,-4.870162078070383,5.95898979842192,0.03,,,,,,,,,435100,001,2025-07-15_10h27.01.014,Continuous_Psychophysics,2022.2.5,None,
0,0,0,0,,,,,,,,,,,14.362283945083618,-0.032586558044806514,0.10692464358452139,-5.120037783162312,5.95898979842192,0.03,,,,,,,,,435100,001,2025-07-15_10h27.01.014,Continuous_Psychophysics,2022.2.5,None,
0,0,0,0,,,,,,,,,,,14.374771118164062,-0.051934826883910386,0.09368635437881874,-5.294033141217893,5.565441962697546,0.03,,,,,,,,,435100,001,2025-07-15_10h27.01.014,Continuous_Psychophysics,2022.2.5,None,
0,0,0,0,,,,,,,,,,,14.379601001739502,-0.051934826883910386,0.09368635437881874,-5.682301008256685,5.853490075793815,0.03,,,,,,,,,435100,001,2025-07-15_10h27.01.014,Continuous_Psychophysics,2022.2.5,None,
0,0,0,0,,,,,,,,,,,14.384838104248047,-0.06008146639511202,0.09063136456211812,-5.8617443549732355,5.331407738153058,0.03,,,,,,,,,435100,001,2025-07-15_10h27.01.014,Continuous_Psychophysics,2022.2.5,None,
0,0,0,0,,,,,,,,,,,14.397086143493652,-0.07841140529531568,0.08859470468431772,-5.622273698526106,4.828813666755247,0.03,,,,,,,,,435100,001,2025-07-15_10h27.01.014,Continuous_Psychophysics,2022.2.5,None,
0,0,0,0,,,,,,,,,,,14.401429176330566,-0.07841140529531568,0.08859470468431772,-5.5181442391467765,4.960364875085389,0.03,,,,,,,,,435100,001,2025-07-15_10h27.01.014,Continuous_Psychophysics,2022.2.5,None,
0,0,0,0,,,,,,,,,,,14.41420316696167,-0.09877800407331976,0.08859470468431772,-5.6492092934277895,5.034664639739801,0.03,,,,,,,,,435100,001,2025-07-15_10h27.01.014,Continuous_Psychophysics,2022.2.5,None,
0,0,0,0,,,,,,,,,,,14.41777515411377,-0.09877800407331976,0.08859470468431772,-5.9760902683254375,5.440951201743607,0.03,,,,,,,,,435100,001,2025-07-15_10h27.01.014,Continuous_Psychophysics,2022.2.5,None,
0,0,0,0,,,,,,,,,,,14.431242227554321,-0.12016293279022404,0.08859470468431772,-5.416979511967045,5.634310239647593,0.03,,,,,,,,,435100,001,2025-07-15_10h27.01.014,Continuous_Psychophysics,2022.2.5,None,
0,0,0,0,,,,,,,,,,,14.434720039367676,-0.12016293279022404,0.08859470468431772,-5.218608065708261,5.634310239647593,0.03,,,,,,,,,435100,001,2025-07-15_10h27.01.014,Continuous_Psychophysics,2022.2.5,None,
0,0,0,0,,,,,,,,,,,14.448618173599243,-0.1425661914460285,0.08655804480651731,-5.596057351320211,5.479137247249408,0.03,,,,,,,,,435100,001,2025-07-15_10h27.01.014,Continuous_Psychophysics,2022.2.5,None,
0,0,0,0,,,,,,,,,,,14.453366994857788,-0.15478615071283094,0.0845213849287169,-5.365024816457213,5.8966653090830805,0.03,,,,,,,,,435100,001,2025-07-15_10h27.01.014,Continuous_Psychophysics,2022.2.5,None,
0,0,0,0,,,,,,,,,,,14.466084003448486,-0.1659877800407332,0.08044806517311609,-5.860806708043879,5.984267428305929,0.03,,,,,,,,,435100,001,2025-07-15_10h27.01.014,Continuous_Psychophysics,2022.2.5,None,
0,0,0,0,,,,,,,,,,,14.47081208229065,-0.1710794297352342,0.07942973523421588,-5.671068305639238,5.673625677838783,0.03,,,,,,,,,435100,001,2025-07-15_10h27.01.014,Continuous_Psychophysics,2022.2.5,None,
0,0,0,0,,,,,,,,,,,14.482885122299194,-0.17922606924643583,0.07637474541751528,-5.567727859518953,5.355904897156136,0.03,,,,,,,,,435100,001,2025-07-15_10h27.01.014,Continuous_Psychophysics,2022.2.5,None,
0,0,0,0,,,,,,,,,,,14.487227201461792,-0.18737270875763748,0.07331975560081466,-5.633441532882825,4.9229248097000635,0.03,,,,,,,,,435100,001,2025-07-15_10h27.01.014,Continuous_Psychophysics,2022.2.5,None,
0,0,0,0,,,,,,,,,,,14.49998927116394,-0.1945010183299389,0.07230142566191446,-5.72251335723907,5.084410044092283,0.03,,,,,,,,,435100,001,2025-07-15_10h27.01.014,Continuous_Psychophysics,2022.2.5,None,
0,0,0,0,,,,,,,,,,,14.504637241363525,-0.19959266802443992,0.07128309572301425,-5.928539889457111,4.341320070989594,0.03,,,,,,,,,435100,001,2025-07-15_10h27.01.014,Continuous_Psychophysics,2022.2.5,None,
0,0,0,0,,,,,,,,,,,14.517236232757568,-0.20366598778004075,0.07128309572301425,-5.928539889457111,4.397765040714979,0.03,,,,,,,,,435100,001,2025-07-15_10h27.01.014,Continuous_Psychophysics,2022.2.5,None,
0,0,0,0,,,,,,,,,,,14.521949052810669,-0.20570264765784113,0.07128309572301425,-5.79064069396253,4.596356885462823,0.03,,,,,,,,,435100,001,2025-07-15_10h27.01.014,Continuous_Psychophysics,2022.2.5,None,
0,0,0,0,,,,,,,,,,,14.526591300964355,-0.20875763747454176,0.07433808553971487,-5.79064069396253,4.645549611529382,0.03,,,,,,,,,435100,001,2025-07-15_10h27.01.014,Continuous_Psychophysics,2022.2.5,None,
0,0,0,0,,,,,,,,,,,14.538815975189209,-0.20875763747454176,0.08044806517311609,-5.996381601535965,5.140756928774978,0.03,,,,,,,,,435100,001,2025-07-15_10h27.01.014,Continuous_Psychophysics,2022.2.5,None,
0,0,0,0,,,,,,,,,,,14.543164014816284,-0.20875763747454176,0.08961303462321792,-5.996381601535965,5.737502582349743,0.03,,,,,,,,,435100,001,2025-07-15_10h27.01.014,Continuous_Psychophysics,2022.2.5,None,
0,0,0,0,,,,,,,,,,,14.555963039398193,-0.20875763747454176,0.10081466395112017,-5.996381601535965,5.470930612532218,0.03,,,,,,,,,435100,001,2025-07-15_10h27.01.014,Continuous_Psychophysics,2022.2.5,None,
0,0,0,0,,,,,,,,,,,14.559934139251709,-0.20672097759674135,0.11303462321792261,-5.7094385488782216,5.414653484835302,0.03,,,,,,,,,435100,001,2025-07-15_10h27.01.014,Continuous_Psychophysics,2022.2.5,None,
0,0,0,0,,,,,,,,,,,14.572906255722046,-0.20162932790224034,0.12830957230142567,-5.3987081062861835,5.324902587092535,0.03,,,,,,,,,435100,001,2025-07-15_10h27.01.014,Continuous_Psychophysics,2022.2.5,None,
0,0,0,0,,,,,,,,,,,14.576533317565918,-0.1945010183299389,0.1425661914460285,-5.150531210125511,4.789989240657671,0.03,,,,,,,,,435100,001,2025-07-15_10h27.01.014,Continuous_Psychophysics,2022.2.5,None,
0,0,0,0,,,,,,,,,,,14.590161085128784,-0.18533604887983707,0.1629327902240326,-5.104489990012705,5.318018316701481,0.03,,,,,,,,,435100,001,2025-07-15_10h27.01.014,Continuous_Psychophysics,2022.2.5,None,
0,0,0,0,,,,,,,,,,,14.594558238983154,-0.18533604887983707,0.1629327902240326,-4.918734620046537,5.315699630552275,0.03,,,,,,,,,435100,001,2025-07-15_10h27.01.014,Continuous_Psychophysics,2022.2.5,None,
0,0,0,0,,,,,,,,,,,14.60755705833435,-0.17718940936863545,0.17718940936863545,-4.104966907073621,5.398569341774778,0.03,,,,,,,,,435100,001,2025-07-15_10h27.01.014,Continuous_Psychophysics,2022.2.5,None,
0,0,0,0,,,,,,,,,,,14.612045049667358,-0.17718940936863545,0.17718940936863545,-4.178392041240368,5.672180712389127,0.03,,,,,,,,,435100,001,2025-07-15_10h27.01.014,Continuous_Psychophysics,2022.2.5,None,
0,0,0,0,,,,,,,,,,,14.624279975891113,-0.1710794297352342,0.18839103869653767,-3.9601427665897933,5.380112852422152,0.03,,,,,,,,,435100,001,2025-07-15_10h27.01.014,Continuous_Psychophysics,2022.2.5,None,
0,0,0,0,,,,,,,,,,,14.628473997116089,-0.1710794297352342,0.18839103869653767,-3.90873532351367,5.079259541598509,0.03,,,,,,,,,435100,001,2025-07-15_10h27.01.014,Continuous_Psychophysics,2022.2.5,None,
0,0,0,0,,,,,,,,,,,14.641746044158936,-0.1680244399185336,0.1924643584521385,-3.9380377616540736,5.269552406368286,0.03,,,,,,,,,435100,001,2025-07-15_10h27.01.014,Continuous_Psychophysics,2022.2.5,None,
0,0,0,0,,,,,,,,,,,14.646375179290771,-0.1670061099796334,0.1934826883910387,-3.955687506580977,5.138257108878675,0.03,,,,,,,,,435100,001,2025-07-15_10h27.01.014,Continuous_Psychophysics,2022.2.5,None,
0,0,0,0,,,,,,,,,,,14.650928020477295,-0.1670061099796334,0.1934826883910387,-3.4694499930527343,5.5102233822180775,0.03,,,,,,,,,435100,001,2025-07-15_10h27.01.014,Continuous_Psychophysics,2022.2.5,None,
0,0,0,0,,,,,,,,,,,14.663189172744751,-0.1670061099796334,0.1945010183299389,-3.5015722962772013,5.098175802363258,0.03,,,,,,,,,435100,001,2025-07-15_10h27.01.014,Continuous_Psychophysics,2022.2.5,None,
0,0,0,0,,,,,,,,,,,14.667757034301758,-0.1670061099796334,0.1945010183299389,-3.662038625764444,5.41263362956293,0.03,,,,,,,,,435100,001,2025-07-15_10h27.01.014,Continuous_Psychophysics,2022.2.5,None,
0,0,0,0,,,,,,,,,,,14.680168151855469,-0.1670061099796334,0.1945010183299389,-3.6633732673656527,5.4730928778294,0.03,,,,,,,,,435100,001,2025-07-15_10h27.01.014,Continuous_Psychophysics,2022.2.5,None,
0,0,0,0,,,,,,,,,,,14.684778928756714,-0.1670061099796334,0.1945010183299389,-3.20337932098103,5.765021843444696,0.03,,,,,,,,,435100,001,2025-07-15_10h27.01.014,Continuous_Psychophysics,2022.2.5,None,
0,0,0,0,,,,,,,,,,,14.696968078613281,-0.1670061099796334,0.1945010183299389,-3.1632506056411738,5.41059462001112,0.03,,,,,,,,,435100,001,2025-07-15_10h27.01.014,Continuous_Psychophysics,2022.2.5,None,
0,0,0,0,,,,,,,,,,,14.701519966125488,-0.1670061099796334,0.1945010183299389,-3.7105652550688655,5.240185481632051,0.03,,,,,,,,,435100,001,2025-07-15_10h27.01.014,Continuous_Psychophysics,2022.2.5,None,
0,0,0,0,,,,,,,,,,,14.714367151260376,-0.1690427698574338,0.1945010183299389,-3.923420050644271,5.09038934032163,0.03,,,,,,,,,435100,001,2025-07-15_10h27.01.014,Continuous_Psychophysics,2022.2.5,None,
0,0,0,0,,,,,,,,,,,14.71828818321228,-0.1690427698574338,0.1945010183299389,-3.98492451959123,5.323661895494817,0.03,,,,,,,,,435100,001,2025-07-15_10h27.01.014,Continuous_Psychophysics,2022.2.5,None,
0,0,0,0,,,,,,,,,,,14.731425046920776,-0.17311608961303462,0.1955193482688391,-4.0763653686594274,5.403093026611537,0.03,,,,,,,,,435100,001,2025-07-15_10h27.01.014,Continuous_Psychophysics,2022.2.5,None,
0,0,0,0,,,,,,,,,,,14.73416519165039,-0.17311608961303462,0.1955193482688391,-4.164164769069911,5.507980691377728,0.03,,,,,,,,,435100,001,2025-07-15_10h27.01.014,Continuous_Psychophysics,2022.2.5,None,
0,0,0,0,,,,,,,,,,,14.748607873916626,-0.17718940936863545,0.1985743380855397,-4.341709801136519,5.610188442150633,0.03,,,,,,,,,435100,001,2025-07-15_10h27.01.014,Continuous_Psychophysics,2022.2.5,None,
0,0,0,0,,,,,,,,,,,14.752900123596191,-0.18024439918533605,0.20061099796334012,-4.2005617325398825,5.360280142796044,0.03,,,,,,,,,435100,001,2025-07-15_10h27.01.014,Continuous_Psychophysics,2022.2.5,None,
0,0,0,0,,,,,,,,,,,14.765676021575928,-0.18228105906313646,0.20264765784114053,-4.013513979435171,5.359794823794883,0.03,,,,,,,,,435100,001,2025-07-15_10h27.01.014,Continuous_Psychophysics,2022.2.5,None,
0,0,0,0,,,,,,,,,,,14.76977801322937,-0.18329938900203666,0.20366598778004075,-3.8948869291549664,4.899842093682704,0.03,,,,,,,,,435100,001,2025-07-15_10h27.01.014,Continuous_Psychophysics,2022.2.5,None,
0,0,0,0,,,,,,,,,,,14.783133029937744,-0.18533604887983707,0.20570264765784113,-3.872537654023602,4.55141275183284,0.03,,,,,,,,,435100,001,2025-07-15_10h27.01.014,Continuous_Psychophysics,2022.2.5,None,
0,0,0,0,,,,,,,,,,,14.787780046463013,-0.18737270875763748,0.20672097759674135,-3.797958793805249,4.191864663758772,0.03,,,,,,,,,435100,001,2025-07-15_10h27.01.014,Continuous_Psychophysics,2022.2.5,None,
0,0,0,0,,,,,,,,,,,14.800218105316162,-0.18839103869653767,0.20875763747454176,-3.5380051597260094,4.326935818673713,0.03,,,,,,,,,435100,001,2025-07-15_10h27.01.014,Continuous_Psychophysics,2022.2.5,None,
0,0,0,0,,,,,,,,,,,14.804845094680786,-0.1894093686354379,0.20875763747454176,-3.9351566736184918,4.399680867366359,0.03,,,,,,,,,435100,001,2025-07-15_10h27.01.014,Continuous_Psychophysics,2022.2.5,None,
0,0,0,0,,,,,,,,,,,14.809578895568848,-0.19042769857433808,0.20977596741344195,-3.57986332723485,4.69703410953685,0.03,,,,,,,,,435100,001,2025-07-15_10h27.01.014,Continuous_Psychophysics,2022.2.5,None,
0,0,0,0,,,,,,,,,,,14.82160496711731,-0.19042769857433808,0.20977596741344195,-3.4141801190180536,4.291901342216297,0.03,,,,,,,,,435100,001,2025-07-15_10h27.01.014,Continuous_Psychophysics,2022.2.5,None,
0,0,0,0,,,,,,,,,,,14.82593822479248,-0.19042769857433808,0.20977596741344195,-3.849217409391671,5.180913598816557,0.03,,,,,,,,,435100,001,2025-07-15_10h27.01.014,Continuous_Psychophysics,2022.2.5,None,
0,0,0,0,,,,,,,,,,,14.838701009750366,-0.19042769857433808,0.20977596741344195,-4.072886534127576,5.122710778213613,0.03,,,,,,,,,435100,001,2025-07-15_10h27.01.014,Continuous_Psychophysics,2022.2.5,None,
0,0,0,0,,,,,,,,,,,14.843065023422241,-0.19042769857433808,0.20977596741344195,-3.7866256694574814,5.246023218563458,0.03,,,,,,,,,435100,001,2025-07-15_10h27.01.014,Continuous_Psychophysics,2022.2.5,None,
0,0,0,0,,,,,,,,,,,14.855707168579102,-0.19042769857433808,0.20977596741344195,-4.008678325237378,5.174044599794049,0.03,,,,,,,,,435100,001,2025-07-15_10h27.01.014,Continuous_Psychophysics,2022.2.5,None,
0,0,0,0,,,,,,,,,,,14.859689235687256,-0.19042769857433808,0.20977596741344195,-3.831670404325565,5.117593572217003,0.03,,,,,,,,,435100,001,2025-07-15_10h27.01.014,Continuous_Psychophysics,2022.2.5,None,
0,0,0,0,,,,,,,,,,,14.872822046279907,-0.19042769857433808,0.20977596741344195,-3.5334301821128293,5.2667651208020985,0.03,,,,,,,,,435100,001,2025-07-15_10h27.01.014,Continuous_Psychophysics,2022.2.5,None,
0,0,0,0,,,,,,,,,,,14.875988245010376,-0.19042769857433808,0.20977596741344195,-3.316004405276191,5.622885577397689,0.03,,,,,,,,,435100,001,2025-07-15_10h27.01.014,Continuous_Psychophysics,2022.2.5,None,
0,0,0,0,,,,,,,,,,,14.889909029006958,-0.19042769857433808,0.20977596741344195,-3.0249441488256266,5.855450913709623,0.03,,,,,,,,,435100,001,2025-07-15_10h27.01.014,Continuous_Psychophysics,2022.2.5,None,
0,0,0,0,,,,,,,,,,,14.892752170562744,-0.19042769857433808,0.20977596741344195,-2.712682267757133,5.855450913709623,0.03,,,,,,,,,435100,001,2025-07-15_10h27.01.014,Continuous_Psychophysics,2022.2.5,None,
0,0,0,0,,,,,,,,,,,14.906982183456421,-0.19042769857433808,0.20977596741344195,-2.9325655924472644,5.29489516081102,0.03,,,,,,,,,435100,001,2025-07-15_10h27.01.014,Continuous_Psychophysics,2022.2.5,None,
0,0,0,0,,,,,,,,,,,14.910449028015137,-0.19042769857433808,0.20977596741344195,-2.766979145378931,5.631605594915198,0.03,,,,,,,,,435100,001,2025-07-15_10h27.01.014,Continuous_Psychophysics,2022.2.5,None,
0,0,0,0,,,,,,,,,,,14.924535036087036,-0.19042769857433808,0.20977596741344195,-2.6170229025660525,5.371974901339734,0.03,,,,,,,,,435100,001,2025-07-15_10h27.01.014,Continuous_Psychophysics,2022.2.5,None,
0,0,0,0,,,,,,,,,,,14.928883075714111,-0.19042769857433808,0.20977596741344195,-2.298683100743854,5.266971915578882,0.03,,,,,,,,,435100,001,2025-07-15_10h27.01.014,Continuous_Psychophysics,2022.2.5,None,
0,0,0,0,,,,,,,,,,,14.941602945327759,-0.19042769857433808,0.20977596741344195,-2.4179436664787666,4.915078780461335,0.03,,,,,,,,,435100,001,2025-07-15_10h27.01.014,Continuous_Psychophysics,2022.2.5,None,
0,0,0,0,,,,,,,,,,,14.946100234985352,-0.19042769857433808,0.20977596741344195,-2.174548930565215,4.780401697655865,0.03,,,,,,,,,435100,001,2025-07-15_10h27.01.014,Continuous_Psychophysics,2022.2.5,None,
0,0,0,0,,,,,,,,,,,14.958665132522583,-0.19042769857433808,0.20977596741344195,-2.1795589270134856,4.712923930717867,0.03,,,,,,,,,435100,001,2025-07-15_10h27.01.014,Continuous_Psychophysics,2022.2.5,None,
0,0,0,0,,,,,,,,,,,14.963423252105713,-0.1894093686354379,0.20977596741344195,-1.9035941659809281,5.4878859716801855,0.03,,,,,,,,,435100,001,2025-07-15_10h27.01.014,Continuous_Psychophysics,2022.2.5,None,
0,0,0,0,,,,,,,,,,,14.967953205108643,-0.1894093686354379,0.20977596741344195,-2.2873623309155287,5.685573500303519,0.03,,,,,,,,,435100,001,2025-07-15_10h27.01.014,Continuous_Psychophysics,2022.2.5,None,
0,0,0,0,,,,,,,,,,,14.980506181716919,-0.18024439918533605,0.20875763747454176,-2.4635348236337595,5.53730707010273,0.03,,,,,,,,,435100,001,2025-07-15_10h27.01.014,Continuous_Psychophysics,2022.2.5,None,
0,0,0,0,,,,,,,,,,,14.98488998413086,-0.18024439918533605,0.20875763747454176,-2.4166245424422184,5.31839788276997,0.03,,,,,,,,,435100,001,2025-07-15_10h27.01.014,Continuous_Psychophysics,2022.2.5,None,
0,0,0,0,,,,,,,,,,,14.997586011886597,-0.17006109979633402,0.20570264765784113,-2.106705632740536,5.553089316215465,0.03,,,,,,,,,435100,001,2025-07-15_10h27.01.014,Continuous_Psychophysics,2022.2.5,None,
0,0,0,0,,,,,,,,,,,15.002166986465454,-0.164969450101833,0.20366598778004075,-2.1431141154969375,5.337852158795067,0.03,,,,,,,,,435100,001,2025-07-15_10h27.01.014,Continuous_Psychophysics,2022.2.5,None,
0,0,0,0,,,,,,,,,,,15.014685153961182,-0.159877800407332,0.20162932790224034,-2.406619265786085,5.431395061294691,0.03,,,,,,,,,435100,001,2025-07-15_10h27.01.014,Continuous_Psychophysics,2022.2.5,None,
0,0,0,0,,,,,,,,,,,15.019050121307373,-0.15478615071283094,0.19959266802443992,-3.059775427633521,5.357653801587137,0.03,,,,,,,,,435100,001,2025-07-15_10h27.01.014,Continuous_Psychophysics,2022.2.5,None,
0,0,0,0,,,,,,,,,,,15.0317542552948,-0.15071283095723015,0.1975560081466395,-2.759344448852759,5.207863585906514,0.03,,,,,,,,,435100,001,2025-07-15_10h27.01.014,Continuous_Psychophysics,2022.2.5,None,
0,0,0,0,,,,,,,,,,,15.03619122505188,-0.14663951120162932,0.1955193482688391,-2.765872797902085,4.791851943899421,0.03,,,,,,,,,435100,001,2025-07-15_10h27.01.014,Continuous_Psychophysics,2022.2.5,None,
0,0,0,0,,,,,,,,,,,15.049015045166016,-0.1395112016293279,0.19144602851323828,-2.522142039038968,4.513825678060615,0.03,,,,,,,,,435100,001,2025-07-15_10h27.01.014,Continuous_Psychophysics,2022.2.5,None,
0,0,0,0,,,,,,,,,,,15.053834915161133,-0.13441955193482688,0.18737270875763748,-2.525239833550056,4.731031199122304,0.03,,,,,,,,,435100,001,2025-07-15_10h27.01.014,Continuous_Psychophysics,2022.2.5,None,
0,0,0,0,,,,,,,,,,,15.065831184387207,-0.12932790224032586,0.18329938900203666,-1.9022565569357393,4.692959464497201,0.03,,,,,,,,,435100,001,2025-07-15_10h27.01.014,Continuous_Psychophysics,2022.2.5,None,
0,0,0,0,,,,,,,,,,,15.070210933685303,-0.12627291242362526,0.17922606924643583,-1.9570666492438624,4.479187936585869,0.03,,,,,,,,,435100,001,2025-07-15_10h27.01.014,Continuous_Psychophysics,2022.2.5,None,
0,0,0,0,,,,,,,,,,,15.082951068878174,-0.12423625254582485,0.17413441955193482,-2.016720376335999,4.741094296172833,0.03,,,,,,,,,435100,001,2025-07-15_10h27.01.014,Continuous_Psychophysics,2022.2.5,None,
0,0,0,0,,,,,,,,,,,15.087454080581665,-0.12219959266802444,0.1690427698574338,-2.223792371972139,5.175611979809102,0.03,,,,,,,,,435100,001,2025-07-15_10h27.01.014,Continuous_Psychophysics,2022.2.5,None,
0,0,0,0,,,,,,,,,,,15.100198030471802,-0.12016293279022404,0.1629327902240326,-2.544675543264468,5.317006644434152,0.03,,,,,,,,,435100,001,2025-07-15_10h27.01.014,Continuous_Psychophysics,2022.2.5,None,
0,0,0,0,,,,,,,,,,,15.104501008987427,-0.11812627291242363,0.15784114052953158,-2.5315273834813032,5.27860148609767,0.03,,,,,,,,,435100,001,2025-07-15_10h27.01.014,Continuous_Psychophysics,2022.2.5,None,
0,0,0,0,,,,,,,,,,,15.117954015731812,-0.11507128309572301,0.14867617107942974,-2.2092633169428475,5.384587501421152,0.03,,,,,,,,,435100,001,2025-07-15_10h27.01.014,Continuous_Psychophysics,2022.2.5,None,
0,0,0,0,,,,,,,,,,,15.12253713607788,-0.11507128309572301,0.14867617107942974,-1.8788270255683837,5.398528604588432,0.03,,,,,,,,,435100,001,2025-07-15_10h27.01.014,Continuous_Psychophysics,2022.2.5,None,
0,0,0,0,,,,,,,,,,,15.126768112182617,-0.11303462321792261,0.14562118126272913,-2.15680957751018,5.633879709436484,0.03,,,,,,,,,435100,001,2025-07-15_10h27.01.014,Continuous_Psychophysics,2022.2.5,None,
0,0,0,0,,,,,,,,,,,15.139815092086792,-0.1109979633401222,0.1425661914460285,-2.170422491559795,5.449922557457373,0.03,,,,,,,,,435100,001,2025-07-15_10h27.01.014,Continuous_Psychophysics,2022.2.5,None,
0,0,0,0,,,,,,,,,,,15.144399166107178,-0.1079429735234216,0.14052953156822812,-2.604376818446244,5.708869475822477,0.03,,,,,,,,,435100,001,2025-07-15_10h27.01.014,Continuous_Psychophysics,2022.2.5,None,
0,0,0,0,,,,,,,,,,,15.156994104385376,-0.10285132382892057,0.1384928716904277,-2.6809169887802082,5.860468422028014,0.03,,,,,,,,,435100,001,2025-07-15_10h27.01.014,Continuous_Psychophysics,2022.2.5,None,
0,0,0,0,,,,,,,,,,,15.161670207977295,-0.10285132382892057,0.1384928716904277,-2.5769735286713904,5.792126831255263,0.03,,,,,,,,,435100,001,2025-07-15_10h27.01.014,Continuous_Psychophysics,2022.2.5,None,
0,0,0,0,,,,,,,,,,,15.173971176147461,-0.09470468431771895,0.1384928716904277,-2.425947098894273,5.792126831255263,0.03,,,,,,,,,435100,001,2025-07-15_10h27.01.014,Continuous_Psychophysics,2022.2.5,None,
0,0,0,0,,,,,,,,,,,15.178301095962524,-0.09470468431771895,0.1384928716904277,-2.1901501792040534,5.835696459805377,0.03,,,,,,,,,435100,001,2025-07-15_10h27.01.014,Continuous_Psychophysics,2022.2.5,None,
0,0,0,0,,,,,,,,,,,15.191615104675293,-0.0835030549898167,0.1384928716904277,-2.4783076512033153,5.912252469903548,0.03,,,,,,,,,435100,001,2025-07-15_10h27.01.014,Continuous_Psychophysics,2022.2.5,None,
0,0,0,0,,,,,,,,,,,15.196025133132935,-0.0835030549898167,0.1384928716904277,-2.2677935940459335,5.697168053332309,0.03,,,,,,,,,435100,001,2025-07-15_10h27.01.014,Continuous_Psychophysics,2022.2.5,None,
0,0,0,0,,,,,,,,,,,15.201533079147339,-0.07739307535641547,0.1384928716904277,-2.3035260405353526,5.8028880945534596,0.03,,,,,,,,,435100,001,2025-07-15_10h27.01.014,Continuous_Psychophysics,2022.2.5,None,
0,0,0,0,,,,,,,,,,,15.21322512626648,-0.06619144602851323,0.1364562118126273,-2.462142939113157,5.957153720318232,0.03,,,,,,,,,435100,001,2025-07-15_10h27.01.014,Continuous_Psychophysics,2022.2.5,None,
0,0,0,0,,,,,,,,,,,15.217788219451904,-0.06619144602851323,0.1364562118126273,-1.8803067292593787,5.957153720318232,0.03,,,,,,,,,435100,001,2025-07-15_10h27.01.014,Continuous_Psychophysics,2022.2.5,None,
0,0,0,0,,,,,,,,,,,15.230425119400024,-0.054989816700611,0.13136456211812628,-1.7826889970901811,5.24861035653576,0.03,,,,,,,,,435100,001,2025-07-15_10h27.01.014,Continuous_Psychophysics,2022.2.5,None,
0,0,0,0,,,,,,,,,,,15.2347092628479,-0.054989816700611,0.13136456211812628,-1.7099622593887664,5.256997804804412,0.03,,,,,,,,,435100,001,2025-07-15_10h27.01.014,Continuous_Psychophysics,2022.2.5,None,
0,0,0,0,,,,,,,,,,,15.24761414527893,-0.04786150712830957,0.12830957230142567,-1.7850384491671678,5.31546486267647,0.03,,,,,,,,,435100,001,2025-07-15_10h27.01.014,Continuous_Psychophysics,2022.2.5,None,
0,0,0,0,,,,,,,,,,,15.251570224761963,-0.04786150712830957,0.12830957230142567,-2.1064194454758596,5.58839106812862,0.03,,,,,,,,,435100,001,2025-07-15_10h27.01.014,Continuous_Psychophysics,2022.2.5,None,
0,0,0,0,,,,,,,,,,,15.264711141586304,-0.04175152749490835,0.12525458248472504,-2.258294447774023,5.621315651530516,0.03,,,,,,,,,435100,001,2025-07-15_10h27.01.014,Continuous_Psychophysics,2022.2.5,None,
0,0,0,0,,,,,,,,,,,15.269248008728027,-0.04073319755600815,0.12423625254582485,-2.8257089044781973,5.73065849862109,0.03,,,,,,,,,435100,001,2025-07-15_10h27.01.014,Continuous_Psychophysics,2022.2.5,None,
0,0,0,0,,,,,,,,,,,15.281849145889282,-0.038696537678207736,0.12321792260692464,-2.949073264403508,5.654268267121087,0.03,,,,,,,,,435100,001,2025-07-15_10h27.01.014,Continuous_Psychophysics,2022.2.5,None,
0,0,0,0,,,,,,,,,,,15.286323070526123,-0.03767820773930754,0.12321792260692464,-3.2533816763924976,5.640424110510325,0.03,,,,,,,,,435100,001,2025-07-15_10h27.01.014,Continuous_Psychophysics,2022.2.5,None,
0,0,0,0,,,,,,,,,,,15.298871994018555,-0.035641547861507125,0.12321792260692464,-3.2312821050354175,5.228009109866772,0.03,,,,,,,,,435100,001,2025-07-15_10h27.01.014,Continuous_Psychophysics,2022.2.5,None,
0,0,0,0,,,,,,,,,,,15.30319619178772,-0.035641547861507125,0.12321792260692464,-3.672464959429452,5.644244567166694,0.03,,,,,,,,,435100,001,2025-07-15_10h27.01.014,Continuous_Psychophysics,2022.2.5,None,
0,0,0,0,,,,,,,,,,,15.315968990325928,-0.035641547861507125,0.12321792260692464,-4.025333013980012,5.935730766876131,0.03,,,,,,,,,435100,001,2025-07-15_10h27.01.014,Continuous_Psychophysics,2022.2.5,None,
0,0,0,0,,,,,,,,,,,15.320510149002075,-0.034623217922606926,0.12525458248472504,-3.74183447999521,5.685656667994337,0.03,,,,,,,,,435100,001,2025-07-15_10h27.01.014,Continuous_Psychophysics,2022.2.5,None,
0,0,0,0,,,,,,,,,,,15.333279848098755,-0.03360488798370672,0.12627291242362526,-3.93200608667136,5.44574298628598,0.03,,,,,,,,,435100,001,2025-07-15_10h27.01.014,Continuous_Psychophysics,2022.2.5,None,
0,0,0,0,,,,,,,,,,,15.338037967681885,-0.03360488798370672,0.12729124236252545,-4.157107354513316,5.314682297082239,0.03,,,,,,,,,435100,001,2025-07-15_10h27.01.014,Continuous_Psychophysics,2022.2.5,None,
0,0,0,0,,,,,,,,,,,15.34271502494812,-0.03360488798370672,0.12830957230142567,-4.550168428651053,4.979915730009499,0.03,,,,,,,,,435100,001,2025-07-15_10h27.01.014,Continuous_Psychophysics,2022.2.5,None,
0,0,0,0,,,,,,,,,,,15.354596138000488,-0.032586558044806514,0.12932790224032586,-4.069411597499893,4.906887451856741,0.03,,,,,,,,,435100,001,2025-07-15_10h27.01.014,Continuous_Psychophysics,2022.2.5,None,
0,0,0,0,,,,,,,,,,,15.359655141830444,-0.032586558044806514,0.13034623217922606,-3.789086861828909,4.521614375283259,0.03,,,,,,,,,435100,001,2025-07-15_10h27.01.014,Continuous_Psychophysics,2022.2.5,None,
0,0,0,0,,,,,,,,,,,15.371626138687134,-0.031568228105906315,0.1334012219959267,-3.66716953597803,4.448511923738184,0.03,,,,,,,,,435100,001,2025-07-15_10h27.01.014,Continuous_Psychophysics,2022.2.5,None,
0,0,0,0,,,,,,,,,,,15.376163005828857,-0.03054989816700611,0.13441955193482688,-3.190345878343869,4.657718486679402,0.03,,,,,,,,,435100,001,2025-07-15_10h27.01.014,Continuous_Psychophysics,2022.2.5,None,
0,0,0,0,,,,,,,,,,,15.388743162155151,-0.03054989816700611,0.1354378818737271,-3.037378401429172,4.82246268305711,0.03,,,,,,,,,435100,001,2025-07-15_10h27.01.014,Continuous_Psychophysics,2022.2.5,None,
0,0,0,0,,,,,,,,,,,15.393049955368042,-0.029531568228105907,0.1384928716904277,-3.357116219530765,4.800852191733044,0.03,,,,,,,,,435100,001,2025-07-15_10h27.01.014,Continuous_Psychophysics,2022.2.5,None,
0,0,0,0,,,,,,,,,,,15.405951976776123,-0.028513238289205704,0.1425661914460285,-2.8020643860512005,4.27942374554203,0.03,,,,,,,,,435100,001,2025-07-15_10h27.01.014,Continuous_Psychophysics,2022.2.5,None,
0,0,0,0,,,,,,,,,,,15.409319162368774,-0.028513238289205704,0.1425661914460285,-2.291561869595121,4.474316654970434,0.03,,,,,,,,,435100,001,2025-07-15_10h27.01.014,Continuous_Psychophysics,2022.2.5,None,
0,0,0,0,,,,,,,,,,,15.423004150390625,-0.028513238289205704,0.14663951120162932,-2.2007004975947733,4.0013895936002335,0.03,,,,,,,,,435100,001,2025-07-15_10h27.01.014,Continuous_Psychophysics,2022.2.5,None,
0,0,0,0,,,,,,,,,,,15.427452087402344,-0.028513238289205704,0.14663951120162932,-2.845577928104744,4.0002504272172015,0.03,,,,,,,,,435100,001,2025-07-15_10h27.01.014,Continuous_Psychophysics,2022.2.5,None,
0,0,0,0,,,,,,,,,,,15.440370082855225,-0.031568228105906315,0.15071283095723015,-2.7556872474060805,4.142237800355373,0.03,,,,,,,,,435100,001,2025-07-15_10h27.01.014,Continuous_Psychophysics,2022.2.5,None,
0,0,0,0,,,,,,,,,,,15.444730043411255,-0.031568228105906315,0.15071283095723015,-3.016812866169696,4.06483218260461,0.03,,,,,,,,,435100,001,2025-07-15_10h27.01.014,Continuous_Psychophysics,2022.2.5,None,
0,0,0,0,,,,,,,,,,,15.457405090332031,-0.03767820773930754,0.15478615071283094,-2.885699550202617,3.935422885537455,0.03,,,,,,,,,435100,001,2025-07-15_10h27.01.014,Continuous_Psychophysics,2022.2.5,None,
0,0,0,0,,,,,,,,,,,15.460580110549927,-0.03767820773930754,0.15478615071283094,-2.338761610663594,3.879573390707186,0.03,,,,,,,,,435100,001,2025-07-15_10h27.01.014,Continuous_Psychophysics,2022.2.5,None,
0,0,0,0,,,,,,,,,,,15.474611043930054,-0.04480651731160896,0.16089613034623218,-2.2927219124751277,4.384089996017151,0.03,,,,,,,,,435100,001,2025-07-15_10h27.01.014,Continuous_Psychophysics,2022.2.5,None,
0,0,0,0,,,,,,,,,,,15.479305267333984,-0.04786150712830957,0.16395112016293278,-1.461082613856468,3.7832574676353334,0.03,,,,,,,,,435100,001,2025-07-15_10h27.01.014,Continuous_Psychophysics,2022.2.5,None,
0,0,0,0,,,,,,,,,,,15.4916410446167,-0.05091649694501019,0.1670061099796334,-1.0412150876949635,3.6148728857546533,0.03,,,,,,,,,435100,001,2025-07-15_10h27.01.014,Continuous_Psychophysics,2022.2.5,None,
0,0,0,0,,,,,,,,,,,15.496236085891724,-0.051934826883910386,0.1690427698574338,-1.0276311090083818,3.127019270894556,0.03,,,,,,,,,435100,001,2025-07-15_10h27.01.014,Continuous_Psychophysics,2022.2.5,None,
0,0,0,0,,,,,,,,,,,15.508677005767822,-0.0539714867617108,0.17209775967413443,-1.0345064754127797,2.5472960362779125,0.03,,,,,,,,,435100,001,2025-07-15_10h27.01.014,Continuous_Psychophysics,2022.2.5,None,
0,0,0,0,,,,,,,,,,,15.51326608657837,-0.054989816700611,0.17413441955193482,-0.9829712007492795,2.3003051415055538,0.03,,,,,,,,,435100,001,2025-07-15_10h27.01.014,Continuous_Psychophysics,2022.2.5,None,
0,0,0,0,,,,,,,,,,,15.517817974090576,-0.054989816700611,0.17413441955193482,-0.8169823010737214,2.5285267981498984,0.03,,,,,,,,,435100,001,2025-07-15_10h27.01.014,Continuous_Psychophysics,2022.2.5,None,
0,0,0,0,,,,,,,,,,,15.530034065246582,-0.05702647657841141,0.17718940936863545,-0.4985238909005736,2.66492426985414,0.03,,,,,,,,,435100,001,2025-07-15_10h27.01.014,Continuous_Psychophysics,2022.2.5,None,
0,0,0,0,,,,,,,,,,,15.534970045089722,-0.05702647657841141,0.17820773930753564,-0.8856204400051592,2.4451590836745933,0.03,,,,,,,,,435100,001,2025-07-15_10h27.01.014,Continuous_Psychophysics,2022.2.5,None,
0,0,0,0,,,,,,,,,,,15.547137022018433,-0.05702647657841141,0.17820773930753564,-1.0060981204976156,2.407974740110905,0.03,,,,,,,,,435100,001,2025-07-15_10h27.01.014,Continuous_Psychophysics,2022.2.5,None,
0,0,0,0,,,,,,,,,,,15.551486253738403,-0.05702647657841141,0.17922606924643583,-0.7058406942121328,2.82822185389942,0.03,,,,,,,,,435100,001,2025-07-15_10h27.01.014,Continuous_Psychophysics,2022.2.5,None,
0,0,0,0,,,,,,,,,,,15.563885927200317,-0.05702647657841141,0.17922606924643583,-0.534000524747031,2.833600538661442,0.03,,,,,,,,,435100,001,2025-07-15_10h27.01.014,Continuous_Psychophysics,2022.2.5,None,
0,0,0,0,,,,,,,,,,,15.567878007888794,-0.05702647657841141,0.17922606924643583,-0.2264270753092219,2.8742035322525448,0.03,,,,,,,,,435100,001,2025-07-15_10h27.01.014,Continuous_Psychophysics,2022.2.5,None,
0,0,0,0,,,,,,,,,,,15.581111907958984,-0.05804480651731161,0.17922606924643583,-0.23946313993886206,2.862688279238907,0.03,,,,,,,,,435100,001,2025-07-15_10h27.01.014,Continuous_Psychophysics,2022.2.5,None,
0,0,0,0,,,,,,,,,,,15.585088014602661,-0.05804480651731161,0.17922606924643583,-0.32023132677939814,2.838163139962615,0.03,,,,,,,,,435100,001,2025-07-15_10h27.01.014,Continuous_Psychophysics,2022.2.5,None,
0,0,0,0,,,,,,,,,,,15.598194122314453,-0.059063136456211814,0.17718940936863545,-0.15188615910658723,3.0007550694485445,0.03,,,,,,,,,435100,001,2025-07-15_10h27.01.014,Continuous_Psychophysics,2022.2.5,None,
0,0,0,0,,,,,,,,,,,15.601116180419922,-0.06109979633401222,0.17413441955193482,-0.6191685319105844,3.528203404178074,0.03,,,,,,,,,435100,001,2025-07-15_10h27.01.014,Continuous_Psychophysics,2022.2.5,None,
0,0,0,0,,,,,,,,,,,15.615302085876465,-0.06415478615071284,0.1690427698574338,-0.1567514462433277,3.3747411333024147,0.03,,,,,,,,,435100,001,2025-07-15_10h27.01.014,Continuous_Psychophysics,2022.2.5,None,
0,0,0,0,,,,,,,,,,,15.618422031402588,-0.06720977596741344,0.1659877800407332,-0.34088799808316267,3.422002613365768,0.03,,,,,,,,,435100,001,2025-07-15_10h27.01.014,Continuous_Psychophysics,2022.2.5,None,
0,0,0,0,,,,,,,,,,,15.632435083389282,-0.07128309572301425,0.159877800407332,0.008428821572522338,3.418743718580028,0.03,,,,,,,,,435100,001,2025-07-15_10h27.01.014,Continuous_Psychophysics,2022.2.5,None,
0,0,0,0,,,,,,,,,,,15.636583089828491,-0.07535641547861507,0.15580448065173116,-0.06833562462233297,3.2303677282886722,0.03,,,,,,,,,435100,001,2025-07-15_10h27.01.014,Continuous_Psychophysics,2022.2.5,None,
0,0,0,0,,,,,,,,,,,15.649579048156738,-0.08044806517311609,0.15173116089613034,-0.17485925432593225,3.2137309367929667,0.03,,,,,,,,,435100,001,2025-07-15_10h27.01.014,Continuous_Psychophysics,2022.2.5,None,
0,0,0,0,,,,,,,,,,,15.654031991958618,-0.0824847250509165,0.14969450101832993,-0.3334453382523297,3.283890287309274,0.03,,,,,,,,,435100,001,2025-07-15_10h27.01.014,Continuous_Psychophysics,2022.2.5,None,
0,0,0,0,,,,,,,,,,,15.666802167892456,-0.08961303462321792,0.14562118126272913,-0.40293721324324694,3.310977669630887,0.03,,,,,,,,,435100,001,2025-07-15_10h27.01.014,Continuous_Psychophysics,2022.2.5,None,
0,0,0,0,,,,,,,,,,,15.670921087265015,-0.08961303462321792,0.14562118126272913,-0.41194850762097074,3.204147552493642,0.03,,,,,,,,,435100,001,2025-07-15_10h27.01.014,Continuous_Psychophysics,2022.2.5,None,
0,0,0,0,,,,,,,,,,,15.684166193008423,-0.09266802443991853,0.14562118126272913,-0.5804130603385553,3.352400703095886,0.03,,,,,,,,,435100,001,2025-07-15_10h27.01.014,Continuous_Psychophysics,2022.2.5,None,
0,0,0,0,,,,,,,,,,,15.688178062438965,-0.09266802443991853,0.14562118126272913,-1.3558117933438032,3.3647968520040377,0.03,,,,,,,,,435100,001,2025-07-15_10h27.01.014,Continuous_Psychophysics,2022.2.5,None,
0,0,0,0,,,,,,,,,,,15.692754030227661,-0.09368635437881874,0.14663951120162932,-1.1495999182802807,2.721132572783684,0.03,,,,,,,,,435100,001,2025-07-15_10h27.01.014,Continuous_Psychophysics,2022.2.5,None,
0,0,0,0,,,,,,,,,,,15.70522403717041,-0.09368635437881874,0.15071283095723015,-1.0375770148100463,2.7752556401208612,0.03,,,,,,,,,435100,001,2025-07-15_10h27.01.014,Continuous_Psychophysics,2022.2.5,None,
0,0,0,0,,,,,,,,,,,15.70951223373413,-0.09368635437881874,0.15071283095723015,-1.2251329003430165,3.3442251967534737,0.03,,,,,,,,,435100,001,2025-07-15_10h27.01.014,Continuous_Psychophysics,2022.2.5,None,
0,0,0,0,,,,,,,,,,,15.722442865371704,-0.09266802443991853,0.15682281059063136,-1.1999507676168333,3.2842973014068204,0.03,,,,,,,,,435100,001,2025-07-15_10h27.01.014,Continuous_Psychophysics,2022.2.5,None,
0,0,0,0,,,,,,,,,,,15.725996971130371,-0.09266802443991853,0.15682281059063136,-1.8172109582749219,3.163306047847667,0.03,,,,,,,,,435100,001,2025-07-15_10h27.01.014,Continuous_Psychophysics,2022.2.5,None,
0,0,0,0,,,,,,,,,,,15.73947787284851,-0.09063136456211812,0.16089613034623218,-1.8174799413643508,2.986787610743247,0.03,,,,,,,,,435100,001,2025-07-15_10h27.01.014,Continuous_Psychophysics,2022.2.5,None,
0,0,0,0,,,,,,,,,,,15.743957996368408,-0.09063136456211812,0.16089613034623218,-1.6804237781900575,2.635681877082191,0.03,,,,,,,,,435100,001,2025-07-15_10h27.01.014,Continuous_Psychophysics,2022.2.5,None,
0,0,0,0,,,,,,,,,,,15.756970882415771,-0.08655804480651731,0.1629327902240326,-1.5679305892173805,2.7493801531174333,0.03,,,,,,,,,435100,001,2025-07-15_10h27.01.014,Continuous_Psychophysics,2022.2.5,None,
0,0,0,0,,,,,,,,,,,15.761414051055908,-0.0824847250509165,0.164969450101833,-1.7716646790465789,2.177181376888469,0.03,,,,,,,,,435100,001,2025-07-15_10h27.01.014,Continuous_Psychophysics,2022.2.5,None,
0,0,0,0,,,,,,,,,,,15.774362087249756,-0.08044806517311609,0.164969450101833,-1.399274311884112,2.224137388498546,0.03,,,,,,,,,435100,001,2025-07-15_10h27.01.014,Continuous_Psychophysics,2022.2.5,None,
0,0,0,0,,,,,,,,,,,15.779093265533447,-0.07637474541751528,0.164969450101833,-0.9322021113079366,2.461975886781022,0.03,,,,,,,,,435100,001,2025-07-15_10h27.01.014,Continuous_Psychophysics,2022.2.5,None,
0,0,0,0,,,,,,,,,,,15.791342973709106,-0.07331975560081466,0.164969450101833,-0.6728146513958991,1.913448327514651,0.03,,,,,,,,,435100,001,2025-07-15_10h27.01.014,Continuous_Psychophysics,2022.2.5,None,
0,0,0,0,,,,,,,,,,,15.795903205871582,-0.06822810590631365,0.164969450101833,-0.4502173335191242,1.5444343894717867,0.03,,,,,,,,,435100,001,2025-07-15_10h27.01.014,Continuous_Psychophysics,2022.2.5,None,
0,0,0,0,,,,,,,,,,,15.808191299438477,-0.05804480651731161,0.164969450101833,-0.4408168581685389,0.8928031153799536,0.03,,,,,,,,,435100,001,2025-07-15_10h27.01.014,Continuous_Psychophysics,2022.2.5,None,
0,0,0,0,,,,,,,,,,,15.812934160232544,-0.04989816700610998,0.164969450101833,-0.16100978765075247,0.7181217152543734,0.03,,,,,,,,,435100,001,2025-07-15_10h27.01.014,Continuous_Psychophysics,2022.2.5,None,
0,0,0,0,,,,,,,,,,,15.817488193511963,-0.04989816700610998,0.164969450101833,0.32276605407649733,0.541471180591192,0.03,,,,,,,,,435100,001,2025-07-15_10h27.01.014,Continuous_Psychophysics,2022.2.5,None,
0,0,0,0,,,,,,,,,,,15.829633951187134,-0.03054989816700611,0.16395112016293278,0.29866283009806366,0.35732485152016474,0.03,,,,,,,,,435100,001,2025-07-15_10h27.01.014,Continuous_Psychophysics,2022.2.5,None,
0,0,0,0,,,,,,,,,,,15.834573030471802,-0.019348268839103868,0.1629327902240326,0.6133368312441183,0.41248264711977206,0.03,,,,,,,,,435100,001,2025-07-15_10h27.01.014,Continuous_Psychophysics,2022.2.5,None,
0,0,0,0,,,,,,,,,,,15.846749067306519,-0.008146639511201629,0.1629327902240326,0.29348276920030614,0.41468340478869775,0.03,,,,,,,,,435100,001,2025-07-15_10h27.01.014,Continuous_Psychophysics,2022.2.5,None,
0,0,0,0,,,,,,,,,,,15.85141897201538,-0.003054989816700611,0.16191446028513237,0.7311492708779588,0.5343444584003714,0.03,,,,,,,,,435100,001,2025-07-15_10h27.01.014,Continuous_Psychophysics,2022.2.5,None,
0,0,0,0,,,,,,,,,,,15.867334127426147,0.015274949083503055,0.159877800407332,0.955670614830035,0.6307227408206064,0.03,,,,,,,,,435100,001,2025-07-15_10h27.01.014,Continuous_Psychophysics,2022.2.5,None,
0,0,0,0,,,,,,,,,,,15.871882915496826,0.015274949083503055,0.159877800407332,1.3266986953999245,0.3586234378369143,0.03,,,,,,,,,435100,001,2025-07-15_10h27.01.014,Continuous_Psychophysics,2022.2.5,None,
0,0,0,0,,,,,,,,,,,15.87649393081665,0.023421588594704685,0.15784114052953158,1.2425063983234599,0.5423037890318047,0.03,,,,,,,,,435100,001,2025-07-15_10h27.01.014,Continuous_Psychophysics,2022.2.5,None,
0,0,0,0,,,,,,,,,,,15.888666152954102,0.03054989816700611,0.15682281059063136,1.5031990747757558,0.77902822368951,0.03,,,,,,,,,435100,001,2025-07-15_10h27.01.014,Continuous_Psychophysics,2022.2.5,None,
0,0,0,0,,,,,,,,,,,15.893465042114258,0.034623217922606926,0.15478615071283094,1.6865490633019886,0.8439725171116914,0.03,,,,,,,,,435100,001,2025-07-15_10h27.01.014,Continuous_Psychophysics,2022.2.5,None,
0,0,0,0,,,,,,,,,,,15.905719995498657,0.03665987780040733,0.15376782077393075,1.6157769573795304,1.2222374793161908,0.03,,,,,,,,,435100,001,2025-07-15_10h27.01.014,Continuous_Psychophysics,2022.2.5,None,
0,0,0,0,,,,,,,,,,,15.910236120223999,0.03971486761710794,0.15173116089613034,1.3497791556179537,1.4067549651897264,0.03,,,,,,,,,435100,001,2025-07-15_10h27.01.014,Continuous_Psychophysics,2022.2.5,None,
0,0,0,0,,,,,,,,,,,15.922736167907715,0.04175152749490835,0.14969450101832993,1.1656590622480378,1.625605791628682,0.03,,,,,,,,,435100,001,2025-07-15_10h27.01.014,Continuous_Psychophysics,2022.2.5,None,
0,0,0,0,,,,,,,,,,,15.926279067993164,0.04378818737270876,0.14765784114052954,1.160769989666986,0.7375907947675682,0.03,,,,,,,,,435100,001,2025-07-15_10h27.01.014,Continuous_Psychophysics,2022.2.5,None,
0,0,0,0,,,,,,,,,,,15.939873933792114,0.04480651731160896,0.1446028513238289,0.9569193827887305,0.5091577239662693,0.03,,,,,,,,,435100,001,2025-07-15_10h27.01.014,Continuous_Psychophysics,2022.2.5,None,
0,0,0,0,,,,,,,,,,,15.942959070205688,0.04480651731160896,0.1415478615071283,0.7626610821354478,0.6708340183304684,0.03,,,,,,,,,435100,001,2025-07-15_10h27.01.014,Continuous_Psychophysics,2022.2.5,None,
0,0,0,0,,,,,,,,,,,15.957066297531128,0.04480651731160896,0.1334012219959267,0.6402332269711627,0.9205564683291774,0.03,,,,,,,,,435100,001,2025-07-15_10h27.01.014,Continuous_Psychophysics,2022.2.5,None,
0,0,0,0,,,,,,,,,,,15.961196899414062,0.04480651731160896,0.1334012219959267,0.6697973292210564,0.9163102475906564,0.03,,,,,,,,,435100,001,2025-07-15_10h27.01.014,Continuous_Psychophysics,2022.2.5,None,
0,0,0,0,,,,,,,,,,,15.97432804107666,0.03767820773930754,0.12219959266802444,0.2534418356264594,0.9718526995120499,0.03,,,,,,,,,435100,001,2025-07-15_10h27.01.014,Continuous_Psychophysics,2022.2.5,None,
0,0,0,0,,,,,,,,,,,15.978535175323486,0.03767820773930754,0.12219959266802444,0.26275335718562165,0.9588982228199191,0.03,,,,,,,,,435100,001,2025-07-15_10h27.01.014,Continuous_Psychophysics,2022.2.5,None,
0,0,0,0,,,,,,,,,,,15.991714000701904,0.028513238289205704,0.1120162932790224,0.08771393065158409,0.9653947086042105,0.03,,,,,,,,,435100,001,2025-07-15_10h27.01.014,Continuous_Psychophysics,2022.2.5,None,
0,0,0,0,,,,,,,,,,,15.996080160140991,0.028513238289205704,0.1120162932790224,0.1206475699398407,0.474939979283598,0.03,,,,,,,,,435100,001,2025-07-15_10h27.01.014,Continuous_Psychophysics,2022.2.5,None,
0,0,0,0,,,,,,,,,,,16.008620023727417,0.021384928716904276,0.10488798370672098,0.03245816455620977,0.6660732953543513,0.03,,,,,,,,,435100,001,2025-07-15_10h27.01.014,Continuous_Psychophysics,2022.2.5,None,
0,0,0,0,,,,,,,,,,,16.01304316520691,0.017311608961303463,0.10183299389002037,-0.35621424717227596,1.0968235336079823,0.03,,,,,,,,,435100,001,2025-07-15_10h27.01.014,Continuous_Psychophysics,2022.2.5,None,
0,0,0,0,,,,,,,,,,,16.025904178619385,0.014256619144602852,0.09775967413441955,-0.08295090776765168,1.4539587759453814,0.03,,,,,,,,,435100,001,2025-07-15_10h27.01.014,Continuous_Psychophysics,2022.2.5,None,
0,0,0,0,,,,,,,,,,,16.03041410446167,0.012219959266802444,0.09470468431771895,0.38897582250134777,1.781061114059348,0.03,,,,,,,,,435100,001,2025-07-15_10h27.01.014,Continuous_Psychophysics,2022.2.5,None,
0,0,0,0,,,,,,,,,,,16.034460067749023,0.012219959266802444,0.09470468431771895,-0.02703616368012901,1.5091814933675503,0.03,,,,,,,,,435100,001,2025-07-15_10h27.01.014,Continuous_Psychophysics,2022.2.5,None,
0,0,0,0,,,,,,,,,,,16.047533988952637,0.008146639511201629,0.08859470468431772,-0.15232217137265175,1.3823832647061622,0.03,,,,,,,,,435100,001,2025-07-15_10h27.01.014,Continuous_Psychophysics,2022.2.5,None,
0,0,0,0,,,,,,,,,,,16.050961017608643,0.008146639511201629,0.08859470468431772,0.3591476842361236,1.4765962838586413,0.03,,,,,,,,,435100,001,2025-07-15_10h27.01.014,Continuous_Psychophysics,2022.2.5,None,
0,0,0,0,,,,,,,,,,,16.064610958099365,0.007128309572301426,0.0835030549898167,0.0398539929919538,0.9721033592549277,0.03,,,,,,,,,435100,001,2025-07-15_10h27.01.014,Continuous_Psychophysics,2022.2.5,None,
0,0,0,0,,,,,,,,,,,16.069194078445435,0.007128309572301426,0.0824847250509165,-0.05836941885001197,1.2515042500211686,0.03,,,,,,,,,435100,001,2025-07-15_10h27.01.014,Continuous_Psychophysics,2022.2.5,None,
0,0,0,0,,,,,,,,,,,16.081727266311646,0.007128309572301426,0.07841140529531568,-0.5423682437862798,0.9247581285648168,0.03,,,,,,,,,435100,001,2025-07-15_10h27.01.014,Continuous_Psychophysics,2022.2.5,None,
0,0,0,0,,,,,,,,,,,16.086449146270752,0.007128309572301426,0.07535641547861507,-0.5058576390989674,1.1895799910003901,0.03,,,,,,,,,435100,001,2025-07-15_10h27.01.014,Continuous_Psychophysics,2022.2.5,None,
0,0,0,0,,,,,,,,,,,16.098756074905396,0.008146639511201629,0.07230142566191446,-0.36819309288864993,1.0291094791478137,0.03,,,,,,,,,435100,001,2025-07-15_10h27.01.014,Continuous_Psychophysics,2022.2.5,None,
0,0,0,0,,,,,,,,,,,16.10352611541748,0.01120162932790224,0.06924643584521385,-0.1580304541441115,0.8851753648293152,0.03,,,,,,,,,435100,001,2025-07-15_10h27.01.014,Continuous_Psychophysics,2022.2.5,None,
0,0,0,0,,,,,,,,,,,16.117308139801025,0.018329938900203666,0.06313645621181263,-0.24910699399787373,0.9315815462108678,0.03,,,,,,,,,435100,001,2025-07-15_10h27.01.014,Continuous_Psychophysics,2022.2.5,None,
0,0,0,0,,,,,,,,,,,16.1220760345459,0.025458248472505093,0.059063136456211814,-0.2841328796104275,1.0830927260588794,0.03,,,,,,,,,435100,001,2025-07-15_10h27.01.014,Continuous_Psychophysics,2022.2.5,None,
0,0,0,0,,,,,,,,,,,16.126695156097412,0.032586558044806514,0.0539714867617108,-0.16675777385070312,1.0655106195699364,0.03,,,,,,,,,435100,001,2025-07-15_10h27.01.014,Continuous_Psychophysics,2022.2.5,None,
0,0,0,0,,,,,,,,,,,16.139148950576782,0.04073319755600815,0.04786150712830957,0.13100722638667972,1.2034861169321032,0.03,,,,,,,,,435100,001,2025-07-15_10h27.01.014,Continuous_Psychophysics,2022.2.5,None,
0,0,0,0,,,,,,,,,,,16.14291286468506,0.045824847250509164,0.045824847250509164,-0.12296995946283562,1.2171889571997847,0.03,,,,,,,,,435100,001,2025-07-15_10h27.01.014,Continuous_Psychophysics,2022.2.5,None,
0,0,0,0,,,,,,,,,,,16.156447172164917,0.0539714867617108,0.04175152749490835,-0.21567350779279237,0.8364102154837341,0.03,,,,,,,,,435100,001,2025-07-15_10h27.01.014,Continuous_Psychophysics,2022.2.5,None,
0,0,0,0,,,,,,,,,,,16.16114091873169,0.06109979633401222,0.03767820773930754,0.1663960535003361,0.7955521652605977,0.03,,,,,,,,,435100,001,2025-07-15_10h27.01.014,Continuous_Psychophysics,2022.2.5,None,
0,0,0,0,,,,,,,,,,,16.17340898513794,0.06822810590631365,0.03360488798370672,0.17387192361654713,0.39924367038418307,0.03,,,,,,,,,435100,001,2025-07-15_10h27.01.014,Continuous_Psychophysics,2022.2.5,None,
0,0,0,0,,,,,,,,,,,16.17808508872986,0.07128309572301425,0.03360488798370672,0.11502531334432303,0.6050762410708321,0.03,,,,,,,,,435100,001,2025-07-15_10h27.01.014,Continuous_Psychophysics,2022.2.5,None,
0,0,0,0,,,,,,,,,,,16.190815210342407,0.08044806517311609,0.029531568228105907,0.1855397039370778,0.34626961859300676,0.03,,,,,,,,,435100,001,2025-07-15_10h27.01.014,Continuous_Psychophysics,2022.2.5,None,
0,0,0,0,,,,,,,,,,,16.195210218429565,0.08044806517311609,0.029531568228105907,0.00011202006387367458,0.23374527500000283,0.03,,,,,,,,,435100,001,2025-07-15_10h27.01.014,Continuous_Psychophysics,2022.2.5,None,
0,0,0,0,,,,,,,,,,,16.207828283309937,0.0855397148676171,0.0274949083503055,-0.2510608189005137,0.098121112629208,0.03,,,,,,,,,435100,001,2025-07-15_10h27.01.014,Continuous_Psychophysics,2022.2.5,None,
0,0,0,0,,,,,,,,,,,16.21223020553589,0.0855397148676171,0.0274949083503055,-0.5741600275392535,-0.27096927395395864,0.03,,,,,,,,,435100,001,2025-07-15_10h27.01.014,Continuous_Psychophysics,2022.2.5,None,
0,0,0,0,,,,,,,,,,,16.22489595413208,0.08859470468431772,0.026476578411405296,-0.04919808726313557,0.04223265105911095,0.03,,,,,,,,,435100,001,2025-07-15_10h27.01.014,Continuous_Psychophysics,2022.2.5,None,
0,0,0,0,,,,,,,,,,,16.229374170303345,0.08859470468431772,0.026476578411405296,-0.1147609524189222,-0.40838956855673403,0.03,,,,,,,,,435100,001,2025-07-15_10h27.01.014,Continuous_Psychophysics,2022.2.5,None,
0,0,0,0,,,,,,,,,,,16.234421014785767,0.08961303462321792,0.026476578411405296,0.38111760540344514,-0.4391561362989232,0.03,,,,,,,,,435100,001,2025-07-15_10h27.01.014,Continuous_Psychophysics,2022.2.5,None,
0,0,0,0,,,,,,,,,,,16.246491193771362,0.09164969450101833,0.025458248472505093,0.7122048683300753,-0.3960251712111603,0.03,,,,,,,,,435100,001,2025-07-15_10h27.01.014,Continuous_Psychophysics,2022.2.5,None,
0,0,0,0,,,,,,,,,,,16.251152992248535,0.09164969450101833,0.025458248472505093,0.7718744316800071,-0.15809375669174455,0.03,,,,,,,,,435100,001,2025-07-15_10h27.01.014,Continuous_Psychophysics,2022.2.5,None,
0,0,0,0,,,,,,,,,,,16.263530254364014,0.09266802443991853,0.023421588594704685,0.1922214316561366,0.014644204624757684,0.03,,,,,,,,,435100,001,2025-07-15_10h27.01.014,Continuous_Psychophysics,2022.2.5,None,
0,0,0,0,,,,,,,,,,,16.26775312423706,0.09266802443991853,0.023421588594704685,0.5370589428904411,-0.09179866789398963,0.03,,,,,,,,,435100,001,2025-07-15_10h27.01.014,Continuous_Psychophysics,2022.2.5,None,
0,0,0,0,,,,,,,,,,,16.28033208847046,0.09368635437881874,0.021384928716904276,1.1628941389619598,-0.0726488249310394,0.03,,,,,,,,,435100,001,2025-07-15_10h27.01.014,Continuous_Psychophysics,2022.2.5,None,
0,0,0,0,,,,,,,,,,,16.284679174423218,0.09368635437881874,0.021384928716904276,1.2157462631950036,-0.5463934323831594,0.03,,,,,,,,,435100,001,2025-07-15_10h27.01.014,Continuous_Psychophysics,2022.2.5,None,
0,0,0,0,,,,,,,,,,,16.297598123550415,0.09368635437881874,0.020366598778004074,0.8980235322715834,-0.005767893686614789,0.03,,,,,,,,,435100,001,2025-07-15_10h27.01.014,Continuous_Psychophysics,2022.2.5,None,
0,0,0,0,,,,,,,,,,,16.300336122512817,0.09368635437881874,0.020366598778004074,0.494008455435994,0.43291523117196845,0.03,,,,,,,,,435100,001,2025-07-15_10h27.01.014,Continuous_Psychophysics,2022.2.5,None,
0,0,0,0,,,,,,,,,,,16.314795970916748,0.09368635437881874,0.019348268839103868,0.33812029844649594,0.2772580508637795,0.03,,,,,,,,,435100,001,2025-07-15_10h27.01.014,Continuous_Psychophysics,2022.2.5,None,
0,0,0,0,,,,,,,,,,,16.31922698020935,0.09368635437881874,0.018329938900203666,-0.045903650917999694,0.5443601917659211,0.03,,,,,,,,,435100,001,2025-07-15_10h27.01.014,Continuous_Psychophysics,2022.2.5,None,
0,0,0,0,,,,,,,,,,,16.331889152526855,0.09368635437881874,0.018329938900203666,0.06143141595619979,0.8128420040286846,0.03,,,,,,,,,435100,001,2025-07-15_10h27.01.014,Continuous_Psychophysics,2022.2.5,None,
0,0,0,0,,,,,,,,,,,16.33634924888611,0.09368635437881874,0.018329938900203666,0.21344100379490366,0.7456039942737278,0.03,,,,,,,,,435100,001,2025-07-15_10h27.01.014,Continuous_Psychophysics,2022.2.5,None,
0,0,0,0,,,,,,,,,,,16.348870038986206,0.09470468431771895,0.017311608961303463,0.4872326192045531,0.7348548880138986,0.03,,,,,,,,,435100,001,2025-07-15_10h27.01.014,Continuous_Psychophysics,2022.2.5,None,
0,0,0,0,,,,,,,,,,,16.353212118148804,0.09572301425661914,0.017311608961303463,0.9674392496467181,0.32791286967425737,0.03,,,,,,,,,435100,001,2025-07-15_10h27.01.014,Continuous_Psychophysics,2022.2.5,None,
0,0,0,0,,,,,,,,,,,16.366608142852783,0.09979633401221996,0.016293279022403257,1.159025204331833,0.22939237951564223,0.03,,,,,,,,,435100,001,2025-07-15_10h27.01.014,Continuous_Psychophysics,2022.2.5,None,
0,0,0,0,,,,,,,,,,,16.37089705467224,0.09979633401221996,0.016293279022403257,1.4747240666618284,0.5575896520275616,0.03,,,,,,,,,435100,001,2025-07-15_10h27.01.014,Continuous_Psychophysics,2022.2.5,None,
0,0,0,0,,,,,,,,,,,16.38324213027954,0.10285132382892057,0.016293279022403257,1.2098934161488515,0.3021847105357777,0.03,,,,,,,,,435100,001,2025-07-15_10h27.01.014,Continuous_Psychophysics,2022.2.5,None,
0,0,0,0,,,,,,,,,,,16.387763261795044,0.1079429735234216,0.015274949083503055,1.3906855426196612,0.07134688949362097,0.03,,,,,,,,,435100,001,2025-07-15_10h27.01.014,Continuous_Psychophysics,2022.2.5,None,
0,0,0,0,,,,,,,,,,,16.40044903755188,0.11710794297352342,0.015274949083503055,1.0886233790145865,0.43273646780643804,0.03,,,,,,,,,435100,001,2025-07-15_10h27.01.014,Continuous_Psychophysics,2022.2.5,None,
0,0,0,0,,,,,,,,,,,16.40504503250122,0.12423625254582485,0.015274949083503055,0.9750294518092837,0.6382898905363128,0.03,,,,,,,,,435100,001,2025-07-15_10h27.01.014,Continuous_Psychophysics,2022.2.5,None,
0,0,0,0,,,,,,,,,,,16.409712076187134,0.12830957230142567,0.015274949083503055,0.9863612577081242,0.2554963045103223,0.03,,,,,,,,,435100,001,2025-07-15_10h27.01.014,Continuous_Psychophysics,2022.2.5,None,
0,0,0,0,,,,,,,,,,,16.421842098236084,0.1354378818737271,0.015274949083503055,0.7847304335338383,0.517677708257472,0.03,,,,,,,,,435100,001,2025-07-15_10h27.01.014,Continuous_Psychophysics,2022.2.5,None,
0,0,0,0,,,,,,,,,,,16.426692962646484,0.1415478615071283,0.015274949083503055,0.8539953072813052,0.7824603309015361,0.03,,,,,,,,,435100,001,2025-07-15_10h27.01.014,Continuous_Psychophysics,2022.2.5,None,
0,0,0,0,,,,,,,,,,,16.438940048217773,0.14867617107942974,0.015274949083503055,0.8343370565861342,0.4304343620154326,0.03,,,,,,,,,435100,001,2025-07-15_10h27.01.014,Continuous_Psychophysics,2022.2.5,None,
0,0,0,0,,,,,,,,,,,16.443310022354126,0.15376782077393075,0.015274949083503055,0.7510880528371877,0.44630397962002943,0.03,,,,,,,,,435100,001,2025-07-15_10h27.01.014,Continuous_Psychophysics,2022.2.5,None,
0,0,0,0,,,,,,,,,,,16.45596218109131,0.1629327902240326,0.015274949083503055,1.1286895888587458,0.310671878880223,0.03,,,,,,,,,435100,001,2025-07-15_10h27.01.014,Continuous_Psychophysics,2022.2.5,None,
0,0,0,0,,,,,,,,,,,16.459793090820312,0.1629327902240326,0.015274949083503055,0.8697524926434601,-0.17630234734091338,0.03,,,,,,,,,435100,001,2025-07-15_10h27.01.014,Continuous_Psychophysics,2022.2.5,None,
0,0,0,0,,,,,,,,,,,16.473165035247803,0.17006109979633402,0.016293279022403257,0.8866480197298751,-0.3982443874805577,0.03,,,,,,,,,435100,001,2025-07-15_10h27.01.014,Continuous_Psychophysics,2022.2.5,None,
0,0,0,0,,,,,,,,,,,16.47642993927002,0.17006109979633402,0.016293279022403257,0.9129171652745138,-0.7514341400530611,0.03,,,,,,,,,435100,001,2025-07-15_10h27.01.014,Continuous_Psychophysics,2022.2.5,None,
0,0,0,0,,,,,,,,,,,16.490377187728882,0.17617107942973523,0.017311608961303463,1.0586898634490947,-1.3079386298033797,0.03,,,,,,,,,435100,001,2025-07-15_10h27.01.014,Continuous_Psychophysics,2022.2.5,None,
0,0,0,0,,,,,,,,,,,16.494643211364746,0.17617107942973523,0.017311608961303463,1.1851012600722164,-1.3237084107299757,0.03,,,,,,,,,435100,001,2025-07-15_10h27.01.014,Continuous_Psychophysics,2022.2.5,None,
0,0,0,0,,,,,,,,,,,16.50776696205139,0.18329938900203666,0.019348268839103868,0.9568619695970526,-1.2339074042068434,0.03,,,,,,,,,435100,001,2025-07-15_10h27.01.014,Continuous_Psychophysics,2022.2.5,None,
0,0,0,0,,,,,,,,,,,16.512394905090332,0.18329938900203666,0.019348268839103868,0.8353071953951677,-0.9546268064530455,0.03,,,,,,,,,435100,001,2025-07-15_10h27.01.014,Continuous_Psychophysics,2022.2.5,None,
0,0,0,0,,,,,,,,,,,16.524728059768677,0.18635437881873726,0.020366598778004074,1.0353721868184698,-1.0923150971333144,0.03,,,,,,,,,435100,001,2025-07-15_10h27.01.014,Continuous_Psychophysics,2022.2.5,None,
0,0,0,0,,,,,,,,,,,16.529315948486328,0.18839103869653767,0.020366598778004074,1.2919034363642088,-0.7197794268973288,0.03,,,,,,,,,435100,001,2025-07-15_10h27.01.014,Continuous_Psychophysics,2022.2.5,None,
0,0,0,0,,,,,,,,,,,16.541614055633545,0.19042769857433808,0.021384928716904276,1.4061105426810603,-1.0026355949852004,0.03,,,,,,,,,435100,001,2025-07-15_10h27.01.014,Continuous_Psychophysics,2022.2.5,None,
0,0,0,0,,,,,,,,,,,16.546139001846313,0.19144602851323828,0.021384928716904276,1.537589660444597,-0.9753010384961005,0.03,,,,,,,,,435100,001,2025-07-15_10h27.01.014,Continuous_Psychophysics,2022.2.5,None,
0,0,0,0,,,,,,,,,,,16.559061288833618,0.19144602851323828,0.021384928716904276,1.2991922200015515,-0.9686338342855155,0.03,,,,,,,,,435100,001,2025-07-15_10h27.01.014,Continuous_Psychophysics,2022.2.5,None,
0,0,0,0,,,,,,,,,,,16.563488960266113,0.19144602851323828,0.021384928716904276,1.46639740085918,-0.9639448141426488,0.03,,,,,,,,,435100,001,2025-07-15_10h27.01.014,Continuous_Psychophysics,2022.2.5,None,
0,0,0,0,,,,,,,,,,,16.56778907775879,0.19144602851323828,0.021384928716904276,1.8447862456736988,-1.51696976997665,0.03,,,,,,,,,435100,001,2025-07-15_10h27.01.014,Continuous_Psychophysics,2022.2.5,None,
0,0,0,0,,,,,,,,,,,16.580915212631226,0.1924643584521385,0.021384928716904276,2.073204209675583,-1.8814697890729901,0.03,,,,,,,,,435100,001,2025-07-15_10h27.01.014,Continuous_Psychophysics,2022.2.5,None,
0,0,0,0,,,,,,,,,,,16.58412504196167,0.1924643584521385,0.021384928716904276,1.8407935239558206,-1.9128033753392002,0.03,,,,,,,,,435100,001,2025-07-15_10h27.01.014,Continuous_Psychophysics,2022.2.5,None,
0,0,0,0,,,,,,,,,,,16.5980441570282,0.1924643584521385,0.021384928716904276,1.6373875002783862,-1.4660927555530097,0.03,,,,,,,,,435100,001,2025-07-15_10h27.01.014,Continuous_Psychophysics,2022.2.5,None,
0,0,0,0,,,,,,,,,,,16.60225200653076,0.1924643584521385,0.021384928716904276,1.9216450914511003,-0.6901007931770456,0.03,,,,,,,,,435100,001,2025-07-15_10h27.01.014,Continuous_Psychophysics,2022.2.5,None,
0,0,0,0,,,,,,,,,,,16.61500310897827,0.1924643584521385,0.021384928716904276,1.8192649611166691,-0.6931745729125663,0.03,,,,,,,,,435100,001,2025-07-15_10h27.01.014,Continuous_Psychophysics,2022.2.5,None,
0,0,0,0,,,,,,,,,,,16.619301080703735,0.1924643584521385,0.021384928716904276,1.7529773963455604,-0.20562912902477143,0.03,,,,,,,,,435100,001,2025-07-15_10h27.01.014,Continuous_Psychophysics,2022.2.5,None,
0,0,0,0,,,,,,,,,,,16.632052898406982,0.1924643584521385,0.021384928716904276,1.4633107218067156,-0.08930562706798226,0.03,,,,,,,,,435100,001,2025-07-15_10h27.01.014,Continuous_Psychophysics,2022.2.5,None,
0,0,0,0,,,,,,,,,,,16.63602924346924,0.1924643584521385,0.021384928716904276,1.4777461162473597,-0.3170288761883957,0.03,,,,,,,,,435100,001,2025-07-15_10h27.01.014,Continuous_Psychophysics,2022.2.5,None,
0,0,0,0,,,,,,,,,,,16.649235248565674,0.1924643584521385,0.021384928716904276,1.444823240911701,-0.6965264637360431,0.03,,,,,,,,,435100,001,2025-07-15_10h27.01.014,Continuous_Psychophysics,2022.2.5,None,
0,0,0,0,,,,,,,,,,,16.653524160385132,0.1924643584521385,0.021384928716904276,1.330831816033954,-0.564549585467201,0.03,,,,,,,,,435100,001,2025-07-15_10h27.01.014,Continuous_Psychophysics,2022.2.5,None,
0,0,0,0,,,,,,,,,,,16.66671395301819,0.1924643584521385,0.021384928716904276,1.0614465646242777,-0.919248445755422,0.03,,,,,,,,,435100,001,2025-07-15_10h27.01.014,Continuous_Psychophysics,2022.2.5,None,
0,0,0,0,,,,,,,,,,,16.67121720314026,0.1924643584521385,0.021384928716904276,1.042232790719791,-1.363835811645345,0.03,,,,,,,,,435100,001,2025-07-15_10h27.01.014,Continuous_Psychophysics,2022.2.5,None,
0,0,0,0,,,,,,,,,,,16.68388605117798,0.1924643584521385,0.021384928716904276,1.819420283180957,-2.1089654504314543,0.03,,,,,,,,,435100,001,2025-07-15_10h27.01.014,Continuous_Psychophysics,2022.2.5,None,
0,0,0,0,,,,,,,,,,,16.68901491165161,0.19144602851323828,0.021384928716904276,1.9440237332273242,-2.7095278573829678,0.03,,,,,,,,,435100,001,2025-07-15_10h27.01.014,Continuous_Psychophysics,2022.2.5,None,
0,0,0,0,,,,,,,,,,,16.69365119934082,0.1894093686354379,0.021384928716904276,1.9243202709934797,-3.050618088895409,0.03,,,,,,,,,435100,001,2025-07-15_10h27.01.014,Continuous_Psychophysics,2022.2.5,None,
0,0,0,0,,,,,,,,,,,16.706093072891235,0.18737270875763748,0.021384928716904276,1.7828009623935839,-2.5808944197201606,0.03,,,,,,,,,435100,001,2025-07-15_10h27.01.014,Continuous_Psychophysics,2022.2.5,None,
0,0,0,0,,,,,,,,,,,16.709985971450806,0.18431771894093688,0.020366598778004074,1.5966813508583073,-2.3456014546929924,0.03,,,,,,,,,435100,001,2025-07-15_10h27.01.014,Continuous_Psychophysics,2022.2.5,None,
0,0,0,0,,,,,,,,,,,16.72320294380188,0.18126272912423624,0.019348268839103868,1.7475465124819927,-2.309805246889543,0.03,,,,,,,,,435100,001,2025-07-15_10h27.01.014,Continuous_Psychophysics,2022.2.5,None,
0,0,0,0,,,,,,,,,,,16.727914094924927,0.17718940936863545,0.018329938900203666,1.8194690997431153,-1.922974988079445,0.03,,,,,,,,,435100,001,2025-07-15_10h27.01.014,Continuous_Psychophysics,2022.2.5,None,
0,0,0,0,,,,,,,,,,,16.740334033966064,0.1680244399185336,0.016293279022403257,1.815255923103194,-1.6532103895407375,0.03,,,,,,,,,435100,001,2025-07-15_10h27.01.014,Continuous_Psychophysics,2022.2.5,None,
0,0,0,0,,,,,,,,,,,16.744765043258667,0.1680244399185336,0.016293279022403257,1.9415317343041643,-1.9503227686207731,0.03,,,,,,,,,435100,001,2025-07-15_10h27.01.014,Continuous_Psychophysics,2022.2.5,None,
0,0,0,0,,,,,,,,,,,16.75762701034546,0.15580448065173116,0.013238289205702648,1.7846505006006526,-1.9882013582060856,0.03,,,,,,,,,435100,001,2025-07-15_10h27.01.014,Continuous_Psychophysics,2022.2.5,None,
0,0,0,0,,,,,,,,,,,16.762036085128784,0.15580448065173116,0.013238289205702648,2.206302711178337,-1.9727045017819262,0.03,,,,,,,,,435100,001,2025-07-15_10h27.01.014,Continuous_Psychophysics,2022.2.5,None,
0,0,0,0,,,,,,,,,,,16.77482008934021,0.14358452138492872,0.012219959266802444,2.4367250187845566,-2.0356395515825905,0.03,,,,,,,,,435100,001,2025-07-15_10h27.01.014,Continuous_Psychophysics,2022.2.5,None,
0,0,0,0,,,,,,,,,,,16.779287099838257,0.14358452138492872,0.012219959266802444,2.4300353439278357,-1.9637411789692019,0.03,,,,,,,,,435100,001,2025-07-15_10h27.01.014,Continuous_Psychophysics,2022.2.5,None,
0,0,0,0,,,,,,,,,,,16.79218292236328,0.12932790224032586,0.012219959266802444,2.177135926887164,-1.6717188816896136,0.03,,,,,,,,,435100,001,2025-07-15_10h27.01.014,Continuous_Psychophysics,2022.2.5,None,
0,0,0,0,,,,,,,,,,,16.79684615135193,0.12321792260692464,0.012219959266802444,1.9133611550203062,-1.720386168266901,0.03,,,,,,,,,435100,001,2025-07-15_10h27.01.014,Continuous_Psychophysics,2022.2.5,None,
0,0,0,0,,,,,,,,,,,16.801298141479492,0.12321792260692464,0.012219959266802444,1.879686169723841,-1.954713492592919,0.03,,,,,,,,,435100,001,2025-07-15_10h27.01.014,Continuous_Psychophysics,2022.2.5,None,
0,0,0,0,,,,,,,,,,,16.813711166381836,0.11507128309572301,0.014256619144602852,2.0560463957439277,-1.643765346095645,0.03,,,,,,,,,435100,001,2025-07-15_10h27.01.014,Continuous_Psychophysics,2022.2.5,None,
0,0,0,0,,,,,,,,,,,16.817989110946655,0.11507128309572301,0.014256619144602852,1.9479052065685925,-1.6179035882202106,0.03,,,,,,,,,435100,001,2025-07-15_10h27.01.014,Continuous_Psychophysics,2022.2.5,None,
0,0,0,0,,,,,,,,,,,16.830844163894653,0.10692464358452139,0.017311608961303463,1.9733441481933,-2.0281270419437325,0.03,,,,,,,,,435100,001,2025-07-15_10h27.01.014,Continuous_Psychophysics,2022.2.5,None,
0,0,0,0,,,,,,,,,,,16.834506273269653,0.10692464358452139,0.017311608961303463,2.251185451900201,-2.6029518516911705,0.03,,,,,,,,,435100,001,2025-07-15_10h27.01.014,Continuous_Psychophysics,2022.2.5,None,
0,0,0,0,,,,,,,,,,,16.848093032836914,0.10081466395112017,0.019348268839103868,2.3133057217639963,-2.5789399761774146,0.03,,,,,,,,,435100,001,2025-07-15_10h27.01.014,Continuous_Psychophysics,2022.2.5,None,
0,0,0,0,,,,,,,,,,,16.85108494758606,0.10081466395112017,0.019348268839103868,2.6956516782963242,-2.501922488474951,0.03,,,,,,,,,435100,001,2025-07-15_10h27.01.014,Continuous_Psychophysics,2022.2.5,None,
0,0,0,0,,,,,,,,,,,16.865111112594604,0.09775967413441955,0.020366598778004074,2.493379785019331,-2.899650522497355,0.03,,,,,,,,,435100,001,2025-07-15_10h27.01.014,Continuous_Psychophysics,2022.2.5,None,
0,0,0,0,,,,,,,,,,,16.868026971817017,0.09775967413441955,0.020366598778004074,2.5640349055780107,-3.425308705746737,0.03,,,,,,,,,435100,001,2025-07-15_10h27.01.014,Continuous_Psychophysics,2022.2.5,None,
0,0,0,0,,,,,,,,,,,16.88229012489319,0.09572301425661914,0.021384928716904276,2.791312072870752,-3.8881270245817228,0.03,,,,,,,,,435100,001,2025-07-15_10h27.01.014,Continuous_Psychophysics,2022.2.5,None,
0,0,0,0,,,,,,,,,,,16.88678812980652,0.09572301425661914,0.021384928716904276,2.871788651457694,-3.7377817749744975,0.03,,,,,,,,,435100,001,2025-07-15_10h27.01.014,Continuous_Psychophysics,2022.2.5,None,
0,0,0,0,,,,,,,,,,,16.899681091308594,0.09470468431771895,0.021384928716904276,2.5914597808613355,-3.9888491873966236,0.03,,,,,,,,,435100,001,2025-07-15_10h27.01.014,Continuous_Psychophysics,2022.2.5,None,
0,0,0,0,,,,,,,,,,,16.904489278793335,0.09470468431771895,0.021384928716904276,2.8350115726798677,-3.6033402735514124,0.03,,,,,,,,,435100,001,2025-07-15_10h27.01.014,Continuous_Psychophysics,2022.2.5,None,
0,0,0,0,,,,,,,,,,,16.9165620803833,0.09470468431771895,0.021384928716904276,3.0945444979185583,-3.8997561122132147,0.03,,,,,,,,,435100,001,2025-07-15_10h27.01.014,Continuous_Psychophysics,2022.2.5,None,
0,0,0,0,,,,,,,,,,,16.92115306854248,0.09368635437881874,0.021384928716904276,3.3683999485346106,-4.1435291257592235,0.03,,,,,,,,,435100,001,2025-07-15_10h27.01.014,Continuous_Psychophysics,2022.2.5,None,
0,0,0,0,,,,,,,,,,,16.93394708633423,0.09368635437881874,0.02240325865580448,3.4698340792266866,-4.203301296539739,0.03,,,,,,,,,435100,001,2025-07-15_10h27.01.014,Continuous_Psychophysics,2022.2.5,None,
0,0,0,0,,,,,,,,,,,16.93835210800171,0.09368635437881874,0.02240325865580448,3.6598818525799954,-4.279090417729281,0.03,,,,,,,,,435100,001,2025-07-15_10h27.01.014,Continuous_Psychophysics,2022.2.5,None,
0,0,0,0,,,,,,,,,,,16.942641019821167,0.09368635437881874,0.02240325865580448,3.4093912319709814,-4.143095179525552,0.03,,,,,,,,,435100,001,2025-07-15_10h27.01.014,Continuous_Psychophysics,2022.2.5,None,
0,0,0,0,,,,,,,,,,,16.95541501045227,0.09368635437881874,0.02240325865580448,3.260755542315578,-4.085653203523562,0.03,,,,,,,,,435100,001,2025-07-15_10h27.01.014,Continuous_Psychophysics,2022.2.5,None,
0,0,0,0,,,,,,,,,,,16.959784030914307,0.09368635437881874,0.02240325865580448,2.7213728674451803,-4.315298346041152,0.03,,,,,,,,,435100,001,2025-07-15_10h27.01.014,Continuous_Psychophysics,2022.2.5,None,
0,0,0,0,,,,,,,,,,,16.97225522994995,0.09368635437881874,0.02240325865580448,2.7769273023622416,-4.3722412349973725,0.03,,,,,,,,,435100,001,2025-07-15_10h27.01.014,Continuous_Psychophysics,2022.2.5,None,
0,0,0,0,,,,,,,,,,,16.97622799873352,0.09368635437881874,0.02240325865580448,2.519576996060167,-4.632158108924392,0.03,,,,,,,,,435100,001,2025-07-15_10h27.01.014,Continuous_Psychophysics,2022.2.5,None,
0,0,0,0,,,,,,,,,,,16.98938798904419,0.09368635437881874,0.02240325865580448,2.6666090951926047,-4.529501174950379,0.03,,,,,,,,,435100,001,2025-07-15_10h27.01.014,Continuous_Psychophysics,2022.2.5,None,
0,0,0,0,,,,,,,,,,,16.99389100074768,0.09368635437881874,0.02240325865580448,2.9733778681206973,-4.256297730433646,0.03,,,,,,,,,435100,001,2025-07-15_10h27.01.014,Continuous_Psychophysics,2022.2.5,None,
0,0,0,0,,,,,,,,,,,17.006680965423584,0.09674134419551934,0.023421588594704685,2.690643595711163,-4.158937862567426,0.03,,,,,,,,,435100,001,2025-07-15_10h27.01.014,Continuous_Psychophysics,2022.2.5,None,
0,0,0,0,,,,,,,,,,,17.009393215179443,0.09674134419551934,0.023421588594704685,2.721444565031736,-3.995751370118229,0.03,,,,,,,,,435100,001,2025-07-15_10h27.01.014,Continuous_Psychophysics,2022.2.5,None,
0,0,0,0,,,,,,,,,,,17.023945093154907,0.10590631364562118,0.024439918533604887,3.061448458321304,-3.8801119859911606,0.03,,,,,,,,,435100,001,2025-07-15_10h27.01.014,Continuous_Psychophysics,2022.2.5,None,
0,0,0,0,,,,,,,,,,,17.028521060943604,0.10590631364562118,0.024439918533604887,3.225095444918783,-4.0609833997115565,0.03,,,,,,,,,435100,001,2025-07-15_10h27.01.014,Continuous_Psychophysics,2022.2.5,None,
0,0,0,0,,,,,,,,,,,17.041343927383423,0.11812627291242363,0.024439918533604887,3.4599881967571617,-4.211056344757286,0.03,,,,,,,,,435100,001,2025-07-15_10h27.01.014,Continuous_Psychophysics,2022.2.5,None,
0,0,0,0,,,,,,,,,,,17.046046257019043,0.11812627291242363,0.024439918533604887,3.5158562829344824,-4.930733322624635,0.03,,,,,,,,,435100,001,2025-07-15_10h27.01.014,Continuous_Psychophysics,2022.2.5,None,
0,0,0,0,,,,,,,,,,,17.05103302001953,0.13136456211812628,0.024439918533604887,3.304444155887333,-5.057466509592292,0.03,,,,,,,,,435100,001,2025-07-15_10h27.01.014,Continuous_Psychophysics,2022.2.5,None,
0,0,0,0,,,,,,,,,,,17.062807083129883,0.1446028513238289,0.024439918533604887,3.5390082910884724,-4.787496659597077,0.03,,,,,,,,,435100,001,2025-07-15_10h27.01.014,Continuous_Psychophysics,2022.2.5,None,
0,0,0,0,,,,,,,,,,,17.067644119262695,0.1446028513238289,0.024439918533604887,3.163343758765862,-5.0644615074732195,0.03,,,,,,,,,435100,001,2025-07-15_10h27.01.014,Continuous_Psychophysics,2022.2.5,None,
0,0,0,0,,,,,,,,,,,17.079829931259155,0.159877800407332,0.024439918533604887,2.5421563405982903,-4.65255124337743,0.03,,,,,,,,,435100,001,2025-07-15_10h27.01.014,Continuous_Psychophysics,2022.2.5,None,
0,0,0,0,,,,,,,,,,,17.08426523208618,0.159877800407332,0.024439918533604887,2.575116325851241,-5.481614207736132,0.03,,,,,,,,,435100,001,2025-07-15_10h27.01.014,Continuous_Psychophysics,2022.2.5,None,
0,0,0,0,,,,,,,,,,,17.09701704978943,0.1690427698574338,0.024439918533604887,3.0561280287655244,-5.314990382199912,0.03,,,,,,,,,435100,001,2025-07-15_10h27.01.014,Continuous_Psychophysics,2022.2.5,None,
0,0,0,0,,,,,,,,,,,17.10153603553772,0.1690427698574338,0.024439918533604887,3.02645308546314,-5.518864730344842,0.03,,,,,,,,,435100,001,2025-07-15_10h27.01.014,Continuous_Psychophysics,2022.2.5,None,
0,0,0,0,,,,,,,,,,,17.114091873168945,0.17617107942973523,0.023421588594704685,3.372329220510716,-5.518864730344842,0.03,,,,,,,,,435100,001,2025-07-15_10h27.01.014,Continuous_Psychophysics,2022.2.5,None,
0,0,0,0,,,,,,,,,,,17.1178879737854,0.17617107942973523,0.023421588594704685,3.6656418287372756,-5.040247229767006,0.03,,,,,,,,,435100,001,2025-07-15_10h27.01.014,Continuous_Psychophysics,2022.2.5,None,
0,0,0,0,,,,,,,,,,,17.13115620613098,0.18126272912423624,0.023421588594704685,3.8645524458770666,-5.5689662558573225,0.03,,,,,,,,,435100,001,2025-07-15_10h27.01.014,Continuous_Psychophysics,2022.2.5,None,
0,0,0,0,,,,,,,,,,,17.134998083114624,0.18329938900203666,0.023421588594704685,3.818403303202047,-5.587426880411362,0.03,,,,,,,,,435100,001,2025-07-15_10h27.01.014,Continuous_Psychophysics,2022.2.5,None,
0,0,0,0,,,,,,,,,,,17.1481990814209,0.18635437881873726,0.023421588594704685,3.9807588311570314,-5.475235298941133,0.03,,,,,,,,,435100,001,2025-07-15_10h27.01.014,Continuous_Psychophysics,2022.2.5,None,
0,0,0,0,,,,,,,,,,,17.152635097503662,0.18737270875763748,0.023421588594704685,4.543278851183084,-5.67325952530835,0.03,,,,,,,,,435100,001,2025-07-15_10h27.01.014,Continuous_Psychophysics,2022.2.5,None,
0,0,0,0,,,,,,,,,,,17.16531205177307,0.1894093686354379,0.02240325865580448,4.058548140096502,-5.882875567640429,0.03,,,,,,,,,435100,001,2025-07-15_10h27.01.014,Continuous_Psychophysics,2022.2.5,None,
0,0,0,0,,,,,,,,,,,17.16991925239563,0.19042769857433808,0.02240325865580448,4.245701613066992,-5.882875567640429,0.03,,,,,,,,,435100,001,2025-07-15_10h27.01.014,Continuous_Psychophysics,2022.2.5,None,
0,0,0,0,,,,,,,,,,,17.18236804008484,0.1934826883910387,0.021384928716904276,4.227823677441207,-5.882875567640429,0.03,,,,,,,,,435100,001,2025-07-15_10h27.01.014,Continuous_Psychophysics,2022.2.5,None,
0,0,0,0,,,,,,,,,,,17.186511039733887,0.1955193482688391,0.018329938900203666,4.475031200878654,-5.882875567640429,0.03,,,,,,,,,435100,001,2025-07-15_10h27.01.014,Continuous_Psychophysics,2022.2.5,None,
0,0,0,0,,,,,,,,,,,17.1996431350708,0.1975560081466395,0.014256619144602852,4.369317995513241,-5.882875567640429,0.03,,,,,,,,,435100,001,2025-07-15_10h27.01.014,Continuous_Psychophysics,2022.2.5,None,
0,0,0,0,,,,,,,,,,,17.204379081726074,0.20061099796334012,0.007128309572301426,4.299584625762051,-5.000482810314708,0.03,,,,,,,,,435100,001,2025-07-15_10h27.01.014,Continuous_Psychophysics,2022.2.5,None,
0,0,0,0,,,,,,,,,,,17.21691608428955,0.20264765784114053,-0.003054989816700611,4.234423577849886,-4.765106770645736,0.03,,,,,,,,,435100,001,2025-07-15_10h27.01.014,Continuous_Psychophysics,2022.2.5,None,
0,0,0,0,,,,,,,,,,,17.22164297103882,0.20468431771894094,-0.013238289205702648,4.456073347240864,-4.834330352491886,0.03,,,,,,,,,435100,001,2025-07-15_10h27.01.014,Continuous_Psychophysics,2022.2.5,None,
0,0,0,0,,,,,,,,,,,17.22635006904602,0.20570264765784113,-0.025458248472505093,4.1792431396703,-4.835798169787542,0.03,,,,,,,,,435100,001,2025-07-15_10h27.01.014,Continuous_Psychophysics,2022.2.5,None,
0,0,0,0,,,,,,,,,,,17.238437175750732,0.20672097759674135,-0.03971486761710794,3.989769074704169,-4.659791044947104,0.03,,,,,,,,,435100,001,2025-07-15_10h27.01.014,Continuous_Psychophysics,2022.2.5,None,
0,0,0,0,,,,,,,,,,,17.243205070495605,0.20773930753564154,-0.0539714867617108,4.316466959476251,-4.456998642376377,0.03,,,,,,,,,435100,001,2025-07-15_10h27.01.014,Continuous_Psychophysics,2022.2.5,None,
0,0,0,0,,,,,,,,,,,17.25539803504944,0.20773930753564154,-0.06619144602851323,4.075416143697751,-4.436292259475672,0.03,,,,,,,,,435100,001,2025-07-15_10h27.01.014,Continuous_Psychophysics,2022.2.5,None,
0,0,0,0,,,,,,,,,,,17.259518146514893,0.20773930753564154,-0.07230142566191446,4.610253475376946,-4.824647503660782,0.03,,,,,,,,,435100,001,2025-07-15_10h27.01.014,Continuous_Psychophysics,2022.2.5,None,
0,0,0,0,,,,,,,,,,,17.272747039794922,0.20061099796334012,-0.08961303462321792,4.687194692810071,-4.589246577663795,0.03,,,,,,,,,435100,001,2025-07-15_10h27.01.014,Continuous_Psychophysics,2022.2.5,None,
0,0,0,0,,,,,,,,,,,17.276990175247192,0.20061099796334012,-0.08961303462321792,4.532399671148683,-5.244757656624265,0.03,,,,,,,,,435100,001,2025-07-15_10h27.01.014,Continuous_Psychophysics,2022.2.5,None,
0,0,0,0,,,,,,,,,,,17.289802312850952,0.18635437881873726,-0.10183299389002037,5.052726706908487,-5.358764802841051,0.03,,,,,,,,,435100,001,2025-07-15_10h27.01.014,Continuous_Psychophysics,2022.2.5,None,
0,0,0,0,,,,,,,,,,,17.293290853500366,0.18635437881873726,-0.10183299389002037,5.053504246654085,-4.947239177170687,0.03,,,,,,,,,435100,001,2025-07-15_10h27.01.014,Continuous_Psychophysics,2022.2.5,None,
0,0,0,0,,,,,,,,,,,17.307064056396484,0.16089613034623218,-0.10285132382892057,5.278524728309184,-5.224242961586642,0.03,,,,,,,,,435100,001,2025-07-15_10h27.01.014,Continuous_Psychophysics,2022.2.5,None,
0,0,0,0,,,,,,,,,,,17.311347246170044,0.16089613034623218,-0.10285132382892057,5.340343008407959,-5.5524808425533205,0.03,,,,,,,,,435100,001,2025-07-15_10h27.01.014,Continuous_Psychophysics,2022.2.5,None,
0,0,0,0,,,,,,,,,,,17.32442307472229,0.11608961303462322,-0.06720977596741344,5.398040322988501,-5.839247466293875,0.03,,,,,,,,,435100,001,2025-07-15_10h27.01.014,Continuous_Psychophysics,2022.2.5,None,
0,0,0,0,,,,,,,,,,,17.32889223098755,0.11608961303462322,-0.06720977596741344,5.4488383958302435,-5.771071596761438,0.03,,,,,,,,,435100,001,2025-07-15_10h27.01.014,Continuous_Psychophysics,2022.2.5,None,
0,0,0,0,,,,,,,,,,,17.340967178344727,0.11608961303462322,-0.06720977596741344,5.687265549825592,-5.324575633475343,0.03,,,,,,,,,435100,001,2025-07-15_10h27.01.014,Continuous_Psychophysics,2022.2.5,None,
0,0,0,0,,,,,,,,,,,17.3449490070343,0.11608961303462322,-0.06720977596741344,5.618485722020716,-5.350614011045548,0.03,,,,,,,,,435100,001,2025-07-15_10h27.01.014,Continuous_Psychophysics,2022.2.5,None,
0,0,0,0,,,,,,,,,,,17.358416080474854,0.11608961303462322,-0.06720977596741344,5.752568454887887,-5.2295949443985075,0.03,,,,,,,,,435100,001,2025-07-15_10h27.01.014,Continuous_Psychophysics,2022.2.5,None,
0,0,0,0,,,,,,,,,,,17.362589120864868,0.11608961303462322,-0.06720977596741344,5.848850654046291,-4.68416768272963,0.03,,,,,,,,,435100,001,2025-07-15_10h27.01.014,Continuous_Psychophysics,2022.2.5,None,
0,0,0,0,,,,,,,,,,,17.375552892684937,0.11608961303462322,-0.06720977596741344,5.848850654046291,-5.255160937418416,0.03,,,,,,,,,435100,001,2025-07-15_10h27.01.014,Continuous_Psychophysics,2022.2.5,None,
0,0,0,0,,,,,,,,,,,17.379863023757935,0.11608961303462322,-0.06720977596741344,5.7307129547654085,-5.442062779907315,0.03,,,,,,,,,435100,001,2025-07-15_10h27.01.014,Continuous_Psychophysics,2022.2.5,None,
0,0,0,0,,,,,,,,,,,17.384303092956543,0.11608961303462322,-0.06720977596741344,5.61527186025703,-5.660053353602652,0.03,,,,,,,,,435100,001,2025-07-15_10h27.01.014,Continuous_Psychophysics,2022.2.5,None,
0,0,0,0,,,,,,,,,,,17.39672327041626,0.11608961303462322,-0.06720977596741344,5.61527186025703,-5.645786279530184,0.03,,,,,,,,,435100,001,2025-07-15_10h27.01.014,Continuous_Psychophysics,2022.2.5,None,
0,0,0,0,,,,,,,,,,,17.401167154312134,0.11608961303462322,-0.06720977596741344,5.736522717656948,-5.679852754969756,0.03,,,,,,,,,435100,001,2025-07-15_10h27.01.014,Continuous_Psychophysics,2022.2.5,None,
0,0,0,0,,,,,,,,,,,17.41395902633667,0.11608961303462322,-0.06720977596741344,5.923670962072082,-5.642217322034858,0.03,,,,,,,,,435100,001,2025-07-15_10h27.01.014,Continuous_Psychophysics,2022.2.5,None,
0,0,0,0,,,,,,,,,,,17.41765809059143,0.11608961303462322,-0.06720977596741344,5.923670962072082,-5.395025699294932,0.03,,,,,,,,,435100,001,2025-07-15_10h27.01.014,Continuous_Psychophysics,2022.2.5,None,
0,0,0,0,,,,,,,,,,,17.4313702583313,0.11405295315682282,-0.06720977596741344,5.444379356911757,-5.530701582952641,0.03,,,,,,,,,435100,001,2025-07-15_10h27.01.014,Continuous_Psychophysics,2022.2.5,None,
0,0,0,0,,,,,,,,,,,17.435038089752197,0.11303462321792261,-0.06720977596741344,5.225866894749996,-5.250744043683833,0.03,,,,,,,,,435100,001,2025-07-15_10h27.01.014,Continuous_Psychophysics,2022.2.5,None,
0,0,0,0,,,,,,,,,,,17.44841694831848,0.1109979633401222,-0.07026476578411406,5.17152420999947,-5.20495858277561,0.03,,,,,,,,,435100,001,2025-07-15_10h27.01.014,Continuous_Psychophysics,2022.2.5,None,
0,0,0,0,,,,,,,,,,,17.452831268310547,0.10896130346232179,-0.07433808553971487,4.932716956696238,-5.019916356386593,0.03,,,,,,,,,435100,001,2025-07-15_10h27.01.014,Continuous_Psychophysics,2022.2.5,None,
0,0,0,0,,,,,,,,,,,17.465737104415894,0.10692464358452139,-0.07942973523421588,4.568118306924718,-4.565666765485681,0.03,,,,,,,,,435100,001,2025-07-15_10h27.01.014,Continuous_Psychophysics,2022.2.5,None,
0,0,0,0,,,,,,,,,,,17.469983100891113,0.10488798370672098,-0.0855397148676171,4.50552783196974,-4.271759754496859,0.03,,,,,,,,,435100,001,2025-07-15_10h27.01.014,Continuous_Psychophysics,2022.2.5,None,
0,0,0,0,,,,,,,,,,,17.48282527923584,0.10386965376782077,-0.09164969450101833,4.1352015980228565,-4.310219937619668,0.03,,,,,,,,,435100,001,2025-07-15_10h27.01.014,Continuous_Psychophysics,2022.2.5,None,
0,0,0,0,,,,,,,,,,,17.487741231918335,0.10386965376782077,-0.09775967413441955,3.863105315815727,-4.406805870304816,0.03,,,,,,,,,435100,001,2025-07-15_10h27.01.014,Continuous_Psychophysics,2022.2.5,None,
0,0,0,0,,,,,,,,,,,17.50005316734314,0.10386965376782077,-0.1079429735234216,4.112003331463149,-4.4500543730068856,0.03,,,,,,,,,435100,001,2025-07-15_10h27.01.014,Continuous_Psychophysics,2022.2.5,None,
0,0,0,0,,,,,,,,,,,17.50464701652527,0.10386965376782077,-0.11812627291242363,4.286570454903568,-3.6672630440228664,0.03,,,,,,,,,435100,001,2025-07-15_10h27.01.014,Continuous_Psychophysics,2022.2.5,None,
0,0,0,0,,,,,,,,,,,17.510497093200684,0.10386965376782077,-0.12830957230142567,3.937226649108427,-3.6410451180862218,0.03,,,,,,,,,435100,001,2025-07-15_10h27.01.014,Continuous_Psychophysics,2022.2.5,None,
0,0,0,0,,,,,,,,,,,17.52171516418457,0.10590631364562118,-0.1384928716904277,3.9644518144200704,-3.1995030418809822,0.03,,,,,,,,,435100,001,2025-07-15_10h27.01.014,Continuous_Psychophysics,2022.2.5,None,
0,0,0,0,,,,,,,,,,,17.526602268218994,0.1120162932790224,-0.14867617107942974,3.67464891854457,-3.4165871776543426,0.03,,,,,,,,,435100,001,2025-07-15_10h27.01.014,Continuous_Psychophysics,2022.2.5,None,
0,0,0,0,,,,,,,,,,,17.53891921043396,0.12321792260692464,-0.1659877800407332,3.3556729401541276,-3.1971188869393443,0.03,,,,,,,,,435100,001,2025-07-15_10h27.01.014,Continuous_Psychophysics,2022.2.5,None,
0,0,0,0,,,,,,,,,,,17.543779134750366,0.1354378818737271,-0.17820773930753564,3.4722092940480085,-3.241912828692804,0.03,,,,,,,,,435100,001,2025-07-15_10h27.01.014,Continuous_Psychophysics,2022.2.5,None,
0,0,0,0,,,,,,,,,,,17.556010961532593,0.15885947046843177,-0.1985743380855397,3.448575652906303,-3.3211752451922734,0.03,,,,,,,,,435100,001,2025-07-15_10h27.01.014,Continuous_Psychophysics,2022.2.5,None,
0,0,0,0,,,,,,,,,,,17.560343980789185,0.15885947046843177,-0.1985743380855397,3.8971223393167214,-3.2898396767308458,0.03,,,,,,,,,435100,001,2025-07-15_10h27.01.014,Continuous_Psychophysics,2022.2.5,None,
0,0,0,0,,,,,,,,,,,17.573095083236694,0.19042769857433808,-0.2230142566191446,3.9374109599235907,-3.0521710955763557,0.03,,,,,,,,,435100,001,2025-07-15_10h27.01.014,Continuous_Psychophysics,2022.2.5,None,
0,0,0,0,,,,,,,,,,,17.576049089431763,0.19042769857433808,-0.2230142566191446,3.841045967855914,-2.930917443967502,0.03,,,,,,,,,435100,001,2025-07-15_10h27.01.014,Continuous_Psychophysics,2022.2.5,None,
0,0,0,0,,,,,,,,,,,17.59039616584778,0.219959266802444,-0.24338085539714868,3.9204293402930825,-2.9035570897748517,0.03,,,,,,,,,435100,001,2025-07-15_10h27.01.014,Continuous_Psychophysics,2022.2.5,None,
0,0,0,0,,,,,,,,,,,17.594707250595093,0.219959266802444,-0.24338085539714868,3.607187472586114,-3.0705134949855153,0.03,,,,,,,,,435100,001,2025-07-15_10h27.01.014,Continuous_Psychophysics,2022.2.5,None,
0,0,0,0,,,,,,,,,,,17.60779905319214,0.23727087576374745,-0.2515274949083503,2.9843507023668954,-3.3615897490760873,0.03,,,,,,,,,435100,001,2025-07-15_10h27.01.014,Continuous_Psychophysics,2022.2.5,None,
0,0,0,0,,,,,,,,,,,17.61239504814148,0.24643584521384929,-0.25661914460285135,3.3766007140459537,-3.4601405884336605,0.03,,,,,,,,,435100,001,2025-07-15_10h27.01.014,Continuous_Psychophysics,2022.2.5,None,
0,0,0,0,,,,,,,,,,,17.624974966049194,0.2494908350305499,-0.2576374745417515,3.3251684571509905,-3.2558326627465184,0.03,,,,,,,,,435100,001,2025-07-15_10h27.01.014,Continuous_Psychophysics,2022.2.5,None,
0,0,0,0,,,,,,,,,,,17.629487991333008,0.2545824847250509,-0.2606924643584521,3.3278864131337773,-2.8322461262867344,0.03,,,,,,,,,435100,001,2025-07-15_10h27.01.014,Continuous_Psychophysics,2022.2.5,None,
0,0,0,0,,,,,,,,,,,17.642220973968506,0.25865580448065173,-0.26171079429735233,3.685017687461119,-2.5250398697676752,0.03,,,,,,,,,435100,001,2025-07-15_10h27.01.014,Continuous_Psychophysics,2022.2.5,None,
0,0,0,0,,,,,,,,,,,17.646578073501587,0.2606924643584521,-0.26272912423625255,3.861211848013837,-2.6101363102713244,0.03,,,,,,,,,435100,001,2025-07-15_10h27.01.014,Continuous_Psychophysics,2022.2.5,None,
0,0,0,0,,,,,,,,,,,17.651100158691406,0.2606924643584521,-0.26272912423625255,3.614831340027493,-2.7151371429634716,0.03,,,,,,,,,435100,001,2025-07-15_10h27.01.014,Continuous_Psychophysics,2022.2.5,None,
0,0,0,0,,,,,,,,,,,17.663370847702026,0.2637474541751528,-0.26476578411405294,3.471880882256576,-3.1222691746832205,0.03,,,,,,,,,435100,001,2025-07-15_10h27.01.014,Continuous_Psychophysics,2022.2.5,None,
0,0,0,0,,,,,,,,,,,17.66786026954651,0.2637474541751528,-0.26476578411405294,3.709759146723534,-2.880405487484817,0.03,,,,,,,,,435100,001,2025-07-15_10h27.01.014,Continuous_Psychophysics,2022.2.5,None,
0,0,0,0,,,,,,,,,,,17.680447101593018,0.26476578411405294,-0.26476578411405294,4.070746012960291,-3.159264572331852,0.03,,,,,,,,,435100,001,2025-07-15_10h27.01.014,Continuous_Psychophysics,2022.2.5,None,
0,0,0,0,,,,,,,,,,,17.684682846069336,0.26476578411405294,-0.26578411405295316,4.136707539358156,-3.6247172933453746,0.03,,,,,,,,,435100,001,2025-07-15_10h27.01.014,Continuous_Psychophysics,2022.2.5,None,
0,0,0,0,,,,,,,,,,,17.697501182556152,0.26476578411405294,-0.26578411405295316,4.239001673857794,-3.6455708768337507,0.03,,,,,,,,,435100,001,2025-07-15_10h27.01.014,Continuous_Psychophysics,2022.2.5,None,
0,0,0,0,,,,,,,,,,,17.70102596282959,0.26476578411405294,-0.26578411405295316,5.016868595853968,-3.3733291464384147,0.03,,,,,,,,,435100,001,2025-07-15_10h27.01.014,Continuous_Psychophysics,2022.2.5,None,
0,0,0,0,,,,,,,,,,,17.714356899261475,0.26476578411405294,-0.26578411405295316,5.403218763993498,-4.038118770200061,0.03,,,,,,,,,435100,001,2025-07-15_10h27.01.014,Continuous_Psychophysics,2022.2.5,None,
0,0,0,0,,,,,,,,,,,17.717363119125366,0.26476578411405294,-0.26578411405295316,5.024349655097317,-3.601414282192455,0.03,,,,,,,,,435100,001,2025-07-15_10h27.01.014,Continuous_Psychophysics,2022.2.5,None,
0,0,0,0,,,,,,,,,,,17.731446981430054,0.26476578411405294,-0.26578411405295316,4.970612597943679,-3.802895014221073,0.03,,,,,,,,,435100,001,2025-07-15_10h27.01.014,Continuous_Psychophysics,2022.2.5,None,
0,0,0,0,,,,,,,,,,,17.736009120941162,0.26476578411405294,-0.26578411405295316,5.032482019002064,-3.516876063514596,0.03,,,,,,,,,435100,001,2025-07-15_10h27.01.014,Continuous_Psychophysics,2022.2.5,None,
0,0,0,0,,,,,,,,,,,17.748775005340576,0.26476578411405294,-0.26578411405295316,4.381140294707836,-2.9197109841815467,0.03,,,,,,,,,435100,001,2025-07-15_10h27.01.014,Continuous_Psychophysics,2022.2.5,None,
0,0,0,0,,,,,,,,,,,17.753314971923828,0.26476578411405294,-0.26578411405295316,4.194049768441175,-2.9138132457489574,0.03,,,,,,,,,435100,001,2025-07-15_10h27.01.014,Continuous_Psychophysics,2022.2.5,None,
0,0,0,0,,,,,,,,,,,17.766123056411743,0.26578411405295316,-0.26578411405295316,3.8584772480430125,-2.990040990134758,0.03,,,,,,,,,435100,001,2025-07-15_10h27.01.014,Continuous_Psychophysics,2022.2.5,None,
0,0,0,0,,,,,,,,,,,17.77061104774475,0.2668024439918534,-0.26578411405295316,4.1613051424643634,-3.2062339502912596,0.03,,,,,,,,,435100,001,2025-07-15_10h27.01.014,Continuous_Psychophysics,2022.2.5,None,
0,0,0,0,,,,,,,,,,,17.783674001693726,0.26782077393075354,-0.26578411405295316,4.576727884980257,-3.213424882311646,0.03,,,,,,,,,435100,001,2025-07-15_10h27.01.014,Continuous_Psychophysics,2022.2.5,None,
0,0,0,0,,,,,,,,,,,17.788071155548096,0.26782077393075354,-0.26578411405295316,4.90965139006411,-3.076393520775339,0.03,,,,,,,,,435100,001,2025-07-15_10h27.01.014,Continuous_Psychophysics,2022.2.5,None,
0,0,0,0,,,,,,,,,,,17.80082082748413,0.269857433808554,-0.26578411405295316,5.044681254261231,-2.961992294144932,0.03,,,,,,,,,435100,001,2025-07-15_10h27.01.014,Continuous_Psychophysics,2022.2.5,None,
0,0,0,0,,,,,,,,,,,17.805373191833496,0.269857433808554,-0.26578411405295316,4.750294997379761,-3.2831441713182374,0.03,,,,,,,,,435100,001,2025-07-15_10h27.01.014,Continuous_Psychophysics,2022.2.5,None,
0,0,0,0,,,,,,,,,,,17.81018304824829,0.2708757637474542,-0.26578411405295316,4.846951128524449,-3.1316900984313856,0.03,,,,,,,,,435100,001,2025-07-15_10h27.01.014,Continuous_Psychophysics,2022.2.5,None,
0,0,0,0,,,,,,,,,,,17.82225513458252,0.2708757637474542,-0.26578411405295316,4.834540413176354,-3.5705183221444736,0.03,,,,,,,,,435100,001,2025-07-15_10h27.01.014,Continuous_Psychophysics,2022.2.5,None,
0,0,0,0,,,,,,,,,,,17.826297998428345,0.27189409368635437,-0.26578411405295316,4.453410958144223,-3.0109507962460564,0.03,,,,,,,,,435100,001,2025-07-15_10h27.01.014,Continuous_Psychophysics,2022.2.5,None,
0,0,0,0,,,,,,,,,,,17.839818954467773,0.27189409368635437,-0.26578411405295316,4.067533188028531,-2.7249588181203337,0.03,,,,,,,,,435100,001,2025-07-15_10h27.01.014,Continuous_Psychophysics,2022.2.5,None,
0,0,0,0,,,,,,,,,,,17.844418048858643,0.27189409368635437,-0.26578411405295316,4.119674937556779,-2.95958125069721,0.03,,,,,,,,,435100,001,2025-07-15_10h27.01.014,Continuous_Psychophysics,2022.2.5,None,
0,0,0,0,,,,,,,,,,,17.856759071350098,0.27189409368635437,-0.26578411405295316,4.400876321918723,-2.9561156789641503,0.03,,,,,,,,,435100,001,2025-07-15_10h27.01.014,Continuous_Psychophysics,2022.2.5,None,
0,0,0,0,,,,,,,,,,,17.860749006271362,0.27189409368635437,-0.26578411405295316,4.098828157782386,-3.467333854951524,0.03,,,,,,,,,435100,001,2025-07-15_10h27.01.014,Continuous_Psychophysics,2022.2.5,None,
0,0,0,0,,,,,,,,,,,17.87470817565918,0.2637474541751528,-0.26171079429735233,4.51870238652978,-3.5752915486789916,0.03,,,,,,,,,435100,001,2025-07-15_10h27.01.014,Continuous_Psychophysics,2022.2.5,None,
0,0,0,0,,,,,,,,,,,17.879431009292603,0.25661914460285135,-0.2576374745417515,4.963152570886277,-3.4313941814379794,0.03,,,,,,,,,435100,001,2025-07-15_10h27.01.014,Continuous_Psychophysics,2022.2.5,None,
0,0,0,0,,,,,,,,,,,17.884106874465942,0.25661914460285135,-0.2576374745417515,5.131364138787925,-3.4789997081273336,0.03,,,,,,,,,435100,001,2025-07-15_10h27.01.014,Continuous_Psychophysics,2022.2.5,None,
0,0,0,0,,,,,,,,,,,17.89651608467102,0.2230142566191446,-0.23828920570264767,4.873444975361515,-3.73121149874979,0.03,,,,,,,,,435100,001,2025-07-15_10h27.01.014,Continuous_Psychophysics,2022.2.5,None,
0,0,0,0,,,,,,,,,,,17.9012610912323,0.2230142566191446,-0.23828920570264767,5.011567237467156,-4.1777495364971,0.03,,,,,,,,,435100,001,2025-07-15_10h27.01.014,Continuous_Psychophysics,2022.2.5,None,
0,0,0,0,,,,,,,,,,,17.91417407989502,0.15885947046843177,-0.19042769857433808,4.852301801763227,-4.096348717749811,0.03,,,,,,,,,435100,001,2025-07-15_10h27.01.014,Continuous_Psychophysics,2022.2.5,None,
0,0,0,0,,,,,,,,,,,17.918302059173584,0.14358452138492872,-0.17718940936863545,4.418328636420032,-3.8246335210775886,0.03,,,,,,,,,435100,001,2025-07-15_10h27.01.014,Continuous_Psychophysics,2022.2.5,None,
0,0,0,0,,,,,,,,,,,17.931324005126953,0.1334012219959267,-0.1690427698574338,4.381136972189387,-3.5358658359440223,0.03,,,,,,,,,435100,001,2025-07-15_10h27.01.014,Continuous_Psychophysics,2022.2.5,None,
0,0,0,0,,,,,,,,,,,17.935675144195557,0.12627291242362526,-0.1629327902240326,4.207078851751223,-3.77090967744333,0.03,,,,,,,,,435100,001,2025-07-15_10h27.01.014,Continuous_Psychophysics,2022.2.5,None,
0,0,0,0,,,,,,,,,,,17.94852614402771,0.12118126272912423,-0.15784114052953158,4.390998841615574,-4.377005969497461,0.03,,,,,,,,,435100,001,2025-07-15_10h27.01.014,Continuous_Psychophysics,2022.2.5,None,
0,0,0,0,,,,,,,,,,,17.952466249465942,0.1109979633401222,-0.14969450101832993,4.654796947826362,-4.7882133195109295,0.03,,,,,,,,,435100,001,2025-07-15_10h27.01.014,Continuous_Psychophysics,2022.2.5,None,
0,0,0,0,,,,,,,,,,,17.965561151504517,0.10488798370672098,-0.14358452138492872,4.945464097287821,-4.874877181031826,0.03,,,,,,,,,435100,001,2025-07-15_10h27.01.014,Continuous_Psychophysics,2022.2.5,None,
0,0,0,0,,,,,,,,,,,17.969218969345093,0.10081466395112017,-0.14052953156822812,4.854207612963739,-5.713023582172853,0.03,,,,,,,,,435100,001,2025-07-15_10h27.01.014,Continuous_Psychophysics,2022.2.5,None,
0,0,0,0,,,,,,,,,,,17.982707262039185,0.09877800407331976,-0.13747454175152748,4.535457450249757,-5.21497527462188,0.03,,,,,,,,,435100,001,2025-07-15_10h27.01.014,Continuous_Psychophysics,2022.2.5,None,
0,0,0,0,,,,,,,,,,,17.986988067626953,0.09775967413441955,-0.1354378818737271,4.71178893145765,-5.885049482033715,0.03,,,,,,,,,435100,001,2025-07-15_10h27.01.014,Continuous_Psychophysics,2022.2.5,None,
0,0,0,0,,,,,,,,,,,18.00000309944153,0.09775967413441955,-0.1354378818737271,4.771307719776427,-5.966929558625308,0.03,,,,,,,,,435100,001,2025-07-15_10h27.01.014,Continuous_Psychophysics,2022.2.5,None,
0,0,0,0,,,,,,,,,,,18.00448703765869,0.09979633401221996,-0.1354378818737271,5.348074852513258,-5.966929558625308,0.03,,,,,,,,,435100,001,2025-07-15_10h27.01.014,Continuous_Psychophysics,2022.2.5,None,
0,0,0,0,,,,,,,,,,,18.017362117767334,0.1109979633401222,-0.1354378818737271,5.632223403414335,-5.966929558625308,0.03,,,,,,,,,435100,001,2025-07-15_10h27.01.014,Continuous_Psychophysics,2022.2.5,None,
0,0,0,0,,,,,,,,,,,18.02181386947632,0.1109979633401222,-0.1354378818737271,5.666740873741754,-5.966929558625308,0.03,,,,,,,,,435100,001,2025-07-15_10h27.01.014,Continuous_Psychophysics,2022.2.5,None,
0,0,0,0,,,,,,,,,,,18.026614904403687,0.11812627291242363,-0.1384928716904277,5.955557814230804,-5.817808792653497,0.03,,,,,,,,,435100,001,2025-07-15_10h27.01.014,Continuous_Psychophysics,2022.2.5,None,
0,0,0,0,,,,,,,,,,,18.038641214370728,0.12729124236252545,-0.14358452138492872,5.955557814230804,-5.470628276913088,0.03,,,,,,,,,435100,001,2025-07-15_10h27.01.014,Continuous_Psychophysics,2022.2.5,None,
0,0,0,0,,,,,,,,,,,18.043208122253418,0.13238289205702647,-0.14562118126272913,5.985053334240313,-5.587036262194787,0.03,,,,,,,,,435100,001,2025-07-15_10h27.01.014,Continuous_Psychophysics,2022.2.5,None,
0,0,0,0,,,,,,,,,,,18.05608606338501,0.14663951120162932,-0.15376782077393075,5.857145454694361,-5.336439020644578,0.03,,,,,,,,,435100,001,2025-07-15_10h27.01.014,Continuous_Psychophysics,2022.2.5,None,
0,0,0,0,,,,,,,,,,,18.05991005897522,0.14663951120162932,-0.15376782077393075,5.505967828464127,-5.1731261154139165,0.03,,,,,,,,,435100,001,2025-07-15_10h27.01.014,Continuous_Psychophysics,2022.2.5,None,
0,0,0,0,,,,,,,,,,,18.073040008544922,0.15478615071283094,-0.15784114052953158,5.797899482360697,-5.433925539533841,0.03,,,,,,,,,435100,001,2025-07-15_10h27.01.014,Continuous_Psychophysics,2022.2.5,None,
0,0,0,0,,,,,,,,,,,18.07751703262329,0.15478615071283094,-0.15784114052953158,5.797899482360697,-5.328603564999767,0.03,,,,,,,,,435100,001,2025-07-15_10h27.01.014,Continuous_Psychophysics,2022.2.5,None,
0,0,0,0,,,,,,,,,,,18.09019899368286,0.159877800407332,-0.159877800407332,5.652906139793435,-5.693991793721586,0.03,,,,,,,,,435100,001,2025-07-15_10h27.01.014,Continuous_Psychophysics,2022.2.5,None,
0,0,0,0,,,,,,,,,,,18.094648122787476,0.159877800407332,-0.159877800407332,5.36404779023039,-5.4438487303657705,0.03,,,,,,,,,435100,001,2025-07-15_10h27.01.014,Continuous_Psychophysics,2022.2.5,None,
0,0,0,0,,,,,,,,,,,18.107599020004272,0.1629327902240326,-0.16191446028513237,5.217051482216141,-5.229643966964761,0.03,,,,,,,,,435100,001,2025-07-15_10h27.01.014,Continuous_Psychophysics,2022.2.5,None,
0,0,0,0,,,,,,,,,,,18.11276412010193,0.16395112016293278,-0.16191446028513237,5.367092371756193,-5.397774762367578,0.03,,,,,,,,,435100,001,2025-07-15_10h27.01.014,Continuous_Psychophysics,2022.2.5,None,
0,0,0,0,,,,,,,,,,,18.12476110458374,0.16395112016293278,-0.16191446028513237,5.416626988002046,-5.386734456978921,0.03,,,,,,,,,435100,001,2025-07-15_10h27.01.014,Continuous_Psychophysics,2022.2.5,None,
0,0,0,0,,,,,,,,,,,18.129791975021362,0.164969450101833,-0.16191446028513237,5.065924774314226,-5.459421585123542,0.03,,,,,,,,,435100,001,2025-07-15_10h27.01.014,Continuous_Psychophysics,2022.2.5,None,
0,0,0,0,,,,,,,,,,,18.13519811630249,0.164969450101833,-0.16191446028513237,5.16264574233729,-5.097270711643153,0.03,,,,,,,,,435100,001,2025-07-15_10h27.01.014,Continuous_Psychophysics,2022.2.5,None,
0,0,0,0,,,,,,,,,,,18.146322011947632,0.1659877800407332,-0.16191446028513237,5.454469511236532,-5.511461780279174,0.03,,,,,,,,,435100,001,2025-07-15_10h27.01.014,Continuous_Psychophysics,2022.2.5,None,
0,0,0,0,,,,,,,,,,,18.151615858078003,0.1659877800407332,-0.16191446028513237,5.31318931928018,-5.234285266662393,0.03,,,,,,,,,435100,001,2025-07-15_10h27.01.014,Continuous_Psychophysics,2022.2.5,None,
0,0,0,0,,,,,,,,,,,18.163368225097656,0.1680244399185336,-0.16191446028513237,5.476508525598495,-5.715534710599234,0.03,,,,,,,,,435100,001,2025-07-15_10h27.01.014,Continuous_Psychophysics,2022.2.5,None,
0,0,0,0,,,,,,,,,,,18.16781520843506,0.1680244399185336,-0.16191446028513237,5.289645603643744,-5.190105333680137,0.03,,,,,,,,,435100,001,2025-07-15_10h27.01.014,Continuous_Psychophysics,2022.2.5,None,
0,0,0,0,,,,,,,,,,,18.18048405647278,0.1710794297352342,-0.16191446028513237,5.259677066897217,-4.876422162160911,0.03,,,,,,,,,435100,001,2025-07-15_10h27.01.014,Continuous_Psychophysics,2022.2.5,None,
0,0,0,0,,,,,,,,,,,18.184442043304443,0.1710794297352342,-0.16191446028513237,4.883358339552069,-4.755021826073187,0.03,,,,,,,,,435100,001,2025-07-15_10h27.01.014,Continuous_Psychophysics,2022.2.5,None,
0,0,0,0,,,,,,,,,,,18.197882175445557,0.17617107942973523,-0.16191446028513237,4.514548376678263,-4.543476430126239,0.03,,,,,,,,,435100,001,2025-07-15_10h27.01.014,Continuous_Psychophysics,2022.2.5,None,
0,0,0,0,,,,,,,,,,,18.202239274978638,0.17718940936863545,-0.1629327902240326,4.563570078494952,-4.748306431692517,0.03,,,,,,,,,435100,001,2025-07-15_10h27.01.014,Continuous_Psychophysics,2022.2.5,None,
0,0,0,0,,,,,,,,,,,18.215033054351807,0.18024439918533605,-0.1629327902240326,4.894366912282011,-5.135853466613132,0.03,,,,,,,,,435100,001,2025-07-15_10h27.01.014,Continuous_Psychophysics,2022.2.5,None,
0,0,0,0,,,,,,,,,,,18.219611167907715,0.18126272912423624,-0.1629327902240326,5.38668823096903,-5.061525180053394,0.03,,,,,,,,,435100,001,2025-07-15_10h27.01.014,Continuous_Psychophysics,2022.2.5,None,
0,0,0,0,,,,,,,,,,,18.23204016685486,0.18329938900203666,-0.1629327902240326,5.511420565486295,-5.324880606097644,0.03,,,,,,,,,435100,001,2025-07-15_10h27.01.014,Continuous_Psychophysics,2022.2.5,None,
0,0,0,0,,,,,,,,,,,18.236171007156372,0.18431771894093688,-0.1629327902240326,5.958417755499369,-5.324880606097644,0.03,,,,,,,,,435100,001,2025-07-15_10h27.01.014,Continuous_Psychophysics,2022.2.5,None,
0,0,0,0,,,,,,,,,,,18.24909210205078,0.18533604887983707,-0.1629327902240326,5.958417755499369,-5.0684327114391685,0.03,,,,,,,,,435100,001,2025-07-15_10h27.01.014,Continuous_Psychophysics,2022.2.5,None,
0,0,0,0,,,,,,,,,,,18.253464937210083,0.18533604887983707,-0.1629327902240326,5.573055932804123,-4.929494250030079,0.03,,,,,,,,,435100,001,2025-07-15_10h27.01.014,Continuous_Psychophysics,2022.2.5,None,
0,0,0,0,,,,,,,,,,,18.266356229782104,0.18533604887983707,-0.1629327902240326,5.8414790839578785,-5.600788190484698,0.03,,,,,,,,,435100,001,2025-07-15_10h27.01.014,Continuous_Psychophysics,2022.2.5,None,
0,0,0,0,,,,,,,,,,,18.270758152008057,0.18635437881873726,-0.1629327902240326,5.749321635845515,-5.335480134134817,0.03,,,,,,,,,435100,001,2025-07-15_10h27.01.014,Continuous_Psychophysics,2022.2.5,None,
0,0,0,0,,,,,,,,,,,18.283691883087158,0.18635437881873726,-0.1629327902240326,5.749321635845515,-5.474005460818644,0.03,,,,,,,,,435100,001,2025-07-15_10h27.01.014,Continuous_Psychophysics,2022.2.5,None,
0,0,0,0,,,,,,,,,,,18.288075923919678,0.18635437881873726,-0.1629327902240326,5.545824960890976,-5.282801531620336,0.03,,,,,,,,,435100,001,2025-07-15_10h27.01.014,Continuous_Psychophysics,2022.2.5,None,
0,0,0,0,,,,,,,,,,,18.292787075042725,0.18635437881873726,-0.1629327902240326,5.545824960890976,-5.383308556978655,0.03,,,,,,,,,435100,001,2025-07-15_10h27.01.014,Continuous_Psychophysics,2022.2.5,None,
0,0,0,0,,,,,,,,,,,18.304856061935425,0.18635437881873726,-0.1629327902240326,5.691791698233402,-5.719122693688285,0.03,,,,,,,,,435100,001,2025-07-15_10h27.01.014,Continuous_Psychophysics,2022.2.5,None,
0,0,0,0,,,,,,,,,,,18.309803009033203,0.18635437881873726,-0.1629327902240326,5.707775694624063,-5.390355474033507,0.03,,,,,,,,,435100,001,2025-07-15_10h27.01.014,Continuous_Psychophysics,2022.2.5,None,
0,0,0,0,,,,,,,,,,,18.32245898246765,0.18635437881873726,-0.1629327902240326,5.779722783208834,-5.665646491962308,0.03,,,,,,,,,435100,001,2025-07-15_10h27.01.014,Continuous_Psychophysics,2022.2.5,None,
0,0,0,0,,,,,,,,,,,18.32627296447754,0.18737270875763748,-0.1629327902240326,5.779722783208834,-5.793714308286259,0.03,,,,,,,,,435100,001,2025-07-15_10h27.01.014,Continuous_Psychophysics,2022.2.5,None,
0,0,0,0,,,,,,,,,,,18.339527130126953,0.1894093686354379,-0.16395112016293278,5.954063583594418,-5.793714308286259,0.03,,,,,,,,,435100,001,2025-07-15_10h27.01.014,Continuous_Psychophysics,2022.2.5,None,
0,0,0,0,,,,,,,,,,,18.344027042388916,0.1894093686354379,-0.16395112016293278,5.954063583594418,-5.793714308286259,0.03,,,,,,,,,435100,001,2025-07-15_10h27.01.014,Continuous_Psychophysics,2022.2.5,None,
0,0,0,0,,,,,,,,,,,18.356686115264893,0.1945010183299389,-0.1670061099796334,5.736476826983769,-5.687771398468294,0.03,,,,,,,,,435100,001,2025-07-15_10h27.01.014,Continuous_Psychophysics,2022.2.5,None,
0,0,0,0,,,,,,,,,,,18.36044716835022,0.1945010183299389,-0.1670061099796334,5.736476826983769,-5.7045452758930075,0.03,,,,,,,,,435100,001,2025-07-15_10h27.01.014,Continuous_Psychophysics,2022.2.5,None,
0,0,0,0,,,,,,,,,,,18.373738288879395,0.20061099796334012,-0.17006109979633402,5.538827230709332,-5.015412201221051,0.03,,,,,,,,,435100,001,2025-07-15_10h27.01.014,Continuous_Psychophysics,2022.2.5,None,
0,0,0,0,,,,,,,,,,,18.378244161605835,0.20061099796334012,-0.17006109979633402,5.594338329363579,-4.937732725138024,0.03,,,,,,,,,435100,001,2025-07-15_10h27.01.014,Continuous_Psychophysics,2022.2.5,None,
0,0,0,0,,,,,,,,,,,18.391268968582153,0.20468431771894094,-0.1710794297352342,5.5313694546659775,-5.2506943300249835,0.03,,,,,,,,,435100,001,2025-07-15_10h27.01.014,Continuous_Psychophysics,2022.2.5,None,
0,0,0,0,,,,,,,,,,,18.39589810371399,0.20773930753564154,-0.17311608961303462,4.8054536570786475,-5.493253933785089,0.03,,,,,,,,,435100,001,2025-07-15_10h27.01.014,Continuous_Psychophysics,2022.2.5,None,
0,0,0,0,,,,,,,,,,,18.408554077148438,0.20875763747454176,-0.17311608961303462,4.730365189134084,-5.295729678993968,0.03,,,,,,,,,435100,001,2025-07-15_10h27.01.014,Continuous_Psychophysics,2022.2.5,None,
0,0,0,0,,,,,,,,,,,18.41349697113037,0.20977596741344195,-0.17311608961303462,4.931788221386731,-5.417350919981547,0.03,,,,,,,,,435100,001,2025-07-15_10h27.01.014,Continuous_Psychophysics,2022.2.5,None,
0,0,0,0,,,,,,,,,,,18.418142080307007,0.20977596741344195,-0.17311608961303462,4.471034583854857,-4.593544413393182,0.03,,,,,,,,,435100,001,2025-07-15_10h27.01.014,Continuous_Psychophysics,2022.2.5,None,
0,0,0,0,,,,,,,,,,,18.430467128753662,0.21079429735234215,-0.17413441955193482,4.098983706385066,-4.357775930892402,0.03,,,,,,,,,435100,001,2025-07-15_10h27.01.014,Continuous_Psychophysics,2022.2.5,None,
0,0,0,0,,,,,,,,,,,18.434975147247314,0.21079429735234215,-0.17413441955193482,4.206192412540741,-3.7949732859708463,0.03,,,,,,,,,435100,001,2025-07-15_10h27.01.014,Continuous_Psychophysics,2022.2.5,None,
0,0,0,0,,,,,,,,,,,18.447594165802002,0.21079429735234215,-0.17413441955193482,4.6031728716289875,-3.794543576903817,0.03,,,,,,,,,435100,001,2025-07-15_10h27.01.014,Continuous_Psychophysics,2022.2.5,None,
0,0,0,0,,,,,,,,,,,18.45139718055725,0.21079429735234215,-0.17413441955193482,4.804896263638365,-3.1163848062069452,0.03,,,,,,,,,435100,001,2025-07-15_10h27.01.014,Continuous_Psychophysics,2022.2.5,None,
0,0,0,0,,,,,,,,,,,18.46457004547119,0.21079429735234215,-0.17413441955193482,4.809331324519201,-3.1363674651382953,0.03,,,,,,,,,435100,001,2025-07-15_10h27.01.014,Continuous_Psychophysics,2022.2.5,None,
0,0,0,0,,,,,,,,,,,18.467427015304565,0.21079429735234215,-0.17413441955193482,4.8846112600890335,-2.8916759456344256,0.03,,,,,,,,,435100,001,2025-07-15_10h27.01.014,Continuous_Psychophysics,2022.2.5,None,
0,0,0,0,,,,,,,,,,,18.481709957122803,0.21079429735234215,-0.17413441955193482,4.190632424773725,-2.7880933562220216,0.03,,,,,,,,,435100,001,2025-07-15_10h27.01.014,Continuous_Psychophysics,2022.2.5,None,
0,0,0,0,,,,,,,,,,,18.485795974731445,0.21079429735234215,-0.17413441955193482,4.463258473248662,-2.294439336105922,0.03,,,,,,,,,435100,001,2025-07-15_10h27.01.014,Continuous_Psychophysics,2022.2.5,None,
0,0,0,0,,,,,,,,,,,18.499003171920776,0.21079429735234215,-0.17413441955193482,4.684158594719398,-2.62471175238686,0.03,,,,,,,,,435100,001,2025-07-15_10h27.01.014,Continuous_Psychophysics,2022.2.5,None,
0,0,0,0,,,,,,,,,,,18.503111124038696,0.21079429735234215,-0.17413441955193482,5.199840728207931,-2.534198147777742,0.03,,,,,,,,,435100,001,2025-07-15_10h27.01.014,Continuous_Psychophysics,2022.2.5,None,
0,0,0,0,,,,,,,,,,,18.516791105270386,0.21079429735234215,-0.17413441955193482,4.577484289120435,-2.7550432204997692,0.03,,,,,,,,,435100,001,2025-07-15_10h27.01.014,Continuous_Psychophysics,2022.2.5,None,
0,0,0,0,,,,,,,,,,,18.521378993988037,0.21079429735234215,-0.17413441955193482,4.408576389287743,-3.2756758076751535,0.03,,,,,,,,,435100,001,2025-07-15_10h27.01.014,Continuous_Psychophysics,2022.2.5,None,
0,0,0,0,,,,,,,,,,,18.526274919509888,0.21079429735234215,-0.17413441955193482,4.58174321155568,-3.6587587780251396,0.03,,,,,,,,,435100,001,2025-07-15_10h27.01.014,Continuous_Psychophysics,2022.2.5,None,
0,0,0,0,,,,,,,,,,,18.53834629058838,0.21079429735234215,-0.17413441955193482,4.52879976883449,-3.7183029203085267,0.03,,,,,,,,,435100,001,2025-07-15_10h27.01.014,Continuous_Psychophysics,2022.2.5,None,
0,0,0,0,,,,,,,,,,,18.542906999588013,0.21079429735234215,-0.17413441955193482,4.495824893257572,-3.715433350643047,0.03,,,,,,,,,435100,001,2025-07-15_10h27.01.014,Continuous_Psychophysics,2022.2.5,None,
0,0,0,0,,,,,,,,,,,18.55542492866516,0.21079429735234215,-0.17413441955193482,4.88979945774876,-3.9633621680303213,0.03,,,,,,,,,435100,001,2025-07-15_10h27.01.014,Continuous_Psychophysics,2022.2.5,None,
0,0,0,0,,,,,,,,,,,18.559494018554688,0.21079429735234215,-0.17413441955193482,4.67831335632235,-3.9635078796407015,0.03,,,,,,,,,435100,001,2025-07-15_10h27.01.014,Continuous_Psychophysics,2022.2.5,None,
0,0,0,0,,,,,,,,,,,18.572630882263184,0.21079429735234215,-0.17413441955193482,4.9708601280547065,-3.6305450849170438,0.03,,,,,,,,,435100,001,2025-07-15_10h27.01.014,Continuous_Psychophysics,2022.2.5,None,
0,0,0,0,,,,,,,,,,,18.575639009475708,0.21079429735234215,-0.17413441955193482,4.728615286365842,-3.6493995945026314,0.03,,,,,,,,,435100,001,2025-07-15_10h27.01.014,Continuous_Psychophysics,2022.2.5,None,
0,0,0,0,,,,,,,,,,,18.589778184890747,0.21079429735234215,-0.17413441955193482,4.533801618233769,-3.3530983911515313,0.03,,,,,,,,,435100,001,2025-07-15_10h27.01.014,Continuous_Psychophysics,2022.2.5,None,
0,0,0,0,,,,,,,,,,,18.593024015426636,0.21079429735234215,-0.17413441955193482,4.584305008946309,-3.1470776759380246,0.03,,,,,,,,,435100,001,2025-07-15_10h27.01.014,Continuous_Psychophysics,2022.2.5,None,
0,0,0,0,,,,,,,,,,,18.607171058654785,0.21079429735234215,-0.17413441955193482,4.729470832114982,-2.761795296182747,0.03,,,,,,,,,435100,001,2025-07-15_10h27.01.014,Continuous_Psychophysics,2022.2.5,None,
0,0,0,0,,,,,,,,,,,18.61188292503357,0.21079429735234215,-0.17413441955193482,4.47625474552027,-2.913009644551844,0.03,,,,,,,,,435100,001,2025-07-15_10h27.01.014,Continuous_Psychophysics,2022.2.5,None,
0,0,0,0,,,,,,,,,,,18.624691247940063,0.21079429735234215,-0.17413441955193482,3.937901324493078,-2.919789091636493,0.03,,,,,,,,,435100,001,2025-07-15_10h27.01.014,Continuous_Psychophysics,2022.2.5,None,
0,0,0,0,,,,,,,,,,,18.62964391708374,0.21079429735234215,-0.17413441955193482,3.965572808860756,-2.6899605920857677,0.03,,,,,,,,,435100,001,2025-07-15_10h27.01.014,Continuous_Psychophysics,2022.2.5,None,
0,0,0,0,,,,,,,,,,,18.63465118408203,0.21079429735234215,-0.17413441955193482,3.8258501233567443,-2.7165250682301334,0.03,,,,,,,,,435100,001,2025-07-15_10h27.01.014,Continuous_Psychophysics,2022.2.5,None,
0,0,0,0,,,,,,,,,,,18.64647102355957,0.21079429735234215,-0.17413441955193482,3.796821770456367,-2.607783344262031,0.03,,,,,,,,,435100,001,2025-07-15_10h27.01.014,Continuous_Psychophysics,2022.2.5,None,
0,0,0,0,,,,,,,,,,,18.651204109191895,0.21079429735234215,-0.17413441955193482,3.8569875462065215,-2.94189958861369,0.03,,,,,,,,,435100,001,2025-07-15_10h27.01.014,Continuous_Psychophysics,2022.2.5,None,
0,0,0,0,,,,,,,,,,,18.663501977920532,0.21079429735234215,-0.17413441955193482,3.995999692205747,-2.634952519828479,0.03,,,,,,,,,435100,001,2025-07-15_10h27.01.014,Continuous_Psychophysics,2022.2.5,None,
0,0,0,0,,,,,,,,,,,18.668028116226196,0.21079429735234215,-0.17413441955193482,3.502931435127203,-2.80777676544596,0.03,,,,,,,,,435100,001,2025-07-15_10h27.01.014,Continuous_Psychophysics,2022.2.5,None,
0,0,0,0,,,,,,,,,,,18.68147921562195,0.21079429735234215,-0.17413441955193482,3.15470767332513,-2.5735643725905706,0.03,,,,,,,,,435100,001,2025-07-15_10h27.01.014,Continuous_Psychophysics,2022.2.5,None,
0,0,0,0,,,,,,,,,,,18.684585094451904,0.21079429735234215,-0.17413441955193482,2.6935371447480363,-2.055704957609191,0.03,,,,,,,,,435100,001,2025-07-15_10h27.01.014,Continuous_Psychophysics,2022.2.5,None,
0,0,0,0,,,,,,,,,,,18.698450088500977,0.20773930753564154,-0.17515274949083504,3.28505089387373,-2.279615096082348,0.03,,,,,,,,,435100,001,2025-07-15_10h27.01.014,Continuous_Psychophysics,2022.2.5,None,
0,0,0,0,,,,,,,,,,,18.70244598388672,0.20773930753564154,-0.17515274949083504,3.3382736963240545,-1.8412532695741746,0.03,,,,,,,,,435100,001,2025-07-15_10h27.01.014,Continuous_Psychophysics,2022.2.5,None,
0,0,0,0,,,,,,,,,,,18.71575689315796,0.20366598778004075,-0.17617107942973523,2.9507089525509347,-1.4901005002764989,0.03,,,,,,,,,435100,001,2025-07-15_10h27.01.014,Continuous_Psychophysics,2022.2.5,None,
0,0,0,0,,,,,,,,,,,18.720498085021973,0.1985743380855397,-0.17617107942973523,2.9933795388904043,-1.5313090439670016,0.03,,,,,,,,,435100,001,2025-07-15_10h27.01.014,Continuous_Psychophysics,2022.2.5,None,
0,0,0,0,,,,,,,,,,,18.732995986938477,0.1924643584521385,-0.17617107942973523,3.1002798689878737,-1.0815285324044819,0.03,,,,,,,,,435100,001,2025-07-15_10h27.01.014,Continuous_Psychophysics,2022.2.5,None,
0,0,0,0,,,,,,,,,,,18.73770809173584,0.18737270875763748,-0.17413441955193482,3.170093879350375,-0.7940960599054441,0.03,,,,,,,,,435100,001,2025-07-15_10h27.01.014,Continuous_Psychophysics,2022.2.5,None,
0,0,0,0,,,,,,,,,,,18.750308990478516,0.18228105906313646,-0.1690427698574338,3.2367065091485663,-0.6752678833600079,0.03,,,,,,,,,435100,001,2025-07-15_10h27.01.014,Continuous_Psychophysics,2022.2.5,None,
0,0,0,0,,,,,,,,,,,18.75518822669983,0.17617107942973523,-0.16089613034623218,3.1681221636761654,0.33389085624449377,0.03,,,,,,,,,435100,001,2025-07-15_10h27.01.014,Continuous_Psychophysics,2022.2.5,None,
0,0,0,0,,,,,,,,,,,18.759818077087402,0.1710794297352342,-0.15274949083503056,3.2944548810102914,0.4584579116716959,0.03,,,,,,,,,435100,001,2025-07-15_10h27.01.014,Continuous_Psychophysics,2022.2.5,None,
0,0,0,0,,,,,,,,,,,18.772017002105713,0.1690427698574338,-0.14765784114052954,3.260330541165855,0.7857079270966563,0.03,,,,,,,,,435100,001,2025-07-15_10h27.01.014,Continuous_Psychophysics,2022.2.5,None,
0,0,0,0,,,,,,,,,,,18.7766010761261,0.164969450101833,-0.14052953156822812,2.971975203198124,1.086163748916345,0.03,,,,,,,,,435100,001,2025-07-15_10h27.01.014,Continuous_Psychophysics,2022.2.5,None,
0,0,0,0,,,,,,,,,,,18.789136171340942,0.16395112016293278,-0.13747454175152748,3.421061497858492,1.215048296150502,0.03,,,,,,,,,435100,001,2025-07-15_10h27.01.014,Continuous_Psychophysics,2022.2.5,None,
0,0,0,0,,,,,,,,,,,18.793418169021606,0.16191446028513237,-0.13238289205702647,2.8139301292479684,1.3058681741557732,0.03,,,,,,,,,435100,001,2025-07-15_10h27.01.014,Continuous_Psychophysics,2022.2.5,None,
0,0,0,0,,,,,,,,,,,18.80630326271057,0.159877800407332,-0.12932790224032586,2.6369667089769337,1.26810670462512,0.03,,,,,,,,,435100,001,2025-07-15_10h27.01.014,Continuous_Psychophysics,2022.2.5,None,
0,0,0,0,,,,,,,,,,,18.8110032081604,0.15885947046843177,-0.12627291242362526,3.3228764761102,1.2483947675617837,0.03,,,,,,,,,435100,001,2025-07-15_10h27.01.014,Continuous_Psychophysics,2022.2.5,None,
0,0,0,0,,,,,,,,,,,18.823266983032227,0.15885947046843177,-0.12423625254582485,3.112500913157993,1.1226732860877335,0.03,,,,,,,,,435100,001,2025-07-15_10h27.01.014,Continuous_Psychophysics,2022.2.5,None,
0,0,0,0,,,,,,,,,,,18.827975034713745,0.15885947046843177,-0.12321792260692464,3.622330914880656,1.05305994596638,0.03,,,,,,,,,435100,001,2025-07-15_10h27.01.014,Continuous_Psychophysics,2022.2.5,None,
0,0,0,0,,,,,,,,,,,18.840527057647705,0.15885947046843177,-0.12321792260692464,3.6010590469290826,1.3949879814029726,0.03,,,,,,,,,435100,001,2025-07-15_10h27.01.014,Continuous_Psychophysics,2022.2.5,None,
0,0,0,0,,,,,,,,,,,18.843903303146362,0.15784114052953158,-0.12321792260692464,3.686864004036904,1.435069238296614,0.03,,,,,,,,,435100,001,2025-07-15_10h27.01.014,Continuous_Psychophysics,2022.2.5,None,
0,0,0,0,,,,,,,,,,,18.857611894607544,0.15784114052953158,-0.12219959266802444,3.856233886206147,1.7295412109641617,0.03,,,,,,,,,435100,001,2025-07-15_10h27.01.014,Continuous_Psychophysics,2022.2.5,None,
0,0,0,0,,,,,,,,,,,18.86184525489807,0.15784114052953158,-0.12219959266802444,3.731284846482066,2.0011569971228287,0.03,,,,,,,,,435100,001,2025-07-15_10h27.01.014,Continuous_Psychophysics,2022.2.5,None,
0,0,0,0,,,,,,,,,,,18.874676942825317,0.15784114052953158,-0.12219959266802444,3.3474549176161066,2.3920542127031243,0.03,,,,,,,,,435100,001,2025-07-15_10h27.01.014,Continuous_Psychophysics,2022.2.5,None,
0,0,0,0,,,,,,,,,,,18.878982067108154,0.15784114052953158,-0.12219959266802444,3.499109557925371,2.5451552434250946,0.03,,,,,,,,,435100,001,2025-07-15_10h27.01.014,Continuous_Psychophysics,2022.2.5,None,
0,0,0,0,,,,,,,,,,,18.89174509048462,0.15784114052953158,-0.12219959266802444,3.80347555886302,2.5931466674502697,0.03,,,,,,,,,435100,001,2025-07-15_10h27.01.014,Continuous_Psychophysics,2022.2.5,None,
0,0,0,0,,,,,,,,,,,18.89631199836731,0.15784114052953158,-0.12219959266802444,3.720152451202708,2.6706469374525907,0.03,,,,,,,,,435100,001,2025-07-15_10h27.01.014,Continuous_Psychophysics,2022.2.5,None,
0,0,0,0,,,,,,,,,,,18.909313917160034,0.15784114052953158,-0.12219959266802444,3.723020733816935,2.514985682761818,0.03,,,,,,,,,435100,001,2025-07-15_10h27.01.014,Continuous_Psychophysics,2022.2.5,None,
0,0,0,0,,,,,,,,,,,18.91408610343933,0.15784114052953158,-0.12219959266802444,3.838167441300784,2.5311240290085397,0.03,,,,,,,,,435100,001,2025-07-15_10h27.01.014,Continuous_Psychophysics,2022.2.5,None,
0,0,0,0,,,,,,,,,,,18.9181170463562,0.15784114052953158,-0.12219959266802444,3.5063819948711825,2.7719107037666926,0.03,,,,,,,,,435100,001,2025-07-15_10h27.01.014,Continuous_Psychophysics,2022.2.5,None,
0,0,0,0,,,,,,,,,,,18.931154012680054,0.15580448065173116,-0.12118126272912423,3.5331872522577545,2.690475216414166,0.03,,,,,,,,,435100,001,2025-07-15_10h27.01.014,Continuous_Psychophysics,2022.2.5,None,
0,0,0,0,,,,,,,,,,,18.9344801902771,0.15580448065173116,-0.12118126272912423,3.8345318335214933,2.867585011983711,0.03,,,,,,,,,435100,001,2025-07-15_10h27.01.014,Continuous_Psychophysics,2022.2.5,None,
0,0,0,0,,,,,,,,,,,18.948286056518555,0.14969450101832993,-0.11710794297352342,3.893989472948191,2.667908878695934,0.03,,,,,,,,,435100,001,2025-07-15_10h27.01.014,Continuous_Psychophysics,2022.2.5,None,
0,0,0,0,,,,,,,,,,,18.952533960342407,0.14969450101832993,-0.11710794297352342,3.956402985616867,2.5472696063126565,0.03,,,,,,,,,435100,001,2025-07-15_10h27.01.014,Continuous_Psychophysics,2022.2.5,None,
0,0,0,0,,,,,,,,,,,18.965621948242188,0.1395112016293279,-0.10896130346232179,3.8861102369280958,2.3564615220830745,0.03,,,,,,,,,435100,001,2025-07-15_10h27.01.014,Continuous_Psychophysics,2022.2.5,None,
0,0,0,0,,,,,,,,,,,18.970096111297607,0.1334012219959267,-0.10183299389002037,3.953809015576083,2.099860098506662,0.03,,,,,,,,,435100,001,2025-07-15_10h27.01.014,Continuous_Psychophysics,2022.2.5,None,
0,0,0,0,,,,,,,,,,,18.98284411430359,0.12525458248472504,-0.09368635437881874,4.001525574583084,2.017308151796142,0.03,,,,,,,,,435100,001,2025-07-15_10h27.01.014,Continuous_Psychophysics,2022.2.5,None,
0,0,0,0,,,,,,,,,,,18.98737096786499,0.11507128309572301,-0.0845213849287169,4.216163811951075,2.1331405246900332,0.03,,,,,,,,,435100,001,2025-07-15_10h27.01.014,Continuous_Psychophysics,2022.2.5,None,
0,0,0,0,,,,,,,,,,,19.00007700920105,0.10488798370672098,-0.07331975560081466,4.236293878154992,2.5161282287350493,0.03,,,,,,,,,435100,001,2025-07-15_10h27.01.014,Continuous_Psychophysics,2022.2.5,None,
0,0,0,0,,,,,,,,,,,19.00492787361145,0.09470468431771895,-0.062118126272912425,4.139235581378222,2.958027817672238,0.03,,,,,,,,,435100,001,2025-07-15_10h27.01.014,Continuous_Psychophysics,2022.2.5,None,
0,0,0,0,,,,,,,,,,,19.010390043258667,0.0855397148676171,-0.051934826883910386,3.936191600052567,2.674783124400088,0.03,,,,,,,,,435100,001,2025-07-15_10h27.01.014,Continuous_Psychophysics,2022.2.5,None,
0,0,0,0,,,,,,,,,,,19.021799087524414,0.0814663951120163,-0.04786150712830957,4.342466135853799,2.368937454067546,0.03,,,,,,,,,435100,001,2025-07-15_10h27.01.014,Continuous_Psychophysics,2022.2.5,None,
0,0,0,0,,,,,,,,,,,19.026215076446533,0.0814663951120163,-0.04786150712830957,4.42497039779956,2.4667613899631253,0.03,,,,,,,,,435100,001,2025-07-15_10h27.01.014,Continuous_Psychophysics,2022.2.5,None,
0,0,0,0,,,,,,,,,,,19.038914918899536,0.07026476578411406,-0.038696537678207736,4.795912962830538,2.106219541395393,0.03,,,,,,,,,435100,001,2025-07-15_10h27.01.014,Continuous_Psychophysics,2022.2.5,None,
0,0,0,0,,,,,,,,,,,19.04349112510681,0.06517311608961303,-0.034623217922606926,4.973806695508422,2.3295317514956846,0.03,,,,,,,,,435100,001,2025-07-15_10h27.01.014,Continuous_Psychophysics,2022.2.5,None,
0,0,0,0,,,,,,,,,,,19.0560040473938,0.062118126272912425,-0.032586558044806514,5.236101540311857,2.6033605626570226,0.03,,,,,,,,,435100,001,2025-07-15_10h27.01.014,Continuous_Psychophysics,2022.2.5,None,
0,0,0,0,,,,,,,,,,,19.05939817428589,0.06008146639511202,-0.03054989816700611,5.156386257325005,2.1171709179271376,0.03,,,,,,,,,435100,001,2025-07-15_10h27.01.014,Continuous_Psychophysics,2022.2.5,None,
0,0,0,0,,,,,,,,,,,19.073190212249756,0.05804480651731161,-0.029531568228105907,5.602417138840602,2.556544832320413,0.03,,,,,,,,,435100,001,2025-07-15_10h27.01.014,Continuous_Psychophysics,2022.2.5,None,
0,0,0,0,,,,,,,,,,,19.077710151672363,0.05702647657841141,-0.028513238289205704,5.772411258621878,2.5038859896293717,0.03,,,,,,,,,435100,001,2025-07-15_10h27.01.014,Continuous_Psychophysics,2022.2.5,None,
0,0,0,0,,,,,,,,,,,19.090201139450073,0.05702647657841141,-0.028513238289205704,5.3697380633631,2.232364625418789,0.03,,,,,,,,,435100,001,2025-07-15_10h27.01.014,Continuous_Psychophysics,2022.2.5,None,
0,0,0,0,,,,,,,,,,,19.093461990356445,0.0560081466395112,-0.028513238289205704,5.2523154400955,1.7329437133902197,0.03,,,,,,,,,435100,001,2025-07-15_10h27.01.014,Continuous_Psychophysics,2022.2.5,None,
0,0,0,0,,,,,,,,,,,19.107028245925903,0.0560081466395112,-0.028513238289205704,5.35852230416544,1.611090999065128,0.03,,,,,,,,,435100,001,2025-07-15_10h27.01.014,Continuous_Psychophysics,2022.2.5,None,
0,0,0,0,,,,,,,,,,,19.111073970794678,0.0560081466395112,-0.028513238289205704,5.043200944054449,1.3499583207851693,0.03,,,,,,,,,435100,001,2025-07-15_10h27.01.014,Continuous_Psychophysics,2022.2.5,None,
0,0,0,0,,,,,,,,,,,19.124547958374023,0.0560081466395112,-0.028513238289205704,4.904747405351312,1.9663125366480014,0.03,,,,,,,,,435100,001,2025-07-15_10h27.01.014,Continuous_Psychophysics,2022.2.5,None,
0,0,0,0,,,,,,,,,,,19.1287899017334,0.0560081466395112,-0.028513238289205704,5.081893521623624,2.332615606303947,0.03,,,,,,,,,435100,001,2025-07-15_10h27.01.014,Continuous_Psychophysics,2022.2.5,None,
0,0,0,0,,,,,,,,,,,19.14201807975769,0.05804480651731161,-0.032586558044806514,4.530159919136702,2.398384945981226,0.03,,,,,,,,,435100,001,2025-07-15_10h27.01.014,Continuous_Psychophysics,2022.2.5,None,
0,0,0,0,,,,,,,,,,,19.146183013916016,0.05804480651731161,-0.032586558044806514,4.103797948956942,2.453498694131883,0.03,,,,,,,,,435100,001,2025-07-15_10h27.01.014,Continuous_Psychophysics,2022.2.5,None,
0,0,0,0,,,,,,,,,,,19.159106969833374,0.06415478615071284,-0.04276985743380855,4.294148629755895,2.714480422708468,0.03,,,,,,,,,435100,001,2025-07-15_10h27.01.014,Continuous_Psychophysics,2022.2.5,None,
0,0,0,0,,,,,,,,,,,19.163681030273438,0.06720977596741344,-0.045824847250509164,4.135750079111595,3.1217600578580136,0.03,,,,,,,,,435100,001,2025-07-15_10h27.01.014,Continuous_Psychophysics,2022.2.5,None,
0,0,0,0,,,,,,,,,,,19.167920112609863,0.06720977596741344,-0.045824847250509164,4.448556432690942,3.6735200876313425,0.03,,,,,,,,,435100,001,2025-07-15_10h27.01.014,Continuous_Psychophysics,2022.2.5,None,
0,0,0,0,,,,,,,,,,,19.18056893348694,0.07535641547861507,-0.05702647657841141,4.512169243232864,3.5224099379582854,0.03,,,,,,,,,435100,001,2025-07-15_10h27.01.014,Continuous_Psychophysics,2022.2.5,None,
0,0,0,0,,,,,,,,,,,19.18438696861267,0.07535641547861507,-0.05702647657841141,4.309007065452705,3.5847567198735613,0.03,,,,,,,,,435100,001,2025-07-15_10h27.01.014,Continuous_Psychophysics,2022.2.5,None,
0,0,0,0,,,,,,,,,,,19.197960138320923,0.0855397148676171,-0.06619144602851323,4.4516096797521865,3.3895991492053597,0.03,,,,,,,,,435100,001,2025-07-15_10h27.01.014,Continuous_Psychophysics,2022.2.5,None,
0,0,0,0,,,,,,,,,,,19.20237898826599,0.0855397148676171,-0.06619144602851323,4.350351067014097,3.5728614281415996,0.03,,,,,,,,,435100,001,2025-07-15_10h27.01.014,Continuous_Psychophysics,2022.2.5,None,
0,0,0,0,,,,,,,,,,,19.2149920463562,0.09164969450101833,-0.06924643584521385,4.703719304204393,3.7349780361771687,0.03,,,,,,,,,435100,001,2025-07-15_10h27.01.014,Continuous_Psychophysics,2022.2.5,None,
0,0,0,0,,,,,,,,,,,19.219660997390747,0.09470468431771895,-0.07026476578411406,4.953354648465516,3.7793767334010155,0.03,,,,,,,,,435100,001,2025-07-15_10h27.01.014,Continuous_Psychophysics,2022.2.5,None,
0,0,0,0,,,,,,,,,,,19.23213505744934,0.09775967413441955,-0.07128309572301425,5.3304479856056215,2.936938544358119,0.03,,,,,,,,,435100,001,2025-07-15_10h27.01.014,Continuous_Psychophysics,2022.2.5,None,
0,0,0,0,,,,,,,,,,,19.23673701286316,0.09979633401221996,-0.07128309572301425,5.895074395445839,2.407618556697842,0.03,,,,,,,,,435100,001,2025-07-15_10h27.01.014,Continuous_Psychophysics,2022.2.5,None,
0,0,0,0,,,,,,,,,,,19.24901294708252,0.10081466395112017,-0.07026476578411406,5.763737065799585,2.5377992570061796,0.03,,,,,,,,,435100,001,2025-07-15_10h27.01.014,Continuous_Psychophysics,2022.2.5,None,
0,0,0,0,,,,,,,,,,,19.253345012664795,0.10386965376782077,-0.06517311608961303,5.644886225536847,2.371893172605363,0.03,,,,,,,,,435100,001,2025-07-15_10h27.01.014,Continuous_Psychophysics,2022.2.5,None,
0,0,0,0,,,,,,,,,,,19.266123056411743,0.10590631364562118,-0.059063136456211814,5.644886225536847,2.698048708741932,0.03,,,,,,,,,435100,001,2025-07-15_10h27.01.014,Continuous_Psychophysics,2022.2.5,None,
0,0,0,0,,,,,,,,,,,19.270613193511963,0.10692464358452139,-0.05091649694501019,5.882439771493797,2.5264636583348214,0.03,,,,,,,,,435100,001,2025-07-15_10h27.01.014,Continuous_Psychophysics,2022.2.5,None,
0,0,0,0,,,,,,,,,,,19.28356409072876,0.10692464358452139,-0.04175152749490835,5.718358013595205,2.8881083346190946,0.03,,,,,,,,,435100,001,2025-07-15_10h27.01.014,Continuous_Psychophysics,2022.2.5,None,
0,0,0,0,,,,,,,,,,,19.28837490081787,0.10896130346232179,-0.03054989816700611,5.548051794121489,2.774681958547816,0.03,,,,,,,,,435100,001,2025-07-15_10h27.01.014,Continuous_Psychophysics,2022.2.5,None,
0,0,0,0,,,,,,,,,,,19.293040990829468,0.1109979633401222,-0.019348268839103868,5.693715875683928,2.946235307409079,0.03,,,,,,,,,435100,001,2025-07-15_10h27.01.014,Continuous_Psychophysics,2022.2.5,None,
0,0,0,0,,,,,,,,,,,19.305209159851074,0.11303462321792261,-0.010183299389002037,5.626072410500314,3.1434700870844514,0.03,,,,,,,,,435100,001,2025-07-15_10h27.01.014,Continuous_Psychophysics,2022.2.5,None,
0,0,0,0,,,,,,,,,,,19.309921979904175,0.11405295315682282,-0.0050916496945010185,5.626072410500314,3.131489913853264,0.03,,,,,,,,,435100,001,2025-07-15_10h27.01.014,Continuous_Psychophysics,2022.2.5,None,
0,0,0,0,,,,,,,,,,,19.322192192077637,0.11710794297352342,0.004073319755600814,5.7795105210947515,3.1691401999942137,0.03,,,,,,,,,435100,001,2025-07-15_10h27.01.014,Continuous_Psychophysics,2022.2.5,None,
0,0,0,0,,,,,,,,,,,19.32641100883484,0.12118126272912423,0.013238289205702648,5.7795105210947515,3.4560127357081494,0.03,,,,,,,,,435100,001,2025-07-15_10h27.01.014,Continuous_Psychophysics,2022.2.5,None,
0,0,0,0,,,,,,,,,,,19.339287042617798,0.12525458248472504,0.019348268839103868,5.7795105210947515,3.7800076741537376,0.03,,,,,,,,,435100,001,2025-07-15_10h27.01.014,Continuous_Psychophysics,2022.2.5,None,
0,0,0,0,,,,,,,,,,,19.34366202354431,0.12932790224032586,0.026476578411405296,5.799804406077517,3.9192714756492215,0.03,,,,,,,,,435100,001,2025-07-15_10h27.01.014,Continuous_Psychophysics,2022.2.5,None,
0,0,0,0,,,,,,,,,,,19.35630202293396,0.1334012219959267,0.03054989816700611,5.818365788955601,4.097710214993073,0.03,,,,,,,,,435100,001,2025-07-15_10h27.01.014,Continuous_Psychophysics,2022.2.5,None,
0,0,0,0,,,,,,,,,,,19.35954189300537,0.13747454175152748,0.03360488798370672,5.993997951701493,4.212873227017566,0.03,,,,,,,,,435100,001,2025-07-15_10h27.01.014,Continuous_Psychophysics,2022.2.5,None,
0,0,0,0,,,,,,,,,,,19.373608112335205,0.1415478615071283,0.03665987780040733,5.826182457127893,4.0830064172056915,0.03,,,,,,,,,435100,001,2025-07-15_10h27.01.014,Continuous_Psychophysics,2022.2.5,None,
0,0,0,0,,,,,,,,,,,19.376641035079956,0.14562118126272913,0.03767820773930754,5.69680195958435,4.061360342172492,0.03,,,,,,,,,435100,001,2025-07-15_10h27.01.014,Continuous_Psychophysics,2022.2.5,None,
0,0,0,0,,,,,,,,,,,19.390608072280884,0.14969450101832993,0.038696537678207736,5.199945544895914,4.109317766629114,0.03,,,,,,,,,435100,001,2025-07-15_10h27.01.014,Continuous_Psychophysics,2022.2.5,None,
0,0,0,0,,,,,,,,,,,19.395044088363647,0.15173116089613034,0.038696537678207736,5.484429783735524,4.243951633781907,0.03,,,,,,,,,435100,001,2025-07-15_10h27.01.014,Continuous_Psychophysics,2022.2.5,None,
0,0,0,0,,,,,,,,,,,19.408138275146484,0.15682281059063136,0.038696537678207736,5.484429783735524,4.745617749440433,0.03,,,,,,,,,435100,001,2025-07-15_10h27.01.014,Continuous_Psychophysics,2022.2.5,None,
0,0,0,0,,,,,,,,,,,19.412580966949463,0.15682281059063136,0.038696537678207736,5.643555670310109,4.719724400023862,0.03,,,,,,,,,435100,001,2025-07-15_10h27.01.014,Continuous_Psychophysics,2022.2.5,None,
0,0,0,0,,,,,,,,,,,19.42516016960144,0.16089613034623218,0.038696537678207736,5.747754618697928,5.082106741761844,0.03,,,,,,,,,435100,001,2025-07-15_10h27.01.014,Continuous_Psychophysics,2022.2.5,None,
0,0,0,0,,,,,,,,,,,19.42946720123291,0.16089613034623218,0.038696537678207736,5.256547249795966,5.034402754555596,0.03,,,,,,,,,435100,001,2025-07-15_10h27.01.014,Continuous_Psychophysics,2022.2.5,None,
0,0,0,0,,,,,,,,,,,19.434118032455444,0.16191446028513237,0.038696537678207736,5.58937731349109,4.851056759680266,0.03,,,,,,,,,435100,001,2025-07-15_10h27.01.014,Continuous_Psychophysics,2022.2.5,None,
0,0,0,0,,,,,,,,,,,19.44622826576233,0.16191446028513237,0.038696537678207736,5.790083210555073,4.623784119645147,0.03,,,,,,,,,435100,001,2025-07-15_10h27.01.014,Continuous_Psychophysics,2022.2.5,None,
0,0,0,0,,,,,,,,,,,19.45096516609192,0.16191446028513237,0.038696537678207736,5.985571624930302,4.842808762070807,0.03,,,,,,,,,435100,001,2025-07-15_10h27.01.014,Continuous_Psychophysics,2022.2.5,None,
0,0,0,0,,,,,,,,,,,19.463518142700195,0.16191446028513237,0.038696537678207736,5.985571624930302,5.474669885562905,0.03,,,,,,,,,435100,001,2025-07-15_10h27.01.014,Continuous_Psychophysics,2022.2.5,None,
0,0,0,0,,,,,,,,,,,19.46783709526062,0.16191446028513237,0.038696537678207736,5.742267127398629,5.909952022034892,0.03,,,,,,,,,435100,001,2025-07-15_10h27.01.014,Continuous_Psychophysics,2022.2.5,None,
0,0,0,0,,,,,,,,,,,19.48055911064148,0.16191446028513237,0.038696537678207736,5.757174904525728,5.712520453563694,0.03,,,,,,,,,435100,001,2025-07-15_10h27.01.014,Continuous_Psychophysics,2022.2.5,None,
0,0,0,0,,,,,,,,,,,19.484498023986816,0.16191446028513237,0.038696537678207736,5.370425089219885,5.80178946326878,0.03,,,,,,,,,435100,001,2025-07-15_10h27.01.014,Continuous_Psychophysics,2022.2.5,None,
0,0,0,0,,,,,,,,,,,19.497701168060303,0.16191446028513237,0.038696537678207736,5.056273826082216,5.80178946326878,0.03,,,,,,,,,435100,001,2025-07-15_10h27.01.014,Continuous_Psychophysics,2022.2.5,None,
0,0,0,0,,,,,,,,,,,19.500580072402954,0.16191446028513237,0.038696537678207736,4.391502053009134,5.80178946326878,0.03,,,,,,,,,435100,001,2025-07-15_10h27.01.014,Continuous_Psychophysics,2022.2.5,None,
0,0,0,0,,,,,,,,,,,19.515054941177368,0.16191446028513237,0.038696537678207736,4.370792430383494,5.460774199059637,0.03,,,,,,,,,435100,001,2025-07-15_10h27.01.014,Continuous_Psychophysics,2022.2.5,None,
0,0,0,0,,,,,,,,,,,19.519326210021973,0.16191446028513237,0.038696537678207736,3.559657428765029,5.640044114324305,0.03,,,,,,,,,435100,001,2025-07-15_10h27.01.014,Continuous_Psychophysics,2022.2.5,None,
0,0,0,0,,,,,,,,,,,19.532120943069458,0.16191446028513237,0.038696537678207736,3.606172052830199,5.640044114324305,0.03,,,,,,,,,435100,001,2025-07-15_10h27.01.014,Continuous_Psychophysics,2022.2.5,None,
0,0,0,0,,,,,,,,,,,19.53621506690979,0.16191446028513237,0.038696537678207736,3.4172994800457053,5.652956446143516,0.03,,,,,,,,,435100,001,2025-07-15_10h27.01.014,Continuous_Psychophysics,2022.2.5,None,
0,0,0,0,,,,,,,,,,,19.549596071243286,0.16191446028513237,0.038696537678207736,3.2133949347981874,5.652956446143516,0.03,,,,,,,,,435100,001,2025-07-15_10h27.01.014,Continuous_Psychophysics,2022.2.5,None,
0,0,0,0,,,,,,,,,,,19.554107189178467,0.16191446028513237,0.038696537678207736,3.0543862063260705,5.604080387117074,0.03,,,,,,,,,435100,001,2025-07-15_10h27.01.014,Continuous_Psychophysics,2022.2.5,None,
0,0,0,0,,,,,,,,,,,19.56698703765869,0.16191446028513237,0.038696537678207736,2.9256947206882753,5.358617671751905,0.03,,,,,,,,,435100,001,2025-07-15_10h27.01.014,Continuous_Psychophysics,2022.2.5,None,
0,0,0,0,,,,,,,,,,,19.571722984313965,0.16191446028513237,0.038696537678207736,2.7443038867086553,5.900115829424713,0.03,,,,,,,,,435100,001,2025-07-15_10h27.01.014,Continuous_Psychophysics,2022.2.5,None,
0,0,0,0,,,,,,,,,,,19.576420068740845,0.16191446028513237,0.038696537678207736,3.1260324596662747,5.762109306655078,0.03,,,,,,,,,435100,001,2025-07-15_10h27.01.014,Continuous_Psychophysics,2022.2.5,None,
0,0,0,0,,,,,,,,,,,19.588528156280518,0.16191446028513237,0.038696537678207736,2.742083213552106,5.762109306655078,0.03,,,,,,,,,435100,001,2025-07-15_10h27.01.014,Continuous_Psychophysics,2022.2.5,None,
0,0,0,0,,,,,,,,,,,19.593122959136963,0.16191446028513237,0.038696537678207736,2.733091735539346,5.808306505825532,0.03,,,,,,,,,435100,001,2025-07-15_10h27.01.014,Continuous_Psychophysics,2022.2.5,None,
0,0,0,0,,,,,,,,,,,19.605786085128784,0.16191446028513237,0.038696537678207736,2.172425036833818,5.808306505825532,0.03,,,,,,,,,435100,001,2025-07-15_10h27.01.014,Continuous_Psychophysics,2022.2.5,None,
0,0,0,0,,,,,,,,,,,19.609652996063232,0.16191446028513237,0.038696537678207736,2.6182129128648874,5.808306505825532,0.03,,,,,,,,,435100,001,2025-07-15_10h27.01.014,Continuous_Psychophysics,2022.2.5,None,
0,0,0,0,,,,,,,,,,,19.622963190078735,0.16191446028513237,0.038696537678207736,2.3858568535158597,5.808306505825532,0.03,,,,,,,,,435100,001,2025-07-15_10h27.01.014,Continuous_Psychophysics,2022.2.5,None,
0,0,0,0,,,,,,,,,,,19.626208066940308,0.16191446028513237,0.038696537678207736,3.0414168038734477,5.735076184423003,0.03,,,,,,,,,435100,001,2025-07-15_10h27.01.014,Continuous_Psychophysics,2022.2.5,None,
0,0,0,0,,,,,,,,,,,19.64024305343628,0.16191446028513237,0.038696537678207736,2.653698261580119,5.735076184423003,0.03,,,,,,,,,435100,001,2025-07-15_10h27.01.014,Continuous_Psychophysics,2022.2.5,None,
0,0,0,0,,,,,,,,,,,19.645172834396362,0.16191446028513237,0.03971486761710794,2.8979199844140755,5.657140273584349,0.03,,,,,,,,,435100,001,2025-07-15_10h27.01.014,Continuous_Psychophysics,2022.2.5,None,
0,0,0,0,,,,,,,,,,,19.657588243484497,0.16191446028513237,0.04276985743380855,2.8313535800992935,5.648807180183386,0.03,,,,,,,,,435100,001,2025-07-15_10h27.01.014,Continuous_Psychophysics,2022.2.5,None,
0,0,0,0,,,,,,,,,,,19.662240028381348,0.1629327902240326,0.04786150712830957,2.8585106830507727,5.871449148022039,0.03,,,,,,,,,435100,001,2025-07-15_10h27.01.014,Continuous_Psychophysics,2022.2.5,None,
0,0,0,0,,,,,,,,,,,19.674932956695557,0.1659877800407332,0.059063136456211814,2.4622030051599078,5.485756568504675,0.03,,,,,,,,,435100,001,2025-07-15_10h27.01.014,Continuous_Psychophysics,2022.2.5,None,
0,0,0,0,,,,,,,,,,,19.67939019203186,0.1659877800407332,0.059063136456211814,1.9154080859960785,5.518494014191023,0.03,,,,,,,,,435100,001,2025-07-15_10h27.01.014,Continuous_Psychophysics,2022.2.5,None,
0,0,0,0,,,,,,,,,,,19.684656143188477,0.1680244399185336,0.06822810590631365,1.9816930676771551,5.456152650654854,0.03,,,,,,,,,435100,001,2025-07-15_10h27.01.014,Continuous_Psychophysics,2022.2.5,None,
0,0,0,0,,,,,,,,,,,19.696624040603638,0.17311608961303462,0.09164969450101833,1.6163454830370019,5.564720700249358,0.03,,,,,,,,,435100,001,2025-07-15_10h27.01.014,Continuous_Psychophysics,2022.2.5,None,
0,0,0,0,,,,,,,,,,,19.701178073883057,0.17311608961303462,0.09164969450101833,1.5611439693748341,5.784950908337866,0.03,,,,,,,,,435100,001,2025-07-15_10h27.01.014,Continuous_Psychophysics,2022.2.5,None,
0,0,0,0,,,,,,,,,,,19.713714122772217,0.17413441955193482,0.10692464358452139,1.363749584643588,5.784950908337866,0.03,,,,,,,,,435100,001,2025-07-15_10h27.01.014,Continuous_Psychophysics,2022.2.5,None,
0,0,0,0,,,,,,,,,,,19.71818518638611,0.17413441955193482,0.10692464358452139,1.1179463613264067,5.7133599585347215,0.03,,,,,,,,,435100,001,2025-07-15_10h27.01.014,Continuous_Psychophysics,2022.2.5,None,
0,0,0,0,,,,,,,,,,,19.73109006881714,0.17413441955193482,0.11812627291242363,1.0886467322769904,5.7133599585347215,0.03,,,,,,,,,435100,001,2025-07-15_10h27.01.014,Continuous_Psychophysics,2022.2.5,None,
0,0,0,0,,,,,,,,,,,19.735271215438843,0.17413441955193482,0.11812627291242363,1.2108829824288216,5.4983271081011,0.03,,,,,,,,,435100,001,2025-07-15_10h27.01.014,Continuous_Psychophysics,2022.2.5,None,
0,0,0,0,,,,,,,,,,,19.748412132263184,0.17413441955193482,0.12830957230142567,1.1439083025922072,5.180688464513732,0.03,,,,,,,,,435100,001,2025-07-15_10h27.01.014,Continuous_Psychophysics,2022.2.5,None,
0,0,0,0,,,,,,,,,,,19.752793073654175,0.17413441955193482,0.12830957230142567,1.062258468256588,5.182378253270159,0.03,,,,,,,,,435100,001,2025-07-15_10h27.01.014,Continuous_Psychophysics,2022.2.5,None,
0,0,0,0,,,,,,,,,,,19.765791177749634,0.17209775967413443,0.1334012219959267,0.8534079498059806,4.957661332640779,0.03,,,,,,,,,435100,001,2025-07-15_10h27.01.014,Continuous_Psychophysics,2022.2.5,None,
0,0,0,0,,,,,,,,,,,19.770325183868408,0.1710794297352342,0.1354378818737271,0.5697365588945829,5.030895203742225,0.03,,,,,,,,,435100,001,2025-07-15_10h27.01.014,Continuous_Psychophysics,2022.2.5,None,
0,0,0,0,,,,,,,,,,,19.783205032348633,0.17006109979633402,0.1364562118126273,1.5459852771445797,4.795223500931921,0.03,,,,,,,,,435100,001,2025-07-15_10h27.01.014,Continuous_Psychophysics,2022.2.5,None,
0,0,0,0,,,,,,,,,,,19.78809690475464,0.1680244399185336,0.13747454175152748,1.3719712274044826,4.770364259925382,0.03,,,,,,,,,435100,001,2025-07-15_10h27.01.014,Continuous_Psychophysics,2022.2.5,None,
0,0,0,0,,,,,,,,,,,19.79259204864502,0.1680244399185336,0.13747454175152748,1.6267608152162585,4.800586841054315,0.03,,,,,,,,,435100,001,2025-07-15_10h27.01.014,Continuous_Psychophysics,2022.2.5,None,
0,0,0,0,,,,,,,,,,,19.804930925369263,0.16395112016293278,0.13747454175152748,1.5054296618967111,4.723636569811554,0.03,,,,,,,,,435100,001,2025-07-15_10h27.01.014,Continuous_Psychophysics,2022.2.5,None,
0,0,0,0,,,,,,,,,,,19.8097882270813,0.16191446028513237,0.13747454175152748,1.8857340774214086,5.1274754336933785,0.03,,,,,,,,,435100,001,2025-07-15_10h27.01.014,Continuous_Psychophysics,2022.2.5,None,
0,0,0,0,,,,,,,,,,,19.821954011917114,0.159877800407332,0.13747454175152748,1.9720964926090696,5.1523017290656945,0.03,,,,,,,,,435100,001,2025-07-15_10h27.01.014,Continuous_Psychophysics,2022.2.5,None,
0,0,0,0,,,,,,,,,,,19.826699018478394,0.15682281059063136,0.13747454175152748,2.173531594055435,5.047948661049177,0.03,,,,,,,,,435100,001,2025-07-15_10h27.01.014,Continuous_Psychophysics,2022.2.5,None,
0,0,0,0,,,,,,,,,,,19.839038133621216,0.15376782077393075,0.1364562118126273,1.958227043813052,5.517684818648365,0.03,,,,,,,,,435100,001,2025-07-15_10h27.01.014,Continuous_Psychophysics,2022.2.5,None,
0,0,0,0,,,,,,,,,,,19.843065977096558,0.14969450101832993,0.13441955193482688,1.9006803300153166,5.19696647030757,0.03,,,,,,,,,435100,001,2025-07-15_10h27.01.014,Continuous_Psychophysics,2022.2.5,None,
0,0,0,0,,,,,,,,,,,19.855947017669678,0.14562118126272913,0.1334012219959267,1.380353528095506,5.596025655429027,0.03,,,,,,,,,435100,001,2025-07-15_10h27.01.014,Continuous_Psychophysics,2022.2.5,None,
0,0,0,0,,,,,,,,,,,19.859925270080566,0.1415478615071283,0.13238289205702647,1.2364303539382386,5.3499619658078315,0.03,,,,,,,,,435100,001,2025-07-15_10h27.01.014,Continuous_Psychophysics,2022.2.5,None,
0,0,0,0,,,,,,,,,,,19.873164892196655,0.13747454175152748,0.13136456211812628,1.8581381932166225,5.097744741599803,0.03,,,,,,,,,435100,001,2025-07-15_10h27.01.014,Continuous_Psychophysics,2022.2.5,None,
0,0,0,0,,,,,,,,,,,19.87636113166809,0.1334012219959267,0.13136456211812628,1.5650488848017279,5.716167752990356,0.03,,,,,,,,,435100,001,2025-07-15_10h27.01.014,Continuous_Psychophysics,2022.2.5,None,
0,0,0,0,,,,,,,,,,,19.890861988067627,0.12525458248472504,0.13034623217922606,1.5677380658446292,5.811405349164198,0.03,,,,,,,,,435100,001,2025-07-15_10h27.01.014,Continuous_Psychophysics,2022.2.5,None,
0,0,0,0,,,,,,,,,,,19.895036220550537,0.12525458248472504,0.13034623217922606,1.725762932748568,5.396576401994715,0.03,,,,,,,,,435100,001,2025-07-15_10h27.01.014,Continuous_Psychophysics,2022.2.5,None,
0,0,0,0,,,,,,,,,,,19.907607078552246,0.12219959266802444,0.13034623217922606,1.723278718249968,5.783986570142843,0.03,,,,,,,,,435100,001,2025-07-15_10h27.01.014,Continuous_Psychophysics,2022.2.5,None,
0,0,0,0,,,,,,,,,,,19.9121150970459,0.11812627291242363,0.13034623217922606,1.0892792575360408,5.6914103230109525,0.03,,,,,,,,,435100,001,2025-07-15_10h27.01.014,Continuous_Psychophysics,2022.2.5,None,
0,0,0,0,,,,,,,,,,,19.92496919631958,0.109979633401222,0.13034623217922606,0.9352438019271174,5.523888785984448,0.03,,,,,,,,,435100,001,2025-07-15_10h27.01.014,Continuous_Psychophysics,2022.2.5,None,
0,0,0,0,,,,,,,,,,,19.92942214012146,0.109979633401222,0.13034623217922606,1.1409568511597257,5.251725623939078,0.03,,,,,,,,,435100,001,2025-07-15_10h27.01.014,Continuous_Psychophysics,2022.2.5,None,
0,0,0,0,,,,,,,,,,,19.934370040893555,0.10590631364562118,0.13034623217922606,2.0124649910890993,5.608093863539005,0.03,,,,,,,,,435100,001,2025-07-15_10h27.01.014,Continuous_Psychophysics,2022.2.5,None,
0,0,0,0,,,,,,,,,,,19.946319103240967,0.10183299389002037,0.13034623217922606,2.2528247615751877,5.55149392661308,0.03,,,,,,,,,435100,001,2025-07-15_10h27.01.014,Continuous_Psychophysics,2022.2.5,None,
0,0,0,0,,,,,,,,,,,19.95120096206665,0.09775967413441955,0.13034623217922606,2.2355869080134636,5.190032694662573,0.03,,,,,,,,,435100,001,2025-07-15_10h27.01.014,Continuous_Psychophysics,2022.2.5,None,
0,0,0,0,,,,,,,,,,,19.963380098342896,0.08961303462321792,0.13034623217922606,2.247236981963383,4.8273816941127,0.03,,,,,,,,,435100,001,2025-07-15_10h27.01.014,Continuous_Psychophysics,2022.2.5,None,
0,0,0,0,,,,,,,,,,,19.967796087265015,0.08961303462321792,0.13034623217922606,2.1877177641433323,4.744107545211974,0.03,,,,,,,,,435100,001,2025-07-15_10h27.01.014,Continuous_Psychophysics,2022.2.5,None,
0,0,0,0,,,,,,,,,,,19.980473041534424,0.07942973523421588,0.13136456211812628,2.5394280397611904,4.931835719803989,0.03,,,,,,,,,435100,001,2025-07-15_10h27.01.014,Continuous_Psychophysics,2022.2.5,None,
0,0,0,0,,,,,,,,,,,19.984830141067505,0.07942973523421588,0.13136456211812628,2.4077019202724386,4.496350633151398,0.03,,,,,,,,,435100,001,2025-07-15_10h27.01.014,Continuous_Psychophysics,2022.2.5,None,
0,0,0,0,,,,,,,,,,,19.997250080108643,0.07942973523421588,0.13136456211812628,2.6000116550668593,3.912689129012144,0.03,34.974646624876186,19.999290707986802,,,,,,,435100,001,2025-07-15_10h27.01.014,Continuous_Psychophysics,2022.2.5,None,
0,0,0,0,,,,,,,,,,,,,,,,,,,"[0.014256619144602852, 0.008146639511201629]","[0.0010183299389002036, -0.006109979633401222]","[1, 1]","[0, 0]","[0, 0]","[1.3240972091443837, 2.2217655840795487]",435100,001,2025-07-15_10h27.01.014,Continuous_Psychophysics,2022.2.5,None,
1,0,1,0,,,,,,,,,34.974646624876186,0.0006212498992681503,3.000056028366089,0.009164969450101833,-0.009164969450101833,-0.03325161698270637,0.45029278777350884,1,,,,,,,,,435100,001,2025-07-15_10h27.01.014,Continuous_Psychophysics,2022.2.5,None,
1,0,1,0,,,,,,,,,,,3.004484176635742,0.009164969450101833,-0.009164969450101833,0.1904811919476435,0.5958374939983706,1,,,,,,,,,435100,001,2025-07-15_10h27.01.014,Continuous_Psychophysics,2022.2.5,None,
1,0,1,0,,,,,,,,,,,3.017302989959717,0.009164969450101833,-0.009164969450101833,0.5202321563012309,0.021583913004083022,1,,,,,,,,,435100,001,2025-07-15_10h27.01.014,Continuous_Psychophysics,2022.2.5,None,
1,0,1,0,,,,,,,,,,,3.021998167037964,0.009164969450101833,-0.009164969450101833,1.2866454539904657,0.21811139070313262,1,,,,,,,,,435100,001,2025-07-15_10h27.01.014,Continuous_Psychophysics,2022.2.5,None,
1,0,1,0,,,,,,,,,,,3.0346250534057617,0.009164969450101833,-0.009164969450101833,0.8576270533932961,-0.02274949023549369,1,,,,,,,,,435100,001,2025-07-15_10h27.01.014,Continuous_Psychophysics,2022.2.5,None,
1,0,1,0,,,,,,,,,,,3.0393669605255127,0.009164969450101833,-0.009164969450101833,1.260068033934707,0.07398750000461121,1,,,,,,,,,435100,001,2025-07-15_10h27.01.014,Continuous_Psychophysics,2022.2.5,None,
1,0,1,0,,,,,,,,,,,3.0466129779815674,0.009164969450101833,-0.009164969450101833,1.3251058044481345,-0.17802649478511998,1,,,,,,,,,435100,001,2025-07-15_10h27.01.014,Continuous_Psychophysics,2022.2.5,None,
1,0,1,0,,,,,,,,,,,3.056102991104126,0.009164969450101833,-0.009164969450101833,1.4124671701221463,-0.26386216302615034,1,,,,,,,,,435100,001,2025-07-15_10h27.01.014,Continuous_Psychophysics,2022.2.5,None,
1,0,1,0,,,,,,,,,,,3.061908006668091,0.009164969450101833,-0.009164969450101833,1.4455583457584478,-0.6771682670968581,1,,,,,,,,,435100,001,2025-07-15_10h27.01.014,Continuous_Psychophysics,2022.2.5,None,
1,0,1,0,,,,,,,,,,,3.0731890201568604,0.009164969450101833,-0.009164969450101833,1.3179074121851073,-0.6143178467498602,1,,,,,,,,,435100,001,2025-07-15_10h27.01.014,Continuous_Psychophysics,2022.2.5,None,
1,0,1,0,,,,,,,,,,,3.07857608795166,0.009164969450101833,-0.009164969450101833,0.8632133567459865,-0.5078159099870261,1,,,,,,,,,435100,001,2025-07-15_10h27.01.014,Continuous_Psychophysics,2022.2.5,None,
1,0,1,0,,,,,,,,,,,3.0902678966522217,0.009164969450101833,-0.009164969450101833,0.4312040233611864,-0.3484784646607295,1,,,,,,,,,435100,001,2025-07-15_10h27.01.014,Continuous_Psychophysics,2022.2.5,None,
1,0,1,0,,,,,,,,,,,3.0950210094451904,0.009164969450101833,-0.009164969450101833,-0.039665427738654224,-0.08092760105765928,1,,,,,,,,,435100,001,2025-07-15_10h27.01.014,Continuous_Psychophysics,2022.2.5,None,
1,0,1,0,,,,,,,,,,,3.107330083847046,0.009164969450101833,-0.009164969450101833,-0.18853899055488268,-0.4826221045263704,1,,,,,,,,,435100,001,2025-07-15_10h27.01.014,Continuous_Psychophysics,2022.2.5,None,
1,0,1,0,,,,,,,,,,,3.112056016921997,0.009164969450101833,-0.009164969450101833,0.3151510916981086,-0.3267676349359713,1,,,,,,,,,435100,001,2025-07-15_10h27.01.014,Continuous_Psychophysics,2022.2.5,None,
1,0,1,0,,,,,,,,,,,3.124598979949951,0.009164969450101833,-0.009164969450101833,0.06656818103396761,0.26924641341675903,1,,,,,,,,,435100,001,2025-07-15_10h27.01.014,Continuous_Psychophysics,2022.2.5,None,
1,0,1,0,,,,,,,,,,,3.1274750232696533,0.009164969450101833,-0.009164969450101833,0.1740209862689781,0.13692070128420128,1,,,,,,,,,435100,001,2025-07-15_10h27.01.014,Continuous_Psychophysics,2022.2.5,None,
1,0,1,0,,,,,,,,,,,3.1416659355163574,0.009164969450101833,-0.009164969450101833,-0.3404114622163835,0.35199804335176477,1,,,,,,,,,435100,001,2025-07-15_10h27.01.014,Continuous_Psychophysics,2022.2.5,None,
1,0,1,0,,,,,,,,,,,3.1445188522338867,0.009164969450101833,-0.009164969450101833,-0.49073627452969004,-0.19249974392219937,1,,,,,,,,,435100,001,2025-07-15_10h27.01.014,Continuous_Psychophysics,2022.2.5,None,
1,0,1,0,,,,,,,,,,,3.158759832382202,0.009164969450101833,-0.009164969450101833,-0.3140219277364954,-0.24779311942177767,1,,,,,,,,,435100,001,2025-07-15_10h27.01.014,Continuous_Psychophysics,2022.2.5,None,
1,0,1,0,,,,,,,,,,,3.1616299152374268,0.009164969450101833,-0.009164969450101833,-0.3087794117524673,0.06467366130731267,1,,,,,,,,,435100,001,2025-07-15_10h27.01.014,Continuous_Psychophysics,2022.2.5,None,
1,0,1,0,,,,,,,,,,,3.1761231422424316,0.009164969450101833,-0.009164969450101833,0.0666869549877176,0.06970977772794952,1,,,,,,,,,435100,001,2025-07-15_10h27.01.014,Continuous_Psychophysics,2022.2.5,None,
1,0,1,0,,,,,,,,,,,3.180644989013672,0.009164969450101833,-0.009164969450101833,-0.4603182727466537,-0.12204227109527747,1,,,,,,,,,435100,001,2025-07-15_10h27.01.014,Continuous_Psychophysics,2022.2.5,None,
1,0,1,0,,,,,,,,,,,3.193203926086426,0.009164969450101833,-0.009164969450101833,-0.11128889444141671,-0.42008443236547555,1,,,,,,,,,435100,001,2025-07-15_10h27.01.014,Continuous_Psychophysics,2022.2.5,None,
1,0,1,0,,,,,,,,,,,3.1977009773254395,0.009164969450101833,-0.009164969450101833,-0.029583948155181075,-0.6310164706419575,1,,,,,,,,,435100,001,2025-07-15_10h27.01.014,Continuous_Psychophysics,2022.2.5,None,
1,0,1,0,,,,,,,,,,,3.2122340202331543,0.009164969450101833,-0.009164969450101833,-0.34316082610073156,0.0424023739456566,1,,,,,,,,,435100,001,2025-07-15_10h27.01.014,Continuous_Psychophysics,2022.2.5,None,
1,0,1,0,,,,,,,,,,,3.2266600131988525,0.009164969450101833,-0.009164969450101833,0.09179372965999394,0.33410071313353534,1,,,,,,,,,435100,001,2025-07-15_10h27.01.014,Continuous_Psychophysics,2022.2.5,None,
1,0,1,0,,,,,,,,,,,3.2309179306030273,0.009164969450101833,-0.009164969450101833,0.7875705288724835,0.41684871076711894,1,,,,,,,,,435100,001,2025-07-15_10h27.01.014,Continuous_Psychophysics,2022.2.5,None,
1,0,1,0,,,,,,,,,,,3.2455008029937744,0.009164969450101833,-0.009164969450101833,1.2592265792545372,0.583192467427281,1,,,,,,,,,435100,001,2025-07-15_10h27.01.014,Continuous_Psychophysics,2022.2.5,None,
1,0,1,0,,,,,,,,,,,3.2598729133605957,0.009164969450101833,-0.009164969450101833,1.0834918924494485,0.9473643169540944,1,,,,,,,,,435100,001,2025-07-15_10h27.01.014,Continuous_Psychophysics,2022.2.5,None,
1,0,1,0,,,,,,,,,,,3.2643239498138428,0.009164969450101833,-0.009164969450101833,1.0978464166574526,1.47497061102644,1,,,,,,,,,435100,001,2025-07-15_10h27.01.014,Continuous_Psychophysics,2022.2.5,None,
1,0,1,0,,,,,,,,,,,3.279139995574951,0.009164969450101833,-0.009164969450101833,1.3146463905081935,1.552493939174962,1,,,,,,,,,435100,001,2025-07-15_10h27.01.014,Continuous_Psychophysics,2022.2.5,None,
1,0,1,0,,,,,,,,,,,3.2933361530303955,0.009164969450101833,-0.009164969450101833,1.5238753860860872,1.1208313601048265,1,,,,,,,,,435100,001,2025-07-15_10h27.01.014,Continuous_Psychophysics,2022.2.5,None,
1,0,1,0,,,,,,,,,,,3.2979860305786133,0.009164969450101833,-0.009164969450101833,1.8876324304491388,1.46079299074534,1,,,,,,,,,435100,001,2025-07-15_10h27.01.014,Continuous_Psychophysics,2022.2.5,None,
1,0,1,0,,,,,,,,,,,3.3032150268554688,0.009164969450101833,-0.009164969450101833,2.0503329331574798,1.7312362506305767,1,,,,,,,,,435100,001,2025-07-15_10h27.01.014,Continuous_Psychophysics,2022.2.5,None,
1,0,1,0,,,,,,,,,,,3.3148419857025146,0.009164969450101833,-0.009164969450101833,1.8518558669943068,1.9356321159814487,1,,,,,,,,,435100,001,2025-07-15_10h27.01.014,Continuous_Psychophysics,2022.2.5,None,
1,0,1,0,,,,,,,,,,,3.319714069366455,0.009164969450101833,-0.009164969450101833,2.0983136694086943,2.334686578256272,1,,,,,,,,,435100,001,2025-07-15_10h27.01.014,Continuous_Psychophysics,2022.2.5,None,
1,0,1,0,,,,,,,,,,,3.331747055053711,0.009164969450101833,-0.009164969450101833,1.840762690089367,1.6518469892091323,1,,,,,,,,,435100,001,2025-07-15_10h27.01.014,Continuous_Psychophysics,2022.2.5,None,
1,0,1,0,,,,,,,,,,,3.336660861968994,0.009164969450101833,-0.009164969450101833,2.1638209164240934,1.4446327727576653,1,,,,,,,,,435100,001,2025-07-15_10h27.01.014,Continuous_Psychophysics,2022.2.5,None,
1,0,1,0,,,,,,,,,,,3.3487889766693115,0.009164969450101833,-0.009164969450101833,2.1916586808871434,1.0987238449688528,1,,,,,,,,,435100,001,2025-07-15_10h27.01.014,Continuous_Psychophysics,2022.2.5,None,
1,0,1,0,,,,,,,,,,,3.353851795196533,0.009164969450101833,-0.010183299389002037,2.0374264964396414,1.1861434343625397,1,,,,,,,,,435100,001,2025-07-15_10h27.01.014,Continuous_Psychophysics,2022.2.5,None,
1,0,1,0,,,,,,,,,,,3.366352081298828,0.009164969450101833,-0.015274949083503055,2.446276479072773,1.154754744303673,1,,,,,,,,,435100,001,2025-07-15_10h27.01.014,Continuous_Psychophysics,2022.2.5,None,
1,0,1,0,,,,,,,,,,,3.3704710006713867,0.009164969450101833,-0.02240325865580448,2.251673304996086,1.0733428287770568,1,,,,,,,,,435100,001,2025-07-15_10h27.01.014,Continuous_Psychophysics,2022.2.5,None,
1,0,1,0,,,,,,,,,,,3.383470058441162,0.006109979633401222,-0.045824847250509164,2.4152918675810935,1.4237580403775165,1,,,,,,,,,435100,001,2025-07-15_10h27.01.014,Continuous_Psychophysics,2022.2.5,None,
1,0,1,0,,,,,,,,,,,3.3879568576812744,0.006109979633401222,-0.045824847250509164,2.582581990851669,1.6028522179288496,1,,,,,,,,,435100,001,2025-07-15_10h27.01.014,Continuous_Psychophysics,2022.2.5,None,
1,0,1,0,,,,,,,,,,,3.4008848667144775,0.0,-0.07230142566191446,2.471935139424942,1.9601761554465331,1,,,,,,,,,435100,001,2025-07-15_10h27.01.014,Continuous_Psychophysics,2022.2.5,None,
1,0,1,0,,,,,,,,,,,3.4054689407348633,0.0,-0.07230142566191446,2.275887338156324,1.5678286996737836,1,,,,,,,,,435100,001,2025-07-15_10h27.01.014,Continuous_Psychophysics,2022.2.5,None,
1,0,1,0,,,,,,,,,,,3.418133020401001,-0.0050916496945010185,-0.09368635437881874,1.8894886548939618,1.1580569909396692,1,,,,,,,,,435100,001,2025-07-15_10h27.01.014,Continuous_Psychophysics,2022.2.5,None,
1,0,1,0,,,,,,,,,,,3.42311692237854,-0.007128309572301426,-0.09979633401221996,1.4646150243221139,0.7216749234074384,1,,,,,,,,,435100,001,2025-07-15_10h27.01.014,Continuous_Psychophysics,2022.2.5,None,
1,0,1,0,,,,,,,,,,,3.428210973739624,-0.007128309572301426,-0.09979633401221996,1.1590237620848685,0.8110587007688689,1,,,,,,,,,435100,001,2025-07-15_10h27.01.014,Continuous_Psychophysics,2022.2.5,None,
1,0,1,0,,,,,,,,,,,3.4397528171539307,-0.015274949083503055,-0.12321792260692464,0.8295763744418421,0.7508938030209723,1,,,,,,,,,435100,001,2025-07-15_10h27.01.014,Continuous_Psychophysics,2022.2.5,None,
1,0,1,0,,,,,,,,,,,3.4448440074920654,-0.015274949083503055,-0.12321792260692464,0.9517807254692064,0.987483537204899,1,,,,,,,,,435100,001,2025-07-15_10h27.01.014,Continuous_Psychophysics,2022.2.5,None,
1,0,1,0,,,,,,,,,,,3.457016944885254,-0.023421588594704685,-0.1334012219959267,0.8634087866239967,0.9941169549000791,1,,,,,,,,,435100,001,2025-07-15_10h27.01.014,Continuous_Psychophysics,2022.2.5,None,
1,0,1,0,,,,,,,,,,,3.4616270065307617,-0.023421588594704685,-0.1334012219959267,1.3683431905211103,1.0126915062391098,1,,,,,,,,,435100,001,2025-07-15_10h27.01.014,Continuous_Psychophysics,2022.2.5,None,
1,0,1,0,,,,,,,,,,,3.474085807800293,-0.029531568228105907,-0.1354378818737271,1.345540095612958,1.1382899446279033,1,,,,,,,,,435100,001,2025-07-15_10h27.01.014,Continuous_Psychophysics,2022.2.5,None,
1,0,1,0,,,,,,,,,,,3.478303909301758,-0.029531568228105907,-0.1354378818737271,1.0723259284733775,0.4948673308613828,1,,,,,,,,,435100,001,2025-07-15_10h27.01.014,Continuous_Psychophysics,2022.2.5,None,
1,0,1,0,,,,,,,,,,,3.491077184677124,-0.03360488798370672,-0.13136456211812628,0.9894408440218947,0.5485620175216145,1,,,,,,,,,435100,001,2025-07-15_10h27.01.014,Continuous_Psychophysics,2022.2.5,None,
1,0,1,0,,,,,,,,,,,3.4948999881744385,-0.03360488798370672,-0.13136456211812628,0.6026518006614554,1.0689550536594128,1,,,,,,,,,435100,001,2025-07-15_10h27.01.014,Continuous_Psychophysics,2022.2.5,None,
1,0,1,0,,,,,,,,,,,3.508207082748413,-0.032586558044806514,-0.10896130346232179,0.32133921451338465,0.9785902102730426,1,,,,,,,,,435100,001,2025-07-15_10h27.01.014,Continuous_Psychophysics,2022.2.5,None,
1,0,1,0,,,,,,,,,,,3.5123660564422607,-0.023421588594704685,-0.09470468431771895,0.015084886800319497,1.0153048917716385,1,,,,,,,,,435100,001,2025-07-15_10h27.01.014,Continuous_Psychophysics,2022.2.5,None,
1,0,1,0,,,,,,,,,,,3.5255889892578125,-0.008146639511201629,-0.07739307535641547,-0.13456559366679582,1.2735843660363582,1,,,,,,,,,435100,001,2025-07-15_10h27.01.014,Continuous_Psychophysics,2022.2.5,None,
1,0,1,0,,,,,,,,,,,3.53023099899292,0.009164969450101833,-0.06109979633401222,0.16825414014063095,1.3308928361895798,1,,,,,,,,,435100,001,2025-07-15_10h27.01.014,Continuous_Psychophysics,2022.2.5,None,
1,0,1,0,,,,,,,,,,,3.5429019927978516,0.018329938900203666,-0.05295315682281059,0.4235412696336712,0.7183415835264857,1,,,,,,,,,435100,001,2025-07-15_10h27.01.014,Continuous_Psychophysics,2022.2.5,None,
1,0,1,0,,,,,,,,,,,3.5480120182037354,0.03665987780040733,-0.03971486761710794,0.6328322712883525,0.3791117216634637,1,,,,,,,,,435100,001,2025-07-15_10h27.01.014,Continuous_Psychophysics,2022.2.5,None,
1,0,1,0,,,,,,,,,,,3.552802085876465,0.05295315682281059,-0.029531568228105907,0.4191784207180056,0.36048281190669607,1,,,,,,,,,435100,001,2025-07-15_10h27.01.014,Continuous_Psychophysics,2022.2.5,None,
1,0,1,0,,,,,,,,,,,3.564870834350586,0.059063136456211814,-0.0274949083503055,0.1996462845534819,-0.16921162927908884,1,,,,,,,,,435100,001,2025-07-15_10h27.01.014,Continuous_Psychophysics,2022.2.5,None,
1,0,1,0,,,,,,,,,,,3.5700290203094482,0.06415478615071284,-0.026476578411405296,0.3316699527926661,-0.4840938791527265,1,,,,,,,,,435100,001,2025-07-15_10h27.01.014,Continuous_Psychophysics,2022.2.5,None,
1,0,1,0,,,,,,,,,,,3.582395076751709,0.07128309572301425,-0.023421588594704685,0.4794173447965616,-0.5513200393305482,1,,,,,,,,,435100,001,2025-07-15_10h27.01.014,Continuous_Psychophysics,2022.2.5,None,
1,0,1,0,,,,,,,,,,,3.586700916290283,0.07637474541751528,-0.021384928716904276,0.7135053488870895,-0.4981544464432354,1,,,,,,,,,435100,001,2025-07-15_10h27.01.014,Continuous_Psychophysics,2022.2.5,None,
1,0,1,0,,,,,,,,,,,3.5992918014526367,0.08044806517311609,-0.020366598778004074,1.143695995576993,-0.5637472479630122,1,,,,,,,,,435100,001,2025-07-15_10h27.01.014,Continuous_Psychophysics,2022.2.5,None,
1,0,1,0,,,,,,,,,,,3.6032638549804688,0.0824847250509165,-0.020366598778004074,1.215040369718322,-0.8858975334934767,1,,,,,,,,,435100,001,2025-07-15_10h27.01.014,Continuous_Psychophysics,2022.2.5,None,
1,0,1,0,,,,,,,,,,,3.6163790225982666,0.0835030549898167,-0.020366598778004074,1.3178297658043479,-0.5405933044822135,1,,,,,,,,,435100,001,2025-07-15_10h27.01.014,Continuous_Psychophysics,2022.2.5,None,
1,0,1,0,,,,,,,,,,,3.6212708950042725,0.0845213849287169,-0.020366598778004074,1.6769037764754153,-0.9240728308195476,1,,,,,,,,,435100,001,2025-07-15_10h27.01.014,Continuous_Psychophysics,2022.2.5,None,
1,0,1,0,,,,,,,,,,,3.6336419582366943,0.0835030549898167,-0.020366598778004074,1.687521380456553,-0.970282449664407,1,,,,,,,,,435100,001,2025-07-15_10h27.01.014,Continuous_Psychophysics,2022.2.5,None,
1,0,1,0,,,,,,,,,,,3.6380250453948975,0.0835030549898167,-0.020366598778004074,1.7696026313388682,-0.9911542734880506,1,,,,,,,,,435100,001,2025-07-15_10h27.01.014,Continuous_Psychophysics,2022.2.5,None,
1,0,1,0,,,,,,,,,,,3.651249885559082,0.07841140529531568,-0.019348268839103868,2.257174804668429,-1.1047511503524794,1,,,,,,,,,435100,001,2025-07-15_10h27.01.014,Continuous_Psychophysics,2022.2.5,None,
1,0,1,0,,,,,,,,,,,3.6560449600219727,0.07841140529531568,-0.019348268839103868,2.4054925258054767,-1.3213724153847946,1,,,,,,,,,435100,001,2025-07-15_10h27.01.014,Continuous_Psychophysics,2022.2.5,None,
1,0,1,0,,,,,,,,,,,3.6616709232330322,0.07433808553971487,-0.017311608961303463,2.334159443374407,-0.8908694826166643,1,,,,,,,,,435100,001,2025-07-15_10h27.01.014,Continuous_Psychophysics,2022.2.5,None,
1,0,1,0,,,,,,,,,,,3.672881841659546,0.05702647657841141,-0.010183299389002037,2.5327037979072156,-0.7743944060101065,1,,,,,,,,,435100,001,2025-07-15_10h27.01.014,Continuous_Psychophysics,2022.2.5,None,
1,0,1,0,,,,,,,,,,,3.6774539947509766,0.05702647657841141,-0.010183299389002037,2.1883702726713623,-0.7575103912297465,1,,,,,,,,,435100,001,2025-07-15_10h27.01.014,Continuous_Psychophysics,2022.2.5,None,
1,0,1,0,,,,,,,,,,,3.6899330615997314,0.045824847250509164,-0.003054989816700611,2.5486348940336394,-0.9304477922354037,1,,,,,,,,,435100,001,2025-07-15_10h27.01.014,Continuous_Psychophysics,2022.2.5,None,
1,0,1,0,,,,,,,,,,,3.6949570178985596,0.045824847250509164,-0.003054989816700611,2.8221556707196367,-0.6757706461417701,1,,,,,,,,,435100,001,2025-07-15_10h27.01.014,Continuous_Psychophysics,2022.2.5,None,
1,0,1,0,,,,,,,,,,,3.707041025161743,0.035641547861507125,0.0050916496945010185,2.906016850916297,-0.6454890233496609,1,,,,,,,,,435100,001,2025-07-15_10h27.01.014,Continuous_Psychophysics,2022.2.5,None,
1,0,1,0,,,,,,,,,,,3.711470127105713,0.035641547861507125,0.0050916496945010185,2.974239458210244,-0.6918003936067864,1,,,,,,,,,435100,001,2025-07-15_10h27.01.014,Continuous_Psychophysics,2022.2.5,None,
1,0,1,0,,,,,,,,,,,3.724086046218872,0.03054989816700611,0.010183299389002037,3.1436168665976445,-0.458832805686445,1,,,,,,,,,435100,001,2025-07-15_10h27.01.014,Continuous_Psychophysics,2022.2.5,None,
1,0,1,0,,,,,,,,,,,3.7280290126800537,0.03054989816700611,0.010183299389002037,2.9301080040721175,-0.16492925069025788,1,,,,,,,,,435100,001,2025-07-15_10h27.01.014,Continuous_Psychophysics,2022.2.5,None,
1,0,1,0,,,,,,,,,,,3.7412290573120117,0.026476578411405296,0.017311608961303463,2.840848837876205,-0.6925221126495478,1,,,,,,,,,435100,001,2025-07-15_10h27.01.014,Continuous_Psychophysics,2022.2.5,None,
1,0,1,0,,,,,,,,,,,3.7443490028381348,0.026476578411405296,0.017311608961303463,2.514433488774217,-0.20228591293520787,1,,,,,,,,,435100,001,2025-07-15_10h27.01.014,Continuous_Psychophysics,2022.2.5,None,
1,0,1,0,,,,,,,,,,,3.7582268714904785,0.026476578411405296,0.020366598778004074,2.904324459222892,-0.15229340479666598,1,,,,,,,,,435100,001,2025-07-15_10h27.01.014,Continuous_Psychophysics,2022.2.5,None,
1,0,1,0,,,,,,,,,,,3.762752056121826,0.026476578411405296,0.02240325865580448,2.8524283355384203,-0.2714628547883807,1,,,,,,,,,435100,001,2025-07-15_10h27.01.014,Continuous_Psychophysics,2022.2.5,None,
1,0,1,0,,,,,,,,,,,3.775399923324585,0.026476578411405296,0.023421588594704685,2.3567432746689363,-0.6534400991072049,1,,,,,,,,,435100,001,2025-07-15_10h27.01.014,Continuous_Psychophysics,2022.2.5,None,
1,0,1,0,,,,,,,,,,,3.7797911167144775,0.026476578411405296,0.024439918533604887,2.217447483199152,-0.9943947813569456,1,,,,,,,,,435100,001,2025-07-15_10h27.01.014,Continuous_Psychophysics,2022.2.5,None,
1,0,1,0,,,,,,,,,,,3.7926530838012695,0.026476578411405296,0.024439918533604887,2.114815085030177,-1.2102847830283952,1,,,,,,,,,435100,001,2025-07-15_10h27.01.014,Continuous_Psychophysics,2022.2.5,None,
1,0,1,0,,,,,,,,,,,3.7973639965057373,0.026476578411405296,0.024439918533604887,1.9786685360774494,-1.3363145793511226,1,,,,,,,,,435100,001,2025-07-15_10h27.01.014,Continuous_Psychophysics,2022.2.5,None,
1,0,1,0,,,,,,,,,,,3.8095858097076416,0.025458248472505093,0.024439918533604887,2.1618512261949636,-1.0807986066340103,1,,,,,,,,,435100,001,2025-07-15_10h27.01.014,Continuous_Psychophysics,2022.2.5,None,
1,0,1,0,,,,,,,,,,,3.814532995223999,0.024439918533604887,0.023421588594704685,1.5520412261715744,-0.6424714245658729,1,,,,,,,,,435100,001,2025-07-15_10h27.01.014,Continuous_Psychophysics,2022.2.5,None,
1,0,1,0,,,,,,,,,,,3.81939697265625,0.02240325865580448,0.020366598778004074,1.5124413367619525,-0.9963650581376121,1,,,,,,,,,435100,001,2025-07-15_10h27.01.014,Continuous_Psychophysics,2022.2.5,None,
1,0,1,0,,,,,,,,,,,3.8312480449676514,0.02240325865580448,0.018329938900203666,2.1419585355493367,-1.040275458696478,1,,,,,,,,,435100,001,2025-07-15_10h27.01.014,Continuous_Psychophysics,2022.2.5,None,
1,0,1,0,,,,,,,,,,,3.836817979812622,0.021384928716904276,0.015274949083503055,2.2230385643039607,-1.8667027280222572,1,,,,,,,,,435100,001,2025-07-15_10h27.01.014,Continuous_Psychophysics,2022.2.5,None,
1,0,1,0,,,,,,,,,,,3.8482868671417236,0.020366598778004074,0.01120162932790224,2.0419646864899494,-2.0542419822009537,1,,,,,,,,,435100,001,2025-07-15_10h27.01.014,Continuous_Psychophysics,2022.2.5,None,
1,0,1,0,,,,,,,,,,,3.852985143661499,0.020366598778004074,0.008146639511201629,2.1304795971872483,-2.1690741406882785,1,,,,,,,,,435100,001,2025-07-15_10h27.01.014,Continuous_Psychophysics,2022.2.5,None,
1,0,1,0,,,,,,,,,,,3.864640951156616,0.020366598778004074,0.0050916496945010185,2.334858769856516,-2.728273478640986,1,,,,,,,,,435100,001,2025-07-15_10h27.01.014,Continuous_Psychophysics,2022.2.5,None,
1,0,1,0,,,,,,,,,,,3.8694090843200684,0.021384928716904276,0.0010183299389002036,2.493168340873758,-3.035925924160833,1,,,,,,,,,435100,001,2025-07-15_10h27.01.014,Continuous_Psychophysics,2022.2.5,None,
1,0,1,0,,,,,,,,,,,3.8822550773620605,0.024439918533604887,-0.0010183299389002036,2.560469391445524,-3.2257965134051636,1,,,,,,,,,435100,001,2025-07-15_10h27.01.014,Continuous_Psychophysics,2022.2.5,None,
1,0,1,0,,,,,,,,,,,3.8866939544677734,0.03054989816700611,-0.0050916496945010185,2.4296529577093158,-3.5213894591474375,1,,,,,,,,,435100,001,2025-07-15_10h27.01.014,Continuous_Psychophysics,2022.2.5,None,
1,0,1,0,,,,,,,,,,,3.8993849754333496,0.04175152749490835,-0.010183299389002037,2.7238637598128745,-3.1891682122995793,1,,,,,,,,,435100,001,2025-07-15_10h27.01.014,Continuous_Psychophysics,2022.2.5,None,
1,0,1,0,,,,,,,,,,,3.9029200077056885,0.04175152749490835,-0.010183299389002037,2.487516492220151,-3.707997545126813,1,,,,,,,,,435100,001,2025-07-15_10h27.01.014,Continuous_Psychophysics,2022.2.5,None,
1,0,1,0,,,,,,,,,,,3.916347026824951,0.054989816700611,-0.014256619144602852,3.260341818730285,-3.7928282901841937,1,,,,,,,,,435100,001,2025-07-15_10h27.01.014,Continuous_Psychophysics,2022.2.5,None,
1,0,1,0,,,,,,,,,,,3.9204211235046387,0.054989816700611,-0.014256619144602852,3.208614970776114,-4.328009337917081,1,,,,,,,,,435100,001,2025-07-15_10h27.01.014,Continuous_Psychophysics,2022.2.5,None,
1,0,1,0,,,,,,,,,,,3.933978796005249,0.06517311608961303,-0.015274949083503055,3.3932636216607945,-4.247126156512194,1,,,,,,,,,435100,001,2025-07-15_10h27.01.014,Continuous_Psychophysics,2022.2.5,None,
1,0,1,0,,,,,,,,,,,3.9381649494171143,0.06517311608961303,-0.015274949083503055,3.5599214295250317,-4.155835383728032,1,,,,,,,,,435100,001,2025-07-15_10h27.01.014,Continuous_Psychophysics,2022.2.5,None,
1,0,1,0,,,,,,,,,,,3.9510457515716553,0.07433808553971487,-0.016293279022403257,3.589465745967746,-4.100045157328829,1,,,,,,,,,435100,001,2025-07-15_10h27.01.014,Continuous_Psychophysics,2022.2.5,None,
1,0,1,0,,,,,,,,,,,3.95524001121521,0.07433808553971487,-0.016293279022403257,3.85718632443628,-3.6525418339311178,1,,,,,,,,,435100,001,2025-07-15_10h27.01.014,Continuous_Psychophysics,2022.2.5,None,
1,0,1,0,,,,,,,,,,,3.9679648876190186,0.07942973523421588,-0.016293279022403257,3.8700207837815914,-3.197752346414891,1,,,,,,,,,435100,001,2025-07-15_10h27.01.014,Continuous_Psychophysics,2022.2.5,None,
1,0,1,0,,,,,,,,,,,3.972313165664673,0.08044806517311609,-0.016293279022403257,3.544994785164654,-3.1651609351482026,1,,,,,,,,,435100,001,2025-07-15_10h27.01.014,Continuous_Psychophysics,2022.2.5,None,
1,0,1,0,,,,,,,,,,,3.9848968982696533,0.0814663951120163,-0.015274949083503055,3.707656143338797,-4.006397937265392,1,,,,,,,,,435100,001,2025-07-15_10h27.01.014,Continuous_Psychophysics,2022.2.5,None,
1,0,1,0,,,,,,,,,,,3.989459991455078,0.0814663951120163,-0.014256619144602852,3.645903594584786,-4.274192153538646,1,,,,,,,,,435100,001,2025-07-15_10h27.01.014,Continuous_Psychophysics,2022.2.5,None,
1,0,1,0,,,,,,,,,,,3.9945971965789795,0.0814663951120163,-0.014256619144602852,3.9344882126071905,-4.448783601530122,1,,,,,,,,,435100,001,2025-07-15_10h27.01.014,Continuous_Psychophysics,2022.2.5,None,
1,0,1,0,,,,,,,,,,,4.006231069564819,0.08044806517311609,-0.013238289205702648,4.45541020752013,-4.076763575583148,1,,,,,,,,,435100,001,2025-07-15_10h27.01.014,Continuous_Psychophysics,2022.2.5,None,
1,0,1,0,,,,,,,,,,,4.013019800186157,0.07841140529531568,-0.012219959266802444,3.9757964651534654,-4.318877888474112,1,,,,,,,,,435100,001,2025-07-15_10h27.01.014,Continuous_Psychophysics,2022.2.5,None,
1,0,1,0,,,,,,,,,,,4.023498058319092,0.07433808553971487,-0.012219959266802444,4.501296688487717,-4.494573053810081,1,,,,,,,,,435100,001,2025-07-15_10h27.01.014,Continuous_Psychophysics,2022.2.5,None,
1,0,1,0,,,,,,,,,,,4.02829384803772,0.07433808553971487,-0.012219959266802444,4.641141681821335,-4.453254938182096,1,,,,,,,,,435100,001,2025-07-15_10h27.01.014,Continuous_Psychophysics,2022.2.5,None,
1,0,1,0,,,,,,,,,,,4.040488958358765,0.06619144602851323,-0.013238289205702648,4.431488088959798,-4.030747976946635,1,,,,,,,,,435100,001,2025-07-15_10h27.01.014,Continuous_Psychophysics,2022.2.5,None,
1,0,1,0,,,,,,,,,,,4.044980049133301,0.059063136456211814,-0.017311608961303463,4.455766931976263,-3.869140509249619,1,,,,,,,,,435100,001,2025-07-15_10h27.01.014,Continuous_Psychophysics,2022.2.5,None,
1,0,1,0,,,,,,,,,,,4.057531833648682,0.0539714867617108,-0.02240325865580448,4.466380672362265,-4.354842485299989,1,,,,,,,,,435100,001,2025-07-15_10h27.01.014,Continuous_Psychophysics,2022.2.5,None,
1,0,1,0,,,,,,,,,,,4.060871839523315,0.05091649694501019,-0.028513238289205704,4.897354277757339,-4.546511786614116,1,,,,,,,,,435100,001,2025-07-15_10h27.01.014,Continuous_Psychophysics,2022.2.5,None,
1,0,1,0,,,,,,,,,,,4.074524879455566,0.04786150712830957,-0.035641547861507125,5.15664570001055,-4.42845535625803,1,,,,,,,,,435100,001,2025-07-15_10h27.01.014,Continuous_Psychophysics,2022.2.5,None,
1,0,1,0,,,,,,,,,,,4.077771902084351,0.04684317718940937,-0.04378818737270876,5.438155164574265,-4.440110575077117,1,,,,,,,,,435100,001,2025-07-15_10h27.01.014,Continuous_Psychophysics,2022.2.5,None,
1,0,1,0,,,,,,,,,,,4.0916149616241455,0.04684317718940937,-0.05295315682281059,5.258857129494192,-4.511865663062511,1,,,,,,,,,435100,001,2025-07-15_10h27.01.014,Continuous_Psychophysics,2022.2.5,None,
1,0,1,0,,,,,,,,,,,4.095850944519043,0.04684317718940937,-0.062118126272912425,5.1656024895870996,-4.690892255220485,1,,,,,,,,,435100,001,2025-07-15_10h27.01.014,Continuous_Psychophysics,2022.2.5,None,
1,0,1,0,,,,,,,,,,,4.1090428829193115,0.048879837067209775,-0.07230142566191446,5.118900446650756,-3.8714461894099697,1,,,,,,,,,435100,001,2025-07-15_10h27.01.014,Continuous_Psychophysics,2022.2.5,None,
1,0,1,0,,,,,,,,,,,4.113626956939697,0.0560081466395112,-0.0845213849287169,5.218258328843743,-3.9206088146913203,1,,,,,,,,,435100,001,2025-07-15_10h27.01.014,Continuous_Psychophysics,2022.2.5,None,
1,0,1,0,,,,,,,,,,,4.126206874847412,0.06313645621181263,-0.09572301425661914,4.934828749484917,-3.4579482066523948,1,,,,,,,,,435100,001,2025-07-15_10h27.01.014,Continuous_Psychophysics,2022.2.5,None,
1,0,1,0,,,,,,,,,,,4.130448818206787,0.07128309572301425,-0.10692464358452139,4.910221454185096,-2.845419103037319,1,,,,,,,,,435100,001,2025-07-15_10h27.01.014,Continuous_Psychophysics,2022.2.5,None,
1,0,1,0,,,,,,,,,,,4.143142938613892,0.0814663951120163,-0.11608961303462322,5.3013727221290905,-3.0992872920782557,1,,,,,,,,,435100,001,2025-07-15_10h27.01.014,Continuous_Psychophysics,2022.2.5,None,
1,0,1,0,,,,,,,,,,,4.147572040557861,0.0855397148676171,-0.12016293279022404,5.499836805501208,-2.9173306557118988,1,,,,,,,,,435100,001,2025-07-15_10h27.01.014,Continuous_Psychophysics,2022.2.5,None,
1,0,1,0,,,,,,,,,,,4.160064935684204,0.09572301425661914,-0.12830957230142567,5.775465094306167,-2.795317954696703,1,,,,,,,,,435100,001,2025-07-15_10h27.01.014,Continuous_Psychophysics,2022.2.5,None,
1,0,1,0,,,,,,,,,,,4.1645801067352295,0.10386965376782077,-0.1334012219959267,5.775465094306167,-2.449862929651171,1,,,,,,,,,435100,001,2025-07-15_10h27.01.014,Continuous_Psychophysics,2022.2.5,None,
1,0,1,0,,,,,,,,,,,4.179378986358643,0.12627291242362526,-0.1425661914460285,5.775465094306167,-2.7204109689295297,1,,,,,,,,,435100,001,2025-07-15_10h27.01.014,Continuous_Psychophysics,2022.2.5,None,
1,0,1,0,,,,,,,,,,,4.193609952926636,0.13747454175152748,-0.1446028513238289,5.982699686254285,-2.621792987593062,1,,,,,,,,,435100,001,2025-07-15_10h27.01.014,Continuous_Psychophysics,2022.2.5,None,
1,0,1,0,,,,,,,,,,,4.197800874710083,0.13747454175152748,-0.1446028513238289,5.72106808363791,-2.9619807595380347,1,,,,,,,,,435100,001,2025-07-15_10h27.01.014,Continuous_Psychophysics,2022.2.5,None,
1,0,1,0,,,,,,,,,,,4.202437877655029,0.14562118126272913,-0.14562118126272913,5.154423166919057,-3.1771083276536833,1,,,,,,,,,435100,001,2025-07-15_10h27.01.014,Continuous_Psychophysics,2022.2.5,None,
1,0,1,0,,,,,,,,,,,4.214766979217529,0.15885947046843177,-0.15071283095723015,4.756128978362835,-3.0631514963205464,1,,,,,,,,,435100,001,2025-07-15_10h27.01.014,Continuous_Psychophysics,2022.2.5,None,
1,0,1,0,,,,,,,,,,,4.21911096572876,0.15885947046843177,-0.15071283095723015,4.599535316835716,-2.780659001069906,1,,,,,,,,,435100,001,2025-07-15_10h27.01.014,Continuous_Psychophysics,2022.2.5,None,
1,0,1,0,,,,,,,,,,,4.231820106506348,0.17209775967413443,-0.15784114052953158,4.339201364797969,-3.500921840622362,1,,,,,,,,,435100,001,2025-07-15_10h27.01.014,Continuous_Psychophysics,2022.2.5,None,
1,0,1,0,,,,,,,,,,,4.23580002784729,0.17209775967413443,-0.15784114052953158,4.472022450397337,-3.39245014609581,1,,,,,,,,,435100,001,2025-07-15_10h27.01.014,Continuous_Psychophysics,2022.2.5,None,
1,0,1,0,,,,,,,,,,,4.2489049434661865,0.18228105906313646,-0.1670061099796334,4.754206088292308,-3.4504934027349643,1,,,,,,,,,435100,001,2025-07-15_10h27.01.014,Continuous_Psychophysics,2022.2.5,None,
1,0,1,0,,,,,,,,,,,4.252387046813965,0.18228105906313646,-0.1670061099796334,5.026905082949537,-3.591175497735306,1,,,,,,,,,435100,001,2025-07-15_10h27.01.014,Continuous_Psychophysics,2022.2.5,None,
1,0,1,0,,,,,,,,,,,4.265979766845703,0.19042769857433808,-0.17617107942973523,5.181066145084546,-3.072496004513507,1,,,,,,,,,435100,001,2025-07-15_10h27.01.014,Continuous_Psychophysics,2022.2.5,None,
1,0,1,0,,,,,,,,,,,4.269989013671875,0.19042769857433808,-0.17617107942973523,4.944371239463157,-3.477683525376798,1,,,,,,,,,435100,001,2025-07-15_10h27.01.014,Continuous_Psychophysics,2022.2.5,None,
1,0,1,0,,,,,,,,,,,4.283215045928955,0.1985743380855397,-0.18329938900203666,5.392178369549001,-3.5568267956104926,1,,,,,,,,,435100,001,2025-07-15_10h27.01.014,Continuous_Psychophysics,2022.2.5,None,
1,0,1,0,,,,,,,,,,,4.287102937698364,0.1985743380855397,-0.18329938900203666,5.39179025839838,-3.747952971021935,1,,,,,,,,,435100,001,2025-07-15_10h27.01.014,Continuous_Psychophysics,2022.2.5,None,
1,0,1,0,,,,,,,,,,,4.300717115402222,0.20570264765784113,-0.18839103869653767,5.695244227034346,-4.230627752571653,1,,,,,,,,,435100,001,2025-07-15_10h27.01.014,Continuous_Psychophysics,2022.2.5,None,
1,0,1,0,,,,,,,,,,,4.305225849151611,0.20977596741344195,-0.19042769857433808,5.749233949617825,-3.4744935580183123,1,,,,,,,,,435100,001,2025-07-15_10h27.01.014,Continuous_Psychophysics,2022.2.5,None,
1,0,1,0,,,,,,,,,,,4.317806005477905,0.21079429735234215,-0.19042769857433808,5.455842408610861,-3.175720020190294,1,,,,,,,,,435100,001,2025-07-15_10h27.01.014,Continuous_Psychophysics,2022.2.5,None,
1,0,1,0,,,,,,,,,,,4.322568893432617,0.21384928716904278,-0.19144602851323828,5.5548185206461005,-2.811911445020745,1,,,,,,,,,435100,001,2025-07-15_10h27.01.014,Continuous_Psychophysics,2022.2.5,None,
1,0,1,0,,,,,,,,,,,4.334673881530762,0.21690427698574338,-0.1924643584521385,5.5335866555739415,-2.9298439748783687,1,,,,,,,,,435100,001,2025-07-15_10h27.01.014,Continuous_Psychophysics,2022.2.5,None,
1,0,1,0,,,,,,,,,,,4.339165925979614,0.219959266802444,-0.1924643584521385,5.9322401595942145,-2.5924023219285672,1,,,,,,,,,435100,001,2025-07-15_10h27.01.014,Continuous_Psychophysics,2022.2.5,None,
1,0,1,0,,,,,,,,,,,4.35192084312439,0.2219959266802444,-0.1924643584521385,5.70581005856837,-3.124899625182204,1,,,,,,,,,435100,001,2025-07-15_10h27.01.014,Continuous_Psychophysics,2022.2.5,None,
1,0,1,0,,,,,,,,,,,4.356441974639893,0.2230142566191446,-0.1924643584521385,5.3974661810598805,-2.953957804325784,1,,,,,,,,,435100,001,2025-07-15_10h27.01.014,Continuous_Psychophysics,2022.2.5,None,
1,0,1,0,,,,,,,,,,,4.361654043197632,0.225050916496945,-0.1924643584521385,5.300685282171074,-3.3301022989885785,1,,,,,,,,,435100,001,2025-07-15_10h27.01.014,Continuous_Psychophysics,2022.2.5,None,
1,0,1,0,,,,,,,,,,,4.373541831970215,0.225050916496945,-0.1924643584521385,5.681908966167909,-2.8818933837367764,1,,,,,,,,,435100,001,2025-07-15_10h27.01.014,Continuous_Psychophysics,2022.2.5,None,
1,0,1,0,,,,,,,,,,,4.37890100479126,0.22606924643584522,-0.19042769857433808,5.681908966167909,-3.173933516448665,1,,,,,,,,,435100,001,2025-07-15_10h27.01.014,Continuous_Psychophysics,2022.2.5,None,
1,0,1,0,,,,,,,,,,,4.390516042709351,0.22708757637474541,-0.1894093686354379,5.868287314278259,-3.0387711548699854,1,,,,,,,,,435100,001,2025-07-15_10h27.01.014,Continuous_Psychophysics,2022.2.5,None,
1,0,1,0,,,,,,,,,,,4.394559860229492,0.22708757637474541,-0.18533604887983707,5.624000774505308,-3.25024756755716,1,,,,,,,,,435100,001,2025-07-15_10h27.01.014,Continuous_Psychophysics,2022.2.5,None,
1,0,1,0,,,,,,,,,,,4.407601833343506,0.22708757637474541,-0.18126272912423624,5.3043918842795845,-2.8174714244757504,1,,,,,,,,,435100,001,2025-07-15_10h27.01.014,Continuous_Psychophysics,2022.2.5,None,
1,0,1,0,,,,,,,,,,,4.411597967147827,0.225050916496945,-0.17413441955193482,5.810139470492892,-2.688845572438511,1,,,,,,,,,435100,001,2025-07-15_10h27.01.014,Continuous_Psychophysics,2022.2.5,None,
1,0,1,0,,,,,,,,,,,4.424612045288086,0.2209775967413442,-0.164969450101833,5.162925074363504,-2.1225564367586927,1,,,,,,,,,435100,001,2025-07-15_10h27.01.014,Continuous_Psychophysics,2022.2.5,None,
1,0,1,0,,,,,,,,,,,4.4281511306762695,0.21690427698574338,-0.15478615071283094,5.117983237708062,-2.403202530041651,1,,,,,,,,,435100,001,2025-07-15_10h27.01.014,Continuous_Psychophysics,2022.2.5,None,
1,0,1,0,,,,,,,,,,,4.441865921020508,0.21384928716904278,-0.14562118126272913,5.205290251410494,-2.2396149522911815,1,,,,,,,,,435100,001,2025-07-15_10h27.01.014,Continuous_Psychophysics,2022.2.5,None,
1,0,1,0,,,,,,,,,,,4.446190118789673,0.21384928716904278,-0.14562118126272913,5.784041012545317,-2.220595698682465,1,,,,,,,,,435100,001,2025-07-15_10h27.01.014,Continuous_Psychophysics,2022.2.5,None,
1,0,1,0,,,,,,,,,,,4.459119081497192,0.20773930753564154,-0.1354378818737271,5.694871872432919,-2.461103983400214,1,,,,,,,,,435100,001,2025-07-15_10h27.01.014,Continuous_Psychophysics,2022.2.5,None,
1,0,1,0,,,,,,,,,,,4.463291883468628,0.20773930753564154,-0.1354378818737271,5.509209957658754,-2.9277497029933053,1,,,,,,,,,435100,001,2025-07-15_10h27.01.014,Continuous_Psychophysics,2022.2.5,None,
1,0,1,0,,,,,,,,,,,4.476179838180542,0.20366598778004075,-0.12932790224032586,5.90253728085863,-3.0195317382885305,1,,,,,,,,,435100,001,2025-07-15_10h27.01.014,Continuous_Psychophysics,2022.2.5,None,
1,0,1,0,,,,,,,,,,,4.480624198913574,0.20366598778004075,-0.12932790224032586,5.547316893074935,-2.9956323110816756,1,,,,,,,,,435100,001,2025-07-15_10h27.01.014,Continuous_Psychophysics,2022.2.5,None,
1,0,1,0,,,,,,,,,,,4.493484020233154,0.20061099796334012,-0.12729124236252545,5.547316893074935,-2.8622903824514743,1,,,,,,,,,435100,001,2025-07-15_10h27.01.014,Continuous_Psychophysics,2022.2.5,None,
1,0,1,0,,,,,,,,,,,4.498022794723511,0.20061099796334012,-0.12729124236252545,5.560178241155196,-2.8632672102436776,1,,,,,,,,,435100,001,2025-07-15_10h27.01.014,Continuous_Psychophysics,2022.2.5,None,
1,0,1,0,,,,,,,,,,,4.502525806427002,0.20061099796334012,-0.12729124236252545,5.668025501661873,-3.0553431701387117,1,,,,,,,,,435100,001,2025-07-15_10h27.01.014,Continuous_Psychophysics,2022.2.5,None,
1,0,1,0,,,,,,,,,,,4.514863014221191,0.1985743380855397,-0.12729124236252545,5.330381067579341,-2.8643864590085966,1,,,,,,,,,435100,001,2025-07-15_10h27.01.014,Continuous_Psychophysics,2022.2.5,None,
1,0,1,0,,,,,,,,,,,4.519382953643799,0.1985743380855397,-0.12729124236252545,5.874409188304253,-3.4977616817704873,1,,,,,,,,,435100,001,2025-07-15_10h27.01.014,Continuous_Psychophysics,2022.2.5,None,
1,0,1,0,,,,,,,,,,,4.531792163848877,0.1985743380855397,-0.12729124236252545,5.600180586615233,-2.9425532119760303,1,,,,,,,,,435100,001,2025-07-15_10h27.01.014,Continuous_Psychophysics,2022.2.5,None,
1,0,1,0,,,,,,,,,,,4.535995960235596,0.1985743380855397,-0.12729124236252545,5.379349660818868,-3.238834897314645,1,,,,,,,,,435100,001,2025-07-15_10h27.01.014,Continuous_Psychophysics,2022.2.5,None,
1,0,1,0,,,,,,,,,,,4.54899001121521,0.1985743380855397,-0.12627291242362526,4.965597422093385,-3.5439835215787294,1,,,,,,,,,435100,001,2025-07-15_10h27.01.014,Continuous_Psychophysics,2022.2.5,None,
1,0,1,0,,,,,,,,,,,4.552355051040649,0.1985743380855397,-0.12627291242362526,4.584715324097009,-3.231633343155956,1,,,,,,,,,435100,001,2025-07-15_10h27.01.014,Continuous_Psychophysics,2022.2.5,None,
1,0,1,0,,,,,,,,,,,4.5659661293029785,0.19959266802443992,-0.12627291242362526,3.948909744015977,-3.7136903897380673,1,,,,,,,,,435100,001,2025-07-15_10h27.01.014,Continuous_Psychophysics,2022.2.5,None,
1,0,1,0,,,,,,,,,,,4.569788932800293,0.19959266802443992,-0.12627291242362526,3.7404856139655394,-3.791809951435893,1,,,,,,,,,435100,001,2025-07-15_10h27.01.014,Continuous_Psychophysics,2022.2.5,None,
1,0,1,0,,,,,,,,,,,4.582981109619141,0.20162932790224034,-0.12525458248472504,3.9840095132117463,-3.6593934467701414,1,,,,,,,,,435100,001,2025-07-15_10h27.01.014,Continuous_Psychophysics,2022.2.5,None,
1,0,1,0,,,,,,,,,,,4.585632085800171,0.20162932790224034,-0.12525458248472504,4.297146663854276,-3.2798919992149065,1,,,,,,,,,435100,001,2025-07-15_10h27.01.014,Continuous_Psychophysics,2022.2.5,None,
1,0,1,0,,,,,,,,,,,4.600136995315552,0.20366598778004075,-0.12525458248472504,4.4297295929347955,-2.745085438004391,1,,,,,,,,,435100,001,2025-07-15_10h27.01.014,Continuous_Psychophysics,2022.2.5,None,
1,0,1,0,,,,,,,,,,,4.604250192642212,0.20468431771894094,-0.12423625254582485,4.666703803568287,-2.7732764625286634,1,,,,,,,,,435100,001,2025-07-15_10h27.01.014,Continuous_Psychophysics,2022.2.5,None,
1,0,1,0,,,,,,,,,,,4.617214918136597,0.20570264765784113,-0.12423625254582485,4.5493180427322235,-2.995003800044207,1,,,,,,,,,435100,001,2025-07-15_10h27.01.014,Continuous_Psychophysics,2022.2.5,None,
1,0,1,0,,,,,,,,,,,4.621558904647827,0.20570264765784113,-0.12423625254582485,5.0106018274776805,-3.126583243483068,1,,,,,,,,,435100,001,2025-07-15_10h27.01.014,Continuous_Psychophysics,2022.2.5,None,
1,0,1,0,,,,,,,,,,,4.634467124938965,0.20672097759674135,-0.12423625254582485,5.186062414581975,-2.876027817543837,1,,,,,,,,,435100,001,2025-07-15_10h27.01.014,Continuous_Psychophysics,2022.2.5,None,
1,0,1,0,,,,,,,,,,,4.638960123062134,0.20672097759674135,-0.12423625254582485,5.85243425545659,-2.835267025564708,1,,,,,,,,,435100,001,2025-07-15_10h27.01.014,Continuous_Psychophysics,2022.2.5,None,
1,0,1,0,,,,,,,,,,,4.651623964309692,0.20672097759674135,-0.12423625254582485,5.667353463805909,-2.8482963524372993,1,,,,,,,,,435100,001,2025-07-15_10h27.01.014,Continuous_Psychophysics,2022.2.5,None,
1,0,1,0,,,,,,,,,,,4.656335115432739,0.20672097759674135,-0.12423625254582485,5.71741884315414,-2.990871583315935,1,,,,,,,,,435100,001,2025-07-15_10h27.01.014,Continuous_Psychophysics,2022.2.5,None,
1,0,1,0,,,,,,,,,,,4.661178112030029,0.20773930753564154,-0.12321792260692464,4.824447451981289,-3.26874707092964,1,,,,,,,,,435100,001,2025-07-15_10h27.01.014,Continuous_Psychophysics,2022.2.5,None,
1,0,1,0,,,,,,,,,,,4.672926902770996,0.20773930753564154,-0.12321792260692464,5.639065211609273,-2.927223384283933,1,,,,,,,,,435100,001,2025-07-15_10h27.01.014,Continuous_Psychophysics,2022.2.5,None,
1,0,1,0,,,,,,,,,,,4.6777989864349365,0.20773930753564154,-0.12321792260692464,5.553473241274728,-2.9519255919067615,1,,,,,,,,,435100,001,2025-07-15_10h27.01.014,Continuous_Psychophysics,2022.2.5,None,
1,0,1,0,,,,,,,,,,,4.6900107860565186,0.20977596741344195,-0.12219959266802444,5.319627177044415,-3.1037841007862776,1,,,,,,,,,435100,001,2025-07-15_10h27.01.014,Continuous_Psychophysics,2022.2.5,None,
1,0,1,0,,,,,,,,,,,4.6943159103393555,0.21079429735234215,-0.12118126272912423,5.410691621249196,-3.619110810743422,1,,,,,,,,,435100,001,2025-07-15_10h27.01.014,Continuous_Psychophysics,2022.2.5,None,
1,0,1,0,,,,,,,,,,,4.707085132598877,0.21283095723014256,-0.12016293279022404,5.770721046165135,-3.4734336223077356,1,,,,,,,,,435100,001,2025-07-15_10h27.01.014,Continuous_Psychophysics,2022.2.5,None,
1,0,1,0,,,,,,,,,,,4.71113395690918,0.21486761710794297,-0.11812627291242363,5.595416153227829,-3.813618842266441,1,,,,,,,,,435100,001,2025-07-15_10h27.01.014,Continuous_Psychophysics,2022.2.5,None,
1,0,1,0,,,,,,,,,,,4.724112033843994,0.2219959266802444,-0.11507128309572301,5.6594406406658715,-3.5654818416424026,1,,,,,,,,,435100,001,2025-07-15_10h27.01.014,Continuous_Psychophysics,2022.2.5,None,
1,0,1,0,,,,,,,,,,,4.727055072784424,0.2219959266802444,-0.11507128309572301,5.050640541640651,-3.122659515692966,1,,,,,,,,,435100,001,2025-07-15_10h27.01.014,Continuous_Psychophysics,2022.2.5,None,
1,0,1,0,,,,,,,,,,,4.7412941455841064,0.22810590631364563,-0.1109979633401222,5.221353980696984,-3.010521381549159,1,,,,,,,,,435100,001,2025-07-15_10h27.01.014,Continuous_Psychophysics,2022.2.5,None,
1,0,1,0,,,,,,,,,,,4.745736837387085,0.22810590631364563,-0.1109979633401222,4.833922448821873,-2.9531472447187057,1,,,,,,,,,435100,001,2025-07-15_10h27.01.014,Continuous_Psychophysics,2022.2.5,None,
1,0,1,0,,,,,,,,,,,4.75845193862915,0.23421588594704684,-0.1079429735234216,4.808496944150738,-3.0388586957629125,1,,,,,,,,,435100,001,2025-07-15_10h27.01.014,Continuous_Psychophysics,2022.2.5,None,
1,0,1,0,,,,,,,,,,,4.762624025344849,0.23421588594704684,-0.1079429735234216,4.779163161033143,-3.0741413444292234,1,,,,,,,,,435100,001,2025-07-15_10h27.01.014,Continuous_Psychophysics,2022.2.5,None,
1,0,1,0,,,,,,,,,,,4.77573299407959,0.23930753564154786,-0.10590631364562118,4.699311645788356,-2.8885734990126837,1,,,,,,,,,435100,001,2025-07-15_10h27.01.014,Continuous_Psychophysics,2022.2.5,None,
1,0,1,0,,,,,,,,,,,4.780236005783081,0.24032586558044808,-0.10488798370672098,4.729266364062807,-2.8218746974167894,1,,,,,,,,,435100,001,2025-07-15_10h27.01.014,Continuous_Psychophysics,2022.2.5,None,
1,0,1,0,,,,,,,,,,,4.792845964431763,0.24134419551934827,-0.10488798370672098,4.487275194674556,-3.1413901434733944,1,,,,,,,,,435100,001,2025-07-15_10h27.01.014,Continuous_Psychophysics,2022.2.5,None,
1,0,1,0,,,,,,,,,,,4.797744035720825,0.24236252545824846,-0.10386965376782077,4.842562882617825,-3.0308972901397024,1,,,,,,,,,435100,001,2025-07-15_10h27.01.014,Continuous_Psychophysics,2022.2.5,None,
1,0,1,0,,,,,,,,,,,4.809808969497681,0.24236252545824846,-0.10386965376782077,4.951883025966962,-2.8819970729191464,1,,,,,,,,,435100,001,2025-07-15_10h27.01.014,Continuous_Psychophysics,2022.2.5,None,
1,0,1,0,,,,,,,,,,,4.81476092338562,0.24236252545824846,-0.10386965376782077,4.926984418086692,-3.2339162732978117,1,,,,,,,,,435100,001,2025-07-15_10h27.01.014,Continuous_Psychophysics,2022.2.5,None,
1,0,1,0,,,,,,,,,,,4.819253921508789,0.24236252545824846,-0.10386965376782077,4.877180264578435,-2.9178891028432608,1,,,,,,,,,435100,001,2025-07-15_10h27.01.014,Continuous_Psychophysics,2022.2.5,None,
1,0,1,0,,,,,,,,,,,4.8316028118133545,0.24236252545824846,-0.10285132382892057,4.871057050107435,-3.026450632810881,1,,,,,,,,,435100,001,2025-07-15_10h27.01.014,Continuous_Psychophysics,2022.2.5,None,
1,0,1,0,,,,,,,,,,,4.836080074310303,0.24236252545824846,-0.10285132382892057,5.103053046589769,-3.217920673453311,1,,,,,,,,,435100,001,2025-07-15_10h27.01.014,Continuous_Psychophysics,2022.2.5,None,
1,0,1,0,,,,,,,,,,,4.848702907562256,0.24236252545824846,-0.10081466395112017,4.438738432173571,-3.491067105348393,1,,,,,,,,,435100,001,2025-07-15_10h27.01.014,Continuous_Psychophysics,2022.2.5,None,
1,0,1,0,,,,,,,,,,,4.85267186164856,0.24236252545824846,-0.10081466395112017,4.970789043468103,-3.53432851035945,1,,,,,,,,,435100,001,2025-07-15_10h27.01.014,Continuous_Psychophysics,2022.2.5,None,
1,0,1,0,,,,,,,,,,,4.865717887878418,0.24134419551934827,-0.09775967413441955,5.166943788325003,-2.9780772062395933,1,,,,,,,,,435100,001,2025-07-15_10h27.01.014,Continuous_Psychophysics,2022.2.5,None,
1,0,1,0,,,,,,,,,,,4.869674921035767,0.24134419551934827,-0.09572301425661914,4.914079105745104,-3.003905006211174,1,,,,,,,,,435100,001,2025-07-15_10h27.01.014,Continuous_Psychophysics,2022.2.5,None,
1,0,1,0,,,,,,,,,,,4.882668972015381,0.24134419551934827,-0.09470468431771895,4.985418595042486,-3.027159564653407,1,,,,,,,,,435100,001,2025-07-15_10h27.01.014,Continuous_Psychophysics,2022.2.5,None,
1,0,1,0,,,,,,,,,,,4.886698007583618,0.24134419551934827,-0.09266802443991853,4.465128956255378,-2.784242476752352,1,,,,,,,,,435100,001,2025-07-15_10h27.01.014,Continuous_Psychophysics,2022.2.5,None,
1,0,1,0,,,,,,,,,,,4.899765968322754,0.24134419551934827,-0.09063136456211812,4.818130229525519,-2.5613444848294993,1,,,,,,,,,435100,001,2025-07-15_10h27.01.014,Continuous_Psychophysics,2022.2.5,None,
1,0,1,0,,,,,,,,,,,4.902747869491577,0.24134419551934827,-0.08961303462321792,4.809739386891324,-2.413121226343033,1,,,,,,,,,435100,001,2025-07-15_10h27.01.014,Continuous_Psychophysics,2022.2.5,None,
1,0,1,0,,,,,,,,,,,4.916998863220215,0.24134419551934827,-0.08757637474541752,4.969896964568079,-2.39101656872561,1,,,,,,,,,435100,001,2025-07-15_10h27.01.014,Continuous_Psychophysics,2022.2.5,None,
1,0,1,0,,,,,,,,,,,4.921437978744507,0.24134419551934827,-0.08655804480651731,5.210391506847636,-2.989900001075573,1,,,,,,,,,435100,001,2025-07-15_10h27.01.014,Continuous_Psychophysics,2022.2.5,None,
1,0,1,0,,,,,,,,,,,4.934280872344971,0.24338085539714868,-0.0855397148676171,5.326772374831771,-2.7653523146382577,1,,,,,,,,,435100,001,2025-07-15_10h27.01.014,Continuous_Psychophysics,2022.2.5,None,
1,0,1,0,,,,,,,,,,,4.939192056655884,0.24439918533604887,-0.0845213849287169,5.2276753426462115,-2.7240092916541485,1,,,,,,,,,435100,001,2025-07-15_10h27.01.014,Continuous_Psychophysics,2022.2.5,None,
1,0,1,0,,,,,,,,,,,4.951152801513672,0.2454175152749491,-0.0835030549898167,5.294640540614538,-2.4904455439009823,1,,,,,,,,,435100,001,2025-07-15_10h27.01.014,Continuous_Psychophysics,2022.2.5,None,
1,0,1,0,,,,,,,,,,,4.955794811248779,0.24643584521384929,-0.0824847250509165,5.550801122706167,-2.753728201815708,1,,,,,,,,,435100,001,2025-07-15_10h27.01.014,Continuous_Psychophysics,2022.2.5,None,
1,0,1,0,,,,,,,,,,,4.969120025634766,0.2484725050916497,-0.0814663951120163,5.077613254424135,-2.5973267679784136,1,,,,,,,,,435100,001,2025-07-15_10h27.01.014,Continuous_Psychophysics,2022.2.5,None,
1,0,1,0,,,,,,,,,,,4.9735260009765625,0.2484725050916497,-0.0814663951120163,5.369784456627738,-2.4166573005427106,1,,,,,,,,,435100,001,2025-07-15_10h27.01.014,Continuous_Psychophysics,2022.2.5,None,
1,0,1,0,,,,,,,,,,,4.977466106414795,0.2484725050916497,-0.0814663951120163,5.238139130815733,-2.094331836780034,1,,,,,,,,,435100,001,2025-07-15_10h27.01.014,Continuous_Psychophysics,2022.2.5,None,
1,0,1,0,,,,,,,,,,,4.990422964096069,0.2494908350305499,-0.0814663951120163,5.01446421643118,-1.5953217067063739,1,,,,,,,,,435100,001,2025-07-15_10h27.01.014,Continuous_Psychophysics,2022.2.5,None,
1,0,1,0,,,,,,,,,,,4.99432897567749,0.2494908350305499,-0.0814663951120163,4.8985800162970765,-1.3768915090517704,1,,,,,,,,,435100,001,2025-07-15_10h27.01.014,Continuous_Psychophysics,2022.2.5,None,
1,0,1,0,,,,,,,,,,,5.007483005523682,0.2494908350305499,-0.0814663951120163,4.719824238891977,-1.4353925047866345,1,,,,,,,,,435100,001,2025-07-15_10h27.01.014,Continuous_Psychophysics,2022.2.5,None,
1,0,1,0,,,,,,,,,,,5.0118629932403564,0.2494908350305499,-0.0814663951120163,4.949645237357446,-1.987422172009476,1,,,,,,,,,435100,001,2025-07-15_10h27.01.014,Continuous_Psychophysics,2022.2.5,None,
1,0,1,0,,,,,,,,,,,5.024335145950317,0.2494908350305499,-0.0814663951120163,4.935212290142357,-2.474830210979009,1,,,,,,,,,435100,001,2025-07-15_10h27.01.014,Continuous_Psychophysics,2022.2.5,None,
1,0,1,0,,,,,,,,,,,5.027415990829468,0.2494908350305499,-0.0814663951120163,4.617549659589152,-2.4086041953296466,1,,,,,,,,,435100,001,2025-07-15_10h27.01.014,Continuous_Psychophysics,2022.2.5,None,
1,0,1,0,,,,,,,,,,,5.041985988616943,0.24338085539714868,-0.0814663951120163,4.364667994060678,-2.3711203470121,1,,,,,,,,,435100,001,2025-07-15_10h27.01.014,Continuous_Psychophysics,2022.2.5,None,
1,0,1,0,,,,,,,,,,,5.0466179847717285,0.23727087576374745,-0.0845213849287169,4.528121028450157,-2.5309490251274145,1,,,,,,,,,435100,001,2025-07-15_10h27.01.014,Continuous_Psychophysics,2022.2.5,None,
1,0,1,0,,,,,,,,,,,5.05942702293396,0.23217922606924643,-0.08757637474541752,4.07504891607427,-2.7266143837184282,1,,,,,,,,,435100,001,2025-07-15_10h27.01.014,Continuous_Psychophysics,2022.2.5,None,
1,0,1,0,,,,,,,,,,,5.063982009887695,0.22810590631364563,-0.08961303462321792,3.8866044257608285,-2.3433521557546615,1,,,,,,,,,435100,001,2025-07-15_10h27.01.014,Continuous_Psychophysics,2022.2.5,None,
1,0,1,0,,,,,,,,,,,5.076581001281738,0.2219959266802444,-0.09368635437881874,3.9347316664080063,-2.7805472236163085,1,,,,,,,,,435100,001,2025-07-15_10h27.01.014,Continuous_Psychophysics,2022.2.5,None,
1,0,1,0,,,,,,,,,,,5.081350803375244,0.21486761710794297,-0.09775967413441955,4.134793405579592,-3.0168205895343587,1,,,,,,,,,435100,001,2025-07-15_10h27.01.014,Continuous_Psychophysics,2022.2.5,None,
1,0,1,0,,,,,,,,,,,5.086037874221802,0.21486761710794297,-0.09775967413441955,4.661667023879033,-3.6569766093283036,1,,,,,,,,,435100,001,2025-07-15_10h27.01.014,Continuous_Psychophysics,2022.2.5,None,
1,0,1,0,,,,,,,,,,,5.098315954208374,0.20264765784114053,-0.10488798370672098,4.552993088571271,-3.952964211053991,1,,,,,,,,,435100,001,2025-07-15_10h27.01.014,Continuous_Psychophysics,2022.2.5,None,
1,0,1,0,,,,,,,,,,,5.102682113647461,0.20264765784114053,-0.10488798370672098,4.434588425252599,-3.81066383356687,1,,,,,,,,,435100,001,2025-07-15_10h27.01.014,Continuous_Psychophysics,2022.2.5,None,
1,0,1,0,,,,,,,,,,,5.115307092666626,0.19653767820773932,-0.1079429735234216,4.6777450989386935,-3.766503978892845,1,,,,,,,,,435100,001,2025-07-15_10h27.01.014,Continuous_Psychophysics,2022.2.5,None,
1,0,1,0,,,,,,,,,,,5.120275020599365,0.1934826883910387,-0.10896130346232179,5.026300504690237,-4.239993670900455,1,,,,,,,,,435100,001,2025-07-15_10h27.01.014,Continuous_Psychophysics,2022.2.5,None,
1,0,1,0,,,,,,,,,,,5.132442951202393,0.19144602851323828,-0.1109979633401222,5.236415818899436,-4.095075552759484,1,,,,,,,,,435100,001,2025-07-15_10h27.01.014,Continuous_Psychophysics,2022.2.5,None,
1,0,1,0,,,,,,,,,,,5.1368279457092285,0.19042769857433808,-0.1109979633401222,5.317179729130131,-4.066510648035599,1,,,,,,,,,435100,001,2025-07-15_10h27.01.014,Continuous_Psychophysics,2022.2.5,None,
1,0,1,0,,,,,,,,,,,5.149483919143677,0.1894093686354379,-0.1120162932790224,5.275730102209212,-4.459816689135978,1,,,,,,,,,435100,001,2025-07-15_10h27.01.014,Continuous_Psychophysics,2022.2.5,None,
1,0,1,0,,,,,,,,,,,5.1540539264678955,0.18839103869653767,-0.1120162932790224,5.222384293086895,-4.340830951476319,1,,,,,,,,,435100,001,2025-07-15_10h27.01.014,Continuous_Psychophysics,2022.2.5,None,
1,0,1,0,,,,,,,,,,,5.166601896286011,0.18839103869653767,-0.1120162932790224,5.146776746148369,-4.188422967661952,1,,,,,,,,,435100,001,2025-07-15_10h27.01.014,Continuous_Psychophysics,2022.2.5,None,
1,0,1,0,,,,,,,,,,,5.171041011810303,0.18839103869653767,-0.1120162932790224,4.813321911611454,-4.031643452982627,1,,,,,,,,,435100,001,2025-07-15_10h27.01.014,Continuous_Psychophysics,2022.2.5,None,
1,0,1,0,,,,,,,,,,,5.183604955673218,0.18839103869653767,-0.109979633401222,5.186824090899866,-4.152740595138841,1,,,,,,,,,435100,001,2025-07-15_10h27.01.014,Continuous_Psychophysics,2022.2.5,None,
1,0,1,0,,,,,,,,,,,5.187927007675171,0.18839103869653767,-0.10896130346232179,5.161515401720728,-3.53151525639014,1,,,,,,,,,435100,001,2025-07-15_10h27.01.014,Continuous_Psychophysics,2022.2.5,None,
1,0,1,0,,,,,,,,,,,5.200709104537964,0.1894093686354379,-0.10692464358452139,5.146597847420013,-3.87979446053153,1,,,,,,,,,435100,001,2025-07-15_10h27.01.014,Continuous_Psychophysics,2022.2.5,None,
1,0,1,0,,,,,,,,,,,5.205240964889526,0.19042769857433808,-0.10488798370672098,5.216522490457217,-3.628076437839406,1,,,,,,,,,435100,001,2025-07-15_10h27.01.014,Continuous_Psychophysics,2022.2.5,None,
1,0,1,0,,,,,,,,,,,5.217768907546997,0.19144602851323828,-0.10285132382892057,5.53372605144045,-3.730496022654713,1,,,,,,,,,435100,001,2025-07-15_10h27.01.014,Continuous_Psychophysics,2022.2.5,None,
1,0,1,0,,,,,,,,,,,5.222414970397949,0.1924643584521385,-0.10183299389002037,5.566040948091434,-3.089525177304009,1,,,,,,,,,435100,001,2025-07-15_10h27.01.014,Continuous_Psychophysics,2022.2.5,None,
1,0,1,0,,,,,,,,,,,5.2352399826049805,0.1945010183299389,-0.09979633401221996,5.703366306254571,-3.220949258843172,1,,,,,,,,,435100,001,2025-07-15_10h27.01.014,Continuous_Psychophysics,2022.2.5,None,
1,0,1,0,,,,,,,,,,,5.239538908004761,0.1945010183299389,-0.09979633401221996,5.698548272923368,-3.0485056332446723,1,,,,,,,,,435100,001,2025-07-15_10h27.01.014,Continuous_Psychophysics,2022.2.5,None,
1,0,1,0,,,,,,,,,,,5.2446088790893555,0.1945010183299389,-0.09877800407331976,5.600084559276414,-2.7111878535028624,1,,,,,,,,,435100,001,2025-07-15_10h27.01.014,Continuous_Psychophysics,2022.2.5,None,
1,0,1,0,,,,,,,,,,,5.256519794464111,0.1955193482688391,-0.09877800407331976,5.876735174556494,-2.8287616530858744,1,,,,,,,,,435100,001,2025-07-15_10h27.01.014,Continuous_Psychophysics,2022.2.5,None,
1,0,1,0,,,,,,,,,,,5.261122941970825,0.1955193482688391,-0.09877800407331976,5.619541679074919,-2.734475701999773,1,,,,,,,,,435100,001,2025-07-15_10h27.01.014,Continuous_Psychophysics,2022.2.5,None,
1,0,1,0,,,,,,,,,,,5.273532867431641,0.1955193482688391,-0.09775967413441955,5.350234150515705,-2.90994558832553,1,,,,,,,,,435100,001,2025-07-15_10h27.01.014,Continuous_Psychophysics,2022.2.5,None,
1,0,1,0,,,,,,,,,,,5.27754282951355,0.1955193482688391,-0.09775967413441955,5.528475576828829,-3.316721410543249,1,,,,,,,,,435100,001,2025-07-15_10h27.01.014,Continuous_Psychophysics,2022.2.5,None,
1,0,1,0,,,,,,,,,,,5.290297985076904,0.1955193482688391,-0.09775967413441955,5.455089139737835,-3.4828737258956552,1,,,,,,,,,435100,001,2025-07-15_10h27.01.014,Continuous_Psychophysics,2022.2.5,None,
1,0,1,0,,,,,,,,,,,5.293751955032349,0.1955193482688391,-0.09775967413441955,5.956018771515976,-3.2442736380145654,1,,,,,,,,,435100,001,2025-07-15_10h27.01.014,Continuous_Psychophysics,2022.2.5,None,
1,0,1,0,,,,,,,,,,,5.307376861572266,0.1955193482688391,-0.09775967413441955,5.956018771515976,-2.922277415155523,1,,,,,,,,,435100,001,2025-07-15_10h27.01.014,Continuous_Psychophysics,2022.2.5,None,
1,0,1,0,,,,,,,,,,,5.311248064041138,0.1955193482688391,-0.09775967413441955,5.757947429333381,-2.848678419929996,1,,,,,,,,,435100,001,2025-07-15_10h27.01.014,Continuous_Psychophysics,2022.2.5,None,
1,0,1,0,,,,,,,,,,,5.325230121612549,0.1945010183299389,-0.09775967413441955,5.916324590527196,-3.3729546627956113,1,,,,,,,,,435100,001,2025-07-15_10h27.01.014,Continuous_Psychophysics,2022.2.5,None,
1,0,1,0,,,,,,,,,,,5.329587936401367,0.1945010183299389,-0.09775967413441955,5.915283813068897,-3.6992338434562493,1,,,,,,,,,435100,001,2025-07-15_10h27.01.014,Continuous_Psychophysics,2022.2.5,None,
1,0,1,0,,,,,,,,,,,5.342400074005127,0.1934826883910387,-0.09775967413441955,5.915283813068897,-3.941555480276972,1,,,,,,,,,435100,001,2025-07-15_10h27.01.014,Continuous_Psychophysics,2022.2.5,None,
1,0,1,0,,,,,,,,,,,5.346699953079224,0.1934826883910387,-0.09775967413441955,5.787381806827601,-3.4575124478283694,1,,,,,,,,,435100,001,2025-07-15_10h27.01.014,Continuous_Psychophysics,2022.2.5,None,
1,0,1,0,,,,,,,,,,,5.359739065170288,0.1924643584521385,-0.09979633401221996,5.69959342584789,-2.9034365088311618,1,,,,,,,,,435100,001,2025-07-15_10h27.01.014,Continuous_Psychophysics,2022.2.5,None,
1,0,1,0,,,,,,,,,,,5.364508867263794,0.1924643584521385,-0.10081466395112017,5.66783832908727,-2.6403735095935152,1,,,,,,,,,435100,001,2025-07-15_10h27.01.014,Continuous_Psychophysics,2022.2.5,None,
1,0,1,0,,,,,,,,,,,5.368969917297363,0.1924643584521385,-0.10081466395112017,5.666642369021961,-2.3151605463772946,1,,,,,,,,,435100,001,2025-07-15_10h27.01.014,Continuous_Psychophysics,2022.2.5,None,
1,0,1,0,,,,,,,,,,,5.3811540603637695,0.1924643584521385,-0.10285132382892057,5.698184978846336,-2.4013214607558764,1,,,,,,,,,435100,001,2025-07-15_10h27.01.014,Continuous_Psychophysics,2022.2.5,None,
1,0,1,0,,,,,,,,,,,5.387261867523193,0.1924643584521385,-0.10488798370672098,5.789482431204718,-2.162424786832064,1,,,,,,,,,435100,001,2025-07-15_10h27.01.014,Continuous_Psychophysics,2022.2.5,None,
1,0,1,0,,,,,,,,,,,5.398331165313721,0.1934826883910387,-0.10590631364562118,5.789482431204718,-2.811550291360589,1,,,,,,,,,435100,001,2025-07-15_10h27.01.014,Continuous_Psychophysics,2022.2.5,None,
1,0,1,0,,,,,,,,,,,5.403201103210449,0.19653767820773932,-0.10692464358452139,5.849384685668887,-2.801702673111697,1,,,,,,,,,435100,001,2025-07-15_10h27.01.014,Continuous_Psychophysics,2022.2.5,None,
1,0,1,0,,,,,,,,,,,5.41545295715332,0.1985743380855397,-0.1079429735234216,5.849384685668887,-2.6367428793761114,1,,,,,,,,,435100,001,2025-07-15_10h27.01.014,Continuous_Psychophysics,2022.2.5,None,
1,0,1,0,,,,,,,,,,,5.420230865478516,0.20264765784114053,-0.1079429735234216,5.849384685668887,-2.3365910406655837,1,,,,,,,,,435100,001,2025-07-15_10h27.01.014,Continuous_Psychophysics,2022.2.5,None,
1,0,1,0,,,,,,,,,,,5.432646989822388,0.21079429735234215,-0.1079429735234216,5.826534073117975,-2.6707660081715403,1,,,,,,,,,435100,001,2025-07-15_10h27.01.014,Continuous_Psychophysics,2022.2.5,None,
1,0,1,0,,,,,,,,,,,5.4373719692230225,0.21690427698574338,-0.1079429735234216,5.998718449583633,-3.0546671835263846,1,,,,,,,,,435100,001,2025-07-15_10h27.01.014,Continuous_Psychophysics,2022.2.5,None,
1,0,1,0,,,,,,,,,,,5.449738025665283,0.219959266802444,-0.10692464358452139,5.508064125867717,-3.0115996098176816,1,,,,,,,,,435100,001,2025-07-15_10h27.01.014,Continuous_Psychophysics,2022.2.5,None,
1,0,1,0,,,,,,,,,,,5.454405069351196,0.22606924643584522,-0.10488798370672098,5.508064125867717,-2.753524035800768,1,,,,,,,,,435100,001,2025-07-15_10h27.01.014,Continuous_Psychophysics,2022.2.5,None,
1,0,1,0,,,,,,,,,,,5.467013120651245,0.23217922606924643,-0.10183299389002037,5.829474075966576,-2.27119482738971,1,,,,,,,,,435100,001,2025-07-15_10h27.01.014,Continuous_Psychophysics,2022.2.5,None,
1,0,1,0,,,,,,,,,,,5.472110986709595,0.23727087576374745,-0.09775967413441955,5.829474075966576,-1.9871585613970841,1,,,,,,,,,435100,001,2025-07-15_10h27.01.014,Continuous_Psychophysics,2022.2.5,None,
1,0,1,0,,,,,,,,,,,5.483794927597046,0.24032586558044808,-0.09674134419551934,5.580853926735262,-2.010851709882482,1,,,,,,,,,435100,001,2025-07-15_10h27.01.014,Continuous_Psychophysics,2022.2.5,None,
1,0,1,0,,,,,,,,,,,5.4880781173706055,0.24338085539714868,-0.09470468431771895,5.511050487013254,-1.937343248867955,1,,,,,,,,,435100,001,2025-07-15_10h27.01.014,Continuous_Psychophysics,2022.2.5,None,
1,0,1,0,,,,,,,,,,,5.501629829406738,0.2494908350305499,-0.08961303462321792,5.3306479374463995,-2.148966668987787,1,,,,,,,,,435100,001,2025-07-15_10h27.01.014,Continuous_Psychophysics,2022.2.5,None,
1,0,1,0,,,,,,,,,,,5.506227970123291,0.2494908350305499,-0.08961303462321792,5.543986820227444,-2.1737163258458363,1,,,,,,,,,435100,001,2025-07-15_10h27.01.014,Continuous_Psychophysics,2022.2.5,None,
1,0,1,0,,,,,,,,,,,5.511198997497559,0.2515274949083503,-0.08859470468431772,5.282522619156433,-2.6395017733382744,1,,,,,,,,,435100,001,2025-07-15_10h27.01.014,Continuous_Psychophysics,2022.2.5,None,
1,0,1,0,,,,,,,,,,,5.52290678024292,0.2525458248472505,-0.08655804480651731,5.543747873876468,-3.1803915022691136,1,,,,,,,,,435100,001,2025-07-15_10h27.01.014,Continuous_Psychophysics,2022.2.5,None,
1,0,1,0,,,,,,,,,,,5.527626037597656,0.2535641547861507,-0.0855397148676171,5.9812484299440465,-2.9292256557967487,1,,,,,,,,,435100,001,2025-07-15_10h27.01.014,Continuous_Psychophysics,2022.2.5,None,
1,0,1,0,,,,,,,,,,,5.5400550365448,0.2545824847250509,-0.0845213849287169,5.9812484299440465,-2.381784586232474,1,,,,,,,,,435100,001,2025-07-15_10h27.01.014,Continuous_Psychophysics,2022.2.5,None,
1,0,1,0,,,,,,,,,,,5.544049978256226,0.2545824847250509,-0.0845213849287169,5.9812484299440465,-2.1257258218933432,1,,,,,,,,,435100,001,2025-07-15_10h27.01.014,Continuous_Psychophysics,2022.2.5,None,
1,0,1,0,,,,,,,,,,,5.557330846786499,0.2556008146639511,-0.0835030549898167,5.6788569258961346,-1.9578237420982596,1,,,,,,,,,435100,001,2025-07-15_10h27.01.014,Continuous_Psychophysics,2022.2.5,None,
1,0,1,0,,,,,,,,,,,5.560697078704834,0.2556008146639511,-0.0835030549898167,5.478394727819244,-1.5837415408553905,1,,,,,,,,,435100,001,2025-07-15_10h27.01.014,Continuous_Psychophysics,2022.2.5,None,
1,0,1,0,,,,,,,,,,,5.574469804763794,0.25661914460285135,-0.0814663951120163,5.211890233189448,-0.8506417533289845,1,,,,,,,,,435100,001,2025-07-15_10h27.01.014,Continuous_Psychophysics,2022.2.5,None,
1,0,1,0,,,,,,,,,,,5.5788609981536865,0.25661914460285135,-0.0814663951120163,5.2372064647522905,-0.5562546404557787,1,,,,,,,,,435100,001,2025-07-15_10h27.01.014,Continuous_Psychophysics,2022.2.5,None,
1,0,1,0,,,,,,,,,,,5.591487884521484,0.2576374745417515,-0.08044806517311609,5.239487245526037,-1.228656205300517,1,,,,,,,,,435100,001,2025-07-15_10h27.01.014,Continuous_Psychophysics,2022.2.5,None,
1,0,1,0,,,,,,,,,,,5.596159934997559,0.2576374745417515,-0.07942973523421588,5.29971975201283,-1.230482559756552,1,,,,,,,,,435100,001,2025-07-15_10h27.01.014,Continuous_Psychophysics,2022.2.5,None,
1,0,1,0,,,,,,,,,,,5.608725070953369,0.25865580448065173,-0.07841140529531568,5.080437229294276,-1.2027503583186998,1,,,,,,,,,435100,001,2025-07-15_10h27.01.014,Continuous_Psychophysics,2022.2.5,None,
1,0,1,0,,,,,,,,,,,5.61322808265686,0.25967413441955195,-0.07739307535641547,5.190844579999931,-0.9203354663708099,1,,,,,,,,,435100,001,2025-07-15_10h27.01.014,Continuous_Psychophysics,2022.2.5,None,
1,0,1,0,,,,,,,,,,,5.626210927963257,0.2606924643584521,-0.07637474541751528,5.086945919919194,-0.6527577239382332,1,,,,,,,,,435100,001,2025-07-15_10h27.01.014,Continuous_Psychophysics,2022.2.5,None,
1,0,1,0,,,,,,,,,,,5.630971908569336,0.26171079429735233,-0.07535641547861507,4.917512470604441,-0.6606940147399556,1,,,,,,,,,435100,001,2025-07-15_10h27.01.014,Continuous_Psychophysics,2022.2.5,None,
1,0,1,0,,,,,,,,,,,5.643142938613892,0.26272912423625255,-0.07433808553971487,4.934610308886949,-0.06735679473369693,1,,,,,,,,,435100,001,2025-07-15_10h27.01.014,Continuous_Psychophysics,2022.2.5,None,
1,0,1,0,,,,,,,,,,,5.647812128067017,0.2637474541751528,-0.07331975560081466,5.339016606184281,-0.42138286899717764,1,,,,,,,,,435100,001,2025-07-15_10h27.01.014,Continuous_Psychophysics,2022.2.5,None,
1,0,1,0,,,,,,,,,,,5.660421848297119,0.26476578411405294,-0.07230142566191446,5.360790375536513,-0.40012892756964047,1,,,,,,,,,435100,001,2025-07-15_10h27.01.014,Continuous_Psychophysics,2022.2.5,None,
1,0,1,0,,,,,,,,,,,5.665509939193726,0.26578411405295316,-0.07128309572301425,5.335287070017794,-0.2899907458677339,1,,,,,,,,,435100,001,2025-07-15_10h27.01.014,Continuous_Psychophysics,2022.2.5,None,
1,0,1,0,,,,,,,,,,,5.670051097869873,0.26578411405295316,-0.07128309572301425,5.018616417011214,-0.2143575789153411,1,,,,,,,,,435100,001,2025-07-15_10h27.01.014,Continuous_Psychophysics,2022.2.5,None,
1,0,1,0,,,,,,,,,,,5.682363986968994,0.26578411405295316,-0.07026476578411406,5.152660623716974,0.14205106530637304,1,,,,,,,,,435100,001,2025-07-15_10h27.01.014,Continuous_Psychophysics,2022.2.5,None,
1,0,1,0,,,,,,,,,,,5.685853958129883,0.26578411405295316,-0.07026476578411406,5.205749984283619,-0.16664394014604514,1,,,,,,,,,435100,001,2025-07-15_10h27.01.014,Continuous_Psychophysics,2022.2.5,None,
1,0,1,0,,,,,,,,,,,5.699681997299194,0.26578411405295316,-0.07026476578411406,5.101231741852769,-0.27059210292143454,1,,,,,,,,,435100,001,2025-07-15_10h27.01.014,Continuous_Psychophysics,2022.2.5,None,
1,0,1,0,,,,,,,,,,,5.704240083694458,0.26578411405295316,-0.07026476578411406,4.894639566579273,-0.22010857156537586,1,,,,,,,,,435100,001,2025-07-15_10h27.01.014,Continuous_Psychophysics,2022.2.5,None,
1,0,1,0,,,,,,,,,,,5.716655015945435,0.26476578411405294,-0.07026476578411406,4.867204553534573,-0.5925859906303766,1,,,,,,,,,435100,001,2025-07-15_10h27.01.014,Continuous_Psychophysics,2022.2.5,None,
1,0,1,0,,,,,,,,,,,5.721598863601685,0.26171079429735233,-0.07026476578411406,4.831680933956978,-0.11701169468919431,1,,,,,,,,,435100,001,2025-07-15_10h27.01.014,Continuous_Psychophysics,2022.2.5,None,
1,0,1,0,,,,,,,,,,,5.733803987503052,0.2545824847250509,-0.07331975560081466,4.768057423334068,0.026908844334355586,1,,,,,,,,,435100,001,2025-07-15_10h27.01.014,Continuous_Psychophysics,2022.2.5,None,
1,0,1,0,,,,,,,,,,,5.738442897796631,0.2484725050916497,-0.07637474541751528,4.861590828986903,-0.1726025012957548,1,,,,,,,,,435100,001,2025-07-15_10h27.01.014,Continuous_Psychophysics,2022.2.5,None,
1,0,1,0,,,,,,,,,,,5.751199007034302,0.23421588594704684,-0.0835030549898167,4.905913540266612,-0.020891807981344435,1,,,,,,,,,435100,001,2025-07-15_10h27.01.014,Continuous_Psychophysics,2022.2.5,None,
1,0,1,0,,,,,,,,,,,5.755629062652588,0.23421588594704684,-0.0835030549898167,4.3714987422519265,0.08593162864974521,1,,,,,,,,,435100,001,2025-07-15_10h27.01.014,Continuous_Psychophysics,2022.2.5,None,
1,0,1,0,,,,,,,,,,,5.768343925476074,0.2230142566191446,-0.09063136456211812,4.5895363971092475,0.5530789407237879,1,,,,,,,,,435100,001,2025-07-15_10h27.01.014,Continuous_Psychophysics,2022.2.5,None,
1,0,1,0,,,,,,,,,,,5.772939920425415,0.2230142566191446,-0.09063136456211812,4.573726687244387,0.47142536093975757,1,,,,,,,,,435100,001,2025-07-15_10h27.01.014,Continuous_Psychophysics,2022.2.5,None,
1,0,1,0,,,,,,,,,,,5.7777259349823,0.2158859470468432,-0.09470468431771895,5.011135301211016,0.2615887424424109,1,,,,,,,,,435100,001,2025-07-15_10h27.01.014,Continuous_Psychophysics,2022.2.5,None,
1,0,1,0,,,,,,,,,,,5.7898969650268555,0.20977596741344195,-0.09877800407331976,5.206795387586649,0.18864384344963336,1,,,,,,,,,435100,001,2025-07-15_10h27.01.014,Continuous_Psychophysics,2022.2.5,None,
1,0,1,0,,,,,,,,,,,5.794327020645142,0.20977596741344195,-0.09877800407331976,5.274755192559409,1.0406687100087284,1,,,,,,,,,435100,001,2025-07-15_10h27.01.014,Continuous_Psychophysics,2022.2.5,None,
1,0,1,0,,,,,,,,,,,5.807113885879517,0.20570264765784113,-0.10183299389002037,5.3029344496407145,0.7920565432286747,1,,,,,,,,,435100,001,2025-07-15_10h27.01.014,Continuous_Psychophysics,2022.2.5,None,
1,0,1,0,,,,,,,,,,,5.810731887817383,0.20570264765784113,-0.10183299389002037,5.755235197194982,0.5933707914450368,1,,,,,,,,,435100,001,2025-07-15_10h27.01.014,Continuous_Psychophysics,2022.2.5,None,
1,0,1,0,,,,,,,,,,,5.824379205703735,0.20264765784114053,-0.10285132382892057,5.755235197194982,1.2253131614942703,1,,,,,,,,,435100,001,2025-07-15_10h27.01.014,Continuous_Psychophysics,2022.2.5,None,
1,0,1,0,,,,,,,,,,,5.828695058822632,0.20264765784114053,-0.10285132382892057,5.4335129412135,0.9506106984906717,1,,,,,,,,,435100,001,2025-07-15_10h27.01.014,Continuous_Psychophysics,2022.2.5,None,
1,0,1,0,,,,,,,,,,,5.841223955154419,0.20264765784114053,-0.10386965376782077,5.338169648919983,0.49329995627241446,1,,,,,,,,,435100,001,2025-07-15_10h27.01.014,Continuous_Psychophysics,2022.2.5,None,
1,0,1,0,,,,,,,,,,,5.84554386138916,0.20264765784114053,-0.10386965376782077,5.106133296244769,0.6392914299739851,1,,,,,,,,,435100,001,2025-07-15_10h27.01.014,Continuous_Psychophysics,2022.2.5,None,
1,0,1,0,,,,,,,,,,,5.858315944671631,0.20264765784114053,-0.10386965376782077,4.416502388332251,0.6451289739471477,1,,,,,,,,,435100,001,2025-07-15_10h27.01.014,Continuous_Psychophysics,2022.2.5,None,
1,0,1,0,,,,,,,,,,,5.861416816711426,0.20264765784114053,-0.10386965376782077,3.992922321979182,0.7284513204681313,1,,,,,,,,,435100,001,2025-07-15_10h27.01.014,Continuous_Psychophysics,2022.2.5,None,
1,0,1,0,,,,,,,,,,,5.875162839889526,0.20264765784114053,-0.10386965376782077,3.7076172631925592,0.8406049078459338,1,,,,,,,,,435100,001,2025-07-15_10h27.01.014,Continuous_Psychophysics,2022.2.5,None,
1,0,1,0,,,,,,,,,,,5.879630088806152,0.20162932790224034,-0.10386965376782077,3.9073809486847018,1.1207662617597447,1,,,,,,,,,435100,001,2025-07-15_10h27.01.014,Continuous_Psychophysics,2022.2.5,None,
1,0,1,0,,,,,,,,,,,5.892467975616455,0.20162932790224034,-0.10285132382892057,4.031291156820791,1.0772280232386064,1,,,,,,,,,435100,001,2025-07-15_10h27.01.014,Continuous_Psychophysics,2022.2.5,None,
1,0,1,0,,,,,,,,,,,5.8969128131866455,0.20162932790224034,-0.10183299389002037,4.236227477302244,1.0131981694848902,1,,,,,,,,,435100,001,2025-07-15_10h27.01.014,Continuous_Psychophysics,2022.2.5,None,
1,0,1,0,,,,,,,,,,,5.90972113609314,0.20162932790224034,-0.10081466395112017,4.407235715852937,0.4900307280781159,1,,,,,,,,,435100,001,2025-07-15_10h27.01.014,Continuous_Psychophysics,2022.2.5,None,
1,0,1,0,,,,,,,,,,,5.9143149852752686,0.20061099796334012,-0.09979633401221996,4.468310888896568,0.5822215575534674,1,,,,,,,,,435100,001,2025-07-15_10h27.01.014,Continuous_Psychophysics,2022.2.5,None,
1,0,1,0,,,,,,,,,,,5.919054985046387,0.19959266802443992,-0.09775967413441955,4.513476180577401,0.42878765945016895,1,,,,,,,,,435100,001,2025-07-15_10h27.01.014,Continuous_Psychophysics,2022.2.5,None,
1,0,1,0,,,,,,,,,,,5.931087017059326,0.1975560081466395,-0.09674134419551934,4.614698842283725,0.5921446251180802,1,,,,,,,,,435100,001,2025-07-15_10h27.01.014,Continuous_Psychophysics,2022.2.5,None,
1,0,1,0,,,,,,,,,,,5.936130046844482,0.19653767820773932,-0.09470468431771895,5.052058192909489,0.9936148872651475,1,,,,,,,,,435100,001,2025-07-15_10h27.01.014,Continuous_Psychophysics,2022.2.5,None,
1,0,1,0,,,,,,,,,,,5.948003053665161,0.1945010183299389,-0.09266802443991853,5.306778593958689,1.1453687314710688,1,,,,,,,,,435100,001,2025-07-15_10h27.01.014,Continuous_Psychophysics,2022.2.5,None,
1,0,1,0,,,,,,,,,,,5.952694892883301,0.19144602851323828,-0.09164969450101833,5.03435124321802,1.445012424825288,1,,,,,,,,,435100,001,2025-07-15_10h27.01.014,Continuous_Psychophysics,2022.2.5,None,
1,0,1,0,,,,,,,,,,,5.965037107467651,0.18839103869653767,-0.08859470468431772,5.316065202278804,1.582881121284584,1,,,,,,,,,435100,001,2025-07-15_10h27.01.014,Continuous_Psychophysics,2022.2.5,None,
1,0,1,0,,,,,,,,,,,5.969588041305542,0.18533604887983707,-0.08655804480651731,4.870810006383101,2.008192774009008,1,,,,,,,,,435100,001,2025-07-15_10h27.01.014,Continuous_Psychophysics,2022.2.5,None,
1,0,1,0,,,,,,,,,,,5.982080936431885,0.18329938900203666,-0.0845213849287169,4.851666753286024,1.8551955850256487,1,,,,,,,,,435100,001,2025-07-15_10h27.01.014,Continuous_Psychophysics,2022.2.5,None,
1,0,1,0,,,,,,,,,,,5.98683500289917,0.18024439918533605,-0.0814663951120163,5.035544609418838,1.836109868841158,1,,,,,,,,,435100,001,2025-07-15_10h27.01.014,Continuous_Psychophysics,2022.2.5,None,
1,0,1,0,,,,,,,,,,,5.999176979064941,0.17718940936863545,-0.07739307535641547,5.08027295474159,1.9557434761496273,1,,,,,,,,,435100,001,2025-07-15_10h27.01.014,Continuous_Psychophysics,2022.2.5,None,
1,0,1,0,,,,,,,,,,,6.0034239292144775,0.17617107942973523,-0.07331975560081466,5.074717781455826,2.1941478036884337,1,,,,,,,,,435100,001,2025-07-15_10h27.01.014,Continuous_Psychophysics,2022.2.5,None,
1,0,1,0,,,,,,,,,,,6.016330003738403,0.17515274949083504,-0.06822810590631365,4.962638893402985,2.3996025467008417,1,,,,,,,,,435100,001,2025-07-15_10h27.01.014,Continuous_Psychophysics,2022.2.5,None,
1,0,1,0,,,,,,,,,,,6.0209667682647705,0.17413441955193482,-0.059063136456211814,5.1396895116076005,2.1958042190181537,1,,,,,,,,,435100,001,2025-07-15_10h27.01.014,Continuous_Psychophysics,2022.2.5,None,
1,0,1,0,,,,,,,,,,,6.033566951751709,0.17413441955193482,-0.054989816700611,5.21170948802555,2.2714868153459666,1,,,,,,,,,435100,001,2025-07-15_10h27.01.014,Continuous_Psychophysics,2022.2.5,None,
1,0,1,0,,,,,,,,,,,6.038053035736084,0.17413441955193482,-0.04989816700610998,5.673228579252199,2.230746269507657,1,,,,,,,,,435100,001,2025-07-15_10h27.01.014,Continuous_Psychophysics,2022.2.5,None,
1,0,1,0,,,,,,,,,,,6.050868988037109,0.17617107942973523,-0.04378818737270876,5.673228579252199,1.9329248759361137,1,,,,,,,,,435100,001,2025-07-15_10h27.01.014,Continuous_Psychophysics,2022.2.5,None,
1,0,1,0,,,,,,,,,,,6.055139064788818,0.17617107942973523,-0.04378818737270876,5.673228579252199,1.5356399620156247,1,,,,,,,,,435100,001,2025-07-15_10h27.01.014,Continuous_Psychophysics,2022.2.5,None,
1,0,1,0,,,,,,,,,,,6.067796945571899,0.17922606924643583,-0.038696537678207736,5.429777280970148,1.621411309217664,1,,,,,,,,,435100,001,2025-07-15_10h27.01.014,Continuous_Psychophysics,2022.2.5,None,
1,0,1,0,,,,,,,,,,,6.072389125823975,0.17922606924643583,-0.038696537678207736,5.322329326919824,1.2334853669064691,1,,,,,,,,,435100,001,2025-07-15_10h27.01.014,Continuous_Psychophysics,2022.2.5,None,
1,0,1,0,,,,,,,,,,,6.077375888824463,0.18024439918533605,-0.03665987780040733,5.177184829727858,1.338228637337189,1,,,,,,,,,435100,001,2025-07-15_10h27.01.014,Continuous_Psychophysics,2022.2.5,None,
1,0,1,0,,,,,,,,,,,6.089298963546753,0.18126272912423624,-0.034623217922606926,5.3574578556486125,1.6211306562691274,1,,,,,,,,,435100,001,2025-07-15_10h27.01.014,Continuous_Psychophysics,2022.2.5,None,
1,0,1,0,,,,,,,,,,,6.094034910202026,0.18126272912423624,-0.034623217922606926,5.1853316786921875,1.9369737532004503,1,,,,,,,,,435100,001,2025-07-15_10h27.01.014,Continuous_Psychophysics,2022.2.5,None,
1,0,1,0,,,,,,,,,,,6.106257915496826,0.18126272912423624,-0.034623217922606926,5.292508579323654,1.428489653047844,1,,,,,,,,,435100,001,2025-07-15_10h27.01.014,Continuous_Psychophysics,2022.2.5,None,
1,0,1,0,,,,,,,,,,,6.11080002784729,0.18126272912423624,-0.034623217922606926,4.9002486871540425,0.961658314061888,1,,,,,,,,,435100,001,2025-07-15_10h27.01.014,Continuous_Psychophysics,2022.2.5,None,
1,0,1,0,,,,,,,,,,,6.123522996902466,0.18126272912423624,-0.03360488798370672,4.714135347901705,0.8331572804760099,1,,,,,,,,,435100,001,2025-07-15_10h27.01.014,Continuous_Psychophysics,2022.2.5,None,
1,0,1,0,,,,,,,,,,,6.127671957015991,0.18126272912423624,-0.03360488798370672,4.443961693924751,0.5156233538998654,1,,,,,,,,,435100,001,2025-07-15_10h27.01.014,Continuous_Psychophysics,2022.2.5,None,
1,0,1,0,,,,,,,,,,,6.140278100967407,0.17820773930753564,-0.032586558044806514,4.609389353306757,0.3725243443766596,1,,,,,,,,,435100,001,2025-07-15_10h27.01.014,Continuous_Psychophysics,2022.2.5,None,
1,0,1,0,,,,,,,,,,,6.144412994384766,0.17820773930753564,-0.032586558044806514,4.174586967260495,0.2992375127286879,1,,,,,,,,,435100,001,2025-07-15_10h27.01.014,Continuous_Psychophysics,2022.2.5,None,
1,0,1,0,,,,,,,,,,,6.157709121704102,0.17515274949083504,-0.032586558044806514,4.050058742970212,0.7174563582541604,1,,,,,,,,,435100,001,2025-07-15_10h27.01.014,Continuous_Psychophysics,2022.2.5,None,
1,0,1,0,,,,,,,,,,,6.1622889041900635,0.17515274949083504,-0.032586558044806514,3.8757718349879506,0.8971282160345382,1,,,,,,,,,435100,001,2025-07-15_10h27.01.014,Continuous_Psychophysics,2022.2.5,None,
1,0,1,0,,,,,,,,,,,6.174609899520874,0.17209775967413443,-0.03054989816700611,3.4679457124769586,1.484105678354937,1,,,,,,,,,435100,001,2025-07-15_10h27.01.014,Continuous_Psychophysics,2022.2.5,None,
1,0,1,0,,,,,,,,,,,6.177786111831665,0.17209775967413443,-0.03054989816700611,3.588862256069665,1.2553251934430276,1,,,,,,,,,435100,001,2025-07-15_10h27.01.014,Continuous_Psychophysics,2022.2.5,None,
1,0,1,0,,,,,,,,,,,6.191664934158325,0.1690427698574338,-0.0274949083503055,3.8969545619856594,0.853436287752846,1,,,,,,,,,435100,001,2025-07-15_10h27.01.014,Continuous_Psychophysics,2022.2.5,None,
1,0,1,0,,,,,,,,,,,6.196025133132935,0.1680244399185336,-0.026476578411405296,3.6322452462636603,0.7204444282247284,1,,,,,,,,,435100,001,2025-07-15_10h27.01.014,Continuous_Psychophysics,2022.2.5,None,
1,0,1,0,,,,,,,,,,,6.208940029144287,0.1670061099796334,-0.023421588594704685,3.5047227346064718,0.9290103359256998,1,,,,,,,,,435100,001,2025-07-15_10h27.01.014,Continuous_Psychophysics,2022.2.5,None,
1,0,1,0,,,,,,,,,,,6.21330714225769,0.1659877800407332,-0.016293279022403257,3.768498330643914,1.249973187270058,1,,,,,,,,,435100,001,2025-07-15_10h27.01.014,Continuous_Psychophysics,2022.2.5,None,
1,0,1,0,,,,,,,,,,,6.226043224334717,0.16395112016293278,-0.009164969450101833,3.5262931110997147,1.5441276331224023,1,,,,,,,,,435100,001,2025-07-15_10h27.01.014,Continuous_Psychophysics,2022.2.5,None,
1,0,1,0,,,,,,,,,,,6.230391025543213,0.16395112016293278,0.0,4.165574392322347,1.4956215789529606,1,,,,,,,,,435100,001,2025-07-15_10h27.01.014,Continuous_Psychophysics,2022.2.5,None,
1,0,1,0,,,,,,,,,,,6.243312835693359,0.16395112016293278,0.009164969450101833,4.426937636185236,1.4922144799346746,1,,,,,,,,,435100,001,2025-07-15_10h27.01.014,Continuous_Psychophysics,2022.2.5,None,
1,0,1,0,,,,,,,,,,,6.247902870178223,0.16395112016293278,0.021384928716904276,4.644661861191671,1.2035918381639088,1,,,,,,,,,435100,001,2025-07-15_10h27.01.014,Continuous_Psychophysics,2022.2.5,None,
1,0,1,0,,,,,,,,,,,6.2529120445251465,0.16395112016293278,0.0274949083503055,4.887142174775928,1.5476650480665146,1,,,,,,,,,435100,001,2025-07-15_10h27.01.014,Continuous_Psychophysics,2022.2.5,None,
1,0,1,0,,,,,,,,,,,6.26491117477417,0.16395112016293278,0.038696537678207736,4.759098715493156,1.4584664078166039,1,,,,,,,,,435100,001,2025-07-15_10h27.01.014,Continuous_Psychophysics,2022.2.5,None,
1,0,1,0,,,,,,,,,,,6.269711017608643,0.16395112016293278,0.04276985743380855,4.665163227196955,1.6473689629382102,1,,,,,,,,,435100,001,2025-07-15_10h27.01.014,Continuous_Psychophysics,2022.2.5,None,
1,0,1,0,,,,,,,,,,,6.281951904296875,0.16395112016293278,0.048879837067209775,4.837713982421069,1.117435816240504,1,,,,,,,,,435100,001,2025-07-15_10h27.01.014,Continuous_Psychophysics,2022.2.5,None,
1,0,1,0,,,,,,,,,,,6.286107778549194,0.16395112016293278,0.0539714867617108,4.860830778964346,1.3527296590122053,1,,,,,,,,,435100,001,2025-07-15_10h27.01.014,Continuous_Psychophysics,2022.2.5,None,
1,0,1,0,,,,,,,,,,,6.299121856689453,0.16395112016293278,0.059063136456211814,5.832427314781481,1.423204053708721,1,,,,,,,,,435100,001,2025-07-15_10h27.01.014,Continuous_Psychophysics,2022.2.5,None,
1,0,1,0,,,,,,,,,,,6.303574085235596,0.16395112016293278,0.059063136456211814,5.972450615565494,1.6447247578210888,1,,,,,,,,,435100,001,2025-07-15_10h27.01.014,Continuous_Psychophysics,2022.2.5,None,
1,0,1,0,,,,,,,,,,,6.31597113609314,0.16395112016293278,0.06109979633401222,5.972450615565494,1.2413762144407559,1,,,,,,,,,435100,001,2025-07-15_10h27.01.014,Continuous_Psychophysics,2022.2.5,None,
1,0,1,0,,,,,,,,,,,6.320180892944336,0.16395112016293278,0.06109979633401222,5.660736697837455,1.0626829243736582,1,,,,,,,,,435100,001,2025-07-15_10h27.01.014,Continuous_Psychophysics,2022.2.5,None,
1,0,1,0,,,,,,,,,,,6.333185911178589,0.16395112016293278,0.062118126272912425,5.916521581374814,1.3004158080138861,1,,,,,,,,,435100,001,2025-07-15_10h27.01.014,Continuous_Psychophysics,2022.2.5,None,
1,0,1,0,,,,,,,,,,,6.3374810218811035,0.16395112016293278,0.062118126272912425,5.60484913815136,0.855297457125598,1,,,,,,,,,435100,001,2025-07-15_10h27.01.014,Continuous_Psychophysics,2022.2.5,None,
1,0,1,0,,,,,,,,,,,6.3497841358184814,0.16395112016293278,0.062118126272912425,5.776305526153258,1.0066581060480246,1,,,,,,,,,435100,001,2025-07-15_10h27.01.014,Continuous_Psychophysics,2022.2.5,None,
1,0,1,0,,,,,,,,,,,6.353723764419556,0.16395112016293278,0.062118126272912425,5.127676600386813,0.7495955346404068,1,,,,,,,,,435100,001,2025-07-15_10h27.01.014,Continuous_Psychophysics,2022.2.5,None,
1,0,1,0,,,,,,,,,,,6.367288112640381,0.16395112016293278,0.062118126272912425,4.789985154991999,1.1606733076412297,1,,,,,,,,,435100,001,2025-07-15_10h27.01.014,Continuous_Psychophysics,2022.2.5,None,
1,0,1,0,,,,,,,,,,,6.37165093421936,0.16395112016293278,0.062118126272912425,5.0761896968602205,1.3637131312472701,1,,,,,,,,,435100,001,2025-07-15_10h27.01.014,Continuous_Psychophysics,2022.2.5,None,
1,0,1,0,,,,,,,,,,,6.384536981582642,0.1629327902240326,0.062118126272912425,5.182918507489371,1.526037943800171,1,,,,,,,,,435100,001,2025-07-15_10h27.01.014,Continuous_Psychophysics,2022.2.5,None,
1,0,1,0,,,,,,,,,,,6.389312028884888,0.16191446028513237,0.062118126272912425,5.029727957205723,1.5915841447860786,1,,,,,,,,,435100,001,2025-07-15_10h27.01.014,Continuous_Psychophysics,2022.2.5,None,
1,0,1,0,,,,,,,,,,,6.393878936767578,0.16191446028513237,0.062118126272912425,4.565654887695355,1.3878631221830569,1,,,,,,,,,435100,001,2025-07-15_10h27.01.014,Continuous_Psychophysics,2022.2.5,None,
1,0,1,0,,,,,,,,,,,6.406121015548706,0.159877800407332,0.06109979633401222,4.6892151672579825,1.5487931140555493,1,,,,,,,,,435100,001,2025-07-15_10h27.01.014,Continuous_Psychophysics,2022.2.5,None,
1,0,1,0,,,,,,,,,,,6.410728931427002,0.159877800407332,0.06109979633401222,4.683646080082204,1.3971831934194898,1,,,,,,,,,435100,001,2025-07-15_10h27.01.014,Continuous_Psychophysics,2022.2.5,None,
1,0,1,0,,,,,,,,,,,6.423119068145752,0.15580448065173116,0.0560081466395112,4.935793792356243,1.0800356144332368,1,,,,,,,,,435100,001,2025-07-15_10h27.01.014,Continuous_Psychophysics,2022.2.5,None,
1,0,1,0,,,,,,,,,,,6.427623987197876,0.15580448065173116,0.0560081466395112,5.002785149129595,1.40220964795069,1,,,,,,,,,435100,001,2025-07-15_10h27.01.014,Continuous_Psychophysics,2022.2.5,None,
1,0,1,0,,,,,,,,,,,6.440184116363525,0.14663951120162932,0.04684317718940937,5.295292378039347,1.2162534496204171,1,,,,,,,,,435100,001,2025-07-15_10h27.01.014,Continuous_Psychophysics,2022.2.5,None,
1,0,1,0,,,,,,,,,,,6.444216966629028,0.14663951120162932,0.04684317718940937,5.1697979123983675,0.7104328031017296,1,,,,,,,,,435100,001,2025-07-15_10h27.01.014,Continuous_Psychophysics,2022.2.5,None,
1,0,1,0,,,,,,,,,,,6.457403182983398,0.14052953156822812,0.03971486761710794,5.152276483670821,0.04557737699557329,1,,,,,,,,,435100,001,2025-07-15_10h27.01.014,Continuous_Psychophysics,2022.2.5,None,
1,0,1,0,,,,,,,,,,,6.462073087692261,0.1384928716904277,0.03665987780040733,4.440467654571286,0.27810661598681874,1,,,,,,,,,435100,001,2025-07-15_10h27.01.014,Continuous_Psychophysics,2022.2.5,None,
1,0,1,0,,,,,,,,,,,6.474472999572754,0.1354378818737271,0.03360488798370672,4.404534998758495,0.8197367047905437,1,,,,,,,,,435100,001,2025-07-15_10h27.01.014,Continuous_Psychophysics,2022.2.5,None,
1,0,1,0,,,,,,,,,,,6.478264093399048,0.1334012219959267,0.03054989816700611,4.504267147818092,0.720585820097988,1,,,,,,,,,435100,001,2025-07-15_10h27.01.014,Continuous_Psychophysics,2022.2.5,None,
1,0,1,0,,,,,,,,,,,6.4915688037872314,0.13238289205702647,0.028513238289205704,3.8533034151050236,0.8536277270797588,1,,,,,,,,,435100,001,2025-07-15_10h27.01.014,Continuous_Psychophysics,2022.2.5,None,
1,0,1,0,,,,,,,,,,,6.496140003204346,0.13136456211812628,0.0274949083503055,3.837553242729394,0.7069858587181282,1,,,,,,,,,435100,001,2025-07-15_10h27.01.014,Continuous_Psychophysics,2022.2.5,None,
1,0,1,0,,,,,,,,,,,6.5088560581207275,0.13034623217922606,0.026476578411405296,3.807050051530983,0.7247014407263871,1,,,,,,,,,435100,001,2025-07-15_10h27.01.014,Continuous_Psychophysics,2022.2.5,None,
1,0,1,0,,,,,,,,,,,6.513154983520508,0.13034623217922606,0.026476578411405296,4.1705292932527955,1.1496940063685799,1,,,,,,,,,435100,001,2025-07-15_10h27.01.014,Continuous_Psychophysics,2022.2.5,None,
1,0,1,0,,,,,,,,,,,6.525969982147217,0.13034623217922606,0.025458248472505093,3.6130454238387166,0.9147104544497707,1,,,,,,,,,435100,001,2025-07-15_10h27.01.014,Continuous_Psychophysics,2022.2.5,None,
1,0,1,0,,,,,,,,,,,6.530473947525024,0.13034623217922606,0.025458248472505093,3.022750701408729,0.8954759420211759,1,,,,,,,,,435100,001,2025-07-15_10h27.01.014,Continuous_Psychophysics,2022.2.5,None,
1,0,1,0,,,,,,,,,,,6.542934894561768,0.13034623217922606,0.025458248472505093,3.169279767790261,1.0261150013851645,1,,,,,,,,,435100,001,2025-07-15_10h27.01.014,Continuous_Psychophysics,2022.2.5,None,
1,0,1,0,,,,,,,,,,,6.547312021255493,0.13034623217922606,0.025458248472505093,2.968633844062598,0.9092422015712067,1,,,,,,,,,435100,001,2025-07-15_10h27.01.014,Continuous_Psychophysics,2022.2.5,None,
1,0,1,0,,,,,,,,,,,6.56029486656189,0.13034623217922606,0.026476578411405296,3.5268776077843813,1.1528765642256054,1,,,,,,,,,435100,001,2025-07-15_10h27.01.014,Continuous_Psychophysics,2022.2.5,None,
1,0,1,0,,,,,,,,,,,6.56454610824585,0.13034623217922606,0.026476578411405296,3.880991272856269,1.1217933943358256,1,,,,,,,,,435100,001,2025-07-15_10h27.01.014,Continuous_Psychophysics,2022.2.5,None,
1,0,1,0,,,,,,,,,,,6.577569007873535,0.13441955193482688,0.029531568228105907,4.134588746015319,1.188777781511911,1,,,,,,,,,435100,001,2025-07-15_10h27.01.014,Continuous_Psychophysics,2022.2.5,None,
1,0,1,0,,,,,,,,,,,6.581678152084351,0.13441955193482688,0.029531568228105907,4.526004662259523,1.508060570342312,1,,,,,,,,,435100,001,2025-07-15_10h27.01.014,Continuous_Psychophysics,2022.2.5,None,
1,0,1,0,,,,,,,,,,,6.5863869190216064,0.1354378818737271,0.03054989816700611,4.418695957651065,0.9508838808883712,1,,,,,,,,,435100,001,2025-07-15_10h27.01.014,Continuous_Psychophysics,2022.2.5,None,
1,0,1,0,,,,,,,,,,,6.599034070968628,0.14052953156822812,0.03360488798370672,4.4206822085816135,0.9553274073699741,1,,,,,,,,,435100,001,2025-07-15_10h27.01.014,Continuous_Psychophysics,2022.2.5,None,
1,0,1,0,,,,,,,,,,,6.602674961090088,0.14052953156822812,0.03360488798370672,4.602430070290903,1.1486793335575176,1,,,,,,,,,435100,001,2025-07-15_10h27.01.014,Continuous_Psychophysics,2022.2.5,None,
1,0,1,0,,,,,,,,,,,6.615920066833496,0.14562118126272913,0.034623217922606926,4.366454396962897,1.042050215572298,1,,,,,,,,,435100,001,2025-07-15_10h27.01.014,Continuous_Psychophysics,2022.2.5,None,
1,0,1,0,,,,,,,,,,,6.620167970657349,0.14562118126272913,0.034623217922606926,4.726223386637532,1.208976070597422,1,,,,,,,,,435100,001,2025-07-15_10h27.01.014,Continuous_Psychophysics,2022.2.5,None,
1,0,1,0,,,,,,,,,,,6.633040189743042,0.14969450101832993,0.035641547861507125,4.663465078260168,1.41073132360226,1,,,,,,,,,435100,001,2025-07-15_10h27.01.014,Continuous_Psychophysics,2022.2.5,None,
1,0,1,0,,,,,,,,,,,6.637258052825928,0.14969450101832993,0.035641547861507125,4.4601541673295015,1.4709933348178568,1,,,,,,,,,435100,001,2025-07-15_10h27.01.014,Continuous_Psychophysics,2022.2.5,None,
1,0,1,0,,,,,,,,,,,6.6506171226501465,0.15274949083503056,0.03665987780040733,4.495640122444117,1.5451812023046512,1,,,,,,,,,435100,001,2025-07-15_10h27.01.014,Continuous_Psychophysics,2022.2.5,None,
1,0,1,0,,,,,,,,,,,6.6554648876190186,0.15274949083503056,0.03665987780040733,4.612847357658379,2.048768565442244,1,,,,,,,,,435100,001,2025-07-15_10h27.01.014,Continuous_Psychophysics,2022.2.5,None,
1,0,1,0,,,,,,,,,,,6.667708873748779,0.15376782077393075,0.03665987780040733,4.460082388099566,1.8322274631150717,1,,,,,,,,,435100,001,2025-07-15_10h27.01.014,Continuous_Psychophysics,2022.2.5,None,
1,0,1,0,,,,,,,,,,,6.672043085098267,0.15376782077393075,0.03665987780040733,4.143820955551573,1.6300550143082577,1,,,,,,,,,435100,001,2025-07-15_10h27.01.014,Continuous_Psychophysics,2022.2.5,None,
1,0,1,0,,,,,,,,,,,6.6850340366363525,0.15478615071283094,0.03665987780040733,3.717655727175742,1.805408403572697,1,,,,,,,,,435100,001,2025-07-15_10h27.01.014,Continuous_Psychophysics,2022.2.5,None,
1,0,1,0,,,,,,,,,,,6.689946889877319,0.15478615071283094,0.03665987780040733,3.9964676473974494,1.5618708751943484,1,,,,,,,,,435100,001,2025-07-15_10h27.01.014,Continuous_Psychophysics,2022.2.5,None,
1,0,1,0,,,,,,,,,,,6.694645881652832,0.15478615071283094,0.03665987780040733,4.1395733642846,1.3310835118969357,1,,,,,,,,,435100,001,2025-07-15_10h27.01.014,Continuous_Psychophysics,2022.2.5,None,
1,0,1,0,,,,,,,,,,,6.706981897354126,0.15376782077393075,0.031568228105906315,4.560919832192948,1.600401409952029,1,,,,,,,,,435100,001,2025-07-15_10h27.01.014,Continuous_Psychophysics,2022.2.5,None,
1,0,1,0,,,,,,,,,,,6.710937976837158,0.15376782077393075,0.031568228105906315,4.69653313113375,1.8981726625922366,1,,,,,,,,,435100,001,2025-07-15_10h27.01.014,Continuous_Psychophysics,2022.2.5,None,
1,0,1,0,,,,,,,,,,,6.724143981933594,0.14867617107942974,0.02240325865580448,4.490774961677718,1.782854904003404,1,,,,,,,,,435100,001,2025-07-15_10h27.01.014,Continuous_Psychophysics,2022.2.5,None,
1,0,1,0,,,,,,,,,,,6.728015184402466,0.14562118126272913,0.018329938900203666,4.249306685909295,2.1791940140521273,1,,,,,,,,,435100,001,2025-07-15_10h27.01.014,Continuous_Psychophysics,2022.2.5,None,
1,0,1,0,,,,,,,,,,,6.741208076477051,0.1425661914460285,0.012219959266802444,4.649164320931188,2.195069647290605,1,,,,,,,,,435100,001,2025-07-15_10h27.01.014,Continuous_Psychophysics,2022.2.5,None,
1,0,1,0,,,,,,,,,,,6.746124982833862,0.1395112016293279,0.006109979633401222,4.378483701473129,2.176458814886794,1,,,,,,,,,435100,001,2025-07-15_10h27.01.014,Continuous_Psychophysics,2022.2.5,None,
1,0,1,0,,,,,,,,,,,6.758119821548462,0.1364562118126273,0.0010183299389002036,4.702761773336055,3.0215340850802503,1,,,,,,,,,435100,001,2025-07-15_10h27.01.014,Continuous_Psychophysics,2022.2.5,None,
1,0,1,0,,,,,,,,,,,6.762724161148071,0.13441955193482688,-0.002036659877800407,4.933628888017066,2.9011047889218418,1,,,,,,,,,435100,001,2025-07-15_10h27.01.014,Continuous_Psychophysics,2022.2.5,None,
1,0,1,0,,,,,,,,,,,6.775223970413208,0.13238289205702647,-0.0050916496945010185,5.114146492383708,2.5396456636076543,1,,,,,,,,,435100,001,2025-07-15_10h27.01.014,Continuous_Psychophysics,2022.2.5,None,
1,0,1,0,,,,,,,,,,,6.779759168624878,0.13034623217922606,-0.007128309572301426,5.094380598809827,2.503687982175865,1,,,,,,,,,435100,001,2025-07-15_10h27.01.014,Continuous_Psychophysics,2022.2.5,None,
1,0,1,0,,,,,,,,,,,6.792501926422119,0.12932790224032586,-0.009164969450101833,4.50683163724617,3.1845259762643248,1,,,,,,,,,435100,001,2025-07-15_10h27.01.014,Continuous_Psychophysics,2022.2.5,None,
1,0,1,0,,,,,,,,,,,6.797204971313477,0.12932790224032586,-0.009164969450101833,4.729922424813482,3.3436385041551073,1,,,,,,,,,435100,001,2025-07-15_10h27.01.014,Continuous_Psychophysics,2022.2.5,None,
1,0,1,0,,,,,,,,,,,6.809727907180786,0.12830957230142567,-0.010183299389002037,4.89033124646015,3.1238527165980368,1,,,,,,,,,435100,001,2025-07-15_10h27.01.014,Continuous_Psychophysics,2022.2.5,None,
1,0,1,0,,,,,,,,,,,6.814287185668945,0.12729124236252545,-0.010183299389002037,4.6801722762586015,2.686790629257981,1,,,,,,,,,435100,001,2025-07-15_10h27.01.014,Continuous_Psychophysics,2022.2.5,None,
1,0,1,0,,,,,,,,,,,6.827131986618042,0.12729124236252545,-0.009164969450101833,4.3165316869573545,2.681988154620765,1,,,,,,,,,435100,001,2025-07-15_10h27.01.014,Continuous_Psychophysics,2022.2.5,None,
1,0,1,0,,,,,,,,,,,6.83126974105835,0.12729124236252545,-0.009164969450101833,4.543672531066066,2.541688375694708,1,,,,,,,,,435100,001,2025-07-15_10h27.01.014,Continuous_Psychophysics,2022.2.5,None,
1,0,1,0,,,,,,,,,,,6.836817979812622,0.12729124236252545,-0.006109979633401222,4.309190811986072,2.6547429523627835,1,,,,,,,,,435100,001,2025-07-15_10h27.01.014,Continuous_Psychophysics,2022.2.5,None,
1,0,1,0,,,,,,,,,,,6.848639965057373,0.12729124236252545,-0.003054989816700611,3.7269552450550836,2.3442110244924828,1,,,,,,,,,435100,001,2025-07-15_10h27.01.014,Continuous_Psychophysics,2022.2.5,None,
1,0,1,0,,,,,,,,,,,6.853452920913696,0.12830957230142567,0.004073319755600814,3.5466868881860196,1.6530764379618041,1,,,,,,,,,435100,001,2025-07-15_10h27.01.014,Continuous_Psychophysics,2022.2.5,None,
1,0,1,0,,,,,,,,,,,6.8657379150390625,0.1334012219959267,0.019348268839103868,3.889173449805152,1.6243401166010591,1,,,,,,,,,435100,001,2025-07-15_10h27.01.014,Continuous_Psychophysics,2022.2.5,None,
1,0,1,0,,,,,,,,,,,6.869757890701294,0.1334012219959267,0.019348268839103868,4.121640821821833,1.5194675299044114,1,,,,,,,,,435100,001,2025-07-15_10h27.01.014,Continuous_Psychophysics,2022.2.5,None,
1,0,1,0,,,,,,,,,,,6.88301682472229,0.1415478615071283,0.038696537678207736,4.045490229239823,1.1367398086936413,1,,,,,,,,,435100,001,2025-07-15_10h27.01.014,Continuous_Psychophysics,2022.2.5,None,
1,0,1,0,,,,,,,,,,,6.885973930358887,0.1415478615071283,0.038696537678207736,4.483906339047562,1.0060066680702036,1,,,,,,,,,435100,001,2025-07-15_10h27.01.014,Continuous_Psychophysics,2022.2.5,None,
1,0,1,0,,,,,,,,,,,6.900296926498413,0.1446028513238289,0.04684317718940937,3.999684896644859,1.0386001935681235,1,,,,,,,,,435100,001,2025-07-15_10h27.01.014,Continuous_Psychophysics,2022.2.5,None,
1,0,1,0,,,,,,,,,,,6.904503107070923,0.1446028513238289,0.04684317718940937,3.95272758059032,1.556458837019696,1,,,,,,,,,435100,001,2025-07-15_10h27.01.014,Continuous_Psychophysics,2022.2.5,None,
1,0,1,0,,,,,,,,,,,6.917918920516968,0.14867617107942974,0.05702647657841141,3.957129148600123,1.9054624456955356,1,,,,,,,,,435100,001,2025-07-15_10h27.01.014,Continuous_Psychophysics,2022.2.5,None,
1,0,1,0,,,,,,,,,,,6.922863006591797,0.14969450101832993,0.06008146639511202,4.092718016530181,2.12023352560886,1,,,,,,,,,435100,001,2025-07-15_10h27.01.014,Continuous_Psychophysics,2022.2.5,None,
1,0,1,0,,,,,,,,,,,6.927296876907349,0.14969450101832993,0.06008146639511202,3.979967529428306,2.097351601589785,1,,,,,,,,,435100,001,2025-07-15_10h27.01.014,Continuous_Psychophysics,2022.2.5,None,
1,0,1,0,,,,,,,,,,,6.939549922943115,0.15071283095723015,0.06313645621181263,3.9481255195173697,1.9620761318976518,1,,,,,,,,,435100,001,2025-07-15_10h27.01.014,Continuous_Psychophysics,2022.2.5,None,
1,0,1,0,,,,,,,,,,,6.944128036499023,0.15071283095723015,0.06313645621181263,3.7502828425043457,1.7700547181773152,1,,,,,,,,,435100,001,2025-07-15_10h27.01.014,Continuous_Psychophysics,2022.2.5,None,
1,0,1,0,,,,,,,,,,,6.956514120101929,0.15071283095723015,0.06415478615071284,3.8799982333459164,1.4409912221025987,1,,,,,,,,,435100,001,2025-07-15_10h27.01.014,Continuous_Psychophysics,2022.2.5,None,
1,0,1,0,,,,,,,,,,,6.960848093032837,0.15071283095723015,0.06415478615071284,4.01107451496882,0.9135109602806606,1,,,,,,,,,435100,001,2025-07-15_10h27.01.014,Continuous_Psychophysics,2022.2.5,None,
1,0,1,0,,,,,,,,,,,6.9735448360443115,0.15071283095723015,0.06517311608961303,3.674812252960801,0.7619346564117766,1,,,,,,,,,435100,001,2025-07-15_10h27.01.014,Continuous_Psychophysics,2022.2.5,None,
1,0,1,0,,,,,,,,,,,6.977977991104126,0.15071283095723015,0.06517311608961303,4.074499534366673,0.7677948715185094,1,,,,,,,,,435100,001,2025-07-15_10h27.01.014,Continuous_Psychophysics,2022.2.5,None,
1,0,1,0,,,,,,,,,,,6.990322828292847,0.15071283095723015,0.06517311608961303,4.201021794847173,0.6411363781668862,1,,,,,,,,,435100,001,2025-07-15_10h27.01.014,Continuous_Psychophysics,2022.2.5,None,
1,0,1,0,,,,,,,,,,,6.994363069534302,0.15071283095723015,0.06517311608961303,3.9514449567549104,0.4994158789243499,1,,,,,,,,,435100,001,2025-07-15_10h27.01.014,Continuous_Psychophysics,2022.2.5,None,
1,0,1,0,,,,,,,,,,,7.007399797439575,0.15071283095723015,0.06517311608961303,4.084255940350047,0.5527563305927817,1,,,,,,,,,435100,001,2025-07-15_10h27.01.014,Continuous_Psychophysics,2022.2.5,None,
1,0,1,0,,,,,,,,,,,7.010310888290405,0.15071283095723015,0.06517311608961303,4.104526141844202,0.4431072157787382,1,,,,,,,,,435100,001,2025-07-15_10h27.01.014,Continuous_Psychophysics,2022.2.5,None,
1,0,1,0,,,,,,,,,,,7.0247437953948975,0.15071283095723015,0.06517311608961303,3.858247041672447,0.29555253242652735,1,,,,,,,,,435100,001,2025-07-15_10h27.01.014,Continuous_Psychophysics,2022.2.5,None,
1,0,1,0,,,,,,,,,,,7.027880907058716,0.15173116089613034,0.06517311608961303,3.2528871569588493,0.43228169792001897,1,,,,,,,,,435100,001,2025-07-15_10h27.01.014,Continuous_Psychophysics,2022.2.5,None,
1,0,1,0,,,,,,,,,,,7.042003870010376,0.15173116089613034,0.06619144602851323,3.5013462104455173,0.18181351284331793,1,,,,,,,,,435100,001,2025-07-15_10h27.01.014,Continuous_Psychophysics,2022.2.5,None,
1,0,1,0,,,,,,,,,,,7.046338081359863,0.15173116089613034,0.06720977596741344,3.1004003066839365,0.2679863031605757,1,,,,,,,,,435100,001,2025-07-15_10h27.01.014,Continuous_Psychophysics,2022.2.5,None,
1,0,1,0,,,,,,,,,,,7.0592310428619385,0.15173116089613034,0.06822810590631365,2.7696366335166074,0.6262500023177466,1,,,,,,,,,435100,001,2025-07-15_10h27.01.014,Continuous_Psychophysics,2022.2.5,None,
1,0,1,0,,,,,,,,,,,7.064039945602417,0.15173116089613034,0.06924643584521385,2.8790520499069094,0.6259809232960054,1,,,,,,,,,435100,001,2025-07-15_10h27.01.014,Continuous_Psychophysics,2022.2.5,None,
1,0,1,0,,,,,,,,,,,7.076474189758301,0.15173116089613034,0.07026476578411406,3.007999700883221,0.5207232282123678,1,,,,,,,,,435100,001,2025-07-15_10h27.01.014,Continuous_Psychophysics,2022.2.5,None,
1,0,1,0,,,,,,,,,,,7.081166982650757,0.15173116089613034,0.07128309572301425,3.4724277684433407,0.5974805034728135,1,,,,,,,,,435100,001,2025-07-15_10h27.01.014,Continuous_Psychophysics,2022.2.5,None,
1,0,1,0,,,,,,,,,,,7.093701124191284,0.15173116089613034,0.07331975560081466,4.2946298760900055,0.90503770950873,1,,,,,,,,,435100,001,2025-07-15_10h27.01.014,Continuous_Psychophysics,2022.2.5,None,
1,0,1,0,,,,,,,,,,,7.098034858703613,0.15173116089613034,0.07331975560081466,4.263971225897218,1.4963158324650538,1,,,,,,,,,435100,001,2025-07-15_10h27.01.014,Continuous_Psychophysics,2022.2.5,None,
1,0,1,0,,,,,,,,,,,7.1109819412231445,0.14969450101832993,0.07433808553971487,3.755907841717267,1.7082149531930453,1,,,,,,,,,435100,001,2025-07-15_10h27.01.014,Continuous_Psychophysics,2022.2.5,None,
1,0,1,0,,,,,,,,,,,7.115583896636963,0.14867617107942974,0.07535641547861507,3.6183644848359426,1.4422621065734993,1,,,,,,,,,435100,001,2025-07-15_10h27.01.014,Continuous_Psychophysics,2022.2.5,None,
1,0,1,0,,,,,,,,,,,7.119237899780273,0.14867617107942974,0.07535641547861507,3.6720825411542553,0.7226059278537814,1,,,,,,,,,435100,001,2025-07-15_10h27.01.014,Continuous_Psychophysics,2022.2.5,None,
1,0,1,0,,,,,,,,,,,7.132277011871338,0.14663951120162932,0.07535641547861507,3.6897173400606493,0.4702028804331822,1,,,,,,,,,435100,001,2025-07-15_10h27.01.014,Continuous_Psychophysics,2022.2.5,None,
1,0,1,0,,,,,,,,,,,7.136869192123413,0.14663951120162932,0.07535641547861507,3.6040195087600053,1.0340199918618425,1,,,,,,,,,435100,001,2025-07-15_10h27.01.014,Continuous_Psychophysics,2022.2.5,None,
1,0,1,0,,,,,,,,,,,7.149524927139282,0.14358452138492872,0.07535641547861507,3.669892884193409,1.1672575335817759,1,,,,,,,,,435100,001,2025-07-15_10h27.01.014,Continuous_Psychophysics,2022.2.5,None,
1,0,1,0,,,,,,,,,,,7.153960943222046,0.14358452138492872,0.07535641547861507,3.4287351958265577,0.7809535530704185,1,,,,,,,,,435100,001,2025-07-15_10h27.01.014,Continuous_Psychophysics,2022.2.5,None,
1,0,1,0,,,,,,,,,,,7.166897773742676,0.14052953156822812,0.07331975560081466,3.318535692345272,0.9293322992804357,1,,,,,,,,,435100,001,2025-07-15_10h27.01.014,Continuous_Psychophysics,2022.2.5,None,
1,0,1,0,,,,,,,,,,,7.171482086181641,0.14052953156822812,0.07331975560081466,3.097820372216368,1.2056020429976066,1,,,,,,,,,435100,001,2025-07-15_10h27.01.014,Continuous_Psychophysics,2022.2.5,None,
1,0,1,0,,,,,,,,,,,7.18428111076355,0.1384928716904277,0.06822810590631365,2.998263284520207,1.2925684103639425,1,,,,,,,,,435100,001,2025-07-15_10h27.01.014,Continuous_Psychophysics,2022.2.5,None,
1,0,1,0,,,,,,,,,,,7.188736915588379,0.13747454175152748,0.06517311608961303,2.903565180250583,0.718120521970686,1,,,,,,,,,435100,001,2025-07-15_10h27.01.014,Continuous_Psychophysics,2022.2.5,None,
1,0,1,0,,,,,,,,,,,7.201640844345093,0.1364562118126273,0.06008146639511202,3.199825833749313,1.3120746601634363,1,,,,,,,,,435100,001,2025-07-15_10h27.01.014,Continuous_Psychophysics,2022.2.5,None,
1,0,1,0,,,,,,,,,,,7.206392049789429,0.1364562118126273,0.054989816700611,2.6260215395202686,1.4234043548445272,1,,,,,,,,,435100,001,2025-07-15_10h27.01.014,Continuous_Psychophysics,2022.2.5,None,
1,0,1,0,,,,,,,,,,,7.2110021114349365,0.1364562118126273,0.054989816700611,2.671268930277522,1.4161628702653526,1,,,,,,,,,435100,001,2025-07-15_10h27.01.014,Continuous_Psychophysics,2022.2.5,None,
1,0,1,0,,,,,,,,,,,7.223197937011719,0.1364562118126273,0.04480651731160896,3.1585653819058908,1.6250800184510406,1,,,,,,,,,435100,001,2025-07-15_10h27.01.014,Continuous_Psychophysics,2022.2.5,None,
1,0,1,0,,,,,,,,,,,7.227649927139282,0.1364562118126273,0.04480651731160896,3.0006481635024844,2.033310522278922,1,,,,,,,,,435100,001,2025-07-15_10h27.01.014,Continuous_Psychophysics,2022.2.5,None,
1,0,1,0,,,,,,,,,,,7.240694046020508,0.1364562118126273,0.03665987780040733,2.8343681203277304,2.4731964197678753,1,,,,,,,,,435100,001,2025-07-15_10h27.01.014,Continuous_Psychophysics,2022.2.5,None,
1,0,1,0,,,,,,,,,,,7.244521856307983,0.1364562118126273,0.03665987780040733,2.8228985961524753,1.6836218118756274,1,,,,,,,,,435100,001,2025-07-15_10h27.01.014,Continuous_Psychophysics,2022.2.5,None,
1,0,1,0,,,,,,,,,,,7.257819890975952,0.1364562118126273,0.031568228105906315,3.199702692997378,1.571132629580158,1,,,,,,,,,435100,001,2025-07-15_10h27.01.014,Continuous_Psychophysics,2022.2.5,None,
1,0,1,0,,,,,,,,,,,7.262319087982178,0.1364562118126273,0.029531568228105907,2.9694070485877795,1.6336070106719087,1,,,,,,,,,435100,001,2025-07-15_10h27.01.014,Continuous_Psychophysics,2022.2.5,None,
1,0,1,0,,,,,,,,,,,7.274942874908447,0.1364562118126273,0.028513238289205704,3.412245522151622,1.7965681879465842,1,,,,,,,,,435100,001,2025-07-15_10h27.01.014,Continuous_Psychophysics,2022.2.5,None,
1,0,1,0,,,,,,,,,,,7.279606103897095,0.1364562118126273,0.0274949083503055,3.6652020785426638,1.5493764476911815,1,,,,,,,,,435100,001,2025-07-15_10h27.01.014,Continuous_Psychophysics,2022.2.5,None,
1,0,1,0,,,,,,,,,,,7.29203987121582,0.1364562118126273,0.026476578411405296,3.917167332622401,2.047074073070764,1,,,,,,,,,435100,001,2025-07-15_10h27.01.014,Continuous_Psychophysics,2022.2.5,None,
1,0,1,0,,,,,,,,,,,7.2968409061431885,0.1364562118126273,0.026476578411405296,3.3519434218130395,1.8151562160133092,1,,,,,,,,,435100,001,2025-07-15_10h27.01.014,Continuous_Psychophysics,2022.2.5,None,
1,0,1,0,,,,,,,,,,,7.309313058853149,0.1364562118126273,0.026476578411405296,3.3052484970236216,1.9869924671540589,1,,,,,,,,,435100,001,2025-07-15_10h27.01.014,Continuous_Psychophysics,2022.2.5,None,
1,0,1,0,,,,,,,,,,,7.314226865768433,0.1354378818737271,0.025458248472505093,3.239208442830524,1.9058764175743101,1,,,,,,,,,435100,001,2025-07-15_10h27.01.014,Continuous_Psychophysics,2022.2.5,None,
1,0,1,0,,,,,,,,,,,7.326175928115845,0.1354378818737271,0.025458248472505093,3.1612169070905685,1.6674297018725728,1,,,,,,,,,435100,001,2025-07-15_10h27.01.014,Continuous_Psychophysics,2022.2.5,None,
1,0,1,0,,,,,,,,,,,7.330672025680542,0.1334012219959267,0.025458248472505093,3.097041818930703,1.5317521547776571,1,,,,,,,,,435100,001,2025-07-15_10h27.01.014,Continuous_Psychophysics,2022.2.5,None,
1,0,1,0,,,,,,,,,,,7.343648910522461,0.13034623217922606,0.028513238289205704,3.1323882261913347,1.3980056070976112,1,,,,,,,,,435100,001,2025-07-15_10h27.01.014,Continuous_Psychophysics,2022.2.5,None,
1,0,1,0,,,,,,,,,,,7.348130941390991,0.13034623217922606,0.028513238289205704,3.2441793060508695,1.472035107512129,1,,,,,,,,,435100,001,2025-07-15_10h27.01.014,Continuous_Psychophysics,2022.2.5,None,
1,0,1,0,,,,,,,,,,,7.352833986282349,0.12932790224032586,0.029531568228105907,3.18209834968456,0.9215491844464915,1,,,,,,,,,435100,001,2025-07-15_10h27.01.014,Continuous_Psychophysics,2022.2.5,None,
1,0,1,0,,,,,,,,,,,7.365410089492798,0.12830957230142567,0.031568228105906315,3.0898728403690856,0.7790740618939183,1,,,,,,,,,435100,001,2025-07-15_10h27.01.014,Continuous_Psychophysics,2022.2.5,None,
1,0,1,0,,,,,,,,,,,7.3701817989349365,0.12729124236252545,0.032586558044806514,2.506924315354494,1.0916889449398386,1,,,,,,,,,435100,001,2025-07-15_10h27.01.014,Continuous_Psychophysics,2022.2.5,None,
1,0,1,0,,,,,,,,,,,7.38260293006897,0.12627291242362526,0.03665987780040733,2.8486066665880365,1.1335596441176754,1,,,,,,,,,435100,001,2025-07-15_10h27.01.014,Continuous_Psychophysics,2022.2.5,None,
1,0,1,0,,,,,,,,,,,7.386756181716919,0.12627291242362526,0.03665987780040733,3.225070544916939,1.1621799899074783,1,,,,,,,,,435100,001,2025-07-15_10h27.01.014,Continuous_Psychophysics,2022.2.5,None,
1,0,1,0,,,,,,,,,,,7.399697780609131,0.12525458248472504,0.03971486761710794,3.706511078598086,1.5462875398683538,1,,,,,,,,,435100,001,2025-07-15_10h27.01.014,Continuous_Psychophysics,2022.2.5,None,
1,0,1,0,,,,,,,,,,,7.4040539264678955,0.12525458248472504,0.03971486761710794,3.7273871095809845,1.6090672486909494,1,,,,,,,,,435100,001,2025-07-15_10h27.01.014,Continuous_Psychophysics,2022.2.5,None,
1,0,1,0,,,,,,,,,,,7.416648864746094,0.12423625254582485,0.04073319755600815,3.22522482496826,1.5295729299611631,1,,,,,,,,,435100,001,2025-07-15_10h27.01.014,Continuous_Psychophysics,2022.2.5,None,
1,0,1,0,,,,,,,,,,,7.420862913131714,0.12423625254582485,0.04073319755600815,3.78850470060785,1.5714338041953706,1,,,,,,,,,435100,001,2025-07-15_10h27.01.014,Continuous_Psychophysics,2022.2.5,None,
1,0,1,0,,,,,,,,,,,7.434165954589844,0.12423625254582485,0.04175152749490835,3.262118094753864,1.585301260509943,1,,,,,,,,,435100,001,2025-07-15_10h27.01.014,Continuous_Psychophysics,2022.2.5,None,
1,0,1,0,,,,,,,,,,,7.4383721351623535,0.12423625254582485,0.04175152749490835,3.1957152357373886,1.510566261229644,1,,,,,,,,,435100,001,2025-07-15_10h27.01.014,Continuous_Psychophysics,2022.2.5,None,
1,0,1,0,,,,,,,,,,,7.451385021209717,0.12423625254582485,0.04175152749490835,3.5814592621588437,1.2619006457737973,1,,,,,,,,,435100,001,2025-07-15_10h27.01.014,Continuous_Psychophysics,2022.2.5,None,
1,0,1,0,,,,,,,,,,,7.456111192703247,0.12423625254582485,0.04276985743380855,3.220394808420808,0.8225172539364112,1,,,,,,,,,435100,001,2025-07-15_10h27.01.014,Continuous_Psychophysics,2022.2.5,None,
1,0,1,0,,,,,,,,,,,7.460482120513916,0.12423625254582485,0.04276985743380855,3.057630692421425,0.7286809014685782,1,,,,,,,,,435100,001,2025-07-15_10h27.01.014,Continuous_Psychophysics,2022.2.5,None,
1,0,1,0,,,,,,,,,,,7.472630977630615,0.12423625254582485,0.04378818737270876,3.05003416406176,1.126680990149746,1,,,,,,,,,435100,001,2025-07-15_10h27.01.014,Continuous_Psychophysics,2022.2.5,None,
1,0,1,0,,,,,,,,,,,7.477466821670532,0.12423625254582485,0.04378818737270876,2.6363417632151624,0.5101842104411528,1,,,,,,,,,435100,001,2025-07-15_10h27.01.014,Continuous_Psychophysics,2022.2.5,None,
1,0,1,0,,,,,,,,,,,7.4899210929870605,0.12423625254582485,0.04480651731160896,2.9121681954512457,0.7424143030526381,1,,,,,,,,,435100,001,2025-07-15_10h27.01.014,Continuous_Psychophysics,2022.2.5,None,
1,0,1,0,,,,,,,,,,,7.494769811630249,0.12423625254582485,0.045824847250509164,2.4353217083480354,0.675520182295757,1,,,,,,,,,435100,001,2025-07-15_10h27.01.014,Continuous_Psychophysics,2022.2.5,None,
1,0,1,0,,,,,,,,,,,7.507192134857178,0.12321792260692464,0.04684317718940937,2.317986625436478,0.31447502226538376,1,,,,,,,,,435100,001,2025-07-15_10h27.01.014,Continuous_Psychophysics,2022.2.5,None,
1,0,1,0,,,,,,,,,,,7.510776042938232,0.12321792260692464,0.04684317718940937,2.6321660332735055,0.532872134481689,1,,,,,,,,,435100,001,2025-07-15_10h27.01.014,Continuous_Psychophysics,2022.2.5,None,
1,0,1,0,,,,,,,,,,,7.524225950241089,0.12321792260692464,0.048879837067209775,3.1243663389029264,0.5395952990092795,1,,,,,,,,,435100,001,2025-07-15_10h27.01.014,Continuous_Psychophysics,2022.2.5,None,
1,0,1,0,,,,,,,,,,,7.528355121612549,0.12321792260692464,0.048879837067209775,3.073613315875635,0.45083279975993557,1,,,,,,,,,435100,001,2025-07-15_10h27.01.014,Continuous_Psychophysics,2022.2.5,None,
1,0,1,0,,,,,,,,,,,7.541229963302612,0.12219959266802444,0.04989816700610998,2.4998141590926637,1.1811349459880873,1,,,,,,,,,435100,001,2025-07-15_10h27.01.014,Continuous_Psychophysics,2022.2.5,None,
1,0,1,0,,,,,,,,,,,7.544557094573975,0.12219959266802444,0.04989816700610998,2.699073070257789,1.1718967413807246,1,,,,,,,,,435100,001,2025-07-15_10h27.01.014,Continuous_Psychophysics,2022.2.5,None,
1,0,1,0,,,,,,,,,,,7.558349132537842,0.12118126272912423,0.05091649694501019,2.934510872480887,1.0109275303447762,1,,,,,,,,,435100,001,2025-07-15_10h27.01.014,Continuous_Psychophysics,2022.2.5,None,
1,0,1,0,,,,,,,,,,,7.562496900558472,0.12118126272912423,0.05091649694501019,3.220026290747503,1.1145233758735598,1,,,,,,,,,435100,001,2025-07-15_10h27.01.014,Continuous_Psychophysics,2022.2.5,None,
1,0,1,0,,,,,,,,,,,7.575723886489868,0.12016293279022404,0.05091649694501019,3.40102915816788,1.6770009673012387,1,,,,,,,,,435100,001,2025-07-15_10h27.01.014,Continuous_Psychophysics,2022.2.5,None,
1,0,1,0,,,,,,,,,,,7.580451965332031,0.11914460285132383,0.05091649694501019,3.557857507577655,1.9261093453608351,1,,,,,,,,,435100,001,2025-07-15_10h27.01.014,Continuous_Psychophysics,2022.2.5,None,
1,0,1,0,,,,,,,,,,,7.592857122421265,0.11812627291242363,0.05091649694501019,3.0580602688836724,2.233106175299527,1,,,,,,,,,435100,001,2025-07-15_10h27.01.014,Continuous_Psychophysics,2022.2.5,None,
1,0,1,0,,,,,,,,,,,7.5975470542907715,0.11710794297352342,0.05091649694501019,2.9298922017722617,2.2865915851080967,1,,,,,,,,,435100,001,2025-07-15_10h27.01.014,Continuous_Psychophysics,2022.2.5,None,
1,0,1,0,,,,,,,,,,,7.610046863555908,0.11608961303462322,0.05091649694501019,2.488058681899461,2.644744047342887,1,,,,,,,,,435100,001,2025-07-15_10h27.01.014,Continuous_Psychophysics,2022.2.5,None,
1,0,1,0,,,,,,,,,,,7.614825010299683,0.11507128309572301,0.05091649694501019,2.7006326087635792,2.794367856051081,1,,,,,,,,,435100,001,2025-07-15_10h27.01.014,Continuous_Psychophysics,2022.2.5,None,
1,0,1,0,,,,,,,,,,,7.619643926620483,0.11405295315682282,0.05091649694501019,2.421580266097216,3.3038884510148305,1,,,,,,,,,435100,001,2025-07-15_10h27.01.014,Continuous_Psychophysics,2022.2.5,None,
1,0,1,0,,,,,,,,,,,7.63195276260376,0.11303462321792261,0.05091649694501019,2.0944667665879058,3.6813606229972136,1,,,,,,,,,435100,001,2025-07-15_10h27.01.014,Continuous_Psychophysics,2022.2.5,None,
1,0,1,0,,,,,,,,,,,7.636677026748657,0.1120162932790224,0.05091649694501019,2.190804851860474,3.727852930128093,1,,,,,,,,,435100,001,2025-07-15_10h27.01.014,Continuous_Psychophysics,2022.2.5,None,
1,0,1,0,,,,,,,,,,,7.649212837219238,0.1109979633401222,0.04989816700610998,2.1685586693562753,3.7945287826198935,1,,,,,,,,,435100,001,2025-07-15_10h27.01.014,Continuous_Psychophysics,2022.2.5,None,
1,0,1,0,,,,,,,,,,,7.653401136398315,0.1109979633401222,0.04989816700610998,1.822575350859426,3.617804040278303,1,,,,,,,,,435100,001,2025-07-15_10h27.01.014,Continuous_Psychophysics,2022.2.5,None,
1,0,1,0,,,,,,,,,,,7.666459798812866,0.109979633401222,0.048879837067209775,2.2462165267771774,3.4457705969976593,1,,,,,,,,,435100,001,2025-07-15_10h27.01.014,Continuous_Psychophysics,2022.2.5,None,
1,0,1,0,,,,,,,,,,,7.671025991439819,0.109979633401222,0.048879837067209775,2.1181462161121463,3.571881060912513,1,,,,,,,,,435100,001,2025-07-15_10h27.01.014,Continuous_Psychophysics,2022.2.5,None,
1,0,1,0,,,,,,,,,,,7.683602809906006,0.109979633401222,0.048879837067209775,1.9845900634948437,3.1904749742541427,1,,,,,,,,,435100,001,2025-07-15_10h27.01.014,Continuous_Psychophysics,2022.2.5,None,
1,0,1,0,,,,,,,,,,,7.687996864318848,0.109979633401222,0.048879837067209775,2.503054720303724,3.6203443882889292,1,,,,,,,,,435100,001,2025-07-15_10h27.01.014,Continuous_Psychophysics,2022.2.5,None,
1,0,1,0,,,,,,,,,,,7.7011730670928955,0.109979633401222,0.048879837067209775,1.9585816011782846,2.9228088036553768,1,,,,,,,,,435100,001,2025-07-15_10h27.01.014,Continuous_Psychophysics,2022.2.5,None,
1,0,1,0,,,,,,,,,,,7.705719947814941,0.109979633401222,0.048879837067209775,1.9563975749374503,2.8891624493478605,1,,,,,,,,,435100,001,2025-07-15_10h27.01.014,Continuous_Psychophysics,2022.2.5,None,
1,0,1,0,,,,,,,,,,,7.7183449268341064,0.109979633401222,0.048879837067209775,1.991913220350625,2.6285165168382063,1,,,,,,,,,435100,001,2025-07-15_10h27.01.014,Continuous_Psychophysics,2022.2.5,None,
1,0,1,0,,,,,,,,,,,7.72282600402832,0.109979633401222,0.048879837067209775,2.583971318590452,2.182667786490156,1,,,,,,,,,435100,001,2025-07-15_10h27.01.014,Continuous_Psychophysics,2022.2.5,None,
1,0,1,0,,,,,,,,,,,7.727409839630127,0.109979633401222,0.048879837067209775,2.23847933619054,2.4869434321898685,1,,,,,,,,,435100,001,2025-07-15_10h27.01.014,Continuous_Psychophysics,2022.2.5,None,
1,0,1,0,,,,,,,,,,,7.740278005599976,0.109979633401222,0.048879837067209775,1.9349788771248426,2.424964966012113,1,,,,,,,,,435100,001,2025-07-15_10h27.01.014,Continuous_Psychophysics,2022.2.5,None,
1,0,1,0,,,,,,,,,,,7.7442591190338135,0.109979633401222,0.048879837067209775,2.437877871783002,2.6077864092519802,1,,,,,,,,,435100,001,2025-07-15_10h27.01.014,Continuous_Psychophysics,2022.2.5,None,
1,0,1,0,,,,,,,,,,,7.757008075714111,0.109979633401222,0.048879837067209775,2.308363050828667,2.699493708415508,1,,,,,,,,,435100,001,2025-07-15_10h27.01.014,Continuous_Psychophysics,2022.2.5,None,
1,0,1,0,,,,,,,,,,,7.7610859870910645,0.109979633401222,0.048879837067209775,2.4593746425794234,2.546979259420099,1,,,,,,,,,435100,001,2025-07-15_10h27.01.014,Continuous_Psychophysics,2022.2.5,None,
1,0,1,0,,,,,,,,,,,7.774359941482544,0.10896130346232179,0.048879837067209775,2.7127951378226047,1.917044095623777,1,,,,,,,,,435100,001,2025-07-15_10h27.01.014,Continuous_Psychophysics,2022.2.5,None,
1,0,1,0,,,,,,,,,,,7.7777259349823,0.10896130346232179,0.048879837067209775,3.0240062509494217,1.3323741586677373,1,,,,,,,,,435100,001,2025-07-15_10h27.01.014,Continuous_Psychophysics,2022.2.5,None,
1,0,1,0,,,,,,,,,,,7.791455030441284,0.10896130346232179,0.048879837067209775,3.252840216573591,0.8043808946836557,1,,,,,,,,,435100,001,2025-07-15_10h27.01.014,Continuous_Psychophysics,2022.2.5,None,
1,0,1,0,,,,,,,,,,,7.796018838882446,0.1079429735234216,0.048879837067209775,2.844162634674423,1.4135269854720245,1,,,,,,,,,435100,001,2025-07-15_10h27.01.014,Continuous_Psychophysics,2022.2.5,None,
1,0,1,0,,,,,,,,,,,7.808751106262207,0.1079429735234216,0.04786150712830957,2.892917018185171,1.8199299648503915,1,,,,,,,,,435100,001,2025-07-15_10h27.01.014,Continuous_Psychophysics,2022.2.5,None,
1,0,1,0,,,,,,,,,,,7.813309907913208,0.1079429735234216,0.04786150712830957,2.945697150888051,2.4321773137740443,1,,,,,,,,,435100,001,2025-07-15_10h27.01.014,Continuous_Psychophysics,2022.2.5,None,
1,0,1,0,,,,,,,,,,,7.825809955596924,0.1079429735234216,0.04786150712830957,2.9306407325328556,2.6070256172206165,1,,,,,,,,,435100,001,2025-07-15_10h27.01.014,Continuous_Psychophysics,2022.2.5,None,
1,0,1,0,,,,,,,,,,,7.830725908279419,0.10692464358452139,0.04786150712830957,3.432026389329994,2.751336127158231,1,,,,,,,,,435100,001,2025-07-15_10h27.01.014,Continuous_Psychophysics,2022.2.5,None,
1,0,1,0,,,,,,,,,,,7.8429059982299805,0.10590631364562118,0.04786150712830957,3.4177408163191982,2.9078263366591046,1,,,,,,,,,435100,001,2025-07-15_10h27.01.014,Continuous_Psychophysics,2022.2.5,None,
1,0,1,0,,,,,,,,,,,7.847878932952881,0.10590631364562118,0.04786150712830957,3.152757817210711,3.4836276073511057,1,,,,,,,,,435100,001,2025-07-15_10h27.01.014,Continuous_Psychophysics,2022.2.5,None,
1,0,1,0,,,,,,,,,,,7.853024959564209,0.10386965376782077,0.04786150712830957,3.176944964978275,3.5808218637039753,1,,,,,,,,,435100,001,2025-07-15_10h27.01.014,Continuous_Psychophysics,2022.2.5,None,
1,0,1,0,,,,,,,,,,,7.864814043045044,0.10285132382892057,0.04786150712830957,3.508049771327356,3.476004696256842,1,,,,,,,,,435100,001,2025-07-15_10h27.01.014,Continuous_Psychophysics,2022.2.5,None,
1,0,1,0,,,,,,,,,,,7.86937689781189,0.10081466395112017,0.04786150712830957,3.152452446705943,3.203517122902512,1,,,,,,,,,435100,001,2025-07-15_10h27.01.014,Continuous_Psychophysics,2022.2.5,None,
1,0,1,0,,,,,,,,,,,7.881853818893433,0.09877800407331976,0.04786150712830957,2.748414771525943,2.880361449909775,1,,,,,,,,,435100,001,2025-07-15_10h27.01.014,Continuous_Psychophysics,2022.2.5,None,
1,0,1,0,,,,,,,,,,,7.886250972747803,0.09572301425661914,0.048879837067209775,3.196426074945262,2.6442418052176206,1,,,,,,,,,435100,001,2025-07-15_10h27.01.014,Continuous_Psychophysics,2022.2.5,None,
1,0,1,0,,,,,,,,,,,7.8988258838653564,0.09063136456211812,0.05091649694501019,3.135044935093724,2.735465110740709,1,,,,,,,,,435100,001,2025-07-15_10h27.01.014,Continuous_Psychophysics,2022.2.5,None,
1,0,1,0,,,,,,,,,,,7.9025819301605225,0.09063136456211812,0.05091649694501019,2.7091227327918297,3.14429708677837,1,,,,,,,,,435100,001,2025-07-15_10h27.01.014,Continuous_Psychophysics,2022.2.5,None,
1,0,1,0,,,,,,,,,,,7.916098117828369,0.0845213849287169,0.0539714867617108,2.6985418710856606,2.7876440622977823,1,,,,,,,,,435100,001,2025-07-15_10h27.01.014,Continuous_Psychophysics,2022.2.5,None,
1,0,1,0,,,,,,,,,,,7.919773817062378,0.0845213849287169,0.0539714867617108,2.3682698645946756,2.130480320179172,1,,,,,,,,,435100,001,2025-07-15_10h27.01.014,Continuous_Psychophysics,2022.2.5,None,
1,0,1,0,,,,,,,,,,,7.933416843414307,0.07942973523421588,0.05702647657841141,2.82439384613799,2.2399945088644713,1,,,,,,,,,435100,001,2025-07-15_10h27.01.014,Continuous_Psychophysics,2022.2.5,None,
1,0,1,0,,,,,,,,,,,7.938084125518799,0.07942973523421588,0.05702647657841141,2.3451879476359467,2.659103182372574,1,,,,,,,,,435100,001,2025-07-15_10h27.01.014,Continuous_Psychophysics,2022.2.5,None,
1,0,1,0,,,,,,,,,,,7.950725078582764,0.07637474541751528,0.06008146639511202,1.9939879664883147,2.8887385966789276,1,,,,,,,,,435100,001,2025-07-15_10h27.01.014,Continuous_Psychophysics,2022.2.5,None,
1,0,1,0,,,,,,,,,,,7.954935073852539,0.07637474541751528,0.06008146639511202,1.8011356297527936,2.655571361957897,1,,,,,,,,,435100,001,2025-07-15_10h27.01.014,Continuous_Psychophysics,2022.2.5,None,
1,0,1,0,,,,,,,,,,,7.968029975891113,0.07331975560081466,0.062118126272912425,2.011738976862268,3.0362003657865193,1,,,,,,,,,435100,001,2025-07-15_10h27.01.014,Continuous_Psychophysics,2022.2.5,None,
1,0,1,0,,,,,,,,,,,7.973131895065308,0.07230142566191446,0.062118126272912425,1.663254362046506,3.574088010194209,1,,,,,,,,,435100,001,2025-07-15_10h27.01.014,Continuous_Psychophysics,2022.2.5,None,
1,0,1,0,,,,,,,,,,,7.97771692276001,0.07230142566191446,0.062118126272912425,1.6516254104452164,3.2199780539197485,1,,,,,,,,,435100,001,2025-07-15_10h27.01.014,Continuous_Psychophysics,2022.2.5,None,
1,0,1,0,,,,,,,,,,,7.989699125289917,0.07128309572301425,0.06313645621181263,1.8283962655104653,3.4307452535953944,1,,,,,,,,,435100,001,2025-07-15_10h27.01.014,Continuous_Psychophysics,2022.2.5,None,
1,0,1,0,,,,,,,,,,,7.993928909301758,0.07128309572301425,0.06313645621181263,2.026813204304318,3.62401877786112,1,,,,,,,,,435100,001,2025-07-15_10h27.01.014,Continuous_Psychophysics,2022.2.5,None,
1,0,1,0,,,,,,,,,,,8.006798028945923,0.07128309572301425,0.06313645621181263,2.3656308884959674,3.3639391867353026,1,,,,,,,,,435100,001,2025-07-15_10h27.01.014,Continuous_Psychophysics,2022.2.5,None,
1,0,1,0,,,,,,,,,,,8.010792016983032,0.07128309572301425,0.06313645621181263,2.150968968317225,3.829611655553732,1,,,,,,,,,435100,001,2025-07-15_10h27.01.014,Continuous_Psychophysics,2022.2.5,None,
1,0,1,0,,,,,,,,,,,8.023721933364868,0.07128309572301425,0.06415478615071284,1.9595291561187393,4.007245314534674,1,,,,,,,,,435100,001,2025-07-15_10h27.01.014,Continuous_Psychophysics,2022.2.5,None,
1,0,1,0,,,,,,,,,,,8.028283834457397,0.07128309572301425,0.06415478615071284,2.329186364761317,3.995284084315928,1,,,,,,,,,435100,001,2025-07-15_10h27.01.014,Continuous_Psychophysics,2022.2.5,None,
1,0,1,0,,,,,,,,,,,8.040738105773926,0.07128309572301425,0.06415478615071284,1.9476836115648486,3.577519420925438,1,,,,,,,,,435100,001,2025-07-15_10h27.01.014,Continuous_Psychophysics,2022.2.5,None,
1,0,1,0,,,,,,,,,,,8.044009923934937,0.07128309572301425,0.06415478615071284,1.5844908660384665,3.7400827052453773,1,,,,,,,,,435100,001,2025-07-15_10h27.01.014,Continuous_Psychophysics,2022.2.5,None,
1,0,1,0,,,,,,,,,,,8.058305025100708,0.07230142566191446,0.06517311608961303,1.4206798169432686,3.8008962370059893,1,,,,,,,,,435100,001,2025-07-15_10h27.01.014,Continuous_Psychophysics,2022.2.5,None,
1,0,1,0,,,,,,,,,,,8.061506986618042,0.07331975560081466,0.06619144602851323,1.7080188459493069,3.6828801484608658,1,,,,,,,,,435100,001,2025-07-15_10h27.01.014,Continuous_Psychophysics,2022.2.5,None,
1,0,1,0,,,,,,,,,,,8.075357913970947,0.07637474541751528,0.06619144602851323,2.113797220731941,3.051885578048506,1,,,,,,,,,435100,001,2025-07-15_10h27.01.014,Continuous_Psychophysics,2022.2.5,None,
1,0,1,0,,,,,,,,,,,8.079699993133545,0.07942973523421588,0.06720977596741344,1.865294929053422,2.9863689210884976,1,,,,,,,,,435100,001,2025-07-15_10h27.01.014,Continuous_Psychophysics,2022.2.5,None,
1,0,1,0,,,,,,,,,,,8.09266710281372,0.0824847250509165,0.06822810590631365,1.6537783250048943,2.810047809383825,1,,,,,,,,,435100,001,2025-07-15_10h27.01.014,Continuous_Psychophysics,2022.2.5,None,
1,0,1,0,,,,,,,,,,,8.097190856933594,0.08757637474541752,0.06924643584521385,0.8596794543414242,2.789307617007916,1,,,,,,,,,435100,001,2025-07-15_10h27.01.014,Continuous_Psychophysics,2022.2.5,None,
1,0,1,0,,,,,,,,,,,8.10948896408081,0.09164969450101833,0.06924643584521385,0.907977556153904,2.6874531463052933,1,,,,,,,,,435100,001,2025-07-15_10h27.01.014,Continuous_Psychophysics,2022.2.5,None,
1,0,1,0,,,,,,,,,,,8.113784074783325,0.09674134419551934,0.07026476578411406,1.1226853447940988,2.4749824071105833,1,,,,,,,,,435100,001,2025-07-15_10h27.01.014,Continuous_Psychophysics,2022.2.5,None,
1,0,1,0,,,,,,,,,,,8.126750946044922,0.09877800407331976,0.07026476578411406,1.333428988771363,2.618995670965777,1,,,,,,,,,435100,001,2025-07-15_10h27.01.014,Continuous_Psychophysics,2022.2.5,None,
1,0,1,0,,,,,,,,,,,8.131313800811768,0.10285132382892057,0.07026476578411406,1.7134199434274582,2.4423092964730326,1,,,,,,,,,435100,001,2025-07-15_10h27.01.014,Continuous_Psychophysics,2022.2.5,None,
1,0,1,0,,,,,,,,,,,8.136037826538086,0.10488798370672098,0.07026476578411406,1.6928877901142954,2.812134783734133,1,,,,,,,,,435100,001,2025-07-15_10h27.01.014,Continuous_Psychophysics,2022.2.5,None,
1,0,1,0,,,,,,,,,,,8.148362874984741,0.10692464358452139,0.07026476578411406,1.5323282704080743,2.901873303721913,1,,,,,,,,,435100,001,2025-07-15_10h27.01.014,Continuous_Psychophysics,2022.2.5,None,
1,0,1,0,,,,,,,,,,,8.152683973312378,0.1079429735234216,0.07026476578411406,1.0335596303205556,2.9954238325427296,1,,,,,,,,,435100,001,2025-07-15_10h27.01.014,Continuous_Psychophysics,2022.2.5,None,
1,0,1,0,,,,,,,,,,,8.165469884872437,0.10896130346232179,0.07026476578411406,0.7460140846302868,2.7644920426139494,1,,,,,,,,,435100,001,2025-07-15_10h27.01.014,Continuous_Psychophysics,2022.2.5,None,
1,0,1,0,,,,,,,,,,,8.169538021087646,0.10896130346232179,0.07026476578411406,0.3480964042612265,3.086062409290421,1,,,,,,,,,435100,001,2025-07-15_10h27.01.014,Continuous_Psychophysics,2022.2.5,None,
1,0,1,0,,,,,,,,,,,8.182491779327393,0.109979633401222,0.07026476578411406,0.04654688947424385,3.338168318764241,1,,,,,,,,,435100,001,2025-07-15_10h27.01.014,Continuous_Psychophysics,2022.2.5,None,
1,0,1,0,,,,,,,,,,,8.186815023422241,0.109979633401222,0.07026476578411406,0.35979413539300403,3.29197254153462,1,,,,,,,,,435100,001,2025-07-15_10h27.01.014,Continuous_Psychophysics,2022.2.5,None,
1,0,1,0,,,,,,,,,,,8.199606895446777,0.109979633401222,0.07026476578411406,0.07642473171593239,3.415412571209377,1,,,,,,,,,435100,001,2025-07-15_10h27.01.014,Continuous_Psychophysics,2022.2.5,None,
1,0,1,0,,,,,,,,,,,8.202805042266846,0.109979633401222,0.07026476578411406,-0.06013939108091529,3.152001102578607,1,,,,,,,,,435100,001,2025-07-15_10h27.01.014,Continuous_Psychophysics,2022.2.5,None,
1,0,1,0,,,,,,,,,,,8.216724872589111,0.109979633401222,0.07128309572301425,-0.05236517345980729,3.423511652760218,1,,,,,,,,,435100,001,2025-07-15_10h27.01.014,Continuous_Psychophysics,2022.2.5,None,
1,0,1,0,,,,,,,,,,,8.221199989318848,0.109979633401222,0.07128309572301425,0.16229299877444978,3.813880948412722,1,,,,,,,,,435100,001,2025-07-15_10h27.01.014,Continuous_Psychophysics,2022.2.5,None,
1,0,1,0,,,,,,,,,,,8.233572006225586,0.10896130346232179,0.07230142566191446,-0.3683048983166881,3.5862669162519567,1,,,,,,,,,435100,001,2025-07-15_10h27.01.014,Continuous_Psychophysics,2022.2.5,None,
1,0,1,0,,,,,,,,,,,8.237571001052856,0.10896130346232179,0.07230142566191446,-0.48173660988262546,3.5746725224916305,1,,,,,,,,,435100,001,2025-07-15_10h27.01.014,Continuous_Psychophysics,2022.2.5,None,
1,0,1,0,,,,,,,,,,,8.250752925872803,0.10896130346232179,0.07230142566191446,-0.45024631526531433,2.92700849903335,1,,,,,,,,,435100,001,2025-07-15_10h27.01.014,Continuous_Psychophysics,2022.2.5,None,
1,0,1,0,,,,,,,,,,,8.254654884338379,0.10896130346232179,0.07230142566191446,-0.07561078381068281,2.888779911623959,1,,,,,,,,,435100,001,2025-07-15_10h27.01.014,Continuous_Psychophysics,2022.2.5,None,
1,0,1,0,,,,,,,,,,,8.268023014068604,0.10896130346232179,0.07230142566191446,0.46796458922431,2.7590210252927707,1,,,,,,,,,435100,001,2025-07-15_10h27.01.014,Continuous_Psychophysics,2022.2.5,None,
1,0,1,0,,,,,,,,,,,8.27222204208374,0.10896130346232179,0.07230142566191446,0.23987753473115422,2.8802054053800563,1,,,,,,,,,435100,001,2025-07-15_10h27.01.014,Continuous_Psychophysics,2022.2.5,None,
1,0,1,0,,,,,,,,,,,8.28515100479126,0.10896130346232179,0.07230142566191446,0.9753035902365443,2.780096486817459,1,,,,,,,,,435100,001,2025-07-15_10h27.01.014,Continuous_Psychophysics,2022.2.5,None,
1,0,1,0,,,,,,,,,,,8.289541959762573,0.10896130346232179,0.07230142566191446,1.7999421276178242,2.699602031064565,1,,,,,,,,,435100,001,2025-07-15_10h27.01.014,Continuous_Psychophysics,2022.2.5,None,
1,0,1,0,,,,,,,,,,,8.294046878814697,0.10896130346232179,0.07230142566191446,1.8309338338093264,2.164897231822053,1,,,,,,,,,435100,001,2025-07-15_10h27.01.014,Continuous_Psychophysics,2022.2.5,None,
1,0,1,0,,,,,,,,,,,8.306329011917114,0.10896130346232179,0.07230142566191446,1.7712078833160123,2.164845353634595,1,,,,,,,,,435100,001,2025-07-15_10h27.01.014,Continuous_Psychophysics,2022.2.5,None,
1,0,1,0,,,,,,,,,,,8.310768842697144,0.10896130346232179,0.07230142566191446,1.9158863782952016,2.0887217934495794,1,,,,,,,,,435100,001,2025-07-15_10h27.01.014,Continuous_Psychophysics,2022.2.5,None,
1,0,1,0,,,,,,,,,,,8.323580980300903,0.10896130346232179,0.07230142566191446,1.756048814928794,2.2737268462096214,1,,,,,,,,,435100,001,2025-07-15_10h27.01.014,Continuous_Psychophysics,2022.2.5,None,
1,0,1,0,,,,,,,,,,,8.327677011489868,0.10896130346232179,0.07230142566191446,1.7363563972429807,1.9304131624871574,1,,,,,,,,,435100,001,2025-07-15_10h27.01.014,Continuous_Psychophysics,2022.2.5,None,
1,0,1,0,,,,,,,,,,,8.340666055679321,0.10896130346232179,0.07230142566191446,1.9341021542049617,2.7001072094815957,1,,,,,,,,,435100,001,2025-07-15_10h27.01.014,Continuous_Psychophysics,2022.2.5,None,
1,0,1,0,,,,,,,,,,,8.343756914138794,0.10896130346232179,0.07230142566191446,1.8111242518324593,2.608496207770658,1,,,,,,,,,435100,001,2025-07-15_10h27.01.014,Continuous_Psychophysics,2022.2.5,None,
1,0,1,0,,,,,,,,,,,8.357745885848999,0.10896130346232179,0.07230142566191446,1.660910285331216,2.63882827518133,1,,,,,,,,,435100,001,2025-07-15_10h27.01.014,Continuous_Psychophysics,2022.2.5,None,
1,0,1,0,,,,,,,,,,,8.360828876495361,0.10896130346232179,0.07230142566191446,1.5066649570413553,2.3056489430966125,1,,,,,,,,,435100,001,2025-07-15_10h27.01.014,Continuous_Psychophysics,2022.2.5,None,
1,0,1,0,,,,,,,,,,,8.374928951263428,0.10896130346232179,0.07230142566191446,1.1694929240168312,2.4311434584601086,1,,,,,,,,,435100,001,2025-07-15_10h27.01.014,Continuous_Psychophysics,2022.2.5,None,
1,0,1,0,,,,,,,,,,,8.379650115966797,0.10896130346232179,0.07230142566191446,1.3635035693395168,2.209488648084686,1,,,,,,,,,435100,001,2025-07-15_10h27.01.014,Continuous_Psychophysics,2022.2.5,None,
1,0,1,0,,,,,,,,,,,8.392430067062378,0.10896130346232179,0.07230142566191446,1.6163077176691907,2.3696022422088237,1,,,,,,,,,435100,001,2025-07-15_10h27.01.014,Continuous_Psychophysics,2022.2.5,None,
1,0,1,0,,,,,,,,,,,8.397171974182129,0.10896130346232179,0.07230142566191446,1.8613971653724695,2.8957681958283246,1,,,,,,,,,435100,001,2025-07-15_10h27.01.014,Continuous_Psychophysics,2022.2.5,None,
1,0,1,0,,,,,,,,,,,8.409690141677856,0.10896130346232179,0.07230142566191446,1.581599559915426,2.663080797641663,1,,,,,,,,,435100,001,2025-07-15_10h27.01.014,Continuous_Psychophysics,2022.2.5,None,
1,0,1,0,,,,,,,,,,,8.415088176727295,0.10896130346232179,0.07230142566191446,1.2994647905396761,2.418412158559888,1,,,,,,,,,435100,001,2025-07-15_10h27.01.014,Continuous_Psychophysics,2022.2.5,None,
1,0,1,0,,,,,,,,,,,8.420442819595337,0.10896130346232179,0.07230142566191446,1.1723526787721141,1.9373306643069756,1,,,,,,,,,435100,001,2025-07-15_10h27.01.014,Continuous_Psychophysics,2022.2.5,None,
1,0,1,0,,,,,,,,,,,8.431329011917114,0.10896130346232179,0.07230142566191446,1.4562019313140464,2.116789158665513,1,,,,,,,,,435100,001,2025-07-15_10h27.01.014,Continuous_Psychophysics,2022.2.5,None,
1,0,1,0,,,,,,,,,,,8.436069011688232,0.10896130346232179,0.07230142566191446,1.5663646815505925,2.5793478540091135,1,,,,,,,,,435100,001,2025-07-15_10h27.01.014,Continuous_Psychophysics,2022.2.5,None,
1,0,1,0,,,,,,,,,,,8.448431015014648,0.10896130346232179,0.07230142566191446,1.13622113820757,2.9648914222970246,1,,,,,,,,,435100,001,2025-07-15_10h27.01.014,Continuous_Psychophysics,2022.2.5,None,
1,0,1,0,,,,,,,,,,,8.453001976013184,0.10896130346232179,0.07230142566191446,1.3074788786814375,3.1353064576940053,1,,,,,,,,,435100,001,2025-07-15_10h27.01.014,Continuous_Psychophysics,2022.2.5,None,
1,0,1,0,,,,,,,,,,,8.466089963912964,0.10590631364562118,0.07230142566191446,1.6119973107631833,2.744257352233285,1,,,,,,,,,435100,001,2025-07-15_10h27.01.014,Continuous_Psychophysics,2022.2.5,None,
1,0,1,0,,,,,,,,,,,8.469680070877075,0.10590631364562118,0.07230142566191446,1.4057567723343398,2.8895721543669617,1,,,,,,,,,435100,001,2025-07-15_10h27.01.014,Continuous_Psychophysics,2022.2.5,None,
1,0,1,0,,,,,,,,,,,8.483201026916504,0.09674134419551934,0.06924643584521385,1.34427302809318,3.033838850282263,1,,,,,,,,,435100,001,2025-07-15_10h27.01.014,Continuous_Psychophysics,2022.2.5,None,
1,0,1,0,,,,,,,,,,,8.4876708984375,0.09674134419551934,0.06924643584521385,1.1515724869222181,3.1040447238039346,1,,,,,,,,,435100,001,2025-07-15_10h27.01.014,Continuous_Psychophysics,2022.2.5,None,
1,0,1,0,,,,,,,,,,,8.500298976898193,0.0855397148676171,0.06517311608961303,1.2182513861564723,2.720890326278676,1,,,,,,,,,435100,001,2025-07-15_10h27.01.014,Continuous_Psychophysics,2022.2.5,None,
1,0,1,0,,,,,,,,,,,8.50452995300293,0.0855397148676171,0.06517311608961303,0.8955865912530432,3.1412226198655624,1,,,,,,,,,435100,001,2025-07-15_10h27.01.014,Continuous_Psychophysics,2022.2.5,None,
1,0,1,0,,,,,,,,,,,8.51775312423706,0.07331975560081466,0.059063136456211814,0.7063188661925214,3.1103833617391468,1,,,,,,,,,435100,001,2025-07-15_10h27.01.014,Continuous_Psychophysics,2022.2.5,None,
1,0,1,0,,,,,,,,,,,8.52292513847351,0.06924643584521385,0.05804480651731161,0.6237939414338622,3.2088880679684757,1,,,,,,,,,435100,001,2025-07-15_10h27.01.014,Continuous_Psychophysics,2022.2.5,None,
1,0,1,0,,,,,,,,,,,8.527960062026978,0.06924643584521385,0.05804480651731161,-0.17000758375977176,3.517729945526468,1,,,,,,,,,435100,001,2025-07-15_10h27.01.014,Continuous_Psychophysics,2022.2.5,None,
1,0,1,0,,,,,,,,,,,8.539528846740723,0.06313645621181263,0.054989816700611,-0.17559631218306218,3.39777630996681,1,,,,,,,,,435100,001,2025-07-15_10h27.01.014,Continuous_Psychophysics,2022.2.5,None,
1,0,1,0,,,,,,,,,,,8.54409909248352,0.06313645621181263,0.054989816700611,-0.2115269072004216,3.2507652822519395,1,,,,,,,,,435100,001,2025-07-15_10h27.01.014,Continuous_Psychophysics,2022.2.5,None,
1,0,1,0,,,,,,,,,,,8.5570650100708,0.05804480651731161,0.0539714867617108,-0.24957692572253706,3.4936069342865257,1,,,,,,,,,435100,001,2025-07-15_10h27.01.014,Continuous_Psychophysics,2022.2.5,None,
1,0,1,0,,,,,,,,,,,8.560975074768066,0.05804480651731161,0.0539714867617108,-0.49970180229373284,3.305927408581431,1,,,,,,,,,435100,001,2025-07-15_10h27.01.014,Continuous_Psychophysics,2022.2.5,None,
1,0,1,0,,,,,,,,,,,8.574222087860107,0.051934826883910386,0.051934826883910386,-0.028990142855237877,3.588167283463873,1,,,,,,,,,435100,001,2025-07-15_10h27.01.014,Continuous_Psychophysics,2022.2.5,None,
1,0,1,0,,,,,,,,,,,8.579062938690186,0.05091649694501019,0.05091649694501019,0.3226897243181842,3.3585829179134192,1,,,,,,,,,435100,001,2025-07-15_10h27.01.014,Continuous_Psychophysics,2022.2.5,None,
1,0,1,0,,,,,,,,,,,8.591301918029785,0.04989816700610998,0.04989816700610998,0.577024082767547,3.596698983049974,1,,,,,,,,,435100,001,2025-07-15_10h27.01.014,Continuous_Psychophysics,2022.2.5,None,
1,0,1,0,,,,,,,,,,,8.595399856567383,0.04786150712830957,0.048879837067209775,0.019072426752603344,3.6595075983498475,1,,,,,,,,,435100,001,2025-07-15_10h27.01.014,Continuous_Psychophysics,2022.2.5,None,
1,0,1,0,,,,,,,,,,,8.608517169952393,0.04684317718940937,0.048879837067209775,0.02626409573956387,3.9552006342137616,1,,,,,,,,,435100,001,2025-07-15_10h27.01.014,Continuous_Psychophysics,2022.2.5,None,
1,0,1,0,,,,,,,,,,,8.61342477798462,0.045824847250509164,0.04786150712830957,0.3954800649574791,3.855357100897928,1,,,,,,,,,435100,001,2025-07-15_10h27.01.014,Continuous_Psychophysics,2022.2.5,None,
1,0,1,0,,,,,,,,,,,8.625509023666382,0.04480651731160896,0.04684317718940937,0.182552707595481,3.4185330440736954,1,,,,,,,,,435100,001,2025-07-15_10h27.01.014,Continuous_Psychophysics,2022.2.5,None,
1,0,1,0,,,,,,,,,,,8.630138158798218,0.04378818737270876,0.04684317718940937,-0.2099701833104841,3.8381082333982617,1,,,,,,,,,435100,001,2025-07-15_10h27.01.014,Continuous_Psychophysics,2022.2.5,None,
1,0,1,0,,,,,,,,,,,8.642992973327637,0.04276985743380855,0.04684317718940937,-0.48363126111220134,3.994995312582747,1,,,,,,,,,435100,001,2025-07-15_10h27.01.014,Continuous_Psychophysics,2022.2.5,None,
1,0,1,0,,,,,,,,,,,8.647715091705322,0.04073319755600815,0.045824847250509164,-0.1606376092044775,4.281811139170165,1,,,,,,,,,435100,001,2025-07-15_10h27.01.014,Continuous_Psychophysics,2022.2.5,None,
1,0,1,0,,,,,,,,,,,8.652645826339722,0.03971486761710794,0.045824847250509164,-0.8871648404417602,4.411191914616712,1,,,,,,,,,435100,001,2025-07-15_10h27.01.014,Continuous_Psychophysics,2022.2.5,None,
1,0,1,0,,,,,,,,,,,8.664712905883789,0.03767820773930754,0.045824847250509164,-0.7153695964963934,4.6257338085709785,1,,,,,,,,,435100,001,2025-07-15_10h27.01.014,Continuous_Psychophysics,2022.2.5,None,
1,0,1,0,,,,,,,,,,,8.66932988166809,0.03665987780040733,0.045824847250509164,-0.41971657722241656,4.777450859809268,1,,,,,,,,,435100,001,2025-07-15_10h27.01.014,Continuous_Psychophysics,2022.2.5,None,
1,0,1,0,,,,,,,,,,,8.681789875030518,0.035641547861507125,0.045824847250509164,-0.59505524768557,4.620614885909256,1,,,,,,,,,435100,001,2025-07-15_10h27.01.014,Continuous_Psychophysics,2022.2.5,None,
1,0,1,0,,,,,,,,,,,8.686075925827026,0.03360488798370672,0.045824847250509164,0.2676958766727653,4.964728798117885,1,,,,,,,,,435100,001,2025-07-15_10h27.01.014,Continuous_Psychophysics,2022.2.5,None,
1,0,1,0,,,,,,,,,,,8.698915958404541,0.03054989816700611,0.04684317718940937,-0.050753070597512495,4.6239377416906216,1,,,,,,,,,435100,001,2025-07-15_10h27.01.014,Continuous_Psychophysics,2022.2.5,None,
1,0,1,0,,,,,,,,,,,8.702342987060547,0.03054989816700611,0.04684317718940937,-0.12468743442389939,5.049420364218711,1,,,,,,,,,435100,001,2025-07-15_10h27.01.014,Continuous_Psychophysics,2022.2.5,None,
1,0,1,0,,,,,,,,,,,8.715957880020142,0.0274949083503055,0.048879837067209775,-0.19417211185985822,4.672785476734256,1,,,,,,,,,435100,001,2025-07-15_10h27.01.014,Continuous_Psychophysics,2022.2.5,None,
1,0,1,0,,,,,,,,,,,8.72025179862976,0.0274949083503055,0.048879837067209775,-0.19433541685343483,5.39694282691153,1,,,,,,,,,435100,001,2025-07-15_10h27.01.014,Continuous_Psychophysics,2022.2.5,None,
1,0,1,0,,,,,,,,,,,8.733155965805054,0.023421588594704685,0.05295315682281059,-0.7150284254952173,5.830049691880476,1,,,,,,,,,435100,001,2025-07-15_10h27.01.014,Continuous_Psychophysics,2022.2.5,None,
1,0,1,0,,,,,,,,,,,8.737560033798218,0.023421588594704685,0.05295315682281059,-1.1031012098976127,5.828756090999198,1,,,,,,,,,435100,001,2025-07-15_10h27.01.014,Continuous_Psychophysics,2022.2.5,None,
1,0,1,0,,,,,,,,,,,8.75019907951355,0.019348268839103868,0.059063136456211814,-0.7048879520477144,5.828756090999198,1,,,,,,,,,435100,001,2025-07-15_10h27.01.014,Continuous_Psychophysics,2022.2.5,None,
1,0,1,0,,,,,,,,,,,8.756132125854492,0.017311608961303463,0.062118126272912425,-0.89009721652596,5.389185074310452,1,,,,,,,,,435100,001,2025-07-15_10h27.01.014,Continuous_Psychophysics,2022.2.5,None,
1,0,1,0,,,,,,,,,,,8.760721921920776,0.017311608961303463,0.062118126272912425,-1.0503599846352423,5.663517471469527,1,,,,,,,,,435100,001,2025-07-15_10h27.01.014,Continuous_Psychophysics,2022.2.5,None,
1,0,1,0,,,,,,,,,,,8.772783041000366,0.015274949083503055,0.06517311608961303,-0.7849797888899621,5.663517471469527,1,,,,,,,,,435100,001,2025-07-15_10h27.01.014,Continuous_Psychophysics,2022.2.5,None,
1,0,1,0,,,,,,,,,,,8.777472019195557,0.013238289205702648,0.06924643584521385,-1.2277998669268912,5.857976030183913,1,,,,,,,,,435100,001,2025-07-15_10h27.01.014,Continuous_Psychophysics,2022.2.5,None,
1,0,1,0,,,,,,,,,,,8.789834976196289,0.01120162932790224,0.07433808553971487,-0.8150076010314621,5.857976030183913,1,,,,,,,,,435100,001,2025-07-15_10h27.01.014,Continuous_Psychophysics,2022.2.5,None,
1,0,1,0,,,,,,,,,,,8.794053077697754,0.01120162932790224,0.07433808553971487,-0.3186108128792517,5.838752986008353,1,,,,,,,,,435100,001,2025-07-15_10h27.01.014,Continuous_Psychophysics,2022.2.5,None,
1,0,1,0,,,,,,,,,,,8.806887865066528,0.009164969450101833,0.08044806517311609,-0.24504420724345333,5.838752986008353,1,,,,,,,,,435100,001,2025-07-15_10h27.01.014,Continuous_Psychophysics,2022.2.5,None,
1,0,1,0,,,,,,,,,,,8.811203002929688,0.009164969450101833,0.08044806517311609,-0.4948527323577109,5.845753474812578,1,,,,,,,,,435100,001,2025-07-15_10h27.01.014,Continuous_Psychophysics,2022.2.5,None,
1,0,1,0,,,,,,,,,,,8.824005126953125,0.007128309572301426,0.0845213849287169,-0.4761463830192921,5.468828199978861,1,,,,,,,,,435100,001,2025-07-15_10h27.01.014,Continuous_Psychophysics,2022.2.5,None,
1,0,1,0,,,,,,,,,,,8.828033924102783,0.007128309572301426,0.0845213849287169,-0.7198236542259091,5.849281979342648,1,,,,,,,,,435100,001,2025-07-15_10h27.01.014,Continuous_Psychophysics,2022.2.5,None,
1,0,1,0,,,,,,,,,,,8.840980052947998,0.006109979633401222,0.08655804480651731,-0.3351115185348587,5.6298893581215665,1,,,,,,,,,435100,001,2025-07-15_10h27.01.014,Continuous_Psychophysics,2022.2.5,None,
1,0,1,0,,,,,,,,,,,8.844573974609375,0.006109979633401222,0.08655804480651731,-0.6806541109863627,5.593595038852167,1,,,,,,,,,435100,001,2025-07-15_10h27.01.014,Continuous_Psychophysics,2022.2.5,None,
1,0,1,0,,,,,,,,,,,8.858062982559204,0.0050916496945010185,0.08757637474541752,-1.0614191003084223,5.707428815983519,1,,,,,,,,,435100,001,2025-07-15_10h27.01.014,Continuous_Psychophysics,2022.2.5,None,
1,0,1,0,,,,,,,,,,,8.861023902893066,0.004073319755600814,0.08757637474541752,-1.0917535821745872,5.417129732927433,1,,,,,,,,,435100,001,2025-07-15_10h27.01.014,Continuous_Psychophysics,2022.2.5,None,
1,0,1,0,,,,,,,,,,,8.875141859054565,0.003054989816700611,0.08859470468431772,-1.140139335820087,5.287374357817928,1,,,,,,,,,435100,001,2025-07-15_10h27.01.014,Continuous_Psychophysics,2022.2.5,None,
1,0,1,0,,,,,,,,,,,8.87798810005188,0.002036659877800407,0.08859470468431772,-1.4252217121111381,5.1057366317849375,1,,,,,,,,,435100,001,2025-07-15_10h27.01.014,Continuous_Psychophysics,2022.2.5,None,
1,0,1,0,,,,,,,,,,,8.892210960388184,0.0,0.08961303462321792,-1.5598355353702407,5.774617979108204,1,,,,,,,,,435100,001,2025-07-15_10h27.01.014,Continuous_Psychophysics,2022.2.5,None,
1,0,1,0,,,,,,,,,,,8.8963041305542,-0.0010183299389002036,0.08961303462321792,-1.5814036926852677,5.774617979108204,1,,,,,,,,,435100,001,2025-07-15_10h27.01.014,Continuous_Psychophysics,2022.2.5,None,
1,0,1,0,,,,,,,,,,,8.909344911575317,-0.002036659877800407,0.09063136456211812,-1.923711304394768,5.379274539229598,1,,,,,,,,,435100,001,2025-07-15_10h27.01.014,Continuous_Psychophysics,2022.2.5,None,
1,0,1,0,,,,,,,,,,,8.913604021072388,-0.003054989816700611,0.09164969450101833,-2.0022498907033937,4.830179928365197,1,,,,,,,,,435100,001,2025-07-15_10h27.01.014,Continuous_Psychophysics,2022.2.5,None,
1,0,1,0,,,,,,,,,,,8.926825046539307,-0.0050916496945010185,0.09266802443991853,-2.0049167286609992,4.677048251976745,1,,,,,,,,,435100,001,2025-07-15_10h27.01.014,Continuous_Psychophysics,2022.2.5,None,
1,0,1,0,,,,,,,,,,,8.931200981140137,-0.006109979633401222,0.09368635437881874,-1.2857665131549196,4.807590459243624,1,,,,,,,,,435100,001,2025-07-15_10h27.01.014,Continuous_Psychophysics,2022.2.5,None,
1,0,1,0,,,,,,,,,,,8.943882942199707,-0.007128309572301426,0.09674134419551934,-1.3918670356859915,5.151597568300876,1,,,,,,,,,435100,001,2025-07-15_10h27.01.014,Continuous_Psychophysics,2022.2.5,None,
1,0,1,0,,,,,,,,,,,8.9480299949646,-0.007128309572301426,0.09674134419551934,-1.6490340225235052,5.277385388257774,1,,,,,,,,,435100,001,2025-07-15_10h27.01.014,Continuous_Psychophysics,2022.2.5,None,
1,0,1,0,,,,,,,,,,,8.95254898071289,-0.008146639511201629,0.09877800407331976,-1.526706480175219,5.139404764568199,1,,,,,,,,,435100,001,2025-07-15_10h27.01.014,Continuous_Psychophysics,2022.2.5,None,
1,0,1,0,,,,,,,,,,,8.965114116668701,-0.009164969450101833,0.10183299389002037,-1.5117422575291126,5.209915044478672,1,,,,,,,,,435100,001,2025-07-15_10h27.01.014,Continuous_Psychophysics,2022.2.5,None,
1,0,1,0,,,,,,,,,,,8.969377994537354,-0.009164969450101833,0.10488798370672098,-1.2306139103245268,4.735804877616378,1,,,,,,,,,435100,001,2025-07-15_10h27.01.014,Continuous_Psychophysics,2022.2.5,None,
1,0,1,0,,,,,,,,,,,8.982164859771729,-0.009164969450101833,0.11303462321792261,-1.3390646654364724,4.205474177114058,1,,,,,,,,,435100,001,2025-07-15_10h27.01.014,Continuous_Psychophysics,2022.2.5,None,
1,0,1,0,,,,,,,,,,,8.985800981521606,-0.009164969450101833,0.11303462321792261,-1.3319403631220557,4.713157690341355,1,,,,,,,,,435100,001,2025-07-15_10h27.01.014,Continuous_Psychophysics,2022.2.5,None,
1,0,1,0,,,,,,,,,,,8.999424934387207,-0.009164969450101833,0.12219959266802444,-1.0040982291343772,4.792364115611326,1,,,,,,,,,435100,001,2025-07-15_10h27.01.014,Continuous_Psychophysics,2022.2.5,None,
1,0,1,0,,,,,,,,,,,9.003967046737671,-0.009164969450101833,0.12219959266802444,-0.7135726845633084,4.73641242120412,1,,,,,,,,,435100,001,2025-07-15_10h27.01.014,Continuous_Psychophysics,2022.2.5,None,
1,0,1,0,,,,,,,,,,,9.016421794891357,-0.009164969450101833,0.13136456211812628,-1.0289100384966456,4.9372886623541135,1,,,,,,,,,435100,001,2025-07-15_10h27.01.014,Continuous_Psychophysics,2022.2.5,None,
1,0,1,0,,,,,,,,,,,9.020665168762207,-0.009164969450101833,0.13136456211812628,-0.6200575142700857,5.3280641465503535,1,,,,,,,,,435100,001,2025-07-15_10h27.01.014,Continuous_Psychophysics,2022.2.5,None,
1,0,1,0,,,,,,,,,,,9.034149169921875,-0.009164969450101833,0.13747454175152748,-0.7859306201640519,5.3005357243189675,1,,,,,,,,,435100,001,2025-07-15_10h27.01.014,Continuous_Psychophysics,2022.2.5,None,
1,0,1,0,,,,,,,,,,,9.038364887237549,-0.009164969450101833,0.13747454175152748,-0.9529702272264753,5.732572504058795,1,,,,,,,,,435100,001,2025-07-15_10h27.01.014,Continuous_Psychophysics,2022.2.5,None,
1,0,1,0,,,,,,,,,,,9.05104398727417,-0.010183299389002037,0.14358452138492872,-1.427151921356007,5.730006593153555,1,,,,,,,,,435100,001,2025-07-15_10h27.01.014,Continuous_Psychophysics,2022.2.5,None,
1,0,1,0,,,,,,,,,,,9.055459022521973,-0.010183299389002037,0.14562118126272913,-1.0309233916297431,5.773792503678022,1,,,,,,,,,435100,001,2025-07-15_10h27.01.014,Continuous_Psychophysics,2022.2.5,None,
1,0,1,0,,,,,,,,,,,9.06836199760437,-0.010183299389002037,0.14765784114052954,-1.2269353050964695,5.981388616346046,1,,,,,,,,,435100,001,2025-07-15_10h27.01.014,Continuous_Psychophysics,2022.2.5,None,
1,0,1,0,,,,,,,,,,,9.073046922683716,-0.010183299389002037,0.14867617107942974,-0.7166911909109193,5.950621911406411,1,,,,,,,,,435100,001,2025-07-15_10h27.01.014,Continuous_Psychophysics,2022.2.5,None,
1,0,1,0,,,,,,,,,,,9.077553987503052,-0.010183299389002037,0.14867617107942974,-0.4079002197148493,5.813015184136718,1,,,,,,,,,435100,001,2025-07-15_10h27.01.014,Continuous_Psychophysics,2022.2.5,None,
1,0,1,0,,,,,,,,,,,9.089611053466797,-0.01120162932790224,0.14969450101832993,-0.1706955246986135,5.899455626315274,1,,,,,,,,,435100,001,2025-07-15_10h27.01.014,Continuous_Psychophysics,2022.2.5,None,
1,0,1,0,,,,,,,,,,,9.094075202941895,-0.01120162932790224,0.14969450101832993,0.3162897603435494,5.72043299142611,1,,,,,,,,,435100,001,2025-07-15_10h27.01.014,Continuous_Psychophysics,2022.2.5,None,
1,0,1,0,,,,,,,,,,,9.106348037719727,-0.01120162932790224,0.14969450101832993,0.15099875851953617,5.750007177601723,1,,,,,,,,,435100,001,2025-07-15_10h27.01.014,Continuous_Psychophysics,2022.2.5,None,
1,0,1,0,,,,,,,,,,,9.11076307296753,-0.01120162932790224,0.14969450101832993,0.286402929735349,5.751311908292777,1,,,,,,,,,435100,001,2025-07-15_10h27.01.014,Continuous_Psychophysics,2022.2.5,None,
1,0,1,0,,,,,,,,,,,9.123481035232544,-0.01120162932790224,0.14969450101832993,0.4729005361687385,5.829539654300884,1,,,,,,,,,435100,001,2025-07-15_10h27.01.014,Continuous_Psychophysics,2022.2.5,None,
1,0,1,0,,,,,,,,,,,9.127722978591919,-0.01120162932790224,0.14969450101832993,-0.41166465269000174,5.680292336156057,1,,,,,,,,,435100,001,2025-07-15_10h27.01.014,Continuous_Psychophysics,2022.2.5,None,
1,0,1,0,,,,,,,,,,,9.140683889389038,-0.01120162932790224,0.14969450101832993,-0.2236481287281312,5.950220487421821,1,,,,,,,,,435100,001,2025-07-15_10h27.01.014,Continuous_Psychophysics,2022.2.5,None,
1,0,1,0,,,,,,,,,,,9.143698930740356,-0.01120162932790224,0.14969450101832993,-0.5464575887980573,5.950220487421821,1,,,,,,,,,435100,001,2025-07-15_10h27.01.014,Continuous_Psychophysics,2022.2.5,None,
1,0,1,0,,,,,,,,,,,9.157835960388184,-0.01120162932790224,0.14969450101832993,-0.4204423425224937,5.888754581329665,1,,,,,,,,,435100,001,2025-07-15_10h27.01.014,Continuous_Psychophysics,2022.2.5,None,
1,0,1,0,,,,,,,,,,,9.162261009216309,-0.01120162932790224,0.14969450101832993,-0.21495371426366514,5.885974885927665,1,,,,,,,,,435100,001,2025-07-15_10h27.01.014,Continuous_Psychophysics,2022.2.5,None,
1,0,1,0,,,,,,,,,,,9.174991130828857,-0.01120162932790224,0.14969450101832993,-0.05692194057988903,5.885974885927665,1,,,,,,,,,435100,001,2025-07-15_10h27.01.014,Continuous_Psychophysics,2022.2.5,None,
1,0,1,0,,,,,,,,,,,9.179370880126953,-0.01120162932790224,0.14969450101832993,-0.34725364061480585,5.5565313453338,1,,,,,,,,,435100,001,2025-07-15_10h27.01.014,Continuous_Psychophysics,2022.2.5,None,
1,0,1,0,,,,,,,,,,,9.192445993423462,-0.01120162932790224,0.14969450101832993,-0.25835039416232736,5.199223657140541,1,,,,,,,,,435100,001,2025-07-15_10h27.01.014,Continuous_Psychophysics,2022.2.5,None,
1,0,1,0,,,,,,,,,,,9.19674801826477,-0.01120162932790224,0.14969450101832993,-0.5614520887410783,5.673462657512754,1,,,,,,,,,435100,001,2025-07-15_10h27.01.014,Continuous_Psychophysics,2022.2.5,None,
1,0,1,0,,,,,,,,,,,9.209485054016113,-0.01120162932790224,0.14969450101832993,-0.7509162040193779,5.857356118934913,1,,,,,,,,,435100,001,2025-07-15_10h27.01.014,Continuous_Psychophysics,2022.2.5,None,
1,0,1,0,,,,,,,,,,,9.213852882385254,-0.01120162932790224,0.14969450101832993,-0.7879601670213701,5.920764499994563,1,,,,,,,,,435100,001,2025-07-15_10h27.01.014,Continuous_Psychophysics,2022.2.5,None,
1,0,1,0,,,,,,,,,,,9.226864099502563,-0.01120162932790224,0.14969450101832993,-0.59507403535153,5.644211202570621,1,,,,,,,,,435100,001,2025-07-15_10h27.01.014,Continuous_Psychophysics,2022.2.5,None,
1,0,1,0,,,,,,,,,,,9.231544017791748,-0.01120162932790224,0.14969450101832993,-0.485252767169258,5.561649375041909,1,,,,,,,,,435100,001,2025-07-15_10h27.01.014,Continuous_Psychophysics,2022.2.5,None,
1,0,1,0,,,,,,,,,,,9.236052989959717,-0.01120162932790224,0.14969450101832993,-0.6639664441585429,5.583759925340728,1,,,,,,,,,435100,001,2025-07-15_10h27.01.014,Continuous_Psychophysics,2022.2.5,None,
1,0,1,0,,,,,,,,,,,9.248394966125488,-0.01120162932790224,0.14969450101832993,0.01641043267316289,5.868189491435897,1,,,,,,,,,435100,001,2025-07-15_10h27.01.014,Continuous_Psychophysics,2022.2.5,None,
1,0,1,0,,,,,,,,,,,9.252994060516357,-0.01120162932790224,0.14969450101832993,-0.1927408528159685,5.868189491435897,1,,,,,,,,,435100,001,2025-07-15_10h27.01.014,Continuous_Psychophysics,2022.2.5,None,
1,0,1,0,,,,,,,,,,,9.265673875808716,-0.01120162932790224,0.14969450101832993,0.12046444474510795,5.092393006688868,1,,,,,,,,,435100,001,2025-07-15_10h27.01.014,Continuous_Psychophysics,2022.2.5,None,
1,0,1,0,,,,,,,,,,,9.270015001296997,-0.01120162932790224,0.14969450101832993,-0.12631605204928667,4.715370056885868,1,,,,,,,,,435100,001,2025-07-15_10h27.01.014,Continuous_Psychophysics,2022.2.5,None,
1,0,1,0,,,,,,,,,,,9.282784938812256,-0.01120162932790224,0.14969450101832993,0.2042094953006602,4.339758569811395,1,,,,,,,,,435100,001,2025-07-15_10h27.01.014,Continuous_Psychophysics,2022.2.5,None,
1,0,1,0,,,,,,,,,,,9.285812854766846,-0.01120162932790224,0.14969450101832993,0.2419925653333318,4.3837915855782015,1,,,,,,,,,435100,001,2025-07-15_10h27.01.014,Continuous_Psychophysics,2022.2.5,None,
1,0,1,0,,,,,,,,,,,9.300177812576294,-0.01120162932790224,0.14969450101832993,0.6600987618402039,4.960424627564064,1,,,,,,,,,435100,001,2025-07-15_10h27.01.014,Continuous_Psychophysics,2022.2.5,None,
1,0,1,0,,,,,,,,,,,9.304675102233887,-0.01120162932790224,0.14969450101832993,0.2665793080624318,4.958330172935289,1,,,,,,,,,435100,001,2025-07-15_10h27.01.014,Continuous_Psychophysics,2022.2.5,None,
1,0,1,0,,,,,,,,,,,9.317245960235596,-0.01120162932790224,0.14969450101832993,0.18044950838219231,5.362071373484696,1,,,,,,,,,435100,001,2025-07-15_10h27.01.014,Continuous_Psychophysics,2022.2.5,None,
1,0,1,0,,,,,,,,,,,9.321967124938965,-0.01120162932790224,0.14969450101832993,0.11841082555454197,5.726219899497944,1,,,,,,,,,435100,001,2025-07-15_10h27.01.014,Continuous_Psychophysics,2022.2.5,None,
1,0,1,0,,,,,,,,,,,9.334707975387573,-0.01120162932790224,0.14969450101832993,0.4235311407690822,5.121106780175579,1,,,,,,,,,435100,001,2025-07-15_10h27.01.014,Continuous_Psychophysics,2022.2.5,None,
1,0,1,0,,,,,,,,,,,9.33964490890503,-0.01120162932790224,0.15071283095723015,0.6004299426046511,5.074807261865876,1,,,,,,,,,435100,001,2025-07-15_10h27.01.014,Continuous_Psychophysics,2022.2.5,None,
1,0,1,0,,,,,,,,,,,9.344304084777832,-0.01120162932790224,0.15071283095723015,0.6224619367506514,5.232603713056317,1,,,,,,,,,435100,001,2025-07-15_10h27.01.014,Continuous_Psychophysics,2022.2.5,None,
1,0,1,0,,,,,,,,,,,9.356405019760132,-0.013238289205702648,0.15376782077393075,0.7745122728580702,5.11756891254084,1,,,,,,,,,435100,001,2025-07-15_10h27.01.014,Continuous_Psychophysics,2022.2.5,None,
1,0,1,0,,,,,,,,,,,9.3609778881073,-0.013238289205702648,0.15376782077393075,1.22949443656006,5.132478863260668,1,,,,,,,,,435100,001,2025-07-15_10h27.01.014,Continuous_Psychophysics,2022.2.5,None,
1,0,1,0,,,,,,,,,,,9.373552799224854,-0.014256619144602852,0.15682281059063136,1.1963036154725346,5.158177880676746,1,,,,,,,,,435100,001,2025-07-15_10h27.01.014,Continuous_Psychophysics,2022.2.5,None,
1,0,1,0,,,,,,,,,,,9.378149032592773,-0.015274949083503055,0.159877800407332,1.125212959934062,5.460382691204637,1,,,,,,,,,435100,001,2025-07-15_10h27.01.014,Continuous_Psychophysics,2022.2.5,None,
1,0,1,0,,,,,,,,,,,9.390761852264404,-0.016293279022403257,0.16191446028513237,0.8413192081992773,5.283165624908648,1,,,,,,,,,435100,001,2025-07-15_10h27.01.014,Continuous_Psychophysics,2022.2.5,None,
1,0,1,0,,,,,,,,,,,9.394979000091553,-0.016293279022403257,0.164969450101833,1.4207333975504937,5.4711066437395965,1,,,,,,,,,435100,001,2025-07-15_10h27.01.014,Continuous_Psychophysics,2022.2.5,None,
1,0,1,0,,,,,,,,,,,9.407778978347778,-0.016293279022403257,0.1670061099796334,1.0264481420585403,5.836368728510857,1,,,,,,,,,435100,001,2025-07-15_10h27.01.014,Continuous_Psychophysics,2022.2.5,None,
1,0,1,0,,,,,,,,,,,9.411742925643921,-0.016293279022403257,0.1690427698574338,1.1142547133596552,5.821524845607131,1,,,,,,,,,435100,001,2025-07-15_10h27.01.014,Continuous_Psychophysics,2022.2.5,None,
1,0,1,0,,,,,,,,,,,9.424909114837646,-0.016293279022403257,0.1710794297352342,0.9564267033875908,5.075053336723243,1,,,,,,,,,435100,001,2025-07-15_10h27.01.014,Continuous_Psychophysics,2022.2.5,None,
1,0,1,0,,,,,,,,,,,9.429812908172607,-0.016293279022403257,0.17209775967413443,1.0508030621163362,5.091278114471487,1,,,,,,,,,435100,001,2025-07-15_10h27.01.014,Continuous_Psychophysics,2022.2.5,None,
1,0,1,0,,,,,,,,,,,9.44183897972107,-0.016293279022403257,0.17311608961303462,1.1320576616211206,4.8804333134899185,1,,,,,,,,,435100,001,2025-07-15_10h27.01.014,Continuous_Psychophysics,2022.2.5,None,
1,0,1,0,,,,,,,,,,,9.446163892745972,-0.016293279022403257,0.17311608961303462,0.9943785337943665,5.252871740282221,1,,,,,,,,,435100,001,2025-07-15_10h27.01.014,Continuous_Psychophysics,2022.2.5,None,
1,0,1,0,,,,,,,,,,,9.458946943283081,-0.016293279022403257,0.17311608961303462,1.0570817442520128,5.051817172040279,1,,,,,,,,,435100,001,2025-07-15_10h27.01.014,Continuous_Psychophysics,2022.2.5,None,
1,0,1,0,,,,,,,,,,,9.463480949401855,-0.016293279022403257,0.17311608961303462,1.1503436732581802,4.587935577151185,1,,,,,,,,,435100,001,2025-07-15_10h27.01.014,Continuous_Psychophysics,2022.2.5,None,
1,0,1,0,,,,,,,,,,,9.476130962371826,-0.017311608961303463,0.17311608961303462,0.9916345889057453,4.764017743163423,1,,,,,,,,,435100,001,2025-07-15_10h27.01.014,Continuous_Psychophysics,2022.2.5,None,
1,0,1,0,,,,,,,,,,,9.480739116668701,-0.017311608961303463,0.17311608961303462,0.6889396235141964,4.43654775159184,1,,,,,,,,,435100,001,2025-07-15_10h27.01.014,Continuous_Psychophysics,2022.2.5,None,
1,0,1,0,,,,,,,,,,,9.493247032165527,-0.017311608961303463,0.17311608961303462,0.61134450473989,4.862459217408021,1,,,,,,,,,435100,001,2025-07-15_10h27.01.014,Continuous_Psychophysics,2022.2.5,None,
1,0,1,0,,,,,,,,,,,9.497777938842773,-0.017311608961303463,0.17311608961303462,0.1796197971399779,5.025741937812684,1,,,,,,,,,435100,001,2025-07-15_10h27.01.014,Continuous_Psychophysics,2022.2.5,None,
1,0,1,0,,,,,,,,,,,9.510650157928467,-0.017311608961303463,0.17311608961303462,0.28469746769529974,5.15320415412396,1,,,,,,,,,435100,001,2025-07-15_10h27.01.014,Continuous_Psychophysics,2022.2.5,None,
1,0,1,0,,,,,,,,,,,9.515105962753296,-0.017311608961303463,0.17311608961303462,0.26566309185795833,5.2201594310469925,1,,,,,,,,,435100,001,2025-07-15_10h27.01.014,Continuous_Psychophysics,2022.2.5,None,
1,0,1,0,,,,,,,,,,,9.52012586593628,-0.017311608961303463,0.17311608961303462,0.35489860934807466,5.145607963673476,1,,,,,,,,,435100,001,2025-07-15_10h27.01.014,Continuous_Psychophysics,2022.2.5,None,
1,0,1,0,,,,,,,,,,,9.532027959823608,-0.017311608961303463,0.17209775967413443,0.17419600589247228,5.208154543252033,1,,,,,,,,,435100,001,2025-07-15_10h27.01.014,Continuous_Psychophysics,2022.2.5,None,
1,0,1,0,,,,,,,,,,,9.53602409362793,-0.017311608961303463,0.17209775967413443,-0.15482345428786407,5.130737298239879,1,,,,,,,,,435100,001,2025-07-15_10h27.01.014,Continuous_Psychophysics,2022.2.5,None,
1,0,1,0,,,,,,,,,,,9.549375057220459,-0.017311608961303463,0.1670061099796334,-0.04089171405741995,5.1655870601994645,1,,,,,,,,,435100,001,2025-07-15_10h27.01.014,Continuous_Psychophysics,2022.2.5,None,
1,0,1,0,,,,,,,,,,,9.55289602279663,-0.017311608961303463,0.1670061099796334,1.1044074420171668,5.768967437302763,1,,,,,,,,,435100,001,2025-07-15_10h27.01.014,Continuous_Psychophysics,2022.2.5,None,
1,0,1,0,,,,,,,,,,,9.566751956939697,-0.017311608961303463,0.1629327902240326,1.5616234397428523,5.974494136591701,1,,,,,,,,,435100,001,2025-07-15_10h27.01.014,Continuous_Psychophysics,2022.2.5,None,
1,0,1,0,,,,,,,,,,,9.571322202682495,-0.017311608961303463,0.1629327902240326,1.9083795329859587,5.878491985183263,1,,,,,,,,,435100,001,2025-07-15_10h27.01.014,Continuous_Psychophysics,2022.2.5,None,
1,0,1,0,,,,,,,,,,,9.583919048309326,-0.013238289205702648,0.15784114052953158,2.1196185454177376,5.8559894450162595,1,,,,,,,,,435100,001,2025-07-15_10h27.01.014,Continuous_Psychophysics,2022.2.5,None,
1,0,1,0,,,,,,,,,,,9.588706970214844,-0.01120162932790224,0.15580448065173116,2.6202345904659534,5.804184359641068,1,,,,,,,,,435100,001,2025-07-15_10h27.01.014,Continuous_Psychophysics,2022.2.5,None,
1,0,1,0,,,,,,,,,,,9.600800037384033,-0.008146639511201629,0.15376782077393075,2.724385037125116,5.79484636000569,1,,,,,,,,,435100,001,2025-07-15_10h27.01.014,Continuous_Psychophysics,2022.2.5,None,
1,0,1,0,,,,,,,,,,,9.605594873428345,-0.0050916496945010185,0.15173116089613034,2.7780584927466485,5.79484636000569,1,,,,,,,,,435100,001,2025-07-15_10h27.01.014,Continuous_Psychophysics,2022.2.5,None,
1,0,1,0,,,,,,,,,,,9.618090867996216,-0.002036659877800407,0.15173116089613034,2.613912504765476,5.197103190054832,1,,,,,,,,,435100,001,2025-07-15_10h27.01.014,Continuous_Psychophysics,2022.2.5,None,
1,0,1,0,,,,,,,,,,,9.623018026351929,0.002036659877800407,0.15071283095723015,2.6218606148508194,4.903737458333227,1,,,,,,,,,435100,001,2025-07-15_10h27.01.014,Continuous_Psychophysics,2022.2.5,None,
1,0,1,0,,,,,,,,,,,9.62767481803894,0.002036659877800407,0.15071283095723015,2.5912567541309057,4.712738602504072,1,,,,,,,,,435100,001,2025-07-15_10h27.01.014,Continuous_Psychophysics,2022.2.5,None,
1,0,1,0,,,,,,,,,,,9.639856100082397,0.010183299389002037,0.15071283095723015,2.953167652496016,4.576918454850777,1,,,,,,,,,435100,001,2025-07-15_10h27.01.014,Continuous_Psychophysics,2022.2.5,None,
1,0,1,0,,,,,,,,,,,9.64460015296936,0.014256619144602852,0.15071283095723015,3.080454344800564,4.55220107221061,1,,,,,,,,,435100,001,2025-07-15_10h27.01.014,Continuous_Psychophysics,2022.2.5,None,
1,0,1,0,,,,,,,,,,,9.657107830047607,0.016293279022403257,0.15173116089613034,2.474057989596875,4.504646064631785,1,,,,,,,,,435100,001,2025-07-15_10h27.01.014,Continuous_Psychophysics,2022.2.5,None,
1,0,1,0,,,,,,,,,,,9.661168813705444,0.019348268839103868,0.15274949083503056,2.7845370818219464,4.274069678144443,1,,,,,,,,,435100,001,2025-07-15_10h27.01.014,Continuous_Psychophysics,2022.2.5,None,
1,0,1,0,,,,,,,,,,,9.674311876296997,0.021384928716904276,0.15376782077393075,3.315189056732892,4.941967232646392,1,,,,,,,,,435100,001,2025-07-15_10h27.01.014,Continuous_Psychophysics,2022.2.5,None,
1,0,1,0,,,,,,,,,,,9.67900276184082,0.023421588594704685,0.15478615071283094,3.5978119898471523,5.220541287710248,1,,,,,,,,,435100,001,2025-07-15_10h27.01.014,Continuous_Psychophysics,2022.2.5,None,
1,0,1,0,,,,,,,,,,,9.691451072692871,0.024439918533604887,0.15580448065173116,4.113208774498713,4.984361151069222,1,,,,,,,,,435100,001,2025-07-15_10h27.01.014,Continuous_Psychophysics,2022.2.5,None,
1,0,1,0,,,,,,,,,,,9.696617841720581,0.025458248472505093,0.15580448065173116,4.4255974549963515,5.033394243694687,1,,,,,,,,,435100,001,2025-07-15_10h27.01.014,Continuous_Psychophysics,2022.2.5,None,
1,0,1,0,,,,,,,,,,,9.708405017852783,0.025458248472505093,0.15580448065173116,4.214775262324982,5.729305316658117,1,,,,,,,,,435100,001,2025-07-15_10h27.01.014,Continuous_Psychophysics,2022.2.5,None,
1,0,1,0,,,,,,,,,,,9.713088989257812,0.025458248472505093,0.15682281059063136,4.09871206390373,5.822851297838221,1,,,,,,,,,435100,001,2025-07-15_10h27.01.014,Continuous_Psychophysics,2022.2.5,None,
1,0,1,0,,,,,,,,,,,9.725698947906494,0.026476578411405296,0.15682281059063136,3.9033460218293534,5.822851297838221,1,,,,,,,,,435100,001,2025-07-15_10h27.01.014,Continuous_Psychophysics,2022.2.5,None,
1,0,1,0,,,,,,,,,,,9.7308349609375,0.026476578411405296,0.15682281059063136,4.404452537049403,5.437401085257559,1,,,,,,,,,435100,001,2025-07-15_10h27.01.014,Continuous_Psychophysics,2022.2.5,None,
1,0,1,0,,,,,,,,,,,9.742645025253296,0.026476578411405296,0.15682281059063136,4.3730796084785855,5.362111516624997,1,,,,,,,,,435100,001,2025-07-15_10h27.01.014,Continuous_Psychophysics,2022.2.5,None,
1,0,1,0,,,,,,,,,,,9.74700379371643,0.026476578411405296,0.15682281059063136,4.507945850898697,4.978553428540144,1,,,,,,,,,435100,001,2025-07-15_10h27.01.014,Continuous_Psychophysics,2022.2.5,None,
1,0,1,0,,,,,,,,,,,9.759997844696045,0.026476578411405296,0.15784114052953158,4.668627154349315,5.099108118051046,1,,,,,,,,,435100,001,2025-07-15_10h27.01.014,Continuous_Psychophysics,2022.2.5,None,
1,0,1,0,,,,,,,,,,,9.764503002166748,0.026476578411405296,0.15784114052953158,4.587592985372483,5.67381061178775,1,,,,,,,,,435100,001,2025-07-15_10h27.01.014,Continuous_Psychophysics,2022.2.5,None,
1,0,1,0,,,,,,,,,,,9.769369125366211,0.026476578411405296,0.15784114052953158,4.710173509236756,5.790314533209061,1,,,,,,,,,435100,001,2025-07-15_10h27.01.014,Continuous_Psychophysics,2022.2.5,None,
1,0,1,0,,,,,,,,,,,9.78162407875061,0.026476578411405296,0.15885947046843177,4.992878886302113,5.44662471768706,1,,,,,,,,,435100,001,2025-07-15_10h27.01.014,Continuous_Psychophysics,2022.2.5,None,
1,0,1,0,,,,,,,,,,,9.786585092544556,0.026476578411405296,0.159877800407332,5.208434261790707,5.213270936824784,1,,,,,,,,,435100,001,2025-07-15_10h27.01.014,Continuous_Psychophysics,2022.2.5,None,
1,0,1,0,,,,,,,,,,,9.798566818237305,0.026476578411405296,0.16191446028513237,4.797138773958628,5.327685156443326,1,,,,,,,,,435100,001,2025-07-15_10h27.01.014,Continuous_Psychophysics,2022.2.5,None,
1,0,1,0,,,,,,,,,,,9.802786111831665,0.026476578411405296,0.16191446028513237,5.547668388700988,5.36975764831568,1,,,,,,,,,435100,001,2025-07-15_10h27.01.014,Continuous_Psychophysics,2022.2.5,None,
1,0,1,0,,,,,,,,,,,9.81586503982544,0.026476578411405296,0.16395112016293278,5.662722891445267,5.2931333900125175,1,,,,,,,,,435100,001,2025-07-15_10h27.01.014,Continuous_Psychophysics,2022.2.5,None,
1,0,1,0,,,,,,,,,,,9.820421934127808,0.026476578411405296,0.16395112016293278,5.7408653256991355,5.4712710579724195,1,,,,,,,,,435100,001,2025-07-15_10h27.01.014,Continuous_Psychophysics,2022.2.5,None,
1,0,1,0,,,,,,,,,,,9.833106994628906,0.026476578411405296,0.1659877800407332,5.7408653256991355,5.7709585413354665,1,,,,,,,,,435100,001,2025-07-15_10h27.01.014,Continuous_Psychophysics,2022.2.5,None,
1,0,1,0,,,,,,,,,,,9.837349891662598,0.026476578411405296,0.1659877800407332,5.969773820620166,5.7709585413354665,1,,,,,,,,,435100,001,2025-07-15_10h27.01.014,Continuous_Psychophysics,2022.2.5,None,
1,0,1,0,,,,,,,,,,,9.85100793838501,0.0274949083503055,0.1670061099796334,5.610752239411878,5.7709585413354665,1,,,,,,,,,435100,001,2025-07-15_10h27.01.014,Continuous_Psychophysics,2022.2.5,None,
1,0,1,0,,,,,,,,,,,9.855892896652222,0.0274949083503055,0.1670061099796334,5.879969312271649,4.820591614753482,1,,,,,,,,,435100,001,2025-07-15_10h27.01.014,Continuous_Psychophysics,2022.2.5,None,
1,0,1,0,,,,,,,,,,,9.860527992248535,0.0274949083503055,0.1670061099796334,5.953104399928484,4.80602218262098,1,,,,,,,,,435100,001,2025-07-15_10h27.01.014,Continuous_Psychophysics,2022.2.5,None,
1,0,1,0,,,,,,,,,,,9.87244701385498,0.03054989816700611,0.1680244399185336,5.892124168768906,5.161164138225629,1,,,,,,,,,435100,001,2025-07-15_10h27.01.014,Continuous_Psychophysics,2022.2.5,None,
1,0,1,0,,,,,,,,,,,9.87741494178772,0.03054989816700611,0.1680244399185336,5.979867295447568,4.903697544714385,1,,,,,,,,,435100,001,2025-07-15_10h27.01.014,Continuous_Psychophysics,2022.2.5,None,
1,0,1,0,,,,,,,,,,,9.889914989471436,0.035641547861507125,0.1690427698574338,5.815466308663681,5.1097021798842075,1,,,,,,,,,435100,001,2025-07-15_10h27.01.014,Continuous_Psychophysics,2022.2.5,None,
1,0,1,0,,,,,,,,,,,9.894155979156494,0.035641547861507125,0.1690427698574338,5.504107245028082,4.902136735973686,1,,,,,,,,,435100,001,2025-07-15_10h27.01.014,Continuous_Psychophysics,2022.2.5,None,
1,0,1,0,,,,,,,,,,,9.907174825668335,0.04480651731160896,0.1690427698574338,5.158564431847193,5.100706532867723,1,,,,,,,,,435100,001,2025-07-15_10h27.01.014,Continuous_Psychophysics,2022.2.5,None,
1,0,1,0,,,,,,,,,,,9.911042928695679,0.05295315682281059,0.1690427698574338,5.0660095334664526,5.006463919324747,1,,,,,,,,,435100,001,2025-07-15_10h27.01.014,Continuous_Psychophysics,2022.2.5,None,
1,0,1,0,,,,,,,,,,,9.924209833145142,0.06109979633401222,0.1690427698574338,4.726753451354616,4.13589847956783,1,,,,,,,,,435100,001,2025-07-15_10h27.01.014,Continuous_Psychophysics,2022.2.5,None,
1,0,1,0,,,,,,,,,,,9.929157972335815,0.07026476578411406,0.1690427698574338,4.51398939932015,3.931652073429327,1,,,,,,,,,435100,001,2025-07-15_10h27.01.014,Continuous_Psychophysics,2022.2.5,None,
1,0,1,0,,,,,,,,,,,9.941427946090698,0.07942973523421588,0.1680244399185336,4.593767729783789,4.069969124144161,1,,,,,,,,,435100,001,2025-07-15_10h27.01.014,Continuous_Psychophysics,2022.2.5,None,
1,0,1,0,,,,,,,,,,,9.946183919906616,0.08961303462321792,0.1680244399185336,4.140608864999758,4.010933682131632,1,,,,,,,,,435100,001,2025-07-15_10h27.01.014,Continuous_Psychophysics,2022.2.5,None,
1,0,1,0,,,,,,,,,,,9.958400964736938,0.10081466395112017,0.1659877800407332,4.4269366295853025,4.031268042324506,1,,,,,,,,,435100,001,2025-07-15_10h27.01.014,Continuous_Psychophysics,2022.2.5,None,
1,0,1,0,,,,,,,,,,,9.963051080703735,0.11303462321792261,0.164969450101833,4.456019258962223,3.602173599404725,1,,,,,,,,,435100,001,2025-07-15_10h27.01.014,Continuous_Psychophysics,2022.2.5,None,
1,0,1,0,,,,,,,,,,,9.975464820861816,0.11812627291242363,0.164969450101833,4.771954773321835,3.960865385664289,1,,,,,,,,,435100,001,2025-07-15_10h27.01.014,Continuous_Psychophysics,2022.2.5,None,
1,0,1,0,,,,,,,,,,,9.97978687286377,0.12932790224032586,0.16395112016293278,4.115201441776916,4.4232357082465255,1,,,,,,,,,435100,001,2025-07-15_10h27.01.014,Continuous_Psychophysics,2022.2.5,None,
1,0,1,0,,,,,,,,,,,9.99253797531128,0.1384928716904277,0.16395112016293278,3.5953540618210784,4.388238453113816,1,,,,,,,,,435100,001,2025-07-15_10h27.01.014,Continuous_Psychophysics,2022.2.5,None,
1,0,1,0,,,,,,,,,,,9.99724793434143,0.14663951120162932,0.16395112016293278,3.619541409880739,4.373197923407722,1,,,,,,,,,435100,001,2025-07-15_10h27.01.014,Continuous_Psychophysics,2022.2.5,None,
1,0,1,0,,,,,,,,,,,10.009950876235962,0.16191446028513237,0.1629327902240326,3.7535628059619373,4.8793749355501514,1,,,,,,,,,435100,001,2025-07-15_10h27.01.014,Continuous_Psychophysics,2022.2.5,None,
1,0,1,0,,,,,,,,,,,10.01439094543457,0.16191446028513237,0.1629327902240326,3.4391787765214303,4.940718201738976,1,,,,,,,,,435100,001,2025-07-15_10h27.01.014,Continuous_Psychophysics,2022.2.5,None,
1,0,1,0,,,,,,,,,,,10.019695043563843,0.1690427698574338,0.1629327902240326,3.1296800786530916,4.776779177390505,1,,,,,,,,,435100,001,2025-07-15_10h27.01.014,Continuous_Psychophysics,2022.2.5,None,
1,0,1,0,,,,,,,,,,,10.03135895729065,0.17515274949083504,0.16191446028513237,2.7158202398383953,4.672260753168727,1,,,,,,,,,435100,001,2025-07-15_10h27.01.014,Continuous_Psychophysics,2022.2.5,None,
1,0,1,0,,,,,,,,,,,10.035966873168945,0.18024439918533605,0.16089613034623218,2.4443858453456877,4.630295948611204,1,,,,,,,,,435100,001,2025-07-15_10h27.01.014,Continuous_Psychophysics,2022.2.5,None,
1,0,1,0,,,,,,,,,,,10.048504114151001,0.19144602851323828,0.159877800407332,2.6685794766655877,4.6648306287043635,1,,,,,,,,,435100,001,2025-07-15_10h27.01.014,Continuous_Psychophysics,2022.2.5,None,
1,0,1,0,,,,,,,,,,,10.052522897720337,0.19144602851323828,0.159877800407332,2.662713206542475,5.1709181345222595,1,,,,,,,,,435100,001,2025-07-15_10h27.01.014,Continuous_Psychophysics,2022.2.5,None,
1,0,1,0,,,,,,,,,,,10.065733194351196,0.19959266802443992,0.15885947046843177,2.795206598028831,5.066254432942355,1,,,,,,,,,435100,001,2025-07-15_10h27.01.014,Continuous_Psychophysics,2022.2.5,None,
1,0,1,0,,,,,,,,,,,10.069622993469238,0.19959266802443992,0.15885947046843177,2.9087118989912244,4.769087131368167,1,,,,,,,,,435100,001,2025-07-15_10h27.01.014,Continuous_Psychophysics,2022.2.5,None,
1,0,1,0,,,,,,,,,,,10.082859992980957,0.20570264765784113,0.15885947046843177,3.205895359824222,4.213251517425901,1,,,,,,,,,435100,001,2025-07-15_10h27.01.014,Continuous_Psychophysics,2022.2.5,None,
1,0,1,0,,,,,,,,,,,10.08607792854309,0.20570264765784113,0.15885947046843177,3.050051388610735,4.460167374540099,1,,,,,,,,,435100,001,2025-07-15_10h27.01.014,Continuous_Psychophysics,2022.2.5,None,
1,0,1,0,,,,,,,,,,,10.099967002868652,0.21079429735234215,0.15885947046843177,3.1274125805187936,4.17201440014196,1,,,,,,,,,435100,001,2025-07-15_10h27.01.014,Continuous_Psychophysics,2022.2.5,None,
1,0,1,0,,,,,,,,,,,10.104115009307861,0.21079429735234215,0.15885947046843177,3.3276410513654793,3.9797270911011124,1,,,,,,,,,435100,001,2025-07-15_10h27.01.014,Continuous_Psychophysics,2022.2.5,None,
1,0,1,0,,,,,,,,,,,10.117536067962646,0.21384928716904278,0.15885947046843177,2.6567456988470033,4.1659841269692555,1,,,,,,,,,435100,001,2025-07-15_10h27.01.014,Continuous_Psychophysics,2022.2.5,None,
1,0,1,0,,,,,,,,,,,10.121723890304565,0.21384928716904278,0.15885947046843177,2.6955001811626174,4.164681521321443,1,,,,,,,,,435100,001,2025-07-15_10h27.01.014,Continuous_Psychophysics,2022.2.5,None,
1,0,1,0,,,,,,,,,,,10.13534688949585,0.21486761710794297,0.159877800407332,2.3577174941640653,3.511628132603825,1,,,,,,,,,435100,001,2025-07-15_10h27.01.014,Continuous_Psychophysics,2022.2.5,None,
1,0,1,0,,,,,,,,,,,10.139787912368774,0.21486761710794297,0.159877800407332,2.93755069266952,3.4718800959208767,1,,,,,,,,,435100,001,2025-07-15_10h27.01.014,Continuous_Psychophysics,2022.2.5,None,
1,0,1,0,,,,,,,,,,,10.14765477180481,0.2158859470468432,0.159877800407332,3.053359508696283,3.2630276138643657,1,,,,,,,,,435100,001,2025-07-15_10h27.01.014,Continuous_Psychophysics,2022.2.5,None,
1,0,1,0,,,,,,,,,,,10.156810998916626,0.2158859470468432,0.159877800407332,2.5520508911250195,3.410541905132986,1,,,,,,,,,435100,001,2025-07-15_10h27.01.014,Continuous_Psychophysics,2022.2.5,None,
1,0,1,0,,,,,,,,,,,10.160420179367065,0.2158859470468432,0.159877800407332,2.1625373779689325,3.2968394591160117,1,,,,,,,,,435100,001,2025-07-15_10h27.01.014,Continuous_Psychophysics,2022.2.5,None,
1,0,1,0,,,,,,,,,,,10.173593997955322,0.2158859470468432,0.159877800407332,2.0082515968384294,2.9333181052612947,1,,,,,,,,,435100,001,2025-07-15_10h27.01.014,Continuous_Psychophysics,2022.2.5,None,
1,0,1,0,,,,,,,,,,,10.176997184753418,0.2158859470468432,0.159877800407332,1.58745005930871,3.002808793173404,1,,,,,,,,,435100,001,2025-07-15_10h27.01.014,Continuous_Psychophysics,2022.2.5,None,
1,0,1,0,,,,,,,,,,,10.190645933151245,0.2158859470468432,0.159877800407332,1.539520062767206,3.3059483477498812,1,,,,,,,,,435100,001,2025-07-15_10h27.01.014,Continuous_Psychophysics,2022.2.5,None,
1,0,1,0,,,,,,,,,,,10.193428993225098,0.2158859470468432,0.159877800407332,1.1380042681293534,3.6548725114372536,1,,,,,,,,,435100,001,2025-07-15_10h27.01.014,Continuous_Psychophysics,2022.2.5,None,
1,0,1,0,,,,,,,,,,,10.207717895507812,0.2158859470468432,0.159877800407332,0.6483102421781503,3.3943836978965582,1,,,,,,,,,435100,001,2025-07-15_10h27.01.014,Continuous_Psychophysics,2022.2.5,None,
1,0,1,0,,,,,,,,,,,10.211612939834595,0.2158859470468432,0.159877800407332,0.8675728466153332,3.053903741673463,1,,,,,,,,,435100,001,2025-07-15_10h27.01.014,Continuous_Psychophysics,2022.2.5,None,
1,0,1,0,,,,,,,,,,,10.225059032440186,0.2158859470468432,0.159877800407332,0.8169574648991998,3.2263019922441063,1,,,,,,,,,435100,001,2025-07-15_10h27.01.014,Continuous_Psychophysics,2022.2.5,None,
1,0,1,0,,,,,,,,,,,10.229820966720581,0.2158859470468432,0.159877800407332,0.6140043905000815,2.9800711566076745,1,,,,,,,,,435100,001,2025-07-15_10h27.01.014,Continuous_Psychophysics,2022.2.5,None,
1,0,1,0,,,,,,,,,,,10.242213010787964,0.21384928716904278,0.159877800407332,0.8379452751677107,2.8885353708025114,1,,,,,,,,,435100,001,2025-07-15_10h27.01.014,Continuous_Psychophysics,2022.2.5,None,
1,0,1,0,,,,,,,,,,,10.246873140335083,0.21283095723014256,0.159877800407332,0.49223516411045065,3.2981940236588545,1,,,,,,,,,435100,001,2025-07-15_10h27.01.014,Continuous_Psychophysics,2022.2.5,None,
1,0,1,0,,,,,,,,,,,10.259263038635254,0.20977596741344195,0.159877800407332,0.6844231200419715,3.3559045206262916,1,,,,,,,,,435100,001,2025-07-15_10h27.01.014,Continuous_Psychophysics,2022.2.5,None,
1,0,1,0,,,,,,,,,,,10.263946056365967,0.20570264765784113,0.16089613034623218,0.4309876248127787,3.4357317194035155,1,,,,,,,,,435100,001,2025-07-15_10h27.01.014,Continuous_Psychophysics,2022.2.5,None,
1,0,1,0,,,,,,,,,,,10.276739120483398,0.20162932790224034,0.16089613034623218,0.1039028906968984,4.102503073274461,1,,,,,,,,,435100,001,2025-07-15_10h27.01.014,Continuous_Psychophysics,2022.2.5,None,
1,0,1,0,,,,,,,,,,,10.28105902671814,0.19653767820773932,0.16089613034623218,0.2530485259198412,4.456138827445219,1,,,,,,,,,435100,001,2025-07-15_10h27.01.014,Continuous_Psychophysics,2022.2.5,None,
1,0,1,0,,,,,,,,,,,10.293868064880371,0.17922606924643583,0.16089613034623218,0.3597106177880766,4.236143769748826,1,,,,,,,,,435100,001,2025-07-15_10h27.01.014,Continuous_Psychophysics,2022.2.5,None,
1,0,1,0,,,,,,,,,,,10.298288822174072,0.17922606924643583,0.16089613034623218,0.49819452884455573,4.226379346269483,1,,,,,,,,,435100,001,2025-07-15_10h27.01.014,Continuous_Psychophysics,2022.2.5,None,
1,0,1,0,,,,,,,,,,,10.303078889846802,0.17515274949083504,0.16089613034623218,0.70203362177004,4.018768026326784,1,,,,,,,,,435100,001,2025-07-15_10h27.01.014,Continuous_Psychophysics,2022.2.5,None,
1,0,1,0,,,,,,,,,,,10.315214157104492,0.1670061099796334,0.15885947046843177,0.5831628942103531,3.6791007915899288,1,,,,,,,,,435100,001,2025-07-15_10h27.01.014,Continuous_Psychophysics,2022.2.5,None,
1,0,1,0,,,,,,,,,,,10.320158958435059,0.16395112016293278,0.15885947046843177,0.7946673971514356,3.422321878948323,1,,,,,,,,,435100,001,2025-07-15_10h27.01.014,Continuous_Psychophysics,2022.2.5,None,
1,0,1,0,,,,,,,,,,,10.332626819610596,0.15478615071283094,0.15580448065173116,0.9137059659368997,3.680210154684884,1,,,,,,,,,435100,001,2025-07-15_10h27.01.014,Continuous_Psychophysics,2022.2.5,None,
1,0,1,0,,,,,,,,,,,10.336674928665161,0.15478615071283094,0.15580448065173116,0.7658253814877267,3.537882333954751,1,,,,,,,,,435100,001,2025-07-15_10h27.01.014,Continuous_Psychophysics,2022.2.5,None,
1,0,1,0,,,,,,,,,,,10.349437952041626,0.14562118126272913,0.14969450101832993,1.0761313410831295,3.3345905727073855,1,,,,,,,,,435100,001,2025-07-15_10h27.01.014,Continuous_Psychophysics,2022.2.5,None,
1,0,1,0,,,,,,,,,,,10.353666067123413,0.14562118126272913,0.14969450101832993,0.5114481049447309,3.114414868859248,1,,,,,,,,,435100,001,2025-07-15_10h27.01.014,Continuous_Psychophysics,2022.2.5,None,
1,0,1,0,,,,,,,,,,,10.36686110496521,0.1415478615071283,0.1425661914460285,0.37411915347750146,3.066206959341261,1,,,,,,,,,435100,001,2025-07-15_10h27.01.014,Continuous_Psychophysics,2022.2.5,None,
1,0,1,0,,,,,,,,,,,10.371643781661987,0.14052953156822812,0.13747454175152748,0.29976708680437875,3.0777470999395518,1,,,,,,,,,435100,001,2025-07-15_10h27.01.014,Continuous_Psychophysics,2022.2.5,None,
1,0,1,0,,,,,,,,,,,10.384001970291138,0.1395112016293279,0.13238289205702647,0.10729564365165328,3.2148809191691226,1,,,,,,,,,435100,001,2025-07-15_10h27.01.014,Continuous_Psychophysics,2022.2.5,None,
1,0,1,0,,,,,,,,,,,10.387985944747925,0.1395112016293279,0.13238289205702647,0.32995992186413314,3.4500313536143117,1,,,,,,,,,435100,001,2025-07-15_10h27.01.014,Continuous_Psychophysics,2022.2.5,None,
1,0,1,0,,,,,,,,,,,10.401493072509766,0.13747454175152748,0.12729124236252545,0.4119841201690669,3.582938881905719,1,,,,,,,,,435100,001,2025-07-15_10h27.01.014,Continuous_Psychophysics,2022.2.5,None,
1,0,1,0,,,,,,,,,,,10.406267881393433,0.1364562118126273,0.12423625254582485,1.0286787631219982,3.405613601255059,1,,,,,,,,,435100,001,2025-07-15_10h27.01.014,Continuous_Psychophysics,2022.2.5,None,
1,0,1,0,,,,,,,,,,,10.410874128341675,0.1364562118126273,0.12423625254582485,0.6794841514580894,3.3084272665487426,1,,,,,,,,,435100,001,2025-07-15_10h27.01.014,Continuous_Psychophysics,2022.2.5,None,
1,0,1,0,,,,,,,,,,,10.423143863677979,0.1354378818737271,0.12016293279022404,0.9628359209687514,3.427394760596995,1,,,,,,,,,435100,001,2025-07-15_10h27.01.014,Continuous_Psychophysics,2022.2.5,None,
1,0,1,0,,,,,,,,,,,10.42789912223816,0.1354378818737271,0.12016293279022404,0.7437525359542418,3.640396297036864,1,,,,,,,,,435100,001,2025-07-15_10h27.01.014,Continuous_Psychophysics,2022.2.5,None,
1,0,1,0,,,,,,,,,,,10.440074920654297,0.13136456211812628,0.11608961303462322,0.7611653251482008,3.6268843175261147,1,,,,,,,,,435100,001,2025-07-15_10h27.01.014,Continuous_Psychophysics,2022.2.5,None,
1,0,1,0,,,,,,,,,,,10.444841861724854,0.12729124236252545,0.11507128309572301,0.3641145180496113,3.9290493098432666,1,,,,,,,,,435100,001,2025-07-15_10h27.01.014,Continuous_Psychophysics,2022.2.5,None,
1,0,1,0,,,,,,,,,,,10.457399129867554,0.12321792260692464,0.11303462321792261,-0.23335104160713876,4.229804079369047,1,,,,,,,,,435100,001,2025-07-15_10h27.01.014,Continuous_Psychophysics,2022.2.5,None,
1,0,1,0,,,,,,,,,,,10.461771965026855,0.11812627291242363,0.1120162932790224,0.3549205045130503,4.00626090669087,1,,,,,,,,,435100,001,2025-07-15_10h27.01.014,Continuous_Psychophysics,2022.2.5,None,
1,0,1,0,,,,,,,,,,,10.47445297241211,0.1120162932790224,0.1109979633401222,0.195397373144468,4.421498624346676,1,,,,,,,,,435100,001,2025-07-15_10h27.01.014,Continuous_Psychophysics,2022.2.5,None,
1,0,1,0,,,,,,,,,,,10.477871179580688,0.10692464358452139,0.109979633401222,0.054259835419655705,4.738220151343364,1,,,,,,,,,435100,001,2025-07-15_10h27.01.014,Continuous_Psychophysics,2022.2.5,None,
1,0,1,0,,,,,,,,,,,10.491626024246216,0.10081466395112017,0.1079429735234216,0.1548990616429155,4.623624409816732,1,,,,,,,,,435100,001,2025-07-15_10h27.01.014,Continuous_Psychophysics,2022.2.5,None,
1,0,1,0,,,,,,,,,,,10.49603796005249,0.09470468431771895,0.10590631364562118,0.2673367108110155,4.974122837941248,1,,,,,,,,,435100,001,2025-07-15_10h27.01.014,Continuous_Psychophysics,2022.2.5,None,
1,0,1,0,,,,,,,,,,,10.5087730884552,0.09164969450101833,0.10590631364562118,-0.5039720691191676,4.727879265616751,1,,,,,,,,,435100,001,2025-07-15_10h27.01.014,Continuous_Psychophysics,2022.2.5,None,
1,0,1,0,,,,,,,,,,,10.51288390159607,0.08757637474541752,0.10488798370672098,-1.3816855611603183,5.2873920501339935,1,,,,,,,,,435100,001,2025-07-15_10h27.01.014,Continuous_Psychophysics,2022.2.5,None,
1,0,1,0,,,,,,,,,,,10.525908946990967,0.0845213849287169,0.10386965376782077,-1.7063695629585267,5.293780536498487,1,,,,,,,,,435100,001,2025-07-15_10h27.01.014,Continuous_Psychophysics,2022.2.5,None,
1,0,1,0,,,,,,,,,,,10.530404090881348,0.0824847250509165,0.10386965376782077,-1.7651832497584694,5.460588903871627,1,,,,,,,,,435100,001,2025-07-15_10h27.01.014,Continuous_Psychophysics,2022.2.5,None,
1,0,1,0,,,,,,,,,,,10.543210983276367,0.08044806517311609,0.10285132382892057,-1.2944526370889178,5.533758066808133,1,,,,,,,,,435100,001,2025-07-15_10h27.01.014,Continuous_Psychophysics,2022.2.5,None,
1,0,1,0,,,,,,,,,,,10.547290086746216,0.08044806517311609,0.10285132382892057,-1.4769227207607742,5.533758066808133,1,,,,,,,,,435100,001,2025-07-15_10h27.01.014,Continuous_Psychophysics,2022.2.5,None,
1,0,1,0,,,,,,,,,,,10.560123205184937,0.07942973523421588,0.10285132382892057,-1.267273049195313,5.734618381891557,1,,,,,,,,,435100,001,2025-07-15_10h27.01.014,Continuous_Psychophysics,2022.2.5,None,
1,0,1,0,,,,,,,,,,,10.564836978912354,0.07942973523421588,0.10183299389002037,-1.4856379272263351,5.924877567468091,1,,,,,,,,,435100,001,2025-07-15_10h27.01.014,Continuous_Psychophysics,2022.2.5,None,
1,0,1,0,,,,,,,,,,,10.571182012557983,0.07841140529531568,0.10183299389002037,-1.2743104164012347,5.94354324303214,1,,,,,,,,,435100,001,2025-07-15_10h27.01.014,Continuous_Psychophysics,2022.2.5,None,
1,0,1,0,,,,,,,,,,,10.581711053848267,0.07841140529531568,0.10183299389002037,-0.762971735419249,5.94354324303214,1,,,,,,,,,435100,001,2025-07-15_10h27.01.014,Continuous_Psychophysics,2022.2.5,None,
1,0,1,0,,,,,,,,,,,10.585882902145386,0.07841140529531568,0.10183299389002037,-0.6825397470829822,5.824309261860148,1,,,,,,,,,435100,001,2025-07-15_10h27.01.014,Continuous_Psychophysics,2022.2.5,None,
1,0,1,0,,,,,,,,,,,10.598912954330444,0.07535641547861507,0.09979633401221996,-0.6461256292305044,5.846808584683035,1,,,,,,,,,435100,001,2025-07-15_10h27.01.014,Continuous_Psychophysics,2022.2.5,None,
1,0,1,0,,,,,,,,,,,10.602632999420166,0.07535641547861507,0.09979633401221996,-0.9765347661082293,5.846808584683035,1,,,,,,,,,435100,001,2025-07-15_10h27.01.014,Continuous_Psychophysics,2022.2.5,None,
1,0,1,0,,,,,,,,,,,10.615941762924194,0.07026476578411406,0.09572301425661914,-1.0794282415461824,5.545408509354853,1,,,,,,,,,435100,001,2025-07-15_10h27.01.014,Continuous_Psychophysics,2022.2.5,None,
1,0,1,0,,,,,,,,,,,10.620336055755615,0.07026476578411406,0.09572301425661914,-0.7074708498508097,5.32139922089984,1,,,,,,,,,435100,001,2025-07-15_10h27.01.014,Continuous_Psychophysics,2022.2.5,None,
1,0,1,0,,,,,,,,,,,10.632983922958374,0.06313645621181263,0.08961303462321792,-0.8213816639221143,5.385905595973168,1,,,,,,,,,435100,001,2025-07-15_10h27.01.014,Continuous_Psychophysics,2022.2.5,None,
1,0,1,0,,,,,,,,,,,10.637350797653198,0.06313645621181263,0.08961303462321792,-0.7829597440016476,5.523464561347696,1,,,,,,,,,435100,001,2025-07-15_10h27.01.014,Continuous_Psychophysics,2022.2.5,None,
1,0,1,0,,,,,,,,,,,10.649975061416626,0.05702647657841141,0.0845213849287169,-0.6675252323768959,5.23656819548387,1,,,,,,,,,435100,001,2025-07-15_10h27.01.014,Continuous_Psychophysics,2022.2.5,None,
1,0,1,0,,,,,,,,,,,10.65353798866272,0.05702647657841141,0.0845213849287169,-0.27843361969389224,5.452587534618348,1,,,,,,,,,435100,001,2025-07-15_10h27.01.014,Continuous_Psychophysics,2022.2.5,None,
1,0,1,0,,,,,,,,,,,10.667008876800537,0.04989816700610998,0.0814663951120163,-0.5026365202330589,5.907728182737412,1,,,,,,,,,435100,001,2025-07-15_10h27.01.014,Continuous_Psychophysics,2022.2.5,None,
1,0,1,0,,,,,,,,,,,10.671077966690063,0.04989816700610998,0.0814663951120163,-0.535993342230103,5.907728182737412,1,,,,,,,,,435100,001,2025-07-15_10h27.01.014,Continuous_Psychophysics,2022.2.5,None,
1,0,1,0,,,,,,,,,,,10.684117078781128,0.045824847250509164,0.08044806517311609,-0.03064409150562941,5.907728182737412,1,,,,,,,,,435100,001,2025-07-15_10h27.01.014,Continuous_Psychophysics,2022.2.5,None,
1,0,1,0,,,,,,,,,,,10.688399076461792,0.04378818737270876,0.08044806517311609,0.15160567198321032,5.873075602944565,1,,,,,,,,,435100,001,2025-07-15_10h27.01.014,Continuous_Psychophysics,2022.2.5,None,
1,0,1,0,,,,,,,,,,,10.701549053192139,0.04175152749490835,0.0814663951120163,-0.04536728775915683,5.873075602944565,1,,,,,,,,,435100,001,2025-07-15_10h27.01.014,Continuous_Psychophysics,2022.2.5,None,
1,0,1,0,,,,,,,,,,,10.705926895141602,0.04073319755600815,0.0835030549898167,0.15919102926321232,5.573984041790384,1,,,,,,,,,435100,001,2025-07-15_10h27.01.014,Continuous_Psychophysics,2022.2.5,None,
1,0,1,0,,,,,,,,,,,10.718592882156372,0.038696537678207736,0.08961303462321792,0.4802693922729682,5.636401175944082,1,,,,,,,,,435100,001,2025-07-15_10h27.01.014,Continuous_Psychophysics,2022.2.5,None,
1,0,1,0,,,,,,,,,,,10.723367929458618,0.03665987780040733,0.09674134419551934,0.6313345306576263,4.916595762826526,1,,,,,,,,,435100,001,2025-07-15_10h27.01.014,Continuous_Psychophysics,2022.2.5,None,
1,0,1,0,,,,,,,,,,,10.728072881698608,0.034623217922606926,0.10488798370672098,0.8350290519511019,5.284985531223434,1,,,,,,,,,435100,001,2025-07-15_10h27.01.014,Continuous_Psychophysics,2022.2.5,None,
1,0,1,0,,,,,,,,,,,10.740080118179321,0.031568228105906315,0.11303462321792261,0.7425155857610158,5.284985531223434,1,,,,,,,,,435100,001,2025-07-15_10h27.01.014,Continuous_Psychophysics,2022.2.5,None,
1,0,1,0,,,,,,,,,,,10.744505167007446,0.029531568228105907,0.11710794297352342,0.9408654491798986,4.934168873157704,1,,,,,,,,,435100,001,2025-07-15_10h27.01.014,Continuous_Psychophysics,2022.2.5,None,
1,0,1,0,,,,,,,,,,,10.757338762283325,0.024439918533604887,0.12423625254582485,1.1888424070534984,4.906161943547279,1,,,,,,,,,435100,001,2025-07-15_10h27.01.014,Continuous_Psychophysics,2022.2.5,None,
1,0,1,0,,,,,,,,,,,10.761849164962769,0.019348268839103868,0.13034623217922606,1.3427134556306874,5.085690809910208,1,,,,,,,,,435100,001,2025-07-15_10h27.01.014,Continuous_Psychophysics,2022.2.5,None,
1,0,1,0,,,,,,,,,,,10.77430510520935,0.015274949083503055,0.13441955193482688,1.747140179815125,5.617460722478683,1,,,,,,,,,435100,001,2025-07-15_10h27.01.014,Continuous_Psychophysics,2022.2.5,None,
1,0,1,0,,,,,,,,,,,10.778055906295776,0.010183299389002037,0.1395112016293279,1.5463436201424061,5.617460722478683,1,,,,,,,,,435100,001,2025-07-15_10h27.01.014,Continuous_Psychophysics,2022.2.5,None,
1,0,1,0,,,,,,,,,,,10.791566133499146,0.007128309572301426,0.14052953156822812,1.6410632865485386,5.572307780013546,1,,,,,,,,,435100,001,2025-07-15_10h27.01.014,Continuous_Psychophysics,2022.2.5,None,
1,0,1,0,,,,,,,,,,,10.794535875320435,0.004073319755600814,0.1425661914460285,1.6200694258618542,5.832069331831764,1,,,,,,,,,435100,001,2025-07-15_10h27.01.014,Continuous_Psychophysics,2022.2.5,None,
1,0,1,0,,,,,,,,,,,10.808730840682983,0.0010183299389002036,0.1446028513238289,2.136611897396808,5.686502585481973,1,,,,,,,,,435100,001,2025-07-15_10h27.01.014,Continuous_Psychophysics,2022.2.5,None,
1,0,1,0,,,,,,,,,,,10.813093900680542,-0.0010183299389002036,0.14562118126272913,2.441992592021049,5.206942786346664,1,,,,,,,,,435100,001,2025-07-15_10h27.01.014,Continuous_Psychophysics,2022.2.5,None,
1,0,1,0,,,,,,,,,,,10.825869083404541,-0.002036659877800407,0.14562118126272913,2.4862348902964246,5.009177805748539,1,,,,,,,,,435100,001,2025-07-15_10h27.01.014,Continuous_Psychophysics,2022.2.5,None,
1,0,1,0,,,,,,,,,,,10.830302000045776,-0.003054989816700611,0.14663951120162932,2.7516353293508287,5.104104168968517,1,,,,,,,,,435100,001,2025-07-15_10h27.01.014,Continuous_Psychophysics,2022.2.5,None,
1,0,1,0,,,,,,,,,,,10.843043088912964,-0.004073319755600814,0.14969450101832993,2.804922919013445,5.371241521832702,1,,,,,,,,,435100,001,2025-07-15_10h27.01.014,Continuous_Psychophysics,2022.2.5,None,
1,0,1,0,,,,,,,,,,,10.847299098968506,-0.004073319755600814,0.14969450101832993,2.5051605857441133,5.371241521832702,1,,,,,,,,,435100,001,2025-07-15_10h27.01.014,Continuous_Psychophysics,2022.2.5,None,
1,0,1,0,,,,,,,,,,,10.86020302772522,-0.004073319755600814,0.15682281059063136,2.3692763605300033,5.263652769170275,1,,,,,,,,,435100,001,2025-07-15_10h27.01.014,Continuous_Psychophysics,2022.2.5,None,
1,0,1,0,,,,,,,,,,,10.86487603187561,-0.002036659877800407,0.1629327902240326,2.614383876123651,5.087660164296617,1,,,,,,,,,435100,001,2025-07-15_10h27.01.014,Continuous_Psychophysics,2022.2.5,None,
1,0,1,0,,,,,,,,,,,10.86928105354309,-0.002036659877800407,0.1629327902240326,2.078024139078014,4.764598818103933,1,,,,,,,,,435100,001,2025-07-15_10h27.01.014,Continuous_Psychophysics,2022.2.5,None,
1,0,1,0,,,,,,,,,,,10.881818771362305,0.008146639511201629,0.17718940936863545,2.320061998849313,4.016310545107344,1,,,,,,,,,435100,001,2025-07-15_10h27.01.014,Continuous_Psychophysics,2022.2.5,None,
1,0,1,0,,,,,,,,,,,10.88608694076538,0.008146639511201629,0.17718940936863545,2.6215077855526845,3.9907505688250913,1,,,,,,,,,435100,001,2025-07-15_10h27.01.014,Continuous_Psychophysics,2022.2.5,None,
1,0,1,0,,,,,,,,,,,10.89896297454834,0.021384928716904276,0.1945010183299389,2.6419839302658454,4.154702133943834,1,,,,,,,,,435100,001,2025-07-15_10h27.01.014,Continuous_Psychophysics,2022.2.5,None,
1,0,1,0,,,,,,,,,,,10.902276039123535,0.021384928716904276,0.1945010183299389,2.8136079955550617,3.741305503667476,1,,,,,,,,,435100,001,2025-07-15_10h27.01.014,Continuous_Psychophysics,2022.2.5,None,
1,0,1,0,,,,,,,,,,,10.916179895401001,0.038696537678207736,0.21079429735234215,3.2686076935570143,3.8463434050626977,1,,,,,,,,,435100,001,2025-07-15_10h27.01.014,Continuous_Psychophysics,2022.2.5,None,
1,0,1,0,,,,,,,,,,,10.91919493675232,0.038696537678207736,0.21079429735234215,2.9325885959947495,4.444442806033556,1,,,,,,,,,435100,001,2025-07-15_10h27.01.014,Continuous_Psychophysics,2022.2.5,None,
1,0,1,0,,,,,,,,,,,10.933465003967285,0.051934826883910386,0.2230142566191446,2.9137441994982978,4.854768954525041,1,,,,,,,,,435100,001,2025-07-15_10h27.01.014,Continuous_Psychophysics,2022.2.5,None,
1,0,1,0,,,,,,,,,,,10.936367988586426,0.051934826883910386,0.2230142566191446,3.295276802686701,5.133389051959502,1,,,,,,,,,435100,001,2025-07-15_10h27.01.014,Continuous_Psychophysics,2022.2.5,None,
1,0,1,0,,,,,,,,,,,10.950598955154419,0.06822810590631365,0.23319755600814665,2.9330752556347495,4.890233477855606,1,,,,,,,,,435100,001,2025-07-15_10h27.01.014,Continuous_Psychophysics,2022.2.5,None,
1,0,1,0,,,,,,,,,,,10.955276012420654,0.07433808553971487,0.23625254582484725,3.5965758480241425,4.278111059061901,1,,,,,,,,,435100,001,2025-07-15_10h27.01.014,Continuous_Psychophysics,2022.2.5,None,
1,0,1,0,,,,,,,,,,,10.96766996383667,0.0814663951120163,0.23727087576374745,3.758898601395093,4.289769602965598,1,,,,,,,,,435100,001,2025-07-15_10h27.01.014,Continuous_Psychophysics,2022.2.5,None,
1,0,1,0,,,,,,,,,,,10.972336053848267,0.08757637474541752,0.23727087576374745,3.7112277977266137,4.545398772029863,1,,,,,,,,,435100,001,2025-07-15_10h27.01.014,Continuous_Psychophysics,2022.2.5,None,
1,0,1,0,,,,,,,,,,,10.984989881515503,0.09674134419551934,0.23727087576374745,3.1301895308508128,4.390278766225677,1,,,,,,,,,435100,001,2025-07-15_10h27.01.014,Continuous_Psychophysics,2022.2.5,None,
1,0,1,0,,,,,,,,,,,10.989661931991577,0.10386965376782077,0.23625254582484725,3.222947477015442,4.343995535374742,1,,,,,,,,,435100,001,2025-07-15_10h27.01.014,Continuous_Psychophysics,2022.2.5,None,
1,0,1,0,,,,,,,,,,,10.994424104690552,0.1120162932790224,0.23319755600814665,3.557993123110889,4.516691242347827,1,,,,,,,,,435100,001,2025-07-15_10h27.01.014,Continuous_Psychophysics,2022.2.5,None,
1,0,1,0,,,,,,,,,,,11.00651502609253,0.12118126272912423,0.22708757637474541,3.157974752512706,5.164500106192661,1,,,,,,,,,435100,001,2025-07-15_10h27.01.014,Continuous_Psychophysics,2022.2.5,None,
1,0,1,0,,,,,,,,,,,11.011260986328125,0.12932790224032586,0.2219959266802444,3.4935001868279736,5.115952614672434,1,,,,,,,,,435100,001,2025-07-15_10h27.01.014,Continuous_Psychophysics,2022.2.5,None,
1,0,1,0,,,,,,,,,,,11.023777961730957,0.1384928716904277,0.2158859470468432,3.547146869161934,4.92394643887887,1,,,,,,,,,435100,001,2025-07-15_10h27.01.014,Continuous_Psychophysics,2022.2.5,None,
1,0,1,0,,,,,,,,,,,11.027493000030518,0.14663951120162932,0.20977596741344195,3.902145517631302,4.649869319055127,1,,,,,,,,,435100,001,2025-07-15_10h27.01.014,Continuous_Psychophysics,2022.2.5,None,
1,0,1,0,,,,,,,,,,,11.040940046310425,0.15478615071283094,0.20162932790224034,4.01043863490745,4.846571698160459,1,,,,,,,,,435100,001,2025-07-15_10h27.01.014,Continuous_Psychophysics,2022.2.5,None,
1,0,1,0,,,,,,,,,,,11.044755935668945,0.1629327902240326,0.1934826883910387,4.0363075110266395,5.129384476720314,1,,,,,,,,,435100,001,2025-07-15_10h27.01.014,Continuous_Psychophysics,2022.2.5,None,
1,0,1,0,,,,,,,,,,,11.057936191558838,0.1659877800407332,0.1894093686354379,4.032983805199562,5.107135409076966,1,,,,,,,,,435100,001,2025-07-15_10h27.01.014,Continuous_Psychophysics,2022.2.5,None,
1,0,1,0,,,,,,,,,,,11.061097860336304,0.17209775967413443,0.18228105906313646,3.8715287122307136,5.376670846770313,1,,,,,,,,,435100,001,2025-07-15_10h27.01.014,Continuous_Psychophysics,2022.2.5,None,
1,0,1,0,,,,,,,,,,,11.07538890838623,0.17820773930753564,0.17617107942973523,4.087230989617538,5.265890471141828,1,,,,,,,,,435100,001,2025-07-15_10h27.01.014,Continuous_Psychophysics,2022.2.5,None,
1,0,1,0,,,,,,,,,,,11.080009937286377,0.18228105906313646,0.1690427698574338,4.107026139749963,5.186170794144024,1,,,,,,,,,435100,001,2025-07-15_10h27.01.014,Continuous_Psychophysics,2022.2.5,None,
1,0,1,0,,,,,,,,,,,11.09262204170227,0.18533604887983707,0.16191446028513237,4.012781681631766,5.20900752044973,1,,,,,,,,,435100,001,2025-07-15_10h27.01.014,Continuous_Psychophysics,2022.2.5,None,
1,0,1,0,,,,,,,,,,,11.097050905227661,0.18533604887983707,0.16191446028513237,3.8877615402009296,4.777595754600771,1,,,,,,,,,435100,001,2025-07-15_10h27.01.014,Continuous_Psychophysics,2022.2.5,None,
1,0,1,0,,,,,,,,,,,11.109845876693726,0.1894093686354379,0.15071283095723015,3.7016360098251666,5.3171194094111875,1,,,,,,,,,435100,001,2025-07-15_10h27.01.014,Continuous_Psychophysics,2022.2.5,None,
1,0,1,0,,,,,,,,,,,11.11413288116455,0.1894093686354379,0.15071283095723015,3.751354046099332,5.150344166483138,1,,,,,,,,,435100,001,2025-07-15_10h27.01.014,Continuous_Psychophysics,2022.2.5,None,
1,0,1,0,,,,,,,,,,,11.119220972061157,0.19042769857433808,0.14663951120162932,3.4186927833528524,4.942208121532781,1,,,,,,,,,435100,001,2025-07-15_10h27.01.014,Continuous_Psychophysics,2022.2.5,None,
1,0,1,0,,,,,,,,,,,11.131212949752808,0.19042769857433808,0.1384928716904277,2.8898568339862587,5.020631028386125,1,,,,,,,,,435100,001,2025-07-15_10h27.01.014,Continuous_Psychophysics,2022.2.5,None,
1,0,1,0,,,,,,,,,,,11.136101007461548,0.19042769857433808,0.13238289205702647,2.803193570042662,4.141582548591861,1,,,,,,,,,435100,001,2025-07-15_10h27.01.014,Continuous_Psychophysics,2022.2.5,None,
1,0,1,0,,,,,,,,,,,11.14834189414978,0.18839103869653767,0.11608961303462322,2.298263788184152,3.9611327798940126,1,,,,,,,,,435100,001,2025-07-15_10h27.01.014,Continuous_Psychophysics,2022.2.5,None,
1,0,1,0,,,,,,,,,,,11.152493953704834,0.18839103869653767,0.11608961303462322,2.318048194374527,3.4243708567532365,1,,,,,,,,,435100,001,2025-07-15_10h27.01.014,Continuous_Psychophysics,2022.2.5,None,
1,0,1,0,,,,,,,,,,,11.165485143661499,0.18635437881873726,0.10896130346232179,2.152490182034522,3.7349471286255795,1,,,,,,,,,435100,001,2025-07-15_10h27.01.014,Continuous_Psychophysics,2022.2.5,None,
1,0,1,0,,,,,,,,,,,11.169136762619019,0.18635437881873726,0.10896130346232179,2.421847715312544,3.394287806783445,1,,,,,,,,,435100,001,2025-07-15_10h27.01.014,Continuous_Psychophysics,2022.2.5,None,
1,0,1,0,,,,,,,,,,,11.182631969451904,0.18329938900203666,0.09877800407331976,2.131308962472938,3.1236832535230294,1,,,,,,,,,435100,001,2025-07-15_10h27.01.014,Continuous_Psychophysics,2022.2.5,None,
1,0,1,0,,,,,,,,,,,11.186761856079102,0.18329938900203666,0.09877800407331976,2.280197255034216,3.349858559510692,1,,,,,,,,,435100,001,2025-07-15_10h27.01.014,Continuous_Psychophysics,2022.2.5,None,
1,0,1,0,,,,,,,,,,,11.19968581199646,0.18228105906313646,0.09470468431771895,2.323685442024159,3.2739775656801666,1,,,,,,,,,435100,001,2025-07-15_10h27.01.014,Continuous_Psychophysics,2022.2.5,None,
1,0,1,0,,,,,,,,,,,11.203248023986816,0.18228105906313646,0.09470468431771895,2.1829487220374904,3.2280923435148643,1,,,,,,,,,435100,001,2025-07-15_10h27.01.014,Continuous_Psychophysics,2022.2.5,None,
1,0,1,0,,,,,,,,,,,11.216942071914673,0.17820773930753564,0.09368635437881874,1.9277934646180883,3.2397746228329054,1,,,,,,,,,435100,001,2025-07-15_10h27.01.014,Continuous_Psychophysics,2022.2.5,None,
1,0,1,0,,,,,,,,,,,11.221407890319824,0.17515274949083504,0.09368635437881874,1.7670301413745628,2.79050638973155,1,,,,,,,,,435100,001,2025-07-15_10h27.01.014,Continuous_Psychophysics,2022.2.5,None,
1,0,1,0,,,,,,,,,,,11.233865976333618,0.17209775967413443,0.09674134419551934,2.2368745627379334,2.488299165477061,1,,,,,,,,,435100,001,2025-07-15_10h27.01.014,Continuous_Psychophysics,2022.2.5,None,
1,0,1,0,,,,,,,,,,,11.238164901733398,0.1680244399185336,0.10285132382892057,1.966911413335136,2.644910282219745,1,,,,,,,,,435100,001,2025-07-15_10h27.01.014,Continuous_Psychophysics,2022.2.5,None,
1,0,1,0,,,,,,,,,,,11.25118899345398,0.1629327902240326,0.109979633401222,1.5648023965522726,2.3519807052786907,1,,,,,,,,,435100,001,2025-07-15_10h27.01.014,Continuous_Psychophysics,2022.2.5,None,
1,0,1,0,,,,,,,,,,,11.255876064300537,0.16089613034623218,0.11405295315682282,1.538308923705431,1.8888036425726429,1,,,,,,,,,435100,001,2025-07-15_10h27.01.014,Continuous_Psychophysics,2022.2.5,None,
1,0,1,0,,,,,,,,,,,11.268496751785278,0.15784114052953158,0.12219959266802444,1.5409187801608875,1.9253328640727134,1,,,,,,,,,435100,001,2025-07-15_10h27.01.014,Continuous_Psychophysics,2022.2.5,None,
1,0,1,0,,,,,,,,,,,11.273449897766113,0.15478615071283094,0.13034623217922606,1.8749821762509482,1.9030519649923592,1,,,,,,,,,435100,001,2025-07-15_10h27.01.014,Continuous_Psychophysics,2022.2.5,None,
1,0,1,0,,,,,,,,,,,11.278151988983154,0.15376782077393075,0.1384928716904277,2.5698966431641113,2.335164979372896,1,,,,,,,,,435100,001,2025-07-15_10h27.01.014,Continuous_Psychophysics,2022.2.5,None,
1,0,1,0,,,,,,,,,,,11.290262937545776,0.15274949083503056,0.14358452138492872,2.6487622570730847,2.445280582196118,1,,,,,,,,,435100,001,2025-07-15_10h27.01.014,Continuous_Psychophysics,2022.2.5,None,
1,0,1,0,,,,,,,,,,,11.294557809829712,0.15274949083503056,0.14663951120162932,2.4853600646709753,2.674894254974044,1,,,,,,,,,435100,001,2025-07-15_10h27.01.014,Continuous_Psychophysics,2022.2.5,None,
1,0,1,0,,,,,,,,,,,11.307662010192871,0.15274949083503056,0.15071283095723015,2.5867237968614107,2.7600636828882426,1,,,,,,,,,435100,001,2025-07-15_10h27.01.014,Continuous_Psychophysics,2022.2.5,None,
1,0,1,0,,,,,,,,,,,11.312175989151001,0.15274949083503056,0.15376782077393075,2.050736289262263,3.2077327038643504,1,,,,,,,,,435100,001,2025-07-15_10h27.01.014,Continuous_Psychophysics,2022.2.5,None,
1,0,1,0,,,,,,,,,,,11.324567079544067,0.15274949083503056,0.15580448065173116,1.833973770946506,3.0842549578652054,1,,,,,,,,,435100,001,2025-07-15_10h27.01.014,Continuous_Psychophysics,2022.2.5,None,
1,0,1,0,,,,,,,,,,,11.32778286933899,0.15274949083503056,0.15682281059063136,2.084495511477885,3.088424347351266,1,,,,,,,,,435100,001,2025-07-15_10h27.01.014,Continuous_Psychophysics,2022.2.5,None,
1,0,1,0,,,,,,,,,,,11.341679096221924,0.15274949083503056,0.15784114052953158,2.3936834626750345,2.4469946548792025,1,,,,,,,,,435100,001,2025-07-15_10h27.01.014,Continuous_Psychophysics,2022.2.5,None,
1,0,1,0,,,,,,,,,,,11.344547986984253,0.15274949083503056,0.15885947046843177,2.5883878905200333,2.8879509592586623,1,,,,,,,,,435100,001,2025-07-15_10h27.01.014,Continuous_Psychophysics,2022.2.5,None,
1,0,1,0,,,,,,,,,,,11.35856294631958,0.15274949083503056,0.15885947046843177,2.4020350419694947,3.2654842073116686,1,,,,,,,,,435100,001,2025-07-15_10h27.01.014,Continuous_Psychophysics,2022.2.5,None,
1,0,1,0,,,,,,,,,,,11.362848043441772,0.15274949083503056,0.15885947046843177,2.4458622092041042,3.1933591776309354,1,,,,,,,,,435100,001,2025-07-15_10h27.01.014,Continuous_Psychophysics,2022.2.5,None,
1,0,1,0,,,,,,,,,,,11.376101970672607,0.15071283095723015,0.15885947046843177,2.7116256203013904,3.1666777655251037,1,,,,,,,,,435100,001,2025-07-15_10h27.01.014,Continuous_Psychophysics,2022.2.5,None,
1,0,1,0,,,,,,,,,,,11.38104796409607,0.14765784114052954,0.15580448065173116,2.774637854917817,3.468091868024837,1,,,,,,,,,435100,001,2025-07-15_10h27.01.014,Continuous_Psychophysics,2022.2.5,None,
1,0,1,0,,,,,,,,,,,11.386230945587158,0.1415478615071283,0.14969450101832993,2.8213187407425835,3.374550949699267,1,,,,,,,,,435100,001,2025-07-15_10h27.01.014,Continuous_Psychophysics,2022.2.5,None,
1,0,1,0,,,,,,,,,,,11.397978067398071,0.12525458248472504,0.1354378818737271,2.6064718656607244,3.3340127317878654,1,,,,,,,,,435100,001,2025-07-15_10h27.01.014,Continuous_Psychophysics,2022.2.5,None,
1,0,1,0,,,,,,,,,,,11.402420043945312,0.12525458248472504,0.1354378818737271,2.4620967631007176,3.627334854940558,1,,,,,,,,,435100,001,2025-07-15_10h27.01.014,Continuous_Psychophysics,2022.2.5,None,
1,0,1,0,,,,,,,,,,,11.415105104446411,0.10488798370672098,0.11914460285132383,2.5678907399967854,3.7547627824187284,1,,,,,,,,,435100,001,2025-07-15_10h27.01.014,Continuous_Psychophysics,2022.2.5,None,
1,0,1,0,,,,,,,,,,,11.419223070144653,0.10488798370672098,0.11914460285132383,2.4708571107411035,3.5115445633013884,1,,,,,,,,,435100,001,2025-07-15_10h27.01.014,Continuous_Psychophysics,2022.2.5,None,
1,0,1,0,,,,,,,,,,,11.432126998901367,0.09164969450101833,0.1079429735234216,2.2986587838125696,3.2024898639129797,1,,,,,,,,,435100,001,2025-07-15_10h27.01.014,Continuous_Psychophysics,2022.2.5,None,
1,0,1,0,,,,,,,,,,,11.435781955718994,0.09164969450101833,0.1079429735234216,2.2652503960794568,3.27665051140955,1,,,,,,,,,435100,001,2025-07-15_10h27.01.014,Continuous_Psychophysics,2022.2.5,None,
1,0,1,0,,,,,,,,,,,11.44928503036499,0.07942973523421588,0.09368635437881874,1.9583206492370826,3.17414813139071,1,,,,,,,,,435100,001,2025-07-15_10h27.01.014,Continuous_Psychophysics,2022.2.5,None,
1,0,1,0,,,,,,,,,,,11.453619003295898,0.07942973523421588,0.09368635437881874,2.322967046732977,2.908887569725561,1,,,,,,,,,435100,001,2025-07-15_10h27.01.014,Continuous_Psychophysics,2022.2.5,None,
1,0,1,0,,,,,,,,,,,11.466495990753174,0.07128309572301425,0.07942973523421588,2.0740917259234033,2.3144096734401107,1,,,,,,,,,435100,001,2025-07-15_10h27.01.014,Continuous_Psychophysics,2022.2.5,None,
1,0,1,0,,,,,,,,,,,11.470097780227661,0.07128309572301425,0.07942973523421588,2.0655306350420157,2.285071899761229,1,,,,,,,,,435100,001,2025-07-15_10h27.01.014,Continuous_Psychophysics,2022.2.5,None,
1,0,1,0,,,,,,,,,,,11.48355507850647,0.06924643584521385,0.06619144602851323,1.804188721499092,2.6027218658889923,1,,,,,,,,,435100,001,2025-07-15_10h27.01.014,Continuous_Psychophysics,2022.2.5,None,
1,0,1,0,,,,,,,,,,,11.488384008407593,0.06924643584521385,0.06008146639511202,2.3315804466694017,2.555244982080519,1,,,,,,,,,435100,001,2025-07-15_10h27.01.014,Continuous_Psychophysics,2022.2.5,None,
1,0,1,0,,,,,,,,,,,11.500879049301147,0.06924643584521385,0.05702647657841141,2.3695205987997734,2.637764546745902,1,,,,,,,,,435100,001,2025-07-15_10h27.01.014,Continuous_Psychophysics,2022.2.5,None,
1,0,1,0,,,,,,,,,,,11.50567078590393,0.06924643584521385,0.05295315682281059,2.4446528977752395,2.259980261063062,1,,,,,,,,,435100,001,2025-07-15_10h27.01.014,Continuous_Psychophysics,2022.2.5,None,
1,0,1,0,,,,,,,,,,,11.517961978912354,0.06924643584521385,0.04989816700610998,2.8405018117772167,1.8231035127861404,1,,,,,,,,,435100,001,2025-07-15_10h27.01.014,Continuous_Psychophysics,2022.2.5,None,
1,0,1,0,,,,,,,,,,,11.522899866104126,0.06924643584521385,0.04684317718940937,2.61218537160126,1.3896210924446812,1,,,,,,,,,435100,001,2025-07-15_10h27.01.014,Continuous_Psychophysics,2022.2.5,None,
1,0,1,0,,,,,,,,,,,11.527845859527588,0.06924643584521385,0.045824847250509164,2.3188130131271105,0.8794208314438219,1,,,,,,,,,435100,001,2025-07-15_10h27.01.014,Continuous_Psychophysics,2022.2.5,None,
1,0,1,0,,,,,,,,,,,11.539867877960205,0.06924643584521385,0.04480651731160896,2.9796593069365533,1.0680269752090326,1,,,,,,,,,435100,001,2025-07-15_10h27.01.014,Continuous_Psychophysics,2022.2.5,None,
1,0,1,0,,,,,,,,,,,11.544610977172852,0.06924643584521385,0.04480651731160896,3.0610883060472007,0.920749630785322,1,,,,,,,,,435100,001,2025-07-15_10h27.01.014,Continuous_Psychophysics,2022.2.5,None,
1,0,1,0,,,,,,,,,,,11.556920051574707,0.06924643584521385,0.04378818737270876,3.2229000653924476,1.2885840259388308,1,,,,,,,,,435100,001,2025-07-15_10h27.01.014,Continuous_Psychophysics,2022.2.5,None,
1,0,1,0,,,,,,,,,,,11.561246871948242,0.06924643584521385,0.04378818737270876,3.231589224422331,1.2095950283675423,1,,,,,,,,,435100,001,2025-07-15_10h27.01.014,Continuous_Psychophysics,2022.2.5,None,
1,0,1,0,,,,,,,,,,,11.574012994766235,0.06822810590631365,0.04378818737270876,3.306159462111942,1.3436367028581317,1,,,,,,,,,435100,001,2025-07-15_10h27.01.014,Continuous_Psychophysics,2022.2.5,None,
1,0,1,0,,,,,,,,,,,11.577396869659424,0.06517311608961303,0.04378818737270876,3.22519492772532,1.8731408833302363,1,,,,,,,,,435100,001,2025-07-15_10h27.01.014,Continuous_Psychophysics,2022.2.5,None,
1,0,1,0,,,,,,,,,,,11.591150045394897,0.06109979633401222,0.04480651731160896,3.391853594310243,1.6247555391250816,1,,,,,,,,,435100,001,2025-07-15_10h27.01.014,Continuous_Psychophysics,2022.2.5,None,
1,0,1,0,,,,,,,,,,,11.594534873962402,0.05702647657841141,0.045824847250509164,3.1590969565939115,1.22455719075243,1,,,,,,,,,435100,001,2025-07-15_10h27.01.014,Continuous_Psychophysics,2022.2.5,None,
1,0,1,0,,,,,,,,,,,11.608473062515259,0.05091649694501019,0.045824847250509164,3.3781454769836117,1.2262289939286186,1,,,,,,,,,435100,001,2025-07-15_10h27.01.014,Continuous_Psychophysics,2022.2.5,None,
1,0,1,0,,,,,,,,,,,11.612944841384888,0.045824847250509164,0.045824847250509164,3.6279728003671,0.9534714333086742,1,,,,,,,,,435100,001,2025-07-15_10h27.01.014,Continuous_Psychophysics,2022.2.5,None,
1,0,1,0,,,,,,,,,,,11.625908851623535,0.03360488798370672,0.045824847250509164,3.669506746358659,0.7648243182529317,1,,,,,,,,,435100,001,2025-07-15_10h27.01.014,Continuous_Psychophysics,2022.2.5,None,
1,0,1,0,,,,,,,,,,,11.63045597076416,0.03360488798370672,0.045824847250509164,3.8478303294687666,1.2284957808265422,1,,,,,,,,,435100,001,2025-07-15_10h27.01.014,Continuous_Psychophysics,2022.2.5,None,
1,0,1,0,,,,,,,,,,,11.642906904220581,0.024439918533604887,0.045824847250509164,3.5186168166945975,1.1758148466010947,1,,,,,,,,,435100,001,2025-07-15_10h27.01.014,Continuous_Psychophysics,2022.2.5,None,
1,0,1,0,,,,,,,,,,,11.647403955459595,0.024439918533604887,0.045824847250509164,3.5529318246482857,1.6159389702346276,1,,,,,,,,,435100,001,2025-07-15_10h27.01.014,Continuous_Psychophysics,2022.2.5,None,
1,0,1,0,,,,,,,,,,,11.652402877807617,0.02240325865580448,0.045824847250509164,3.676933034085634,1.3363751421991863,1,,,,,,,,,435100,001,2025-07-15_10h27.01.014,Continuous_Psychophysics,2022.2.5,None,
1,0,1,0,,,,,,,,,,,11.664674043655396,0.015274949083503055,0.045824847250509164,3.5641443120124037,0.8895632328736602,1,,,,,,,,,435100,001,2025-07-15_10h27.01.014,Continuous_Psychophysics,2022.2.5,None,
1,0,1,0,,,,,,,,,,,11.669136047363281,0.015274949083503055,0.045824847250509164,3.3225257370109724,0.4408887242638508,1,,,,,,,,,435100,001,2025-07-15_10h27.01.014,Continuous_Psychophysics,2022.2.5,None,
1,0,1,0,,,,,,,,,,,11.681552171707153,0.009164969450101833,0.04276985743380855,3.10979858429243,0.3010225743451096,1,,,,,,,,,435100,001,2025-07-15_10h27.01.014,Continuous_Psychophysics,2022.2.5,None,
1,0,1,0,,,,,,,,,,,11.685957193374634,0.009164969450101833,0.04276985743380855,3.014459383323706,-0.12106574053618091,1,,,,,,,,,435100,001,2025-07-15_10h27.01.014,Continuous_Psychophysics,2022.2.5,None,
1,0,1,0,,,,,,,,,,,11.698640823364258,0.007128309572301426,0.04073319755600815,3.090035322137825,0.02184019612142002,1,,,,,,,,,435100,001,2025-07-15_10h27.01.014,Continuous_Psychophysics,2022.2.5,None,
1,0,1,0,,,,,,,,,,,11.702538967132568,0.007128309572301426,0.04073319755600815,3.342405033985856,-0.012885781497659676,1,,,,,,,,,435100,001,2025-07-15_10h27.01.014,Continuous_Psychophysics,2022.2.5,None,
1,0,1,0,,,,,,,,,,,11.715909957885742,0.006109979633401222,0.03767820773930754,3.7208939768082425,-0.21219121334642851,1,,,,,,,,,435100,001,2025-07-15_10h27.01.014,Continuous_Psychophysics,2022.2.5,None,
1,0,1,0,,,,,,,,,,,11.720149040222168,0.006109979633401222,0.03767820773930754,3.083872729422847,0.07421651071196864,1,,,,,,,,,435100,001,2025-07-15_10h27.01.014,Continuous_Psychophysics,2022.2.5,None,
1,0,1,0,,,,,,,,,,,11.732945919036865,0.006109979633401222,0.03360488798370672,2.96904221646731,-0.15100390346585263,1,,,,,,,,,435100,001,2025-07-15_10h27.01.014,Continuous_Psychophysics,2022.2.5,None,
1,0,1,0,,,,,,,,,,,11.737687110900879,0.006109979633401222,0.032586558044806514,3.0742802228087043,-0.31022079761669175,1,,,,,,,,,435100,001,2025-07-15_10h27.01.014,Continuous_Psychophysics,2022.2.5,None,
1,0,1,0,,,,,,,,,,,11.749916791915894,0.008146639511201629,0.029531568228105907,2.9514314211656036,-0.38522879288287804,1,,,,,,,,,435100,001,2025-07-15_10h27.01.014,Continuous_Psychophysics,2022.2.5,None,
1,0,1,0,,,,,,,,,,,11.75287914276123,0.008146639511201629,0.029531568228105907,2.9310751027278377,0.016217856584531065,1,,,,,,,,,435100,001,2025-07-15_10h27.01.014,Continuous_Psychophysics,2022.2.5,None,
1,0,1,0,,,,,,,,,,,11.76711916923523,0.016293279022403257,0.023421588594704685,3.34202469582463,-0.4328084738599486,1,,,,,,,,,435100,001,2025-07-15_10h27.01.014,Continuous_Psychophysics,2022.2.5,None,
1,0,1,0,,,,,,,,,,,11.771790981292725,0.020366598778004074,0.019348268839103868,3.1829123632456473,-0.20365992823000265,1,,,,,,,,,435100,001,2025-07-15_10h27.01.014,Continuous_Psychophysics,2022.2.5,None,
1,0,1,0,,,,,,,,,,,11.784220933914185,0.025458248472505093,0.016293279022403257,3.1004979057813866,0.3084268856045995,1,,,,,,,,,435100,001,2025-07-15_10h27.01.014,Continuous_Psychophysics,2022.2.5,None,
1,0,1,0,,,,,,,,,,,11.78886604309082,0.029531568228105907,0.012219959266802444,2.9777289138732934,0.3040279541285754,1,,,,,,,,,435100,001,2025-07-15_10h27.01.014,Continuous_Psychophysics,2022.2.5,None,
1,0,1,0,,,,,,,,,,,11.80165982246399,0.03360488798370672,0.008146639511201629,2.3656556695143953,-0.055335962233014846,1,,,,,,,,,435100,001,2025-07-15_10h27.01.014,Continuous_Psychophysics,2022.2.5,None,
1,0,1,0,,,,,,,,,,,11.80632495880127,0.038696537678207736,0.0050916496945010185,2.435126583829853,0.2175078167301554,1,,,,,,,,,435100,001,2025-07-15_10h27.01.014,Continuous_Psychophysics,2022.2.5,None,
1,0,1,0,,,,,,,,,,,11.81110405921936,0.04276985743380855,0.003054989816700611,2.4448369467854345,0.38773261076854215,1,,,,,,,,,435100,001,2025-07-15_10h27.01.014,Continuous_Psychophysics,2022.2.5,None,
1,0,1,0,,,,,,,,,,,11.823211908340454,0.04786150712830957,0.0010183299389002036,2.0967429589843123,0.18001177452338654,1,,,,,,,,,435100,001,2025-07-15_10h27.01.014,Continuous_Psychophysics,2022.2.5,None,
1,0,1,0,,,,,,,,,,,11.828021049499512,0.05295315682281059,0.0,2.4182681758155518,-0.13784790588220855,1,,,,,,,,,435100,001,2025-07-15_10h27.01.014,Continuous_Psychophysics,2022.2.5,None,
1,0,1,0,,,,,,,,,,,11.840484142303467,0.06313645621181263,0.0,2.68430867219431,-0.6650737324523825,1,,,,,,,,,435100,001,2025-07-15_10h27.01.014,Continuous_Psychophysics,2022.2.5,None,
1,0,1,0,,,,,,,,,,,11.845117807388306,0.06720977596741344,0.0,2.18132210171416,-0.9630386424615749,1,,,,,,,,,435100,001,2025-07-15_10h27.01.014,Continuous_Psychophysics,2022.2.5,None,
1,0,1,0,,,,,,,,,,,11.857488870620728,0.07535641547861507,0.0,2.400998036048565,-1.3323512092141887,1,,,,,,,,,435100,001,2025-07-15_10h27.01.014,Continuous_Psychophysics,2022.2.5,None,
1,0,1,0,,,,,,,,,,,11.861418962478638,0.0814663951120163,0.0,2.3574139505288594,-1.3993901027431463,1,,,,,,,,,435100,001,2025-07-15_10h27.01.014,Continuous_Psychophysics,2022.2.5,None,
1,0,1,0,,,,,,,,,,,11.874606132507324,0.08859470468431772,0.0010183299389002036,2.570706790393092,-1.2104874970011874,1,,,,,,,,,435100,001,2025-07-15_10h27.01.014,Continuous_Psychophysics,2022.2.5,None,
1,0,1,0,,,,,,,,,,,11.877694845199585,0.09470468431771895,0.004073319755600814,2.4020083623494086,-1.3987367652733225,1,,,,,,,,,435100,001,2025-07-15_10h27.01.014,Continuous_Psychophysics,2022.2.5,None,
1,0,1,0,,,,,,,,,,,11.891797065734863,0.10183299389002037,0.006109979633401222,2.5338038045818134,-1.6239518892387494,1,,,,,,,,,435100,001,2025-07-15_10h27.01.014,Continuous_Psychophysics,2022.2.5,None,
1,0,1,0,,,,,,,,,,,11.895784854888916,0.10183299389002037,0.006109979633401222,2.8040555445637385,-2.140429948908887,1,,,,,,,,,435100,001,2025-07-15_10h27.01.014,Continuous_Psychophysics,2022.2.5,None,
1,0,1,0,,,,,,,,,,,11.90901494026184,0.10590631364562118,0.008146639511201629,2.8627518946628774,-2.3165083094550516,1,,,,,,,,,435100,001,2025-07-15_10h27.01.014,Continuous_Psychophysics,2022.2.5,None,
1,0,1,0,,,,,,,,,,,11.913126945495605,0.10590631364562118,0.008146639511201629,2.6936706840468636,-2.4825490184852206,1,,,,,,,,,435100,001,2025-07-15_10h27.01.014,Continuous_Psychophysics,2022.2.5,None,
1,0,1,0,,,,,,,,,,,11.926337003707886,0.1079429735234216,0.009164969450101833,2.808707524014954,-2.0878569574543406,1,,,,,,,,,435100,001,2025-07-15_10h27.01.014,Continuous_Psychophysics,2022.2.5,None,
1,0,1,0,,,,,,,,,,,11.931169986724854,0.10896130346232179,0.010183299389002037,2.202822510999701,-2.42157018724856,1,,,,,,,,,435100,001,2025-07-15_10h27.01.014,Continuous_Psychophysics,2022.2.5,None,
1,0,1,0,,,,,,,,,,,11.935901880264282,0.10896130346232179,0.010183299389002037,1.9704651893726997,-2.098002931720299,1,,,,,,,,,435100,001,2025-07-15_10h27.01.014,Continuous_Psychophysics,2022.2.5,None,
1,0,1,0,,,,,,,,,,,11.947933912277222,0.10896130346232179,0.010183299389002037,1.9461023022513202,-2.150244198420638,1,,,,,,,,,435100,001,2025-07-15_10h27.01.014,Continuous_Psychophysics,2022.2.5,None,
1,0,1,0,,,,,,,,,,,11.952240943908691,0.10896130346232179,0.010183299389002037,2.469710142182341,-2.3669346037018553,1,,,,,,,,,435100,001,2025-07-15_10h27.01.014,Continuous_Psychophysics,2022.2.5,None,
1,0,1,0,,,,,,,,,,,11.964447021484375,0.10896130346232179,0.010183299389002037,2.6494634942540336,-2.075348373644097,1,,,,,,,,,435100,001,2025-07-15_10h27.01.014,Continuous_Psychophysics,2022.2.5,None,
1,0,1,0,,,,,,,,,,,11.96970796585083,0.10896130346232179,0.010183299389002037,2.996974717683392,-1.838317358791525,1,,,,,,,,,435100,001,2025-07-15_10h27.01.014,Continuous_Psychophysics,2022.2.5,None,
1,0,1,0,,,,,,,,,,,11.982085943222046,0.10896130346232179,0.008146639511201629,3.2836196229854404,-1.544259008723569,1,,,,,,,,,435100,001,2025-07-15_10h27.01.014,Continuous_Psychophysics,2022.2.5,None,
1,0,1,0,,,,,,,,,,,11.986127138137817,0.10896130346232179,0.008146639511201629,3.4441632099692807,-1.8895516317435415,1,,,,,,,,,435100,001,2025-07-15_10h27.01.014,Continuous_Psychophysics,2022.2.5,None,
1,0,1,0,,,,,,,,,,,11.999084949493408,0.10590631364562118,0.003054989816700611,3.761058224724838,-1.8576882766607705,1,,,,,,,,,435100,001,2025-07-15_10h27.01.014,Continuous_Psychophysics,2022.2.5,None,
1,0,1,0,,,,,,,,,,,12.002687931060791,0.10590631364562118,0.003054989816700611,4.245456908615543,-1.9640445191899754,1,,,,,,,,,435100,001,2025-07-15_10h27.01.014,Continuous_Psychophysics,2022.2.5,None,
1,0,1,0,,,,,,,,,,,12.016116857528687,0.10285132382892057,-0.002036659877800407,4.282003043289197,-2.3384571596185615,1,,,,,,,,,435100,001,2025-07-15_10h27.01.014,Continuous_Psychophysics,2022.2.5,None,
1,0,1,0,,,,,,,,,,,12.019164800643921,0.10285132382892057,-0.002036659877800407,4.075320848871855,-2.8091395961486256,1,,,,,,,,,435100,001,2025-07-15_10h27.01.014,Continuous_Psychophysics,2022.2.5,None,
1,0,1,0,,,,,,,,,,,12.033318996429443,0.10081466395112017,-0.006109979633401222,4.010616762479121,-3.0064399927501175,1,,,,,,,,,435100,001,2025-07-15_10h27.01.014,Continuous_Psychophysics,2022.2.5,None,
1,0,1,0,,,,,,,,,,,12.037881135940552,0.09877800407331976,-0.007128309572301426,4.092839773388522,-2.646084865154134,1,,,,,,,,,435100,001,2025-07-15_10h27.01.014,Continuous_Psychophysics,2022.2.5,None,
1,0,1,0,,,,,,,,,,,12.050616979598999,0.09775967413441955,-0.009164969450101833,4.33460833750165,-2.5321377531988696,1,,,,,,,,,435100,001,2025-07-15_10h27.01.014,Continuous_Psychophysics,2022.2.5,None,
1,0,1,0,,,,,,,,,,,12.055110931396484,0.09674134419551934,-0.010183299389002037,4.663933340034,-2.910410442062488,1,,,,,,,,,435100,001,2025-07-15_10h27.01.014,Continuous_Psychophysics,2022.2.5,None,
1,0,1,0,,,,,,,,,,,12.068011045455933,0.09572301425661914,-0.010183299389002037,4.5680137646953405,-2.945635563644465,1,,,,,,,,,435100,001,2025-07-15_10h27.01.014,Continuous_Psychophysics,2022.2.5,None,
1,0,1,0,,,,,,,,,,,12.072679996490479,0.09572301425661914,-0.01120162932790224,4.545073018995977,-2.6005523011495035,1,,,,,,,,,435100,001,2025-07-15_10h27.01.014,Continuous_Psychophysics,2022.2.5,None,
1,0,1,0,,,,,,,,,,,12.084977865219116,0.09470468431771895,-0.01120162932790224,4.386739453744045,-2.631092260331702,1,,,,,,,,,435100,001,2025-07-15_10h27.01.014,Continuous_Psychophysics,2022.2.5,None,
1,0,1,0,,,,,,,,,,,12.089788913726807,0.09470468431771895,-0.012219959266802444,4.55821521287773,-2.535935192975139,1,,,,,,,,,435100,001,2025-07-15_10h27.01.014,Continuous_Psychophysics,2022.2.5,None,
1,0,1,0,,,,,,,,,,,12.094882011413574,0.09470468431771895,-0.012219959266802444,4.487563190017431,-2.75041495552534,1,,,,,,,,,435100,001,2025-07-15_10h27.01.014,Continuous_Psychophysics,2022.2.5,None,
1,0,1,0,,,,,,,,,,,12.106861114501953,0.09470468431771895,-0.013238289205702648,4.006171877680131,-2.24584083333745,1,,,,,,,,,435100,001,2025-07-15_10h27.01.014,Continuous_Psychophysics,2022.2.5,None,
1,0,1,0,,,,,,,,,,,12.111454963684082,0.09470468431771895,-0.014256619144602852,3.9123440796990483,-1.965835958706553,1,,,,,,,,,435100,001,2025-07-15_10h27.01.014,Continuous_Psychophysics,2022.2.5,None,
1,0,1,0,,,,,,,,,,,12.123995780944824,0.09368635437881874,-0.015274949083503055,4.198062329573014,-1.6810172700346198,1,,,,,,,,,435100,001,2025-07-15_10h27.01.014,Continuous_Psychophysics,2022.2.5,None,
1,0,1,0,,,,,,,,,,,12.128091812133789,0.09368635437881874,-0.017311608961303463,3.97824412753302,-1.640540518886322,1,,,,,,,,,435100,001,2025-07-15_10h27.01.014,Continuous_Psychophysics,2022.2.5,None,
1,0,1,0,,,,,,,,,,,12.141109943389893,0.09266802443991853,-0.020366598778004074,4.342323617207605,-1.9811646025286604,1,,,,,,,,,435100,001,2025-07-15_10h27.01.014,Continuous_Psychophysics,2022.2.5,None,
1,0,1,0,,,,,,,,,,,12.146059036254883,0.09164969450101833,-0.02240325865580448,4.078521303929376,-2.2574457390239187,1,,,,,,,,,435100,001,2025-07-15_10h27.01.014,Continuous_Psychophysics,2022.2.5,None,
1,0,1,0,,,,,,,,,,,12.158074140548706,0.09063136456211812,-0.024439918533604887,4.170335399271169,-2.41120764131228,1,,,,,,,,,435100,001,2025-07-15_10h27.01.014,Continuous_Psychophysics,2022.2.5,None,
1,0,1,0,,,,,,,,,,,12.162710905075073,0.09063136456211812,-0.0274949083503055,3.8291692441464944,-2.4742496773430234,1,,,,,,,,,435100,001,2025-07-15_10h27.01.014,Continuous_Psychophysics,2022.2.5,None,
1,0,1,0,,,,,,,,,,,12.17563009262085,0.08859470468431772,-0.032586558044806514,3.8864769982860805,-2.338766575369532,1,,,,,,,,,435100,001,2025-07-15_10h27.01.014,Continuous_Psychophysics,2022.2.5,None,
1,0,1,0,,,,,,,,,,,12.180269956588745,0.08859470468431772,-0.032586558044806514,3.603631363850234,-2.1331559685165864,1,,,,,,,,,435100,001,2025-07-15_10h27.01.014,Continuous_Psychophysics,2022.2.5,None,
1,0,1,0,,,,,,,,,,,12.192649841308594,0.08757637474541752,-0.03665987780040733,3.220522414202324,-2.331023564670404,1,,,,,,,,,435100,001,2025-07-15_10h27.01.014,Continuous_Psychophysics,2022.2.5,None,
1,0,1,0,,,,,,,,,,,12.197078943252563,0.08757637474541752,-0.03665987780040733,3.296383030460986,-2.463676109972117,1,,,,,,,,,435100,001,2025-07-15_10h27.01.014,Continuous_Psychophysics,2022.2.5,None,
1,0,1,0,,,,,,,,,,,12.209648847579956,0.08757637474541752,-0.04175152749490835,3.4473738669791327,-2.4312758534755066,1,,,,,,,,,435100,001,2025-07-15_10h27.01.014,Continuous_Psychophysics,2022.2.5,None,
1,0,1,0,,,,,,,,,,,12.214200019836426,0.08757637474541752,-0.04175152749490835,4.618579942288035,-2.604884165082934,1,,,,,,,,,435100,001,2025-07-15_10h27.01.014,Continuous_Psychophysics,2022.2.5,None,
1,0,1,0,,,,,,,,,,,12.219100952148438,0.08757637474541752,-0.04378818737270876,4.658277939927778,-2.216773167433033,1,,,,,,,,,435100,001,2025-07-15_10h27.01.014,Continuous_Psychophysics,2022.2.5,None,
1,0,1,0,,,,,,,,,,,12.231084108352661,0.08961303462321792,-0.04684317718940937,4.844842063917721,-2.161821895675567,1,,,,,,,,,435100,001,2025-07-15_10h27.01.014,Continuous_Psychophysics,2022.2.5,None,
1,0,1,0,,,,,,,,,,,12.235525131225586,0.08961303462321792,-0.04684317718940937,5.0246460351153335,-2.155548163231505,1,,,,,,,,,435100,001,2025-07-15_10h27.01.014,Continuous_Psychophysics,2022.2.5,None,
1,0,1,0,,,,,,,,,,,12.248280048370361,0.09979633401221996,-0.051934826883910386,5.211350522856583,-2.169927198495381,1,,,,,,,,,435100,001,2025-07-15_10h27.01.014,Continuous_Psychophysics,2022.2.5,None,
1,0,1,0,,,,,,,,,,,12.252677202224731,0.09979633401221996,-0.051934826883910386,5.579718387003041,-1.8047360197460212,1,,,,,,,,,435100,001,2025-07-15_10h27.01.014,Continuous_Psychophysics,2022.2.5,None,
1,0,1,0,,,,,,,,,,,12.265211820602417,0.11710794297352342,-0.06109979633401222,5.594031018346472,-1.4991510435781716,1,,,,,,,,,435100,001,2025-07-15_10h27.01.014,Continuous_Psychophysics,2022.2.5,None,
1,0,1,0,,,,,,,,,,,12.26907992362976,0.11710794297352342,-0.06109979633401222,5.92606942435918,-1.516424907706433,1,,,,,,,,,435100,001,2025-07-15_10h27.01.014,Continuous_Psychophysics,2022.2.5,None,
1,0,1,0,,,,,,,,,,,12.282564163208008,0.14867617107942974,-0.0835030549898167,5.528532367709267,-1.6646206795629657,1,,,,,,,,,435100,001,2025-07-15_10h27.01.014,Continuous_Psychophysics,2022.2.5,None,
1,0,1,0,,,,,,,,,,,12.286288976669312,0.14867617107942974,-0.0835030549898167,4.878063238164919,-1.5594647796998375,1,,,,,,,,,435100,001,2025-07-15_10h27.01.014,Continuous_Psychophysics,2022.2.5,None,
1,0,1,0,,,,,,,,,,,12.299596071243286,0.1710794297352342,-0.10488798370672098,4.771927505164387,-2.047722545821713,1,,,,,,,,,435100,001,2025-07-15_10h27.01.014,Continuous_Psychophysics,2022.2.5,None,
1,0,1,0,,,,,,,,,,,12.304624795913696,0.18431771894093688,-0.12016293279022404,5.252148182788836,-2.1485509559802747,1,,,,,,,,,435100,001,2025-07-15_10h27.01.014,Continuous_Psychophysics,2022.2.5,None,
1,0,1,0,,,,,,,,,,,12.316637992858887,0.18839103869653767,-0.12627291242362526,5.388811231288151,-2.099534351262774,1,,,,,,,,,435100,001,2025-07-15_10h27.01.014,Continuous_Psychophysics,2022.2.5,None,
1,0,1,0,,,,,,,,,,,12.321193933486938,0.19653767820773932,-0.13747454175152748,5.834940684859271,-1.78157599086461,1,,,,,,,,,435100,001,2025-07-15_10h27.01.014,Continuous_Psychophysics,2022.2.5,None,
1,0,1,0,,,,,,,,,,,12.334013938903809,0.1985743380855397,-0.1415478615071283,5.703765262363325,-1.854347959904922,1,,,,,,,,,435100,001,2025-07-15_10h27.01.014,Continuous_Psychophysics,2022.2.5,None,
1,0,1,0,,,,,,,,,,,12.338763952255249,0.20162932790224034,-0.14765784114052954,5.3583933879606445,-1.9697028048605159,1,,,,,,,,,435100,001,2025-07-15_10h27.01.014,Continuous_Psychophysics,2022.2.5,None,
1,0,1,0,,,,,,,,,,,12.350830078125,0.20468431771894094,-0.15173116089613034,5.56204538864154,-1.815436886884367,1,,,,,,,,,435100,001,2025-07-15_10h27.01.014,Continuous_Psychophysics,2022.2.5,None,
1,0,1,0,,,,,,,,,,,12.355469942092896,0.20570264765784113,-0.15478615071283094,5.706733754315538,-1.4841872508663236,1,,,,,,,,,435100,001,2025-07-15_10h27.01.014,Continuous_Psychophysics,2022.2.5,None,
1,0,1,0,,,,,,,,,,,12.368107080459595,0.20672097759674135,-0.15580448065173116,5.4841843316065555,-1.5077914774213237,1,,,,,,,,,435100,001,2025-07-15_10h27.01.014,Continuous_Psychophysics,2022.2.5,None,
1,0,1,0,,,,,,,,,,,12.372940063476562,0.20672097759674135,-0.15682281059063136,5.179874447824917,-1.6246619399259667,1,,,,,,,,,435100,001,2025-07-15_10h27.01.014,Continuous_Psychophysics,2022.2.5,None,
1,0,1,0,,,,,,,,,,,12.377583026885986,0.20672097759674135,-0.15682281059063136,5.134941489235954,-1.3105973784566096,1,,,,,,,,,435100,001,2025-07-15_10h27.01.014,Continuous_Psychophysics,2022.2.5,None,
1,0,1,0,,,,,,,,,,,12.389848947525024,0.20468431771894094,-0.15682281059063136,5.2655241707838405,-1.0737769262044554,1,,,,,,,,,435100,001,2025-07-15_10h27.01.014,Continuous_Psychophysics,2022.2.5,None,
1,0,1,0,,,,,,,,,,,12.394530057907104,0.20264765784114053,-0.15580448065173116,5.215434313673588,-0.8257978849189864,1,,,,,,,,,435100,001,2025-07-15_10h27.01.014,Continuous_Psychophysics,2022.2.5,None,
1,0,1,0,,,,,,,,,,,12.40703797340393,0.20061099796334012,-0.15376782077393075,5.445313925395287,-0.5131981379265333,1,,,,,,,,,435100,001,2025-07-15_10h27.01.014,Continuous_Psychophysics,2022.2.5,None,
1,0,1,0,,,,,,,,,,,12.411864995956421,0.1985743380855397,-0.15274949083503056,5.2813194539111805,-0.7382923052804831,1,,,,,,,,,435100,001,2025-07-15_10h27.01.014,Continuous_Psychophysics,2022.2.5,None,
1,0,1,0,,,,,,,,,,,12.424116849899292,0.19653767820773932,-0.15071283095723015,5.095675138739085,-0.48341307428624597,1,,,,,,,,,435100,001,2025-07-15_10h27.01.014,Continuous_Psychophysics,2022.2.5,None,
1,0,1,0,,,,,,,,,,,12.428018808364868,0.1945010183299389,-0.14969450101832993,5.024477991011596,-0.5034412777302408,1,,,,,,,,,435100,001,2025-07-15_10h27.01.014,Continuous_Psychophysics,2022.2.5,None,
1,0,1,0,,,,,,,,,,,12.441213846206665,0.1924643584521385,-0.14867617107942974,4.897462032066833,-0.14092661198864748,1,,,,,,,,,435100,001,2025-07-15_10h27.01.014,Continuous_Psychophysics,2022.2.5,None,
1,0,1,0,,,,,,,,,,,12.445343017578125,0.1924643584521385,-0.14867617107942974,4.591666194259949,-0.47635997969863125,1,,,,,,,,,435100,001,2025-07-15_10h27.01.014,Continuous_Psychophysics,2022.2.5,None,
1,0,1,0,,,,,,,,,,,12.458661079406738,0.1924643584521385,-0.14765784114052954,4.519689022105802,-0.1415326354909004,1,,,,,,,,,435100,001,2025-07-15_10h27.01.014,Continuous_Psychophysics,2022.2.5,None,
1,0,1,0,,,,,,,,,,,12.462820053100586,0.1924643584521385,-0.14765784114052954,4.886607250855951,-0.01582791438142117,1,,,,,,,,,435100,001,2025-07-15_10h27.01.014,Continuous_Psychophysics,2022.2.5,None,
1,0,1,0,,,,,,,,,,,12.475504875183105,0.1924643584521385,-0.14663951120162932,4.596302925668118,0.2516105230612128,1,,,,,,,,,435100,001,2025-07-15_10h27.01.014,Continuous_Psychophysics,2022.2.5,None,
1,0,1,0,,,,,,,,,,,12.479781866073608,0.1924643584521385,-0.14663951120162932,5.180814116644024,0.22550310866663775,1,,,,,,,,,435100,001,2025-07-15_10h27.01.014,Continuous_Psychophysics,2022.2.5,None,
1,0,1,0,,,,,,,,,,,12.493207931518555,0.1924643584521385,-0.14663951120162932,5.383816816297522,0.08928266694601755,1,,,,,,,,,435100,001,2025-07-15_10h27.01.014,Continuous_Psychophysics,2022.2.5,None,
1,0,1,0,,,,,,,,,,,12.497750997543335,0.1945010183299389,-0.1446028513238289,5.47479870085465,0.21103762332477044,1,,,,,,,,,435100,001,2025-07-15_10h27.01.014,Continuous_Psychophysics,2022.2.5,None,
1,0,1,0,,,,,,,,,,,12.510438919067383,0.19653767820773932,-0.14358452138492872,5.244677956274051,0.16839570470093157,1,,,,,,,,,435100,001,2025-07-15_10h27.01.014,Continuous_Psychophysics,2022.2.5,None,
1,0,1,0,,,,,,,,,,,12.515259027481079,0.1985743380855397,-0.1425661914460285,5.184986263641014,-0.2594310388811426,1,,,,,,,,,435100,001,2025-07-15_10h27.01.014,Continuous_Psychophysics,2022.2.5,None,
1,0,1,0,,,,,,,,,,,12.519195795059204,0.1985743380855397,-0.1425661914460285,5.224017022981866,0.009620323160444755,1,,,,,,,,,435100,001,2025-07-15_10h27.01.014,Continuous_Psychophysics,2022.2.5,None,
1,0,1,0,,,,,,,,,,,12.531872987747192,0.20468431771894094,-0.1384928716904277,4.904503435657058,0.35374537553713725,1,,,,,,,,,435100,001,2025-07-15_10h27.01.014,Continuous_Psychophysics,2022.2.5,None,
1,0,1,0,,,,,,,,,,,12.536293029785156,0.20468431771894094,-0.1384928716904277,4.067630119112349,0.8118530087704378,1,,,,,,,,,435100,001,2025-07-15_10h27.01.014,Continuous_Psychophysics,2022.2.5,None,
1,0,1,0,,,,,,,,,,,12.548924922943115,0.20773930753564154,-0.1364562118126273,4.009553181193803,0.7417933395741568,1,,,,,,,,,435100,001,2025-07-15_10h27.01.014,Continuous_Psychophysics,2022.2.5,None,
1,0,1,0,,,,,,,,,,,12.552747011184692,0.20773930753564154,-0.1364562118126273,3.5430518248551652,1.082947244822361,1,,,,,,,,,435100,001,2025-07-15_10h27.01.014,Continuous_Psychophysics,2022.2.5,None,
1,0,1,0,,,,,,,,,,,12.566171884536743,0.21079429735234215,-0.13238289205702647,3.166608063886588,0.7975013145979526,1,,,,,,,,,435100,001,2025-07-15_10h27.01.014,Continuous_Psychophysics,2022.2.5,None,
1,0,1,0,,,,,,,,,,,12.569147825241089,0.21079429735234215,-0.13238289205702647,3.281027349509957,0.8934703291396344,1,,,,,,,,,435100,001,2025-07-15_10h27.01.014,Continuous_Psychophysics,2022.2.5,None,
1,0,1,0,,,,,,,,,,,12.583249807357788,0.21486761710794297,-0.12729124236252545,3.103411203607807,0.8990809035618275,1,,,,,,,,,435100,001,2025-07-15_10h27.01.014,Continuous_Psychophysics,2022.2.5,None,
1,0,1,0,,,,,,,,,,,12.587191104888916,0.2158859470468432,-0.12525458248472504,3.0137800502172722,0.9896046800547214,1,,,,,,,,,435100,001,2025-07-15_10h27.01.014,Continuous_Psychophysics,2022.2.5,None,
1,0,1,0,,,,,,,,,,,12.600279092788696,0.21690427698574338,-0.12219959266802444,2.4734194261385287,0.9644877123179508,1,,,,,,,,,435100,001,2025-07-15_10h27.01.014,Continuous_Psychophysics,2022.2.5,None,
1,0,1,0,,,,,,,,,,,12.604660987854004,0.219959266802444,-0.11710794297352342,2.4996587964718984,0.7543578983196982,1,,,,,,,,,435100,001,2025-07-15_10h27.01.014,Continuous_Psychophysics,2022.2.5,None,
1,0,1,0,,,,,,,,,,,12.617406845092773,0.2209775967413442,-0.11405295315682282,2.2133962540625953,0.8617101578945053,1,,,,,,,,,435100,001,2025-07-15_10h27.01.014,Continuous_Psychophysics,2022.2.5,None,
1,0,1,0,,,,,,,,,,,12.622084140777588,0.2230142566191446,-0.10896130346232179,2.631498470873591,1.1943396221728675,1,,,,,,,,,435100,001,2025-07-15_10h27.01.014,Continuous_Psychophysics,2022.2.5,None,
1,0,1,0,,,,,,,,,,,12.634675979614258,0.225050916496945,-0.09979633401221996,2.914878169588873,1.4698386336066078,1,,,,,,,,,435100,001,2025-07-15_10h27.01.014,Continuous_Psychophysics,2022.2.5,None,
1,0,1,0,,,,,,,,,,,12.639036893844604,0.225050916496945,-0.09164969450101833,2.738906223808821,1.2164199091975445,1,,,,,,,,,435100,001,2025-07-15_10h27.01.014,Continuous_Psychophysics,2022.2.5,None,
1,0,1,0,,,,,,,,,,,12.651717185974121,0.225050916496945,-0.0835030549898167,2.600468742679063,1.4593593058131042,1,,,,,,,,,435100,001,2025-07-15_10h27.01.014,Continuous_Psychophysics,2022.2.5,None,
1,0,1,0,,,,,,,,,,,12.656495094299316,0.225050916496945,-0.07331975560081466,3.0977743145200822,1.4667496577854588,1,,,,,,,,,435100,001,2025-07-15_10h27.01.014,Continuous_Psychophysics,2022.2.5,None,
1,0,1,0,,,,,,,,,,,12.6613929271698,0.2240325865580448,-0.06415478615071284,3.021972522624195,1.69732580614355,1,,,,,,,,,435100,001,2025-07-15_10h27.01.014,Continuous_Psychophysics,2022.2.5,None,
1,0,1,0,,,,,,,,,,,12.67334794998169,0.2219959266802444,-0.06008146639511202,2.73610647146553,1.8958194633961407,1,,,,,,,,,435100,001,2025-07-15_10h27.01.014,Continuous_Psychophysics,2022.2.5,None,
1,0,1,0,,,,,,,,,,,12.677963972091675,0.21792260692464357,-0.05295315682281059,3.219493061503907,1.893025483905423,1,,,,,,,,,435100,001,2025-07-15_10h27.01.014,Continuous_Psychophysics,2022.2.5,None,
1,0,1,0,,,,,,,,,,,12.69038987159729,0.21486761710794297,-0.04684317718940937,2.958117238868572,1.2568553785036365,1,,,,,,,,,435100,001,2025-07-15_10h27.01.014,Continuous_Psychophysics,2022.2.5,None,
1,0,1,0,,,,,,,,,,,12.6943039894104,0.21079429735234215,-0.04175152749490835,2.718081754541709,1.751113969252815,1,,,,,,,,,435100,001,2025-07-15_10h27.01.014,Continuous_Psychophysics,2022.2.5,None,
1,0,1,0,,,,,,,,,,,12.707443952560425,0.20468431771894094,-0.03767820773930754,3.3960689240426523,1.8461120937538649,1,,,,,,,,,435100,001,2025-07-15_10h27.01.014,Continuous_Psychophysics,2022.2.5,None,
1,0,1,0,,,,,,,,,,,12.710954904556274,0.20468431771894094,-0.03767820773930754,3.554765613950241,2.1765295129737723,1,,,,,,,,,435100,001,2025-07-15_10h27.01.014,Continuous_Psychophysics,2022.2.5,None,
1,0,1,0,,,,,,,,,,,12.724653005599976,0.1985743380855397,-0.03360488798370672,3.5224208897685765,1.950690751138055,1,,,,,,,,,435100,001,2025-07-15_10h27.01.014,Continuous_Psychophysics,2022.2.5,None,
1,0,1,0,,,,,,,,,,,12.728497982025146,0.1985743380855397,-0.03360488798370672,3.669510584886509,1.9927909678453097,1,,,,,,,,,435100,001,2025-07-15_10h27.01.014,Continuous_Psychophysics,2022.2.5,None,
1,0,1,0,,,,,,,,,,,12.742188930511475,0.1924643584521385,-0.031568228105906315,3.7982219804524413,2.2139278344787696,1,,,,,,,,,435100,001,2025-07-15_10h27.01.014,Continuous_Psychophysics,2022.2.5,None,
1,0,1,0,,,,,,,,,,,12.746875047683716,0.19144602851323828,-0.031568228105906315,3.5896164361079532,2.608445359309436,1,,,,,,,,,435100,001,2025-07-15_10h27.01.014,Continuous_Psychophysics,2022.2.5,None,
1,0,1,0,,,,,,,,,,,12.759413957595825,0.18737270875763748,-0.031568228105906315,3.271862829318037,2.9350661226407753,1,,,,,,,,,435100,001,2025-07-15_10h27.01.014,Continuous_Psychophysics,2022.2.5,None,
1,0,1,0,,,,,,,,,,,12.76413106918335,0.18533604887983707,-0.03054989816700611,2.908500311657499,3.158970172273435,1,,,,,,,,,435100,001,2025-07-15_10h27.01.014,Continuous_Psychophysics,2022.2.5,None,
1,0,1,0,,,,,,,,,,,12.776067972183228,0.18228105906313646,-0.029531568228105907,3.288640799530741,3.148924808625954,1,,,,,,,,,435100,001,2025-07-15_10h27.01.014,Continuous_Psychophysics,2022.2.5,None,
1,0,1,0,,,,,,,,,,,12.780549764633179,0.17922606924643583,-0.028513238289205704,2.86767996522677,2.909889956153238,1,,,,,,,,,435100,001,2025-07-15_10h27.01.014,Continuous_Psychophysics,2022.2.5,None,
1,0,1,0,,,,,,,,,,,12.793455123901367,0.17515274949083504,-0.0274949083503055,2.7750268979543264,2.8717980982605913,1,,,,,,,,,435100,001,2025-07-15_10h27.01.014,Continuous_Psychophysics,2022.2.5,None,
1,0,1,0,,,,,,,,,,,12.798145055770874,0.1680244399185336,-0.024439918533604887,3.180174070281107,2.621848997283696,1,,,,,,,,,435100,001,2025-07-15_10h27.01.014,Continuous_Psychophysics,2022.2.5,None,
1,0,1,0,,,,,,,,,,,12.802512884140015,0.1680244399185336,-0.024439918533604887,2.9967724156777154,2.4303695554038014,1,,,,,,,,,435100,001,2025-07-15_10h27.01.014,Continuous_Psychophysics,2022.2.5,None,
1,0,1,0,,,,,,,,,,,12.814854860305786,0.15784114052953158,-0.019348268839103868,2.940651442508278,2.445351921111357,1,,,,,,,,,435100,001,2025-07-15_10h27.01.014,Continuous_Psychophysics,2022.2.5,None,
1,0,1,0,,,,,,,,,,,12.819009065628052,0.15784114052953158,-0.019348268839103868,3.1826265964553557,3.150693509886803,1,,,,,,,,,435100,001,2025-07-15_10h27.01.014,Continuous_Psychophysics,2022.2.5,None,
1,0,1,0,,,,,,,,,,,12.832257986068726,0.14562118126272913,-0.015274949083503055,3.642301347498539,3.595660462354623,1,,,,,,,,,435100,001,2025-07-15_10h27.01.014,Continuous_Psychophysics,2022.2.5,None,
1,0,1,0,,,,,,,,,,,12.836851835250854,0.14358452138492872,-0.014256619144602852,3.973537127063425,3.527215625003052,1,,,,,,,,,435100,001,2025-07-15_10h27.01.014,Continuous_Psychophysics,2022.2.5,None,
1,0,1,0,,,,,,,,,,,12.849306106567383,0.1395112016293279,-0.013238289205702648,4.029228626841611,3.4272559378184746,1,,,,,,,,,435100,001,2025-07-15_10h27.01.014,Continuous_Psychophysics,2022.2.5,None,
1,0,1,0,,,,,,,,,,,12.853163957595825,0.1364562118126273,-0.01120162932790224,3.953232243759134,2.8974497646466952,1,,,,,,,,,435100,001,2025-07-15_10h27.01.014,Continuous_Psychophysics,2022.2.5,None,
1,0,1,0,,,,,,,,,,,12.866293907165527,0.1354378818737271,-0.01120162932790224,3.761991661439008,2.595199666145173,1,,,,,,,,,435100,001,2025-07-15_10h27.01.014,Continuous_Psychophysics,2022.2.5,None,
1,0,1,0,,,,,,,,,,,12.869509935379028,0.1334012219959267,-0.010183299389002037,3.8319536605083058,2.5648918782861094,1,,,,,,,,,435100,001,2025-07-15_10h27.01.014,Continuous_Psychophysics,2022.2.5,None,
1,0,1,0,,,,,,,,,,,12.883595943450928,0.13238289205702647,-0.009164969450101833,4.398527702417318,2.6313631153402333,1,,,,,,,,,435100,001,2025-07-15_10h27.01.014,Continuous_Psychophysics,2022.2.5,None,
1,0,1,0,,,,,,,,,,,12.888589143753052,0.13238289205702647,-0.008146639511201629,4.186166174683116,2.9347879757296034,1,,,,,,,,,435100,001,2025-07-15_10h27.01.014,Continuous_Psychophysics,2022.2.5,None,
1,0,1,0,,,,,,,,,,,12.900897979736328,0.13238289205702647,-0.0050916496945010185,4.023555815793487,2.5068446924540475,1,,,,,,,,,435100,001,2025-07-15_10h27.01.014,Continuous_Psychophysics,2022.2.5,None,
1,0,1,0,,,,,,,,,,,12.90605902671814,0.13238289205702647,-0.0010183299389002036,3.8193199920556875,2.0599510065354876,1,,,,,,,,,435100,001,2025-07-15_10h27.01.014,Continuous_Psychophysics,2022.2.5,None,
1,0,1,0,,,,,,,,,,,12.917651891708374,0.1334012219959267,0.0050916496945010185,3.2216571513781043,1.962027969699634,1,,,,,,,,,435100,001,2025-07-15_10h27.01.014,Continuous_Psychophysics,2022.2.5,None,
1,0,1,0,,,,,,,,,,,12.92251706123352,0.13747454175152748,0.012219959266802444,3.8096431154250125,1.3910986533069485,1,,,,,,,,,435100,001,2025-07-15_10h27.01.014,Continuous_Psychophysics,2022.2.5,None,
1,0,1,0,,,,,,,,,,,12.935117959976196,0.1415478615071283,0.020366598778004074,3.432796726178356,1.446464092255283,1,,,,,,,,,435100,001,2025-07-15_10h27.01.014,Continuous_Psychophysics,2022.2.5,None,
1,0,1,0,,,,,,,,,,,12.940037965774536,0.14562118126272913,0.03054989816700611,4.102992658396937,1.0799154297674503,1,,,,,,,,,435100,001,2025-07-15_10h27.01.014,Continuous_Psychophysics,2022.2.5,None,
1,0,1,0,,,,,,,,,,,12.944794178009033,0.14663951120162932,0.035641547861507125,4.383663176187096,1.382671783854269,1,,,,,,,,,435100,001,2025-07-15_10h27.01.014,Continuous_Psychophysics,2022.2.5,None,
1,0,1,0,,,,,,,,,,,12.956858158111572,0.14969450101832993,0.04480651731160896,4.311470525016161,1.388944713897458,1,,,,,,,,,435100,001,2025-07-15_10h27.01.014,Continuous_Psychophysics,2022.2.5,None,
1,0,1,0,,,,,,,,,,,12.961671829223633,0.15071283095723015,0.05295315682281059,4.345707915616994,1.394615086544019,1,,,,,,,,,435100,001,2025-07-15_10h27.01.014,Continuous_Psychophysics,2022.2.5,None,
1,0,1,0,,,,,,,,,,,12.97406792640686,0.15173116089613034,0.07433808553971487,4.1107475424692606,1.5277246336486763,1,,,,,,,,,435100,001,2025-07-15_10h27.01.014,Continuous_Psychophysics,2022.2.5,None,
1,0,1,0,,,,,,,,,,,12.977403163909912,0.15173116089613034,0.07433808553971487,3.290523042824149,0.7515827768897511,1,,,,,,,,,435100,001,2025-07-15_10h27.01.014,Continuous_Psychophysics,2022.2.5,None,
1,0,1,0,,,,,,,,,,,12.991120100021362,0.14765784114052954,0.0824847250509165,2.739248771758571,1.232165494350045,1,,,,,,,,,435100,001,2025-07-15_10h27.01.014,Continuous_Psychophysics,2022.2.5,None,
1,0,1,0,,,,,,,,,,,12.995331048965454,0.14765784114052954,0.0824847250509165,2.821118526362244,1.4097978873527424,1,,,,,,,,,435100,001,2025-07-15_10h27.01.014,Continuous_Psychophysics,2022.2.5,None,
1,0,1,0,,,,,,,,,,,13.008328914642334,0.1364562118126273,0.09164969450101833,2.853557220178866,0.14143404034544593,1,,,,,,,,,435100,001,2025-07-15_10h27.01.014,Continuous_Psychophysics,2022.2.5,None,
1,0,1,0,,,,,,,,,,,13.012155771255493,0.1364562118126273,0.09164969450101833,2.7002260261754856,0.4454788844363086,1,,,,,,,,,435100,001,2025-07-15_10h27.01.014,Continuous_Psychophysics,2022.2.5,None,
1,0,1,0,,,,,,,,,,,13.02574896812439,0.12830957230142567,0.09470468431771895,2.5382245565474557,0.5191299722553661,1,,,,,,,,,435100,001,2025-07-15_10h27.01.014,Continuous_Psychophysics,2022.2.5,None,
1,0,1,0,,,,,,,,,,,13.030338048934937,0.12525458248472504,0.09572301425661914,2.846978056414181,0.39711268046101433,1,,,,,,,,,435100,001,2025-07-15_10h27.01.014,Continuous_Psychophysics,2022.2.5,None,
1,0,1,0,,,,,,,,,,,13.043015956878662,0.12219959266802444,0.09674134419551934,2.7657405438263902,0.15342159499142946,1,,,,,,,,,435100,001,2025-07-15_10h27.01.014,Continuous_Psychophysics,2022.2.5,None,
1,0,1,0,,,,,,,,,,,13.047727108001709,0.12016293279022404,0.09775967413441955,2.9536691516904727,0.44655875922145305,1,,,,,,,,,435100,001,2025-07-15_10h27.01.014,Continuous_Psychophysics,2022.2.5,None,
1,0,1,0,,,,,,,,,,,13.06008791923523,0.11914460285132383,0.09775967413441955,3.769674486034347,0.030775733986939113,1,,,,,,,,,435100,001,2025-07-15_10h27.01.014,Continuous_Psychophysics,2022.2.5,None,
1,0,1,0,,,,,,,,,,,13.064787864685059,0.11812627291242363,0.09775967413441955,3.6580790277398996,0.2474713589468316,1,,,,,,,,,435100,001,2025-07-15_10h27.01.014,Continuous_Psychophysics,2022.2.5,None,
1,0,1,0,,,,,,,,,,,13.069368124008179,0.11812627291242363,0.09775967413441955,3.74543100198761,0.838602240405395,1,,,,,,,,,435100,001,2025-07-15_10h27.01.014,Continuous_Psychophysics,2022.2.5,None,
1,0,1,0,,,,,,,,,,,13.081563949584961,0.11812627291242363,0.09775967413441955,3.8924483986112084,1.0510723093797198,1,,,,,,,,,435100,001,2025-07-15_10h27.01.014,Continuous_Psychophysics,2022.2.5,None,
1,0,1,0,,,,,,,,,,,13.08590579032898,0.11812627291242363,0.09775967413441955,3.418260517045981,1.0393849489861113,1,,,,,,,,,435100,001,2025-07-15_10h27.01.014,Continuous_Psychophysics,2022.2.5,None,
1,0,1,0,,,,,,,,,,,13.098891973495483,0.12423625254582485,0.09775967413441955,3.316165863868008,1.1181502651814057,1,,,,,,,,,435100,001,2025-07-15_10h27.01.014,Continuous_Psychophysics,2022.2.5,None,
1,0,1,0,,,,,,,,,,,13.10299801826477,0.12423625254582485,0.09775967413441955,3.4137061601364542,1.0565090608643324,1,,,,,,,,,435100,001,2025-07-15_10h27.01.014,Continuous_Psychophysics,2022.2.5,None,
1,0,1,0,,,,,,,,,,,13.115948915481567,0.13441955193482688,0.09470468431771895,3.7025248557981807,1.3132882175621807,1,,,,,,,,,435100,001,2025-07-15_10h27.01.014,Continuous_Psychophysics,2022.2.5,None,
1,0,1,0,,,,,,,,,,,13.118940830230713,0.13441955193482688,0.09470468431771895,3.530170891439188,1.1926668612089384,1,,,,,,,,,435100,001,2025-07-15_10h27.01.014,Continuous_Psychophysics,2022.2.5,None,
1,0,1,0,,,,,,,,,,,13.133210182189941,0.14765784114052954,0.08961303462321792,3.3322552910401617,1.1167750040225237,1,,,,,,,,,435100,001,2025-07-15_10h27.01.014,Continuous_Psychophysics,2022.2.5,None,
1,0,1,0,,,,,,,,,,,13.13642692565918,0.15376782077393075,0.0845213849287169,3.97922530538077,0.8936370616005945,1,,,,,,,,,435100,001,2025-07-15_10h27.01.014,Continuous_Psychophysics,2022.2.5,None,
1,0,1,0,,,,,,,,,,,13.150835990905762,0.15885947046843177,0.07942973523421588,4.619274777238447,0.7913261456347178,1,,,,,,,,,435100,001,2025-07-15_10h27.01.014,Continuous_Psychophysics,2022.2.5,None,
1,0,1,0,,,,,,,,,,,13.156023025512695,0.164969450101833,0.07331975560081466,4.667823807174972,0.5854319381242823,1,,,,,,,,,435100,001,2025-07-15_10h27.01.014,Continuous_Psychophysics,2022.2.5,None,
1,0,1,0,,,,,,,,,,,13.167450189590454,0.17006109979633402,0.06517311608961303,4.725742908010285,0.6097321290424025,1,,,,,,,,,435100,001,2025-07-15_10h27.01.014,Continuous_Psychophysics,2022.2.5,None,
1,0,1,0,,,,,,,,,,,13.171964883804321,0.1710794297352342,0.06109979633401222,4.459303442185454,0.049933610225406544,1,,,,,,,,,435100,001,2025-07-15_10h27.01.014,Continuous_Psychophysics,2022.2.5,None,
1,0,1,0,,,,,,,,,,,13.184741973876953,0.17413441955193482,0.054989816700611,4.636444591162483,0.06287723863220893,1,,,,,,,,,435100,001,2025-07-15_10h27.01.014,Continuous_Psychophysics,2022.2.5,None,
1,0,1,0,,,,,,,,,,,13.189249992370605,0.17413441955193482,0.04786150712830957,4.626418939860367,-0.2715175735127351,1,,,,,,,,,435100,001,2025-07-15_10h27.01.014,Continuous_Psychophysics,2022.2.5,None,
1,0,1,0,,,,,,,,,,,13.202162981033325,0.17515274949083504,0.035641547861507125,4.3187960846923135,-0.27889501498161384,1,,,,,,,,,435100,001,2025-07-15_10h27.01.014,Continuous_Psychophysics,2022.2.5,None,
1,0,1,0,,,,,,,,,,,13.206315994262695,0.17515274949083504,0.035641547861507125,4.0334888388424615,-0.334520948874535,1,,,,,,,,,435100,001,2025-07-15_10h27.01.014,Continuous_Psychophysics,2022.2.5,None,
1,0,1,0,,,,,,,,,,,13.211089849472046,0.17515274949083504,0.029531568228105907,3.8134744729129237,-0.7511561384596875,1,,,,,,,,,435100,001,2025-07-15_10h27.01.014,Continuous_Psychophysics,2022.2.5,None,
1,0,1,0,,,,,,,,,,,13.223346948623657,0.17413441955193482,0.026476578411405296,3.593109372975584,-0.503615268622247,1,,,,,,,,,435100,001,2025-07-15_10h27.01.014,Continuous_Psychophysics,2022.2.5,None,
1,0,1,0,,,,,,,,,,,13.227880954742432,0.17209775967413443,0.023421588594704685,3.593380425906581,-0.3258910057144788,1,,,,,,,,,435100,001,2025-07-15_10h27.01.014,Continuous_Psychophysics,2022.2.5,None,
1,0,1,0,,,,,,,,,,,13.240549087524414,0.17006109979633402,0.017311608961303463,3.3289616017877535,-0.2172402763190011,1,,,,,,,,,435100,001,2025-07-15_10h27.01.014,Continuous_Psychophysics,2022.2.5,None,
1,0,1,0,,,,,,,,,,,13.243924856185913,0.17006109979633402,0.017311608961303463,4.220800331852396,-0.4690783365336525,1,,,,,,,,,435100,001,2025-07-15_10h27.01.014,Continuous_Psychophysics,2022.2.5,None,
1,0,1,0,,,,,,,,,,,13.257560968399048,0.1690427698574338,0.014256619144602852,4.484336523224718,-0.5133743924602967,1,,,,,,,,,435100,001,2025-07-15_10h27.01.014,Continuous_Psychophysics,2022.2.5,None,
1,0,1,0,,,,,,,,,,,13.260677814483643,0.1690427698574338,0.014256619144602852,4.551125942668204,-0.7993976503292473,1,,,,,,,,,435100,001,2025-07-15_10h27.01.014,Continuous_Psychophysics,2022.2.5,None,
1,0,1,0,,,,,,,,,,,13.274800062179565,0.1680244399185336,0.009164969450101833,4.402964963840154,-0.4186204706846173,1,,,,,,,,,435100,001,2025-07-15_10h27.01.014,Continuous_Psychophysics,2022.2.5,None,
1,0,1,0,,,,,,,,,,,13.27739691734314,0.1680244399185336,0.009164969450101833,3.9631858236119655,-0.42069248621935884,1,,,,,,,,,435100,001,2025-07-15_10h27.01.014,Continuous_Psychophysics,2022.2.5,None,
1,0,1,0,,,,,,,,,,,13.292817831039429,0.1680244399185336,0.006109979633401222,3.9915107242830405,-0.2641372654933309,1,,,,,,,,,435100,001,2025-07-15_10h27.01.014,Continuous_Psychophysics,2022.2.5,None,
1,0,1,0,,,,,,,,,,,13.297610998153687,0.1690427698574338,0.006109979633401222,3.8433759035587665,-0.5676123133450173,1,,,,,,,,,435100,001,2025-07-15_10h27.01.014,Continuous_Psychophysics,2022.2.5,None,
1,0,1,0,,,,,,,,,,,13.30964708328247,0.17006109979633402,0.0050916496945010185,3.7354410633728,-0.5292347039028273,1,,,,,,,,,435100,001,2025-07-15_10h27.01.014,Continuous_Psychophysics,2022.2.5,None,
1,0,1,0,,,,,,,,,,,13.314177989959717,0.17006109979633402,0.004073319755600814,3.492978454360048,-0.7841155279635886,1,,,,,,,,,435100,001,2025-07-15_10h27.01.014,Continuous_Psychophysics,2022.2.5,None,
1,0,1,0,,,,,,,,,,,13.326712131500244,0.1710794297352342,0.003054989816700611,3.5658487596197723,-0.9876694654344902,1,,,,,,,,,435100,001,2025-07-15_10h27.01.014,Continuous_Psychophysics,2022.2.5,None,
1,0,1,0,,,,,,,,,,,13.33126711845398,0.1710794297352342,0.003054989816700611,3.8452506622640374,-1.431749320255473,1,,,,,,,,,435100,001,2025-07-15_10h27.01.014,Continuous_Psychophysics,2022.2.5,None,
1,0,1,0,,,,,,,,,,,13.335767030715942,0.1710794297352342,0.003054989816700611,3.732527743467505,-1.4901357899875185,1,,,,,,,,,435100,001,2025-07-15_10h27.01.014,Continuous_Psychophysics,2022.2.5,None,
1,0,1,0,,,,,,,,,,,13.347935914993286,0.1710794297352342,0.002036659877800407,3.806534063937752,-1.5416538199962744,1,,,,,,,,,435100,001,2025-07-15_10h27.01.014,Continuous_Psychophysics,2022.2.5,None,
1,0,1,0,,,,,,,,,,,13.35237979888916,0.1710794297352342,0.002036659877800407,3.19060911861735,-1.7192175269606325,1,,,,,,,,,435100,001,2025-07-15_10h27.01.014,Continuous_Psychophysics,2022.2.5,None,
1,0,1,0,,,,,,,,,,,13.36484980583191,0.1710794297352342,0.002036659877800407,3.339960755811747,-1.7296342050800497,1,,,,,,,,,435100,001,2025-07-15_10h27.01.014,Continuous_Psychophysics,2022.2.5,None,
1,0,1,0,,,,,,,,,,,13.369327068328857,0.1710794297352342,0.002036659877800407,3.3111648888238894,-1.8958992824595742,1,,,,,,,,,435100,001,2025-07-15_10h27.01.014,Continuous_Psychophysics,2022.2.5,None,
1,0,1,0,,,,,,,,,,,13.382221937179565,0.17006109979633402,0.003054989816700611,3.144597618718019,-1.6460417981516648,1,,,,,,,,,435100,001,2025-07-15_10h27.01.014,Continuous_Psychophysics,2022.2.5,None,
1,0,1,0,,,,,,,,,,,13.38570499420166,0.17006109979633402,0.003054989816700611,3.135417662903696,-2.0150926962280002,1,,,,,,,,,435100,001,2025-07-15_10h27.01.014,Continuous_Psychophysics,2022.2.5,None,
1,0,1,0,,,,,,,,,,,13.399188041687012,0.1670061099796334,0.004073319755600814,3.2014475618441978,-1.6966288295385321,1,,,,,,,,,435100,001,2025-07-15_10h27.01.014,Continuous_Psychophysics,2022.2.5,None,
1,0,1,0,,,,,,,,,,,13.402981758117676,0.1659877800407332,0.004073319755600814,3.5210936494557123,-1.6067018793648886,1,,,,,,,,,435100,001,2025-07-15_10h27.01.014,Continuous_Psychophysics,2022.2.5,None,
1,0,1,0,,,,,,,,,,,13.416304111480713,0.16395112016293278,0.004073319755600814,3.7496664474941737,-1.0690635241736932,1,,,,,,,,,435100,001,2025-07-15_10h27.01.014,Continuous_Psychophysics,2022.2.5,None,
1,0,1,0,,,,,,,,,,,13.419466972351074,0.16191446028513237,0.004073319755600814,3.9004413027990448,-0.6079165044778653,1,,,,,,,,,435100,001,2025-07-15_10h27.01.014,Continuous_Psychophysics,2022.2.5,None,
1,0,1,0,,,,,,,,,,,13.433398008346558,0.16089613034623218,0.004073319755600814,4.412842501708233,-1.0535678882965371,1,,,,,,,,,435100,001,2025-07-15_10h27.01.014,Continuous_Psychophysics,2022.2.5,None,
1,0,1,0,,,,,,,,,,,13.437551021575928,0.159877800407332,0.004073319755600814,4.42693599502523,-1.1075324535398792,1,,,,,,,,,435100,001,2025-07-15_10h27.01.014,Continuous_Psychophysics,2022.2.5,None,
1,0,1,0,,,,,,,,,,,13.450683832168579,0.15784114052953158,0.002036659877800407,4.645188924714722,-0.8631556339079396,1,,,,,,,,,435100,001,2025-07-15_10h27.01.014,Continuous_Psychophysics,2022.2.5,None,
1,0,1,0,,,,,,,,,,,13.454981088638306,0.15682281059063136,0.0010183299389002036,3.9817400634200744,-1.2907658584800863,1,,,,,,,,,435100,001,2025-07-15_10h27.01.014,Continuous_Psychophysics,2022.2.5,None,
1,0,1,0,,,,,,,,,,,13.467725992202759,0.15580448065173116,0.0,3.9578118445987363,-1.0473428902158208,1,,,,,,,,,435100,001,2025-07-15_10h27.01.014,Continuous_Psychophysics,2022.2.5,None,
1,0,1,0,,,,,,,,,,,13.4722900390625,0.15478615071283094,-0.0010183299389002036,4.429337413163604,-1.410470525288166,1,,,,,,,,,435100,001,2025-07-15_10h27.01.014,Continuous_Psychophysics,2022.2.5,None,
1,0,1,0,,,,,,,,,,,13.485020875930786,0.15478615071283094,-0.002036659877800407,4.1480079251296305,-1.5183232216447842,1,,,,,,,,,435100,001,2025-07-15_10h27.01.014,Continuous_Psychophysics,2022.2.5,None,
1,0,1,0,,,,,,,,,,,13.489305019378662,0.15478615071283094,-0.002036659877800407,3.783241809936384,-1.2094350597157284,1,,,,,,,,,435100,001,2025-07-15_10h27.01.014,Continuous_Psychophysics,2022.2.5,None,
1,0,1,0,,,,,,,,,,,13.502443075180054,0.15478615071283094,-0.003054989816700611,3.738342477867575,-1.445242611901904,1,,,,,,,,,435100,001,2025-07-15_10h27.01.014,Continuous_Psychophysics,2022.2.5,None,
1,0,1,0,,,,,,,,,,,13.506911993026733,0.15478615071283094,-0.003054989816700611,3.4479709095762794,-1.4297687873981697,1,,,,,,,,,435100,001,2025-07-15_10h27.01.014,Continuous_Psychophysics,2022.2.5,None,
1,0,1,0,,,,,,,,,,,13.511950969696045,0.15478615071283094,-0.004073319755600814,4.015793565542802,-1.8853983027667118,1,,,,,,,,,435100,001,2025-07-15_10h27.01.014,Continuous_Psychophysics,2022.2.5,None,
1,0,1,0,,,,,,,,,,,13.524089097976685,0.15885947046843177,-0.008146639511201629,4.167013793962047,-1.830033744557966,1,,,,,,,,,435100,001,2025-07-15_10h27.01.014,Continuous_Psychophysics,2022.2.5,None,
1,0,1,0,,,,,,,,,,,13.527814865112305,0.15885947046843177,-0.008146639511201629,4.457756582787908,-2.079696980524994,1,,,,,,,,,435100,001,2025-07-15_10h27.01.014,Continuous_Psychophysics,2022.2.5,None,
1,0,1,0,,,,,,,,,,,13.54126787185669,0.164969450101833,-0.018329938900203666,4.78543484150353,-2.0669607246562185,1,,,,,,,,,435100,001,2025-07-15_10h27.01.014,Continuous_Psychophysics,2022.2.5,None,
1,0,1,0,,,,,,,,,,,13.544347763061523,0.164969450101833,-0.018329938900203666,4.201189084957694,-2.432566587669449,1,,,,,,,,,435100,001,2025-07-15_10h27.01.014,Continuous_Psychophysics,2022.2.5,None,
1,0,1,0,,,,,,,,,,,13.558557987213135,0.1680244399185336,-0.03054989816700611,4.329852793685578,-2.3416116324326097,1,,,,,,,,,435100,001,2025-07-15_10h27.01.014,Continuous_Psychophysics,2022.2.5,None,
1,0,1,0,,,,,,,,,,,13.562793016433716,0.1680244399185336,-0.03054989816700611,3.8804002958841584,-2.583229015034092,1,,,,,,,,,435100,001,2025-07-15_10h27.01.014,Continuous_Psychophysics,2022.2.5,None,
1,0,1,0,,,,,,,,,,,13.575416088104248,0.1710794297352342,-0.045824847250509164,3.862650869135915,-1.8922983671184803,1,,,,,,,,,435100,001,2025-07-15_10h27.01.014,Continuous_Psychophysics,2022.2.5,None,
1,0,1,0,,,,,,,,,,,13.579911947250366,0.1710794297352342,-0.0539714867617108,3.7615562541295837,-1.505722088977883,1,,,,,,,,,435100,001,2025-07-15_10h27.01.014,Continuous_Psychophysics,2022.2.5,None,
1,0,1,0,,,,,,,,,,,13.592921018600464,0.1710794297352342,-0.06109979633401222,3.9314166231136527,-1.5115566424378415,1,,,,,,,,,435100,001,2025-07-15_10h27.01.014,Continuous_Psychophysics,2022.2.5,None,
1,0,1,0,,,,,,,,,,,13.597575902938843,0.1710794297352342,-0.06822810590631365,3.8244927167551332,-1.6143358272043737,1,,,,,,,,,435100,001,2025-07-15_10h27.01.014,Continuous_Psychophysics,2022.2.5,None,
1,0,1,0,,,,,,,,,,,13.602159023284912,0.1710794297352342,-0.06822810590631365,4.1569159619563845,-1.6802569570426409,1,,,,,,,,,435100,001,2025-07-15_10h27.01.014,Continuous_Psychophysics,2022.2.5,None,
1,0,1,0,,,,,,,,,,,13.614365816116333,0.17006109979633402,-0.08044806517311609,3.8977466933697933,-1.5240918355675568,1,,,,,,,,,435100,001,2025-07-15_10h27.01.014,Continuous_Psychophysics,2022.2.5,None,
1,0,1,0,,,,,,,,,,,13.618939876556396,0.17006109979633402,-0.08044806517311609,3.5818215780702625,-1.6036546633952506,1,,,,,,,,,435100,001,2025-07-15_10h27.01.014,Continuous_Psychophysics,2022.2.5,None,
1,0,1,0,,,,,,,,,,,13.63184404373169,0.1670061099796334,-0.08655804480651731,3.7301540496316656,-1.8759722836658292,1,,,,,,,,,435100,001,2025-07-15_10h27.01.014,Continuous_Psychophysics,2022.2.5,None,
1,0,1,0,,,,,,,,,,,13.636133193969727,0.164969450101833,-0.08961303462321792,3.953985519499637,-1.5058461810386363,1,,,,,,,,,435100,001,2025-07-15_10h27.01.014,Continuous_Psychophysics,2022.2.5,None,
1,0,1,0,,,,,,,,,,,13.649035930633545,0.16395112016293278,-0.09164969450101833,3.9409273291978764,-0.9759842328199437,1,,,,,,,,,435100,001,2025-07-15_10h27.01.014,Continuous_Psychophysics,2022.2.5,None,
1,0,1,0,,,,,,,,,,,13.652854919433594,0.16395112016293278,-0.09266802443991853,4.074587390581476,-0.7109717939224945,1,,,,,,,,,435100,001,2025-07-15_10h27.01.014,Continuous_Psychophysics,2022.2.5,None,
1,0,1,0,,,,,,,,,,,13.66612982749939,0.1629327902240326,-0.09266802443991853,3.897122814171569,-0.3792008498330371,1,,,,,,,,,435100,001,2025-07-15_10h27.01.014,Continuous_Psychophysics,2022.2.5,None,
1,0,1,0,,,,,,,,,,,13.670926094055176,0.1629327902240326,-0.09266802443991853,3.5470677306561447,-0.419407222230606,1,,,,,,,,,435100,001,2025-07-15_10h27.01.014,Continuous_Psychophysics,2022.2.5,None,
1,0,1,0,,,,,,,,,,,13.683698892593384,0.1629327902240326,-0.09368635437881874,3.739829848697514,-0.27499151870088867,1,,,,,,,,,435100,001,2025-07-15_10h27.01.014,Continuous_Psychophysics,2022.2.5,None,
1,0,1,0,,,,,,,,,,,13.68843388557434,0.1629327902240326,-0.09368635437881874,3.8989506799350644,-0.09575530030039656,1,,,,,,,,,435100,001,2025-07-15_10h27.01.014,Continuous_Psychophysics,2022.2.5,None,
1,0,1,0,,,,,,,,,,,13.70035195350647,0.1629327902240326,-0.09368635437881874,4.065649150897229,-0.4723332183140613,1,,,,,,,,,435100,001,2025-07-15_10h27.01.014,Continuous_Psychophysics,2022.2.5,None,
1,0,1,0,,,,,,,,,,,13.705096960067749,0.1629327902240326,-0.09266802443991853,3.8485341221693457,-0.17301672272143725,1,,,,,,,,,435100,001,2025-07-15_10h27.01.014,Continuous_Psychophysics,2022.2.5,None,
1,0,1,0,,,,,,,,,,,13.71754503250122,0.1629327902240326,-0.09164969450101833,3.481542485404786,0.09381353061779324,1,,,,,,,,,435100,001,2025-07-15_10h27.01.014,Continuous_Psychophysics,2022.2.5,None,
1,0,1,0,,,,,,,,,,,13.722409963607788,0.16395112016293278,-0.09063136456211812,3.9481568476565547,-0.21912984739327918,1,,,,,,,,,435100,001,2025-07-15_10h27.01.014,Continuous_Psychophysics,2022.2.5,None,
1,0,1,0,,,,,,,,,,,13.734862089157104,0.1659877800407332,-0.08961303462321792,3.7199058221339563,-0.5780697442118139,1,,,,,,,,,435100,001,2025-07-15_10h27.01.014,Continuous_Psychophysics,2022.2.5,None,
1,0,1,0,,,,,,,,,,,13.739696025848389,0.1659877800407332,-0.08961303462321792,3.9274545966119065,-0.5233031299008509,1,,,,,,,,,435100,001,2025-07-15_10h27.01.014,Continuous_Psychophysics,2022.2.5,None,
1,0,1,0,,,,,,,,,,,13.744224071502686,0.1659877800407332,-0.08859470468431772,3.8644297395804696,-0.011813196894267963,1,,,,,,,,,435100,001,2025-07-15_10h27.01.014,Continuous_Psychophysics,2022.2.5,None,
1,0,1,0,,,,,,,,,,,13.756688833236694,0.1670061099796334,-0.08859470468431772,4.064421093024696,0.3455968908186658,1,,,,,,,,,435100,001,2025-07-15_10h27.01.014,Continuous_Psychophysics,2022.2.5,None,
1,0,1,0,,,,,,,,,,,13.760896921157837,0.1680244399185336,-0.08859470468431772,4.142963736830432,0.5035182090189015,1,,,,,,,,,435100,001,2025-07-15_10h27.01.014,Continuous_Psychophysics,2022.2.5,None,
1,0,1,0,,,,,,,,,,,13.773607969284058,0.1690427698574338,-0.09063136456211812,3.912703280566583,0.5632098593644721,1,,,,,,,,,435100,001,2025-07-15_10h27.01.014,Continuous_Psychophysics,2022.2.5,None,
1,0,1,0,,,,,,,,,,,13.777244806289673,0.1690427698574338,-0.09063136456211812,4.190011987075031,0.6875447884500965,1,,,,,,,,,435100,001,2025-07-15_10h27.01.014,Continuous_Psychophysics,2022.2.5,None,
1,0,1,0,,,,,,,,,,,13.790825843811035,0.1690427698574338,-0.09368635437881874,3.990432534642648,1.1660709891227348,1,,,,,,,,,435100,001,2025-07-15_10h27.01.014,Continuous_Psychophysics,2022.2.5,None,
1,0,1,0,,,,,,,,,,,13.795166015625,0.1690427698574338,-0.09368635437881874,3.9302529043340964,1.1769504113860834,1,,,,,,,,,435100,001,2025-07-15_10h27.01.014,Continuous_Psychophysics,2022.2.5,None,
1,0,1,0,,,,,,,,,,,13.807984113693237,0.1690427698574338,-0.09674134419551934,4.125577655632677,1.0756423594916709,1,,,,,,,,,435100,001,2025-07-15_10h27.01.014,Continuous_Psychophysics,2022.2.5,None,
1,0,1,0,,,,,,,,,,,13.812530994415283,0.1690427698574338,-0.09674134419551934,4.143207684511255,1.2163944374224576,1,,,,,,,,,435100,001,2025-07-15_10h27.01.014,Continuous_Psychophysics,2022.2.5,None,
1,0,1,0,,,,,,,,,,,13.82521104812622,0.1690427698574338,-0.09877800407331976,4.011992732500699,1.3450532843185157,1,,,,,,,,,435100,001,2025-07-15_10h27.01.014,Continuous_Psychophysics,2022.2.5,None,
1,0,1,0,,,,,,,,,,,13.82976508140564,0.1690427698574338,-0.09877800407331976,4.004073236266071,1.6123021206093746,1,,,,,,,,,435100,001,2025-07-15_10h27.01.014,Continuous_Psychophysics,2022.2.5,None,
1,0,1,0,,,,,,,,,,,13.842749834060669,0.1670061099796334,-0.09979633401221996,3.511180585863627,0.8579331440059664,1,,,,,,,,,435100,001,2025-07-15_10h27.01.014,Continuous_Psychophysics,2022.2.5,None,
1,0,1,0,,,,,,,,,,,13.847753047943115,0.1659877800407332,-0.10081466395112017,3.2988027114408958,0.9033584873302896,1,,,,,,,,,435100,001,2025-07-15_10h27.01.014,Continuous_Psychophysics,2022.2.5,None,
1,0,1,0,,,,,,,,,,,13.852275848388672,0.1659877800407332,-0.10081466395112017,3.7728955883793294,1.0647143336951452,1,,,,,,,,,435100,001,2025-07-15_10h27.01.014,Continuous_Psychophysics,2022.2.5,None,
1,0,1,0,,,,,,,,,,,13.864423990249634,0.1629327902240326,-0.10081466395112017,3.988365646522735,1.4628379560855307,1,,,,,,,,,435100,001,2025-07-15_10h27.01.014,Continuous_Psychophysics,2022.2.5,None,
1,0,1,0,,,,,,,,,,,13.86908483505249,0.1629327902240326,-0.10081466395112017,4.222111653719677,1.7924524546372729,1,,,,,,,,,435100,001,2025-07-15_10h27.01.014,Continuous_Psychophysics,2022.2.5,None,
1,0,1,0,,,,,,,,,,,13.88148808479309,0.159877800407332,-0.10081466395112017,4.163819976437005,1.5954458505793165,1,,,,,,,,,435100,001,2025-07-15_10h27.01.014,Continuous_Psychophysics,2022.2.5,None,
1,0,1,0,,,,,,,,,,,13.885788917541504,0.159877800407332,-0.10081466395112017,4.283966650183273,0.8493770052072406,1,,,,,,,,,435100,001,2025-07-15_10h27.01.014,Continuous_Psychophysics,2022.2.5,None,
1,0,1,0,,,,,,,,,,,13.898555040359497,0.15682281059063136,-0.10081466395112017,4.32085311803738,1.4241672131784375,1,,,,,,,,,435100,001,2025-07-15_10h27.01.014,Continuous_Psychophysics,2022.2.5,None,
1,0,1,0,,,,,,,,,,,13.902688026428223,0.15682281059063136,-0.10081466395112017,4.608232474174956,2.0097862103109683,1,,,,,,,,,435100,001,2025-07-15_10h27.01.014,Continuous_Psychophysics,2022.2.5,None,
1,0,1,0,,,,,,,,,,,13.915609121322632,0.15376782077393075,-0.09674134419551934,4.436630808737709,2.4128135772792243,1,,,,,,,,,435100,001,2025-07-15_10h27.01.014,Continuous_Psychophysics,2022.2.5,None,
1,0,1,0,,,,,,,,,,,13.920276880264282,0.15274949083503056,-0.09470468431771895,3.8901645267901794,2.674672014830283,1,,,,,,,,,435100,001,2025-07-15_10h27.01.014,Continuous_Psychophysics,2022.2.5,None,
1,0,1,0,,,,,,,,,,,13.932760953903198,0.15173116089613034,-0.09164969450101833,4.033565739766218,2.45816533718632,1,,,,,,,,,435100,001,2025-07-15_10h27.01.014,Continuous_Psychophysics,2022.2.5,None,
1,0,1,0,,,,,,,,,,,13.937093019485474,0.15071283095723015,-0.08757637474541752,4.834766189030044,2.3459587257842136,1,,,,,,,,,435100,001,2025-07-15_10h27.01.014,Continuous_Psychophysics,2022.2.5,None,
1,0,1,0,,,,,,,,,,,13.949603080749512,0.14969450101832993,-0.0835030549898167,4.620730168943146,2.70862665218246,1,,,,,,,,,435100,001,2025-07-15_10h27.01.014,Continuous_Psychophysics,2022.2.5,None,
1,0,1,0,,,,,,,,,,,13.954102039337158,0.14969450101832993,-0.07841140529531568,4.868909272186462,2.524215021336843,1,,,,,,,,,435100,001,2025-07-15_10h27.01.014,Continuous_Psychophysics,2022.2.5,None,
1,0,1,0,,,,,,,,,,,13.96709394454956,0.14867617107942974,-0.07230142566191446,5.025568425995276,2.3709689701683248,1,,,,,,,,,435100,001,2025-07-15_10h27.01.014,Continuous_Psychophysics,2022.2.5,None,
1,0,1,0,,,,,,,,,,,13.971796035766602,0.14867617107942974,-0.06720977596741344,5.128230832114902,2.488696297158501,1,,,,,,,,,435100,001,2025-07-15_10h27.01.014,Continuous_Psychophysics,2022.2.5,None,
1,0,1,0,,,,,,,,,,,13.98391079902649,0.14867617107942974,-0.0560081466395112,5.49680961511905,2.5950853951544257,1,,,,,,,,,435100,001,2025-07-15_10h27.01.014,Continuous_Psychophysics,2022.2.5,None,
1,0,1,0,,,,,,,,,,,13.988569974899292,0.14867617107942974,-0.051934826883910386,5.503497792571097,2.780943730089312,1,,,,,,,,,435100,001,2025-07-15_10h27.01.014,Continuous_Psychophysics,2022.2.5,None,
1,0,1,0,,,,,,,,,,,14.001343965530396,0.14867617107942974,-0.03054989816700611,5.306455771493244,2.4250474664388824,1,,,,,,,,,435100,001,2025-07-15_10h27.01.014,Continuous_Psychophysics,2022.2.5,None,
1,0,1,0,,,,,,,,,,,14.005725860595703,0.14867617107942974,-0.03054989816700611,5.470019115168382,2.4519598638681575,1,,,,,,,,,435100,001,2025-07-15_10h27.01.014,Continuous_Psychophysics,2022.2.5,None,
1,0,1,0,,,,,,,,,,,14.018541097640991,0.14969450101832993,-0.020366598778004074,4.980043137517316,2.5431255694751216,1,,,,,,,,,435100,001,2025-07-15_10h27.01.014,Continuous_Psychophysics,2022.2.5,None,
1,0,1,0,,,,,,,,,,,14.023016929626465,0.14969450101832993,-0.020366598778004074,4.700336647281686,1.9060611356868673,1,,,,,,,,,435100,001,2025-07-15_10h27.01.014,Continuous_Psychophysics,2022.2.5,None,
1,0,1,0,,,,,,,,,,,14.02751111984253,0.15071283095723015,-0.018329938900203666,4.7129554060735055,2.293189591261473,1,,,,,,,,,435100,001,2025-07-15_10h27.01.014,Continuous_Psychophysics,2022.2.5,None,
1,0,1,0,,,,,,,,,,,14.03983998298645,0.15173116089613034,-0.010183299389002037,4.6094197214708075,2.710246864882633,1,,,,,,,,,435100,001,2025-07-15_10h27.01.014,Continuous_Psychophysics,2022.2.5,None,
1,0,1,0,,,,,,,,,,,14.044412851333618,0.15173116089613034,-0.010183299389002037,4.769313774327066,2.783609226405904,1,,,,,,,,,435100,001,2025-07-15_10h27.01.014,Continuous_Psychophysics,2022.2.5,None,
1,0,1,0,,,,,,,,,,,14.056921005249023,0.15274949083503056,-0.0050916496945010185,4.9211755448451635,2.126859131399291,1,,,,,,,,,435100,001,2025-07-15_10h27.01.014,Continuous_Psychophysics,2022.2.5,None,
1,0,1,0,,,,,,,,,,,14.060722827911377,0.15274949083503056,-0.0050916496945010185,4.718149532943944,1.790429182895934,1,,,,,,,,,435100,001,2025-07-15_10h27.01.014,Continuous_Psychophysics,2022.2.5,None,
1,0,1,0,,,,,,,,,,,14.07411503791809,0.15274949083503056,-0.003054989816700611,4.886337017869106,2.177592318094784,1,,,,,,,,,435100,001,2025-07-15_10h27.01.014,Continuous_Psychophysics,2022.2.5,None,
1,0,1,0,,,,,,,,,,,14.078679084777832,0.15274949083503056,-0.003054989816700611,5.323246103998238,2.714812460885973,1,,,,,,,,,435100,001,2025-07-15_10h27.01.014,Continuous_Psychophysics,2022.2.5,None,
1,0,1,0,,,,,,,,,,,14.09154987335205,0.15274949083503056,-0.002036659877800407,5.099643418754017,2.6838410868450433,1,,,,,,,,,435100,001,2025-07-15_10h27.01.014,Continuous_Psychophysics,2022.2.5,None,
1,0,1,0,,,,,,,,,,,14.095808982849121,0.15274949083503056,-0.002036659877800407,4.3673701084568535,2.4166384277326203,1,,,,,,,,,435100,001,2025-07-15_10h27.01.014,Continuous_Psychophysics,2022.2.5,None,
1,0,1,0,,,,,,,,,,,14.10859489440918,0.15376782077393075,0.0,4.359534039534102,2.1708473536128214,1,,,,,,,,,435100,001,2025-07-15_10h27.01.014,Continuous_Psychophysics,2022.2.5,None,
1,0,1,0,,,,,,,,,,,14.1126070022583,0.15376782077393075,0.0,4.160641706361469,1.945286790405649,1,,,,,,,,,435100,001,2025-07-15_10h27.01.014,Continuous_Psychophysics,2022.2.5,None,
1,0,1,0,,,,,,,,,,,14.126105070114136,0.15376782077393075,0.0010183299389002036,4.505820681055942,2.132426291923773,1,,,,,,,,,435100,001,2025-07-15_10h27.01.014,Continuous_Psychophysics,2022.2.5,None,
1,0,1,0,,,,,,,,,,,14.13069486618042,0.15478615071283094,0.002036659877800407,4.723976654606348,2.0576675857875677,1,,,,,,,,,435100,001,2025-07-15_10h27.01.014,Continuous_Psychophysics,2022.2.5,None,
1,0,1,0,,,,,,,,,,,14.143220901489258,0.15580448065173116,0.003054989816700611,4.511542229153377,1.366488414172511,1,,,,,,,,,435100,001,2025-07-15_10h27.01.014,Continuous_Psychophysics,2022.2.5,None,
1,0,1,0,,,,,,,,,,,14.147948026657104,0.15682281059063136,0.004073319755600814,5.018384397865691,1.167398614589407,1,,,,,,,,,435100,001,2025-07-15_10h27.01.014,Continuous_Psychophysics,2022.2.5,None,
1,0,1,0,,,,,,,,,,,14.152406930923462,0.15682281059063136,0.004073319755600814,4.805483756399576,1.6650273849349093,1,,,,,,,,,435100,001,2025-07-15_10h27.01.014,Continuous_Psychophysics,2022.2.5,None,
1,0,1,0,,,,,,,,,,,14.164773941040039,0.15885947046843177,0.006109979633401222,5.14711017778734,1.3961838253999062,1,,,,,,,,,435100,001,2025-07-15_10h27.01.014,Continuous_Psychophysics,2022.2.5,None,
1,0,1,0,,,,,,,,,,,14.169217109680176,0.15885947046843177,0.006109979633401222,5.7865401077637255,0.8146772191818696,1,,,,,,,,,435100,001,2025-07-15_10h27.01.014,Continuous_Psychophysics,2022.2.5,None,
1,0,1,0,,,,,,,,,,,14.181861162185669,0.1629327902240326,0.009164969450101833,5.735689134259304,0.6295483960438861,1,,,,,,,,,435100,001,2025-07-15_10h27.01.014,Continuous_Psychophysics,2022.2.5,None,
1,0,1,0,,,,,,,,,,,14.186059951782227,0.16395112016293278,0.01120162932790224,5.686170877088412,0.5195944251683932,1,,,,,,,,,435100,001,2025-07-15_10h27.01.014,Continuous_Psychophysics,2022.2.5,None,
1,0,1,0,,,,,,,,,,,14.198899030685425,0.1659877800407332,0.014256619144602852,5.759140240390382,0.5580974030143528,1,,,,,,,,,435100,001,2025-07-15_10h27.01.014,Continuous_Psychophysics,2022.2.5,None,
1,0,1,0,,,,,,,,,,,14.203147888183594,0.1670061099796334,0.016293279022403257,5.16524490482114,0.6305425952828937,1,,,,,,,,,435100,001,2025-07-15_10h27.01.014,Continuous_Psychophysics,2022.2.5,None,
1,0,1,0,,,,,,,,,,,14.216108083724976,0.1680244399185336,0.018329938900203666,5.425253886207718,0.4666149919713043,1,,,,,,,,,435100,001,2025-07-15_10h27.01.014,Continuous_Psychophysics,2022.2.5,None,
1,0,1,0,,,,,,,,,,,14.21928596496582,0.17006109979633402,0.021384928716904276,5.0152284580376145,0.0845969092251796,1,,,,,,,,,435100,001,2025-07-15_10h27.01.014,Continuous_Psychophysics,2022.2.5,None,
1,0,1,0,,,,,,,,,,,14.233211040496826,0.1710794297352342,0.023421588594704685,4.2710294975468885,-0.03689967988304674,1,,,,,,,,,435100,001,2025-07-15_10h27.01.014,Continuous_Psychophysics,2022.2.5,None,
1,0,1,0,,,,,,,,,,,14.236577033996582,0.17209775967413443,0.024439918533604887,4.09130452619515,0.058107385391559505,1,,,,,,,,,435100,001,2025-07-15_10h27.01.014,Continuous_Psychophysics,2022.2.5,None,
1,0,1,0,,,,,,,,,,,14.250343799591064,0.17209775967413443,0.025458248472505093,3.842927994958292,-0.10213030567779581,1,,,,,,,,,435100,001,2025-07-15_10h27.01.014,Continuous_Psychophysics,2022.2.5,None,
1,0,1,0,,,,,,,,,,,14.254830121994019,0.17311608961303462,0.026476578411405296,3.5488370895244605,0.3188283706550594,1,,,,,,,,,435100,001,2025-07-15_10h27.01.014,Continuous_Psychophysics,2022.2.5,None,
1,0,1,0,,,,,,,,,,,14.267409801483154,0.17311608961303462,0.026476578411405296,3.9183271484980264,0.0998296958741621,1,,,,,,,,,435100,001,2025-07-15_10h27.01.014,Continuous_Psychophysics,2022.2.5,None,
1,0,1,0,,,,,,,,,,,14.27170991897583,0.17311608961303462,0.026476578411405296,3.9524804889658416,0.09293320420631176,1,,,,,,,,,435100,001,2025-07-15_10h27.01.014,Continuous_Psychophysics,2022.2.5,None,
1,0,1,0,,,,,,,,,,,14.284904956817627,0.17311608961303462,0.0274949083503055,4.371360429408162,0.25368920764030023,1,,,,,,,,,435100,001,2025-07-15_10h27.01.014,Continuous_Psychophysics,2022.2.5,None,
1,0,1,0,,,,,,,,,,,14.288995027542114,0.17311608961303462,0.0274949083503055,4.35026425761408,0.31447018949518923,1,,,,,,,,,435100,001,2025-07-15_10h27.01.014,Continuous_Psychophysics,2022.2.5,None,
1,0,1,0,,,,,,,,,,,14.301878929138184,0.17311608961303462,0.0274949083503055,4.330936476603438,0.1832313001735377,1,,,,,,,,,435100,001,2025-07-15_10h27.01.014,Continuous_Psychophysics,2022.2.5,None,
1,0,1,0,,,,,,,,,,,14.306002855300903,0.17311608961303462,0.0274949083503055,4.313897020350527,0.23645605779309103,1,,,,,,,,,435100,001,2025-07-15_10h27.01.014,Continuous_Psychophysics,2022.2.5,None,
1,0,1,0,,,,,,,,,,,14.319207906723022,0.17311608961303462,0.0274949083503055,3.710215636957556,0.40312054245582507,1,,,,,,,,,435100,001,2025-07-15_10h27.01.014,Continuous_Psychophysics,2022.2.5,None,
1,0,1,0,,,,,,,,,,,14.323612928390503,0.17311608961303462,0.0274949083503055,3.4939924154140254,0.4796616224974811,1,,,,,,,,,435100,001,2025-07-15_10h27.01.014,Continuous_Psychophysics,2022.2.5,None,
1,0,1,0,,,,,,,,,,,14.327823162078857,0.17311608961303462,0.0274949083503055,3.5952866509242623,0.5176271711975454,1,,,,,,,,,435100,001,2025-07-15_10h27.01.014,Continuous_Psychophysics,2022.2.5,None,
1,0,1,0,,,,,,,,,,,14.340465784072876,0.17413441955193482,0.03054989816700611,3.316281363681444,1.052524984477805,1,,,,,,,,,435100,001,2025-07-15_10h27.01.014,Continuous_Psychophysics,2022.2.5,None,
1,0,1,0,,,,,,,,,,,14.3440580368042,0.17413441955193482,0.03054989816700611,2.818275029114629,1.1939070516223498,1,,,,,,,,,435100,001,2025-07-15_10h27.01.014,Continuous_Psychophysics,2022.2.5,None,
1,0,1,0,,,,,,,,,,,14.357696056365967,0.17515274949083504,0.03360488798370672,2.6539765859114532,1.3960969228214046,1,,,,,,,,,435100,001,2025-07-15_10h27.01.014,Continuous_Psychophysics,2022.2.5,None,
1,0,1,0,,,,,,,,,,,14.362213134765625,0.17515274949083504,0.03360488798370672,3.1992256445388945,1.617638538517086,1,,,,,,,,,435100,001,2025-07-15_10h27.01.014,Continuous_Psychophysics,2022.2.5,None,
1,0,1,0,,,,,,,,,,,14.375298023223877,0.17617107942973523,0.03665987780040733,2.6736032060501307,1.6909034071921991,1,,,,,,,,,435100,001,2025-07-15_10h27.01.014,Continuous_Psychophysics,2022.2.5,None,
1,0,1,0,,,,,,,,,,,14.379331111907959,0.17617107942973523,0.03665987780040733,2.2418308339157225,1.4405421818808892,1,,,,,,,,,435100,001,2025-07-15_10h27.01.014,Continuous_Psychophysics,2022.2.5,None,
1,0,1,0,,,,,,,,,,,14.39252495765686,0.17617107942973523,0.038696537678207736,2.3995848465857734,1.3528115274446553,1,,,,,,,,,435100,001,2025-07-15_10h27.01.014,Continuous_Psychophysics,2022.2.5,None,
1,0,1,0,,,,,,,,,,,14.397071123123169,0.17617107942973523,0.03971486761710794,2.048219111559197,0.9731135701238652,1,,,,,,,,,435100,001,2025-07-15_10h27.01.014,Continuous_Psychophysics,2022.2.5,None,
1,0,1,0,,,,,,,,,,,14.409920930862427,0.17617107942973523,0.03971486761710794,2.4983580054484227,0.8693673597549234,1,,,,,,,,,435100,001,2025-07-15_10h27.01.014,Continuous_Psychophysics,2022.2.5,None,
1,0,1,0,,,,,,,,,,,14.414876937866211,0.17617107942973523,0.04073319755600815,2.950797906547424,0.9068833615873977,1,,,,,,,,,435100,001,2025-07-15_10h27.01.014,Continuous_Psychophysics,2022.2.5,None,
1,0,1,0,,,,,,,,,,,14.41930603981018,0.17617107942973523,0.04073319755600815,3.132942973722724,1.0532380703452444,1,,,,,,,,,435100,001,2025-07-15_10h27.01.014,Continuous_Psychophysics,2022.2.5,None,
1,0,1,0,,,,,,,,,,,14.431472778320312,0.17617107942973523,0.04073319755600815,3.8365165398525196,0.643872532453398,1,,,,,,,,,435100,001,2025-07-15_10h27.01.014,Continuous_Psychophysics,2022.2.5,None,
1,0,1,0,,,,,,,,,,,14.435983180999756,0.17617107942973523,0.04073319755600815,3.6994939192334133,0.44215095840559454,1,,,,,,,,,435100,001,2025-07-15_10h27.01.014,Continuous_Psychophysics,2022.2.5,None,
1,0,1,0,,,,,,,,,,,14.44847583770752,0.17617107942973523,0.04073319755600815,3.7823291943484136,0.7865777471260998,1,,,,,,,,,435100,001,2025-07-15_10h27.01.014,Continuous_Psychophysics,2022.2.5,None,
1,0,1,0,,,,,,,,,,,14.452829837799072,0.17617107942973523,0.04073319755600815,3.601665807544099,0.9482806413308514,1,,,,,,,,,435100,001,2025-07-15_10h27.01.014,Continuous_Psychophysics,2022.2.5,None,
1,0,1,0,,,,,,,,,,,14.46582293510437,0.17413441955193482,0.038696537678207736,3.2608314674320735,0.807830849921316,1,,,,,,,,,435100,001,2025-07-15_10h27.01.014,Continuous_Psychophysics,2022.2.5,None,
1,0,1,0,,,,,,,,,,,14.469697952270508,0.17311608961303462,0.035641547861507125,3.382134568537904,0.5500604650195811,1,,,,,,,,,435100,001,2025-07-15_10h27.01.014,Continuous_Psychophysics,2022.2.5,None,
1,0,1,0,,,,,,,,,,,14.483142852783203,0.1710794297352342,0.032586558044806514,3.179343209841323,1.4001893015969,1,,,,,,,,,435100,001,2025-07-15_10h27.01.014,Continuous_Psychophysics,2022.2.5,None,
1,0,1,0,,,,,,,,,,,14.486457109451294,0.1690427698574338,0.028513238289205704,3.3335635712035927,1.8511406839105409,1,,,,,,,,,435100,001,2025-07-15_10h27.01.014,Continuous_Psychophysics,2022.2.5,None,
1,0,1,0,,,,,,,,,,,14.50003719329834,0.1680244399185336,0.024439918533604887,3.0760605252140385,1.7492087458589993,1,,,,,,,,,435100,001,2025-07-15_10h27.01.014,Continuous_Psychophysics,2022.2.5,None,
1,0,1,0,,,,,,,,,,,14.504686117172241,0.1670061099796334,0.019348268839103868,2.728197418019141,2.168862288521538,1,,,,,,,,,435100,001,2025-07-15_10h27.01.014,Continuous_Psychophysics,2022.2.5,None,
1,0,1,0,,,,,,,,,,,14.51732611656189,0.164969450101833,0.015274949083503055,2.8919036539053713,2.343173021640669,1,,,,,,,,,435100,001,2025-07-15_10h27.01.014,Continuous_Psychophysics,2022.2.5,None,
1,0,1,0,,,,,,,,,,,14.52194619178772,0.16395112016293278,0.010183299389002037,2.7633816872129864,2.5380132046799546,1,,,,,,,,,435100,001,2025-07-15_10h27.01.014,Continuous_Psychophysics,2022.2.5,None,
1,0,1,0,,,,,,,,,,,14.534441947937012,0.1629327902240326,0.006109979633401222,2.796969261031547,2.6821706309466924,1,,,,,,,,,435100,001,2025-07-15_10h27.01.014,Continuous_Psychophysics,2022.2.5,None,
1,0,1,0,,,,,,,,,,,14.539086103439331,0.16191446028513237,0.0010183299389002036,2.4023123761060194,3.191416409045982,1,,,,,,,,,435100,001,2025-07-15_10h27.01.014,Continuous_Psychophysics,2022.2.5,None,
1,0,1,0,,,,,,,,,,,14.55196499824524,0.15885947046843177,-0.008146639511201629,2.7208373848579193,3.0802875130711564,1,,,,,,,,,435100,001,2025-07-15_10h27.01.014,Continuous_Psychophysics,2022.2.5,None,
1,0,1,0,,,,,,,,,,,14.556423902511597,0.15885947046843177,-0.008146639511201629,2.7680083994646276,2.759005982471963,1,,,,,,,,,435100,001,2025-07-15_10h27.01.014,Continuous_Psychophysics,2022.2.5,None,
1,0,1,0,,,,,,,,,,,14.561325073242188,0.15682281059063136,-0.012219959266802444,2.8866604708709356,2.8887159729633933,1,,,,,,,,,435100,001,2025-07-15_10h27.01.014,Continuous_Psychophysics,2022.2.5,None,
1,0,1,0,,,,,,,,,,,14.573523998260498,0.15173116089613034,-0.02240325865580448,3.1257342694450565,2.5860787472485756,1,,,,,,,,,435100,001,2025-07-15_10h27.01.014,Continuous_Psychophysics,2022.2.5,None,
1,0,1,0,,,,,,,,,,,14.577499866485596,0.15173116089613034,-0.02240325865580448,2.7890343938019946,2.5267183870922154,1,,,,,,,,,435100,001,2025-07-15_10h27.01.014,Continuous_Psychophysics,2022.2.5,None,
1,0,1,0,,,,,,,,,,,14.590347051620483,0.1425661914460285,-0.029531568228105907,2.628586957592355,2.355260230497455,1,,,,,,,,,435100,001,2025-07-15_10h27.01.014,Continuous_Psychophysics,2022.2.5,None,
1,0,1,0,,,,,,,,,,,14.594113111495972,0.1425661914460285,-0.029531568228105907,2.175161284542423,2.2010230274834344,1,,,,,,,,,435100,001,2025-07-15_10h27.01.014,Continuous_Psychophysics,2022.2.5,None,
1,0,1,0,,,,,,,,,,,14.607733011245728,0.1334012219959267,-0.034623217922606926,2.363804006850801,1.725555337191019,1,,,,,,,,,435100,001,2025-07-15_10h27.01.014,Continuous_Psychophysics,2022.2.5,None,
1,0,1,0,,,,,,,,,,,14.612117052078247,0.1334012219959267,-0.034623217922606926,2.61772999101901,2.3758479647845503,1,,,,,,,,,435100,001,2025-07-15_10h27.01.014,Continuous_Psychophysics,2022.2.5,None,
1,0,1,0,,,,,,,,,,,14.624719142913818,0.12729124236252545,-0.035641547861507125,2.785097404888988,2.1352071174408103,1,,,,,,,,,435100,001,2025-07-15_10h27.01.014,Continuous_Psychophysics,2022.2.5,None,
1,0,1,0,,,,,,,,,,,14.628213882446289,0.12729124236252545,-0.035641547861507125,2.521724549602069,2.4363702020141416,1,,,,,,,,,435100,001,2025-07-15_10h27.01.014,Continuous_Psychophysics,2022.2.5,None,
1,0,1,0,,,,,,,,,,,14.642390966415405,0.12219959266802444,-0.035641547861507125,2.540093107437165,2.51583661213379,1,,,,,,,,,435100,001,2025-07-15_10h27.01.014,Continuous_Psychophysics,2022.2.5,None,
1,0,1,0,,,,,,,,,,,14.6473228931427,0.12016293279022404,-0.035641547861507125,2.9194932905883806,3.0647424395974556,1,,,,,,,,,435100,001,2025-07-15_10h27.01.014,Continuous_Psychophysics,2022.2.5,None,
1,0,1,0,,,,,,,,,,,14.659173965454102,0.11914460285132383,-0.035641547861507125,2.7578835776497606,2.7379048155615875,1,,,,,,,,,435100,001,2025-07-15_10h27.01.014,Continuous_Psychophysics,2022.2.5,None,
1,0,1,0,,,,,,,,,,,14.663911819458008,0.11812627291242363,-0.035641547861507125,2.859165236195946,2.5416030497814193,1,,,,,,,,,435100,001,2025-07-15_10h27.01.014,Continuous_Psychophysics,2022.2.5,None,
1,0,1,0,,,,,,,,,,,14.676426887512207,0.11710794297352342,-0.035641547861507125,3.1082019410106225,2.4142689013304266,1,,,,,,,,,435100,001,2025-07-15_10h27.01.014,Continuous_Psychophysics,2022.2.5,None,
1,0,1,0,,,,,,,,,,,14.68121600151062,0.11710794297352342,-0.035641547861507125,3.226112767958381,2.3683534984160914,1,,,,,,,,,435100,001,2025-07-15_10h27.01.014,Continuous_Psychophysics,2022.2.5,None,
1,0,1,0,,,,,,,,,,,14.68572998046875,0.11710794297352342,-0.035641547861507125,3.903955883566099,2.38305853658248,1,,,,,,,,,435100,001,2025-07-15_10h27.01.014,Continuous_Psychophysics,2022.2.5,None,
1,0,1,0,,,,,,,,,,,14.698303937911987,0.11608961303462322,-0.035641547861507125,4.130314229082575,1.9299634404297228,1,,,,,,,,,435100,001,2025-07-15_10h27.01.014,Continuous_Psychophysics,2022.2.5,None,
1,0,1,0,,,,,,,,,,,14.702896118164062,0.11608961303462322,-0.035641547861507125,3.733012564762906,2.228371919838552,1,,,,,,,,,435100,001,2025-07-15_10h27.01.014,Continuous_Psychophysics,2022.2.5,None,
1,0,1,0,,,,,,,,,,,14.7154700756073,0.11608961303462322,-0.03665987780040733,4.210270947232639,2.635007918006514,1,,,,,,,,,435100,001,2025-07-15_10h27.01.014,Continuous_Psychophysics,2022.2.5,None,
1,0,1,0,,,,,,,,,,,14.719300031661987,0.11608961303462322,-0.03665987780040733,3.3825447491777094,2.7122670047045427,1,,,,,,,,,435100,001,2025-07-15_10h27.01.014,Continuous_Psychophysics,2022.2.5,None,
1,0,1,0,,,,,,,,,,,14.73245906829834,0.11608961303462322,-0.03767820773930754,2.877907527872143,2.422937297133739,1,,,,,,,,,435100,001,2025-07-15_10h27.01.014,Continuous_Psychophysics,2022.2.5,None,
1,0,1,0,,,,,,,,,,,14.73685097694397,0.11608961303462322,-0.038696537678207736,2.845826036950502,2.350363327023878,1,,,,,,,,,435100,001,2025-07-15_10h27.01.014,Continuous_Psychophysics,2022.2.5,None,
1,0,1,0,,,,,,,,,,,14.749616146087646,0.11608961303462322,-0.038696537678207736,2.76196715342447,2.1501817164458186,1,,,,,,,,,435100,001,2025-07-15_10h27.01.014,Continuous_Psychophysics,2022.2.5,None,
1,0,1,0,,,,,,,,,,,14.752831935882568,0.11608961303462322,-0.038696537678207736,2.262326093884781,2.1462394846793607,1,,,,,,,,,435100,001,2025-07-15_10h27.01.014,Continuous_Psychophysics,2022.2.5,None,
1,0,1,0,,,,,,,,,,,14.76667594909668,0.11608961303462322,-0.038696537678207736,2.328270131500551,2.2678494717249382,1,,,,,,,,,435100,001,2025-07-15_10h27.01.014,Continuous_Psychophysics,2022.2.5,None,
1,0,1,0,,,,,,,,,,,14.77086591720581,0.11608961303462322,-0.038696537678207736,2.5985220190077127,2.133667593189121,1,,,,,,,,,435100,001,2025-07-15_10h27.01.014,Continuous_Psychophysics,2022.2.5,None,
1,0,1,0,,,,,,,,,,,14.783984899520874,0.11608961303462322,-0.035641547861507125,2.5124219614920724,2.419291441295427,1,,,,,,,,,435100,001,2025-07-15_10h27.01.014,Continuous_Psychophysics,2022.2.5,None,
1,0,1,0,,,,,,,,,,,14.7884840965271,0.11710794297352342,-0.03054989816700611,2.4106076735730126,2.3914382532672604,1,,,,,,,,,435100,001,2025-07-15_10h27.01.014,Continuous_Psychophysics,2022.2.5,None,
1,0,1,0,,,,,,,,,,,14.801048994064331,0.11914460285132383,-0.023421588594704685,2.5674481768373396,2.264251520981385,1,,,,,,,,,435100,001,2025-07-15_10h27.01.014,Continuous_Psychophysics,2022.2.5,None,
1,0,1,0,,,,,,,,,,,14.805724859237671,0.12016293279022404,-0.018329938900203666,2.6427646637593085,2.012034263115043,1,,,,,,,,,435100,001,2025-07-15_10h27.01.014,Continuous_Psychophysics,2022.2.5,None,
1,0,1,0,,,,,,,,,,,14.81853699684143,0.12219959266802444,-0.009164969450101833,2.681257478916742,1.6810152984138143,1,,,,,,,,,435100,001,2025-07-15_10h27.01.014,Continuous_Psychophysics,2022.2.5,None,
1,0,1,0,,,,,,,,,,,14.822770833969116,0.12219959266802444,-0.009164969450101833,2.801908540411759,1.8770857188311485,1,,,,,,,,,435100,001,2025-07-15_10h27.01.014,Continuous_Psychophysics,2022.2.5,None,
1,0,1,0,,,,,,,,,,,14.827436923980713,0.12321792260692464,-0.004073319755600814,3.3168086603770943,2.626170286407194,1,,,,,,,,,435100,001,2025-07-15_10h27.01.014,Continuous_Psychophysics,2022.2.5,None,
1,0,1,0,,,,,,,,,,,14.839668035507202,0.12423625254582485,0.0,3.399709821130455,2.961058354910104,1,,,,,,,,,435100,001,2025-07-15_10h27.01.014,Continuous_Psychophysics,2022.2.5,None,
1,0,1,0,,,,,,,,,,,14.844035148620605,0.12525458248472504,0.003054989816700611,2.842629911651282,2.788995464790118,1,,,,,,,,,435100,001,2025-07-15_10h27.01.014,Continuous_Psychophysics,2022.2.5,None,
1,0,1,0,,,,,,,,,,,14.85677695274353,0.12525458248472504,0.010183299389002037,2.5386813306042786,2.734152167857664,1,,,,,,,,,435100,001,2025-07-15_10h27.01.014,Continuous_Psychophysics,2022.2.5,None,
1,0,1,0,,,,,,,,,,,14.86082410812378,0.12525458248472504,0.010183299389002037,3.4159980807426047,3.0381918815202904,1,,,,,,,,,435100,001,2025-07-15_10h27.01.014,Continuous_Psychophysics,2022.2.5,None,
1,0,1,0,,,,,,,,,,,14.873818159103394,0.12525458248472504,0.014256619144602852,3.456382399543107,3.1109079269471485,1,,,,,,,,,435100,001,2025-07-15_10h27.01.014,Continuous_Psychophysics,2022.2.5,None,
1,0,1,0,,,,,,,,,,,14.877845048904419,0.12525458248472504,0.014256619144602852,3.4324434720338255,3.6260990516748755,1,,,,,,,,,435100,001,2025-07-15_10h27.01.014,Continuous_Psychophysics,2022.2.5,None,
1,0,1,0,,,,,,,,,,,14.89109182357788,0.12321792260692464,0.02240325865580448,3.2770482845935964,3.7571679261323614,1,,,,,,,,,435100,001,2025-07-15_10h27.01.014,Continuous_Psychophysics,2022.2.5,None,
1,0,1,0,,,,,,,,,,,14.894041061401367,0.12321792260692464,0.02240325865580448,3.5105326766947886,4.573051673264731,1,,,,,,,,,435100,001,2025-07-15_10h27.01.014,Continuous_Psychophysics,2022.2.5,None,
1,0,1,0,,,,,,,,,,,14.908167839050293,0.12219959266802444,0.032586558044806514,3.4656886659985116,4.858564858426253,1,,,,,,,,,435100,001,2025-07-15_10h27.01.014,Continuous_Psychophysics,2022.2.5,None,
1,0,1,0,,,,,,,,,,,14.91115117073059,0.12219959266802444,0.032586558044806514,3.378050934648715,4.304188618538509,1,,,,,,,,,435100,001,2025-07-15_10h27.01.014,Continuous_Psychophysics,2022.2.5,None,
1,0,1,0,,,,,,,,,,,14.925220012664795,0.12219959266802444,0.04073319755600815,3.483862971413758,4.1613030763266385,1,,,,,,,,,435100,001,2025-07-15_10h27.01.014,Continuous_Psychophysics,2022.2.5,None,
1,0,1,0,,,,,,,,,,,14.929481983184814,0.12219959266802444,0.04480651731160896,3.7013404505664793,4.292750070380189,1,,,,,,,,,435100,001,2025-07-15_10h27.01.014,Continuous_Psychophysics,2022.2.5,None,
1,0,1,0,,,,,,,,,,,14.94237208366394,0.12219959266802444,0.04786150712830957,4.135039326396845,4.481156543735671,1,,,,,,,,,435100,001,2025-07-15_10h27.01.014,Continuous_Psychophysics,2022.2.5,None,
1,0,1,0,,,,,,,,,,,14.946896076202393,0.12219959266802444,0.05091649694501019,4.522046081288834,4.404326519464256,1,,,,,,,,,435100,001,2025-07-15_10h27.01.014,Continuous_Psychophysics,2022.2.5,None,
1,0,1,0,,,,,,,,,,,14.959872961044312,0.12423625254582485,0.051934826883910386,4.560749864874261,4.287306228984076,1,,,,,,,,,435100,001,2025-07-15_10h27.01.014,Continuous_Psychophysics,2022.2.5,None,
1,0,1,0,,,,,,,,,,,14.964395999908447,0.12423625254582485,0.05295315682281059,4.408355179099848,4.071312919750297,1,,,,,,,,,435100,001,2025-07-15_10h27.01.014,Continuous_Psychophysics,2022.2.5,None,
1,0,1,0,,,,,,,,,,,14.976938009262085,0.12525458248472504,0.0539714867617108,4.623352619194833,4.325692795541722,1,,,,,,,,,435100,001,2025-07-15_10h27.01.014,Continuous_Psychophysics,2022.2.5,None,
1,0,1,0,,,,,,,,,,,14.981621980667114,0.12525458248472504,0.0539714867617108,4.238580652169571,4.695337597874472,1,,,,,,,,,435100,001,2025-07-15_10h27.01.014,Continuous_Psychophysics,2022.2.5,None,
1,0,1,0,,,,,,,,,,,14.986242055892944,0.12627291242362526,0.0539714867617108,4.788863116701776,4.729944809805818,1,,,,,,,,,435100,001,2025-07-15_10h27.01.014,Continuous_Psychophysics,2022.2.5,None,
1,0,1,0,,,,,,,,,,,14.998508930206299,0.12627291242362526,0.0539714867617108,4.696928218823514,4.611861593936508,1,,,,,,,,,435100,001,2025-07-15_10h27.01.014,Continuous_Psychophysics,2022.2.5,None,
1,0,1,0,,,,,,,,,,,15.003276109695435,0.12627291242362526,0.0539714867617108,4.9871448830361675,4.760099418051255,1,,,,,,,,,435100,001,2025-07-15_10h27.01.014,Continuous_Psychophysics,2022.2.5,None,
1,0,1,0,,,,,,,,,,,15.015600204467773,0.12729124236252545,0.0539714867617108,5.014022191478775,4.577387348348568,1,,,,,,,,,435100,001,2025-07-15_10h27.01.014,Continuous_Psychophysics,2022.2.5,None,
1,0,1,0,,,,,,,,,,,15.019639015197754,0.12729124236252545,0.0539714867617108,5.250007580464873,4.627751720341628,1,,,,,,,,,435100,001,2025-07-15_10h27.01.014,Continuous_Psychophysics,2022.2.5,None,
1,0,1,0,,,,,,,,,,,15.032567977905273,0.12729124236252545,0.0539714867617108,5.369693819354158,3.9820760566700457,1,,,,,,,,,435100,001,2025-07-15_10h27.01.014,Continuous_Psychophysics,2022.2.5,None,
1,0,1,0,,,,,,,,,,,15.035428047180176,0.12729124236252545,0.0539714867617108,5.399307206287536,4.565200000152947,1,,,,,,,,,435100,001,2025-07-15_10h27.01.014,Continuous_Psychophysics,2022.2.5,None,
1,0,1,0,,,,,,,,,,,15.049885988235474,0.12627291242362526,0.0539714867617108,5.07802531335791,4.895855012482747,1,,,,,,,,,435100,001,2025-07-15_10h27.01.014,Continuous_Psychophysics,2022.2.5,None,
1,0,1,0,,,,,,,,,,,15.054459810256958,0.12423625254582485,0.05295315682281059,5.224822956348949,5.219739587196187,1,,,,,,,,,435100,001,2025-07-15_10h27.01.014,Continuous_Psychophysics,2022.2.5,None,
1,0,1,0,,,,,,,,,,,15.066998958587646,0.12219959266802444,0.05091649694501019,5.44557938266186,5.181909625151203,1,,,,,,,,,435100,001,2025-07-15_10h27.01.014,Continuous_Psychophysics,2022.2.5,None,
1,0,1,0,,,,,,,,,,,15.071685791015625,0.11914460285132383,0.04786150712830957,5.541032115486373,5.158449387506315,1,,,,,,,,,435100,001,2025-07-15_10h27.01.014,Continuous_Psychophysics,2022.2.5,None,
1,0,1,0,,,,,,,,,,,15.084130048751831,0.11507128309572301,0.045824847250509164,5.341945962917118,5.443185659326377,1,,,,,,,,,435100,001,2025-07-15_10h27.01.014,Continuous_Psychophysics,2022.2.5,None,
1,0,1,0,,,,,,,,,,,15.088435888290405,0.11507128309572301,0.045824847250509164,4.922743270514118,5.599517365020481,1,,,,,,,,,435100,001,2025-07-15_10h27.01.014,Continuous_Psychophysics,2022.2.5,None,
1,0,1,0,,,,,,,,,,,15.101382970809937,0.1109979633401222,0.04378818737270876,4.827782064482315,5.3076477519607,1,,,,,,,,,435100,001,2025-07-15_10h27.01.014,Continuous_Psychophysics,2022.2.5,None,
1,0,1,0,,,,,,,,,,,15.105681896209717,0.1109979633401222,0.04378818737270876,5.110130537286665,5.133228558059612,1,,,,,,,,,435100,001,2025-07-15_10h27.01.014,Continuous_Psychophysics,2022.2.5,None,
1,0,1,0,,,,,,,,,,,15.11854600906372,0.1079429735234216,0.04378818737270876,5.0901732059545495,5.162055492699804,1,,,,,,,,,435100,001,2025-07-15_10h27.01.014,Continuous_Psychophysics,2022.2.5,None,
1,0,1,0,,,,,,,,,,,15.123198986053467,0.1079429735234216,0.04378818737270876,5.247238475379855,5.400077178387706,1,,,,,,,,,435100,001,2025-07-15_10h27.01.014,Continuous_Psychophysics,2022.2.5,None,
1,0,1,0,,,,,,,,,,,15.128175020217896,0.1079429735234216,0.04378818737270876,5.6045352525789776,5.463349886295122,1,,,,,,,,,435100,001,2025-07-15_10h27.01.014,Continuous_Psychophysics,2022.2.5,None,
1,0,1,0,,,,,,,,,,,15.140091896057129,0.1079429735234216,0.048879837067209775,5.788822738633473,5.596326568860162,1,,,,,,,,,435100,001,2025-07-15_10h27.01.014,Continuous_Psychophysics,2022.2.5,None,
1,0,1,0,,,,,,,,,,,15.14415192604065,0.1079429735234216,0.048879837067209775,5.788822738633473,5.958770191208362,1,,,,,,,,,435100,001,2025-07-15_10h27.01.014,Continuous_Psychophysics,2022.2.5,None,
1,0,1,0,,,,,,,,,,,15.157297849655151,0.1079429735234216,0.05702647657841141,5.788822738633473,5.727922336990061,1,,,,,,,,,435100,001,2025-07-15_10h27.01.014,Continuous_Psychophysics,2022.2.5,None,
1,0,1,0,,,,,,,,,,,15.160698175430298,0.1079429735234216,0.05702647657841141,5.79955258969783,5.198073685720135,1,,,,,,,,,435100,001,2025-07-15_10h27.01.014,Continuous_Psychophysics,2022.2.5,None,
1,0,1,0,,,,,,,,,,,15.174436092376709,0.1120162932790224,0.06822810590631365,5.974018814432991,5.1145375128787105,1,,,,,,,,,435100,001,2025-07-15_10h27.01.014,Continuous_Psychophysics,2022.2.5,None,
1,0,1,0,,,,,,,,,,,15.179233074188232,0.11303462321792261,0.07128309572301425,5.974018814432991,5.1681815782990475,1,,,,,,,,,435100,001,2025-07-15_10h27.01.014,Continuous_Psychophysics,2022.2.5,None,
1,0,1,0,,,,,,,,,,,15.19160795211792,0.11405295315682282,0.07433808553971487,5.974018814432991,4.81653092869149,1,,,,,,,,,435100,001,2025-07-15_10h27.01.014,Continuous_Psychophysics,2022.2.5,None,
1,0,1,0,,,,,,,,,,,15.195801973342896,0.11405295315682282,0.07433808553971487,5.974018814432991,4.831397304815481,1,,,,,,,,,435100,001,2025-07-15_10h27.01.014,Continuous_Psychophysics,2022.2.5,None,
1,0,1,0,,,,,,,,,,,15.208539962768555,0.11608961303462322,0.08044806517311609,5.680781767013445,4.844269891070164,1,,,,,,,,,435100,001,2025-07-15_10h27.01.014,Continuous_Psychophysics,2022.2.5,None,
1,0,1,0,,,,,,,,,,,15.212843894958496,0.11710794297352342,0.0835030549898167,5.935716567463328,5.076704347559838,1,,,,,,,,,435100,001,2025-07-15_10h27.01.014,Continuous_Psychophysics,2022.2.5,None,
1,0,1,0,,,,,,,,,,,15.225651025772095,0.11710794297352342,0.0845213849287169,5.87929838464073,5.008559493573612,1,,,,,,,,,435100,001,2025-07-15_10h27.01.014,Continuous_Psychophysics,2022.2.5,None,
1,0,1,0,,,,,,,,,,,15.230117082595825,0.11812627291242363,0.08655804480651731,5.784665400182382,5.459094299168939,1,,,,,,,,,435100,001,2025-07-15_10h27.01.014,Continuous_Psychophysics,2022.2.5,None,
1,0,1,0,,,,,,,,,,,15.24271297454834,0.11812627291242363,0.08859470468431772,5.784665400182382,5.68116960274442,1,,,,,,,,,435100,001,2025-07-15_10h27.01.014,Continuous_Psychophysics,2022.2.5,None,
1,0,1,0,,,,,,,,,,,15.247030973434448,0.11914460285132383,0.09063136456211812,5.855120272218113,5.335632475230975,1,,,,,,,,,435100,001,2025-07-15_10h27.01.014,Continuous_Psychophysics,2022.2.5,None,
1,0,1,0,,,,,,,,,,,15.260275840759277,0.11914460285132383,0.09266802443991853,5.855120272218113,4.940373865626974,1,,,,,,,,,435100,001,2025-07-15_10h27.01.014,Continuous_Psychophysics,2022.2.5,None,
1,0,1,0,,,,,,,,,,,15.26475214958191,0.12118126272912423,0.09572301425661914,5.7019089256219075,4.880424957716552,1,,,,,,,,,435100,001,2025-07-15_10h27.01.014,Continuous_Psychophysics,2022.2.5,None,
1,0,1,0,,,,,,,,,,,15.269407033920288,0.12219959266802444,0.09877800407331976,5.7019089256219075,4.748302466426669,1,,,,,,,,,435100,001,2025-07-15_10h27.01.014,Continuous_Psychophysics,2022.2.5,None,
1,0,1,0,,,,,,,,,,,15.282047033309937,0.12525458248472504,0.10285132382892057,5.5969797319354555,4.926980931353309,1,,,,,,,,,435100,001,2025-07-15_10h27.01.014,Continuous_Psychophysics,2022.2.5,None,
1,0,1,0,,,,,,,,,,,15.286131858825684,0.12627291242362526,0.10590631364562118,4.978022257475301,4.893997799264888,1,,,,,,,,,435100,001,2025-07-15_10h27.01.014,Continuous_Psychophysics,2022.2.5,None,
1,0,1,0,,,,,,,,,,,15.298941850662231,0.12729124236252545,0.1079429735234216,5.163312503775529,4.4463629837429295,1,,,,,,,,,435100,001,2025-07-15_10h27.01.014,Continuous_Psychophysics,2022.2.5,None,
1,0,1,0,,,,,,,,,,,15.302599906921387,0.12932790224032586,0.109979633401222,5.064670223735588,4.523323985555039,1,,,,,,,,,435100,001,2025-07-15_10h27.01.014,Continuous_Psychophysics,2022.2.5,None,
1,0,1,0,,,,,,,,,,,15.316048860549927,0.13034623217922606,0.1120162932790224,5.301468610633042,4.850406857314491,1,,,,,,,,,435100,001,2025-07-15_10h27.01.014,Continuous_Psychophysics,2022.2.5,None,
1,0,1,0,,,,,,,,,,,15.320512056350708,0.13136456211812628,0.11405295315682282,5.134402811302211,5.091189147229007,1,,,,,,,,,435100,001,2025-07-15_10h27.01.014,Continuous_Psychophysics,2022.2.5,None,
1,0,1,0,,,,,,,,,,,15.333039045333862,0.13238289205702647,0.11405295315682282,5.004103669014158,4.726932412945074,1,,,,,,,,,435100,001,2025-07-15_10h27.01.014,Continuous_Psychophysics,2022.2.5,None,
1,0,1,0,,,,,,,,,,,15.337488174438477,0.13238289205702647,0.11507128309572301,5.145968052380231,4.458266828718096,1,,,,,,,,,435100,001,2025-07-15_10h27.01.014,Continuous_Psychophysics,2022.2.5,None,
1,0,1,0,,,,,,,,,,,15.350299835205078,0.13238289205702647,0.11507128309572301,5.369060558440835,4.510837461117877,1,,,,,,,,,435100,001,2025-07-15_10h27.01.014,Continuous_Psychophysics,2022.2.5,None,
1,0,1,0,,,,,,,,,,,15.354804039001465,0.13238289205702647,0.11507128309572301,5.150183059422965,4.723423553890515,1,,,,,,,,,435100,001,2025-07-15_10h27.01.014,Continuous_Psychophysics,2022.2.5,None,
1,0,1,0,,,,,,,,,,,15.367249965667725,0.13238289205702647,0.11507128309572301,5.493898965599236,4.057175637266369,1,,,,,,,,,435100,001,2025-07-15_10h27.01.014,Continuous_Psychophysics,2022.2.5,None,
1,0,1,0,,,,,,,,,,,15.37169098854065,0.13238289205702647,0.11507128309572301,4.93582546188768,4.132739933284898,1,,,,,,,,,435100,001,2025-07-15_10h27.01.014,Continuous_Psychophysics,2022.2.5,None,
1,0,1,0,,,,,,,,,,,15.38500189781189,0.13238289205702647,0.11507128309572301,4.7999672858270115,4.577608674109832,1,,,,,,,,,435100,001,2025-07-15_10h27.01.014,Continuous_Psychophysics,2022.2.5,None,
1,0,1,0,,,,,,,,,,,15.389419078826904,0.13238289205702647,0.11507128309572301,4.475822330719575,4.753022046119362,1,,,,,,,,,435100,001,2025-07-15_10h27.01.014,Continuous_Psychophysics,2022.2.5,None,
1,0,1,0,,,,,,,,,,,15.3941650390625,0.13034623217922606,0.11507128309572301,4.844632615792907,4.457490746820605,1,,,,,,,,,435100,001,2025-07-15_10h27.01.014,Continuous_Psychophysics,2022.2.5,None,
1,0,1,0,,,,,,,,,,,15.406503915786743,0.12830957230142567,0.11507128309572301,5.195699123070799,4.801041757872324,1,,,,,,,,,435100,001,2025-07-15_10h27.01.014,Continuous_Psychophysics,2022.2.5,None,
1,0,1,0,,,,,,,,,,,15.410896062850952,0.12830957230142567,0.11507128309572301,4.830580302017782,4.7738088782636705,1,,,,,,,,,435100,001,2025-07-15_10h27.01.014,Continuous_Psychophysics,2022.2.5,None,
1,0,1,0,,,,,,,,,,,15.423496007919312,0.12830957230142567,0.11507128309572301,5.285941967855147,4.956571892764624,1,,,,,,,,,435100,001,2025-07-15_10h27.01.014,Continuous_Psychophysics,2022.2.5,None,
1,0,1,0,,,,,,,,,,,15.42756700515747,0.12830957230142567,0.11507128309572301,5.0202526207976845,4.808903927460919,1,,,,,,,,,435100,001,2025-07-15_10h27.01.014,Continuous_Psychophysics,2022.2.5,None,
1,0,1,0,,,,,,,,,,,15.44040298461914,0.12830957230142567,0.11507128309572301,4.941699524751053,4.327878524463487,1,,,,,,,,,435100,001,2025-07-15_10h27.01.014,Continuous_Psychophysics,2022.2.5,None,
1,0,1,0,,,,,,,,,,,15.443798065185547,0.12830957230142567,0.11507128309572301,4.879381543192817,4.400925913708789,1,,,,,,,,,435100,001,2025-07-15_10h27.01.014,Continuous_Psychophysics,2022.2.5,None,
1,0,1,0,,,,,,,,,,,15.457620859146118,0.12830957230142567,0.11507128309572301,4.855244191983888,4.517100611903972,1,,,,,,,,,435100,001,2025-07-15_10h27.01.014,Continuous_Psychophysics,2022.2.5,None,
1,0,1,0,,,,,,,,,,,15.461874008178711,0.12830957230142567,0.11507128309572301,4.921078013482732,4.531188356446662,1,,,,,,,,,435100,001,2025-07-15_10h27.01.014,Continuous_Psychophysics,2022.2.5,None,
1,0,1,0,,,,,,,,,,,15.474785089492798,0.12830957230142567,0.11507128309572301,5.449120447329435,4.5869765618516505,1,,,,,,,,,435100,001,2025-07-15_10h27.01.014,Continuous_Psychophysics,2022.2.5,None,
1,0,1,0,,,,,,,,,,,15.478914022445679,0.12830957230142567,0.11507128309572301,5.463336429697925,4.171538816536955,1,,,,,,,,,435100,001,2025-07-15_10h27.01.014,Continuous_Psychophysics,2022.2.5,None,
1,0,1,0,,,,,,,,,,,15.492087125778198,0.12830957230142567,0.11507128309572301,4.842071955029351,3.837399505874153,1,,,,,,,,,435100,001,2025-07-15_10h27.01.014,Continuous_Psychophysics,2022.2.5,None,
1,0,1,0,,,,,,,,,,,15.49639081954956,0.12830957230142567,0.11507128309572301,5.036032523460203,3.936718788033253,1,,,,,,,,,435100,001,2025-07-15_10h27.01.014,Continuous_Psychophysics,2022.2.5,None,
1,0,1,0,,,,,,,,,,,15.509464025497437,0.12830957230142567,0.11507128309572301,5.082606601124858,3.9582002776440963,1,,,,,,,,,435100,001,2025-07-15_10h27.01.014,Continuous_Psychophysics,2022.2.5,None,
1,0,1,0,,,,,,,,,,,15.514269828796387,0.12830957230142567,0.11507128309572301,4.904282088803962,4.262502741032809,1,,,,,,,,,435100,001,2025-07-15_10h27.01.014,Continuous_Psychophysics,2022.2.5,None,
1,0,1,0,,,,,,,,,,,15.519214153289795,0.12830957230142567,0.11507128309572301,4.993140324578867,4.573907578966917,1,,,,,,,,,435100,001,2025-07-15_10h27.01.014,Continuous_Psychophysics,2022.2.5,None,
1,0,1,0,,,,,,,,,,,15.531186819076538,0.12830957230142567,0.11507128309572301,5.1269015346842295,4.253531478177455,1,,,,,,,,,435100,001,2025-07-15_10h27.01.014,Continuous_Psychophysics,2022.2.5,None,
1,0,1,0,,,,,,,,,,,15.535705089569092,0.12830957230142567,0.11507128309572301,4.873882564820329,4.379497575611156,1,,,,,,,,,435100,001,2025-07-15_10h27.01.014,Continuous_Psychophysics,2022.2.5,None,
1,0,1,0,,,,,,,,,,,15.548269987106323,0.12830957230142567,0.11507128309572301,4.817143722881751,4.170358009852183,1,,,,,,,,,435100,001,2025-07-15_10h27.01.014,Continuous_Psychophysics,2022.2.5,None,
1,0,1,0,,,,,,,,,,,15.552810907363892,0.12830957230142567,0.11507128309572301,5.132196773281129,4.027174809469537,1,,,,,,,,,435100,001,2025-07-15_10h27.01.014,Continuous_Psychophysics,2022.2.5,None,
1,0,1,0,,,,,,,,,,,15.565366983413696,0.12830957230142567,0.11507128309572301,5.095042735043549,3.572195553560841,1,,,,,,,,,435100,001,2025-07-15_10h27.01.014,Continuous_Psychophysics,2022.2.5,None,
1,0,1,0,,,,,,,,,,,15.56899094581604,0.12830957230142567,0.11507128309572301,4.956095614595882,3.466967657854199,1,,,,,,,,,435100,001,2025-07-15_10h27.01.014,Continuous_Psychophysics,2022.2.5,None,
1,0,1,0,,,,,,,,,,,15.582470893859863,0.12830957230142567,0.11507128309572301,4.832426301343164,3.6338257746364366,1,,,,,,,,,435100,001,2025-07-15_10h27.01.014,Continuous_Psychophysics,2022.2.5,None,
1,0,1,0,,,,,,,,,,,15.586935997009277,0.12830957230142567,0.11507128309572301,4.471407714927736,3.4021995712375444,1,,,,,,,,,435100,001,2025-07-15_10h27.01.014,Continuous_Psychophysics,2022.2.5,None,
1,0,1,0,,,,,,,,,,,15.599770069122314,0.12830957230142567,0.11507128309572301,4.370844395293578,3.7817954866791057,1,,,,,,,,,435100,001,2025-07-15_10h27.01.014,Continuous_Psychophysics,2022.2.5,None,
1,0,1,0,,,,,,,,,,,15.604112148284912,0.12830957230142567,0.11507128309572301,4.741268117235437,3.767439784549153,1,,,,,,,,,435100,001,2025-07-15_10h27.01.014,Continuous_Psychophysics,2022.2.5,None,
1,0,1,0,,,,,,,,,,,15.617093801498413,0.12830957230142567,0.11507128309572301,5.293228493707313,3.9410345920272976,1,,,,,,,,,435100,001,2025-07-15_10h27.01.014,Continuous_Psychophysics,2022.2.5,None,
1,0,1,0,,,,,,,,,,,15.621651887893677,0.12830957230142567,0.11507128309572301,5.233891489276209,3.729449780774119,1,,,,,,,,,435100,001,2025-07-15_10h27.01.014,Continuous_Psychophysics,2022.2.5,None,
1,0,1,0,,,,,,,,,,,15.634351015090942,0.12830957230142567,0.11507128309572301,5.699312011416243,3.8227111616607634,1,,,,,,,,,435100,001,2025-07-15_10h27.01.014,Continuous_Psychophysics,2022.2.5,None,
1,0,1,0,,,,,,,,,,,15.639142990112305,0.12830957230142567,0.11507128309572301,5.2522275059653944,4.29511811255291,1,,,,,,,,,435100,001,2025-07-15_10h27.01.014,Continuous_Psychophysics,2022.2.5,None,
1,0,1,0,,,,,,,,,,,15.64398193359375,0.12830957230142567,0.11507128309572301,5.046505163366292,4.04694801663855,1,,,,,,,,,435100,001,2025-07-15_10h27.01.014,Continuous_Psychophysics,2022.2.5,None,
1,0,1,0,,,,,,,,,,,15.655963897705078,0.12830957230142567,0.11507128309572301,5.606696719796666,4.017397498258905,1,,,,,,,,,435100,001,2025-07-15_10h27.01.014,Continuous_Psychophysics,2022.2.5,None,
1,0,1,0,,,,,,,,,,,15.660651922225952,0.12830957230142567,0.11507128309572301,5.289056052871975,3.4700267135625666,1,,,,,,,,,435100,001,2025-07-15_10h27.01.014,Continuous_Psychophysics,2022.2.5,None,
1,0,1,0,,,,,,,,,,,15.673061847686768,0.12830957230142567,0.11507128309572301,4.859507093689098,3.425493621169674,1,,,,,,,,,435100,001,2025-07-15_10h27.01.014,Continuous_Psychophysics,2022.2.5,None,
1,0,1,0,,,,,,,,,,,15.677709102630615,0.12830957230142567,0.11507128309572301,5.004085866095528,3.0746668424458563,1,,,,,,,,,435100,001,2025-07-15_10h27.01.014,Continuous_Psychophysics,2022.2.5,None,
1,0,1,0,,,,,,,,,,,15.690071105957031,0.12830957230142567,0.11507128309572301,5.026366986888866,3.3052045516150117,1,,,,,,,,,435100,001,2025-07-15_10h27.01.014,Continuous_Psychophysics,2022.2.5,None,
1,0,1,0,,,,,,,,,,,15.69429612159729,0.12830957230142567,0.11507128309572301,5.4160250089059465,3.126317899075269,1,,,,,,,,,435100,001,2025-07-15_10h27.01.014,Continuous_Psychophysics,2022.2.5,None,
1,0,1,0,,,,,,,,,,,15.707288026809692,0.12830957230142567,0.11507128309572301,5.472703024489711,3.2531833850675365,1,,,,,,,,,435100,001,2025-07-15_10h27.01.014,Continuous_Psychophysics,2022.2.5,None,
1,0,1,0,,,,,,,,,,,15.711053133010864,0.12830957230142567,0.11507128309572301,5.3803920242251175,2.9153331717273794,1,,,,,,,,,435100,001,2025-07-15_10h27.01.014,Continuous_Psychophysics,2022.2.5,None,
1,0,1,0,,,,,,,,,,,15.724516153335571,0.12830957230142567,0.11507128309572301,5.712326458372474,2.5835767415303157,1,,,,,,,,,435100,001,2025-07-15_10h27.01.014,Continuous_Psychophysics,2022.2.5,None,
1,0,1,0,,,,,,,,,,,15.728336811065674,0.12830957230142567,0.11507128309572301,5.688277906541323,2.136736514229935,1,,,,,,,,,435100,001,2025-07-15_10h27.01.014,Continuous_Psychophysics,2022.2.5,None,
1,0,1,0,,,,,,,,,,,15.741850852966309,0.12830957230142567,0.11507128309572301,5.603498349720215,1.77934639965657,1,,,,,,,,,435100,001,2025-07-15_10h27.01.014,Continuous_Psychophysics,2022.2.5,None,
1,0,1,0,,,,,,,,,,,15.746458768844604,0.12830957230142567,0.11507128309572301,5.244446020435116,1.8791947807548899,1,,,,,,,,,435100,001,2025-07-15_10h27.01.014,Continuous_Psychophysics,2022.2.5,None,
1,0,1,0,,,,,,,,,,,15.758929967880249,0.12830957230142567,0.11507128309572301,4.79555784884844,1.526503484052622,1,,,,,,,,,435100,001,2025-07-15_10h27.01.014,Continuous_Psychophysics,2022.2.5,None,
1,0,1,0,,,,,,,,,,,15.763826847076416,0.12830957230142567,0.11507128309572301,5.124525890838473,1.395051166241404,1,,,,,,,,,435100,001,2025-07-15_10h27.01.014,Continuous_Psychophysics,2022.2.5,None,
1,0,1,0,,,,,,,,,,,15.77634596824646,0.12830957230142567,0.11507128309572301,5.038159468075158,1.4993205517076476,1,,,,,,,,,435100,001,2025-07-15_10h27.01.014,Continuous_Psychophysics,2022.2.5,None,
1,0,1,0,,,,,,,,,,,15.781138896942139,0.12830957230142567,0.11507128309572301,4.753395112066681,1.7097050299338044,1,,,,,,,,,435100,001,2025-07-15_10h27.01.014,Continuous_Psychophysics,2022.2.5,None,
1,0,1,0,,,,,,,,,,,15.78585696220398,0.12830957230142567,0.11507128309572301,4.806609639322276,1.6297175930013972,1,,,,,,,,,435100,001,2025-07-15_10h27.01.014,Continuous_Psychophysics,2022.2.5,None,
1,0,1,0,,,,,,,,,,,15.797936916351318,0.12830957230142567,0.11507128309572301,4.662392568991028,1.699265154760794,1,,,,,,,,,435100,001,2025-07-15_10h27.01.014,Continuous_Psychophysics,2022.2.5,None,
1,0,1,0,,,,,,,,,,,15.802655935287476,0.12830957230142567,0.11507128309572301,4.295457374419042,1.389213103991025,1,,,,,,,,,435100,001,2025-07-15_10h27.01.014,Continuous_Psychophysics,2022.2.5,None,
1,0,1,0,,,,,,,,,,,15.815017938613892,0.12830957230142567,0.11507128309572301,4.844028900231886,1.0656341096801096,1,,,,,,,,,435100,001,2025-07-15_10h27.01.014,Continuous_Psychophysics,2022.2.5,None,
1,0,1,0,,,,,,,,,,,15.819531917572021,0.12830957230142567,0.11507128309572301,4.71843138385025,1.0353493219727952,1,,,,,,,,,435100,001,2025-07-15_10h27.01.014,Continuous_Psychophysics,2022.2.5,None,
1,0,1,0,,,,,,,,,,,15.832129955291748,0.12830957230142567,0.11507128309572301,4.647483247248369,1.2266879859468334,1,,,,,,,,,435100,001,2025-07-15_10h27.01.014,Continuous_Psychophysics,2022.2.5,None,
1,0,1,0,,,,,,,,,,,15.835686922073364,0.12830957230142567,0.11507128309572301,4.741744276644108,1.5710010428091425,1,,,,,,,,,435100,001,2025-07-15_10h27.01.014,Continuous_Psychophysics,2022.2.5,None,
1,0,1,0,,,,,,,,,,,15.849488973617554,0.12830957230142567,0.11507128309572301,4.7491807406472235,1.1479481868178407,1,,,,,,,,,435100,001,2025-07-15_10h27.01.014,Continuous_Psychophysics,2022.2.5,None,
1,0,1,0,,,,,,,,,,,15.85399079322815,0.12830957230142567,0.11507128309572301,4.789806897133366,0.7980396114090267,1,,,,,,,,,435100,001,2025-07-15_10h27.01.014,Continuous_Psychophysics,2022.2.5,None,
1,0,1,0,,,,,,,,,,,15.866584062576294,0.12830957230142567,0.11507128309572301,4.834560622715843,0.7169826589231888,1,,,,,,,,,435100,001,2025-07-15_10h27.01.014,Continuous_Psychophysics,2022.2.5,None,
1,0,1,0,,,,,,,,,,,15.871216773986816,0.12830957230142567,0.11507128309572301,4.552430519854151,1.020176980142232,1,,,,,,,,,435100,001,2025-07-15_10h27.01.014,Continuous_Psychophysics,2022.2.5,None,
1,0,1,0,,,,,,,,,,,15.884035110473633,0.12830957230142567,0.11507128309572301,4.185927647498892,0.27769950252539743,1,,,,,,,,,435100,001,2025-07-15_10h27.01.014,Continuous_Psychophysics,2022.2.5,None,
1,0,1,0,,,,,,,,,,,15.888687133789062,0.12830957230142567,0.11507128309572301,5.109816054469031,0.0034188664290485393,1,,,,,,,,,435100,001,2025-07-15_10h27.01.014,Continuous_Psychophysics,2022.2.5,None,
1,0,1,0,,,,,,,,,,,15.902246952056885,0.12830957230142567,0.11507128309572301,4.557031878987058,0.20142732448825498,1,,,,,,,,,435100,001,2025-07-15_10h27.01.014,Continuous_Psychophysics,2022.2.5,None,
1,0,1,0,,,,,,,,,,,15.908919095993042,0.12830957230142567,0.11507128309572301,4.427378546418455,-0.35285342100344685,1,,,,,,,,,435100,001,2025-07-15_10h27.01.014,Continuous_Psychophysics,2022.2.5,None,
1,0,1,0,,,,,,,,,,,15.91492509841919,0.12830957230142567,0.11507128309572301,4.163852783651762,0.15407686227851747,1,,,,,,,,,435100,001,2025-07-15_10h27.01.014,Continuous_Psychophysics,2022.2.5,None,
1,0,1,0,,,,,,,,,,,15.919602870941162,0.12830957230142567,0.11507128309572301,4.673118409291129,-0.0280226632714059,1,,,,,,,,,435100,001,2025-07-15_10h27.01.014,Continuous_Psychophysics,2022.2.5,None,
1,0,1,0,,,,,,,,,,,15.931777954101562,0.12830957230142567,0.11507128309572301,4.444447497097271,-0.012779505293094991,1,,,,,,,,,435100,001,2025-07-15_10h27.01.014,Continuous_Psychophysics,2022.2.5,None,
1,0,1,0,,,,,,,,,,,15.936228036880493,0.12830957230142567,0.11507128309572301,4.2980970656747655,0.29286331296204915,1,,,,,,,,,435100,001,2025-07-15_10h27.01.014,Continuous_Psychophysics,2022.2.5,None,
1,0,1,0,,,,,,,,,,,15.948863983154297,0.12830957230142567,0.11507128309572301,4.631715991020755,0.4600852524504434,1,,,,,,,,,435100,001,2025-07-15_10h27.01.014,Continuous_Psychophysics,2022.2.5,None,
1,0,1,0,,,,,,,,,,,15.952713966369629,0.12830957230142567,0.11507128309572301,4.496004294040441,0.03213039062480738,1,,,,,,,,,435100,001,2025-07-15_10h27.01.014,Continuous_Psychophysics,2022.2.5,None,
1,0,1,0,,,,,,,,,,,15.96591591835022,0.12830957230142567,0.11507128309572301,4.470909641894554,-0.16034499399576652,1,,,,,,,,,435100,001,2025-07-15_10h27.01.014,Continuous_Psychophysics,2022.2.5,None,
1,0,1,0,,,,,,,,,,,15.970543146133423,0.12830957230142567,0.11507128309572301,4.277749198288535,-0.36980357998266655,1,,,,,,,,,435100,001,2025-07-15_10h27.01.014,Continuous_Psychophysics,2022.2.5,None,
1,0,1,0,,,,,,,,,,,15.983259916305542,0.12830957230142567,0.11507128309572301,4.243080418227795,-0.05518441145418135,1,,,,,,,,,435100,001,2025-07-15_10h27.01.014,Continuous_Psychophysics,2022.2.5,None,
1,0,1,0,,,,,,,,,,,15.987971067428589,0.12830957230142567,0.11507128309572301,4.168145292392315,-0.1343248625286839,1,,,,,,,,,435100,001,2025-07-15_10h27.01.014,Continuous_Psychophysics,2022.2.5,None,
1,0,1,0,,,,,,,,,,,16.000728130340576,0.12830957230142567,0.11507128309572301,3.5296212305539805,-0.5734721423110068,1,,,,,,,,,435100,001,2025-07-15_10h27.01.014,Continuous_Psychophysics,2022.2.5,None,
1,0,1,0,,,,,,,,,,,16.00590491294861,0.12830957230142567,0.11507128309572301,3.7182220426644847,-0.9440772588779636,1,,,,,,,,,435100,001,2025-07-15_10h27.01.014,Continuous_Psychophysics,2022.2.5,None,
1,0,1,0,,,,,,,,,,,16.011306047439575,0.12830957230142567,0.11507128309572301,3.8575539052310077,-0.9225353755547185,1,,,,,,,,,435100,001,2025-07-15_10h27.01.014,Continuous_Psychophysics,2022.2.5,None,
1,0,1,0,,,,,,,,,,,16.02233600616455,0.12830957230142567,0.11507128309572301,3.9852493439836874,-0.738717538818295,1,,,,,,,,,435100,001,2025-07-15_10h27.01.014,Continuous_Psychophysics,2022.2.5,None,
1,0,1,0,,,,,,,,,,,16.027674198150635,0.12830957230142567,0.11507128309572301,3.8715128797513247,-0.6070194015649856,1,,,,,,,,,435100,001,2025-07-15_10h27.01.014,Continuous_Psychophysics,2022.2.5,None,
1,0,1,0,,,,,,,,,,,16.040388107299805,0.12830957230142567,0.11507128309572301,4.08324199797685,-0.14233122284306554,1,,,,,,,,,435100,001,2025-07-15_10h27.01.014,Continuous_Psychophysics,2022.2.5,None,
1,0,1,0,,,,,,,,,,,16.045005083084106,0.12830957230142567,0.11507128309572301,4.200337139861275,0.019061205840536527,1,,,,,,,,,435100,001,2025-07-15_10h27.01.014,Continuous_Psychophysics,2022.2.5,None,
1,0,1,0,,,,,,,,,,,16.057435989379883,0.12830957230142567,0.11507128309572301,4.341825435656307,0.32072663806831814,1,,,,,,,,,435100,001,2025-07-15_10h27.01.014,Continuous_Psychophysics,2022.2.5,None,
1,0,1,0,,,,,,,,,,,16.063143968582153,0.12830957230142567,0.11507128309572301,5.124132145081198,-0.34391403852403035,1,,,,,,,,,435100,001,2025-07-15_10h27.01.014,Continuous_Psychophysics,2022.2.5,None,
1,0,1,0,,,,,,,,,,,16.074726819992065,0.12830957230142567,0.11507128309572301,5.267877216235078,-0.7058298817463989,1,,,,,,,,,435100,001,2025-07-15_10h27.01.014,Continuous_Psychophysics,2022.2.5,None,
1,0,1,0,,,,,,,,,,,16.080868005752563,0.12830957230142567,0.11507128309572301,5.422234154069348,-0.6472360732524904,1,,,,,,,,,435100,001,2025-07-15_10h27.01.014,Continuous_Psychophysics,2022.2.5,None,
1,0,1,0,,,,,,,,,,,16.085829973220825,0.12830957230142567,0.11507128309572301,5.422126189981216,-1.1466258175051631,1,,,,,,,,,435100,001,2025-07-15_10h27.01.014,Continuous_Psychophysics,2022.2.5,None,
1,0,1,0,,,,,,,,,,,16.097641944885254,0.12830957230142567,0.11507128309572301,4.9396383201421825,-0.9347575863782634,1,,,,,,,,,435100,001,2025-07-15_10h27.01.014,Continuous_Psychophysics,2022.2.5,None,
1,0,1,0,,,,,,,,,,,16.102381944656372,0.12830957230142567,0.11507128309572301,5.085799441254818,-1.4365927058271653,1,,,,,,,,,435100,001,2025-07-15_10h27.01.014,Continuous_Psychophysics,2022.2.5,None,
1,0,1,0,,,,,,,,,,,16.114639043807983,0.12830957230142567,0.11507128309572301,4.747642975514156,-1.7149290304217735,1,,,,,,,,,435100,001,2025-07-15_10h27.01.014,Continuous_Psychophysics,2022.2.5,None,
1,0,1,0,,,,,,,,,,,16.11913299560547,0.12830957230142567,0.11507128309572301,4.6639023640990205,-1.8855141274195235,1,,,,,,,,,435100,001,2025-07-15_10h27.01.014,Continuous_Psychophysics,2022.2.5,None,
1,0,1,0,,,,,,,,,,,16.131767988204956,0.12830957230142567,0.11507128309572301,4.72777848334103,-1.5912579599798558,1,,,,,,,,,435100,001,2025-07-15_10h27.01.014,Continuous_Psychophysics,2022.2.5,None,
1,0,1,0,,,,,,,,,,,16.13622283935547,0.12830957230142567,0.11507128309572301,5.209014071582617,-1.3280599783260207,1,,,,,,,,,435100,001,2025-07-15_10h27.01.014,Continuous_Psychophysics,2022.2.5,None,
1,0,1,0,,,,,,,,,,,16.148980855941772,0.12830957230142567,0.11507128309572301,5.346026511898054,-1.2797629670242374,1,,,,,,,,,435100,001,2025-07-15_10h27.01.014,Continuous_Psychophysics,2022.2.5,None,
1,0,1,0,,,,,,,,,,,16.152179956436157,0.12830957230142567,0.11507128309572301,5.1443939520124005,-1.8037970114327049,1,,,,,,,,,435100,001,2025-07-15_10h27.01.014,Continuous_Psychophysics,2022.2.5,None,
1,0,1,0,,,,,,,,,,,16.166104078292847,0.12830957230142567,0.11507128309572301,5.065819178850951,-1.4420956256709114,1,,,,,,,,,435100,001,2025-07-15_10h27.01.014,Continuous_Psychophysics,2022.2.5,None,
1,0,1,0,,,,,,,,,,,16.170221090316772,0.12830957230142567,0.11507128309572301,4.8461664943238665,-1.3726224997254461,1,,,,,,,,,435100,001,2025-07-15_10h27.01.014,Continuous_Psychophysics,2022.2.5,None,
1,0,1,0,,,,,,,,,,,16.183233976364136,0.12830957230142567,0.11507128309572301,4.80592318905169,-1.6506848469894684,1,,,,,,,,,435100,001,2025-07-15_10h27.01.014,Continuous_Psychophysics,2022.2.5,None,
1,0,1,0,,,,,,,,,,,16.187479972839355,0.12830957230142567,0.11507128309572301,4.629141822323001,-1.7693808265822322,1,,,,,,,,,435100,001,2025-07-15_10h27.01.014,Continuous_Psychophysics,2022.2.5,None,
1,0,1,0,,,,,,,,,,,16.20051598548889,0.12830957230142567,0.11507128309572301,4.903803257635874,-1.571920542226862,1,,,,,,,,,435100,001,2025-07-15_10h27.01.014,Continuous_Psychophysics,2022.2.5,None,
1,0,1,0,,,,,,,,,,,16.204757928848267,0.12830957230142567,0.11507128309572301,4.977855569762801,-1.4488993263058578,1,,,,,,,,,435100,001,2025-07-15_10h27.01.014,Continuous_Psychophysics,2022.2.5,None,
1,0,1,0,,,,,,,,,,,16.218732118606567,0.1334012219959267,0.12321792260692464,5.1525499870132405,-1.5092861494472696,1,,,,,,,,,435100,001,2025-07-15_10h27.01.014,Continuous_Psychophysics,2022.2.5,None,
1,0,1,0,,,,,,,,,,,16.223973751068115,0.14052953156822812,0.12423625254582485,5.4468818708833835,-1.4313665205573984,1,,,,,,,,,435100,001,2025-07-15_10h27.01.014,Continuous_Psychophysics,2022.2.5,None,
1,0,1,0,,,,,,,,,,,16.22787618637085,0.14052953156822812,0.12423625254582485,5.369489242344303,-1.0243733390737337,1,,,,,,,,,435100,001,2025-07-15_10h27.01.014,Continuous_Psychophysics,2022.2.5,None,
1,0,1,0,,,,,,,,,,,16.240614891052246,0.15173116089613034,0.12423625254582485,5.288730761417789,-0.8984963491989567,1,,,,,,,,,435100,001,2025-07-15_10h27.01.014,Continuous_Psychophysics,2022.2.5,None,
1,0,1,0,,,,,,,,,,,16.24460005760193,0.15173116089613034,0.12423625254582485,5.52064505724972,-0.8291463541350982,1,,,,,,,,,435100,001,2025-07-15_10h27.01.014,Continuous_Psychophysics,2022.2.5,None,
1,0,1,0,,,,,,,,,,,16.258206844329834,0.15784114052953158,0.11405295315682282,5.148390509719215,-0.5913914582949538,1,,,,,,,,,435100,001,2025-07-15_10h27.01.014,Continuous_Psychophysics,2022.2.5,None,
1,0,1,0,,,,,,,,,,,16.262880086898804,0.159877800407332,0.10896130346232179,5.383274991090672,-1.011272044805325,1,,,,,,,,,435100,001,2025-07-15_10h27.01.014,Continuous_Psychophysics,2022.2.5,None,
1,0,1,0,,,,,,,,,,,16.27540397644043,0.16191446028513237,0.10488798370672098,5.286567463127005,-0.8982055918550795,1,,,,,,,,,435100,001,2025-07-15_10h27.01.014,Continuous_Psychophysics,2022.2.5,None,
1,0,1,0,,,,,,,,,,,16.279948949813843,0.16395112016293278,0.10081466395112017,5.601953490391633,-0.6437330224365465,1,,,,,,,,,435100,001,2025-07-15_10h27.01.014,Continuous_Psychophysics,2022.2.5,None,
1,0,1,0,,,,,,,,,,,16.29255700111389,0.164969450101833,0.09775967413441955,5.678381490595253,-0.4022630095922056,1,,,,,,,,,435100,001,2025-07-15_10h27.01.014,Continuous_Psychophysics,2022.2.5,None,
1,0,1,0,,,,,,,,,,,16.2972309589386,0.164969450101833,0.09572301425661914,5.5013717368487525,-0.5255001044645878,1,,,,,,,,,435100,001,2025-07-15_10h27.01.014,Continuous_Psychophysics,2022.2.5,None,
1,0,1,0,,,,,,,,,,,16.309967041015625,0.1670061099796334,0.09164969450101833,5.361646034314625,-1.002804049241904,1,,,,,,,,,435100,001,2025-07-15_10h27.01.014,Continuous_Psychophysics,2022.2.5,None,
1,0,1,0,,,,,,,,,,,16.314770936965942,0.1690427698574338,0.0845213849287169,5.5695726554354765,-0.8955184590329095,1,,,,,,,,,435100,001,2025-07-15_10h27.01.014,Continuous_Psychophysics,2022.2.5,None,
1,0,1,0,,,,,,,,,,,16.319759130477905,0.17006109979633402,0.08044806517311609,5.4679433031047555,-0.5664207390231584,1,,,,,,,,,435100,001,2025-07-15_10h27.01.014,Continuous_Psychophysics,2022.2.5,None,
1,0,1,0,,,,,,,,,,,16.33139991760254,0.17209775967413443,0.07433808553971487,5.212989310367296,-0.34227888927257577,1,,,,,,,,,435100,001,2025-07-15_10h27.01.014,Continuous_Psychophysics,2022.2.5,None,
1,0,1,0,,,,,,,,,,,16.33632206916809,0.17413441955193482,0.06924643584521385,5.99147227190762,-0.46492084041514214,1,,,,,,,,,435100,001,2025-07-15_10h27.01.014,Continuous_Psychophysics,2022.2.5,None,
1,0,1,0,,,,,,,,,,,16.34838080406189,0.17617107942973523,0.062118126272912425,5.96283944546504,-0.21355599974007455,1,,,,,,,,,435100,001,2025-07-15_10h27.01.014,Continuous_Psychophysics,2022.2.5,None,
1,0,1,0,,,,,,,,,,,16.35281205177307,0.17820773930753564,0.0539714867617108,5.399570251857681,-0.3570871255928102,1,,,,,,,,,435100,001,2025-07-15_10h27.01.014,Continuous_Psychophysics,2022.2.5,None,
1,0,1,0,,,,,,,,,,,16.365407943725586,0.17922606924643583,0.045824847250509164,4.804274262989372,0.07954240993989231,1,,,,,,,,,435100,001,2025-07-15_10h27.01.014,Continuous_Psychophysics,2022.2.5,None,
1,0,1,0,,,,,,,,,,,16.371392965316772,0.18024439918533605,0.04073319755600815,4.465301780107786,-0.0018558136620628468,1,,,,,,,,,435100,001,2025-07-15_10h27.01.014,Continuous_Psychophysics,2022.2.5,None,
1,0,1,0,,,,,,,,,,,16.382521152496338,0.18126272912423624,0.03360488798370672,4.498566244759587,0.39909032256717175,1,,,,,,,,,435100,001,2025-07-15_10h27.01.014,Continuous_Psychophysics,2022.2.5,None,
1,0,1,0,,,,,,,,,,,16.386396884918213,0.18126272912423624,0.026476578411405296,5.140289803313254,0.8221279706280982,1,,,,,,,,,435100,001,2025-07-15_10h27.01.014,Continuous_Psychophysics,2022.2.5,None,
1,0,1,0,,,,,,,,,,,16.399776935577393,0.18126272912423624,0.024439918533604887,5.186652948058254,-0.008248839816815012,1,,,,,,,,,435100,001,2025-07-15_10h27.01.014,Continuous_Psychophysics,2022.2.5,None,
1,0,1,0,,,,,,,,,,,16.403203010559082,0.18126272912423624,0.019348268839103868,5.258114529967026,-0.1679808246972337,1,,,,,,,,,435100,001,2025-07-15_10h27.01.014,Continuous_Psychophysics,2022.2.5,None,
1,0,1,0,,,,,,,,,,,16.417306184768677,0.18126272912423624,0.013238289205702648,5.135786478804797,-0.21723885042705743,1,,,,,,,,,435100,001,2025-07-15_10h27.01.014,Continuous_Psychophysics,2022.2.5,None,
1,0,1,0,,,,,,,,,,,16.42158794403076,0.18126272912423624,0.013238289205702648,5.226891196589819,-0.13352046660995195,1,,,,,,,,,435100,001,2025-07-15_10h27.01.014,Continuous_Psychophysics,2022.2.5,None,
1,0,1,0,,,,,,,,,,,16.43444800376892,0.18126272912423624,0.009164969450101833,4.628894865930107,-0.334979962840379,1,,,,,,,,,435100,001,2025-07-15_10h27.01.014,Continuous_Psychophysics,2022.2.5,None,
1,0,1,0,,,,,,,,,,,16.438698053359985,0.18126272912423624,0.009164969450101833,4.546009972480923,-0.1296319164153965,1,,,,,,,,,435100,001,2025-07-15_10h27.01.014,Continuous_Psychophysics,2022.2.5,None,
1,0,1,0,,,,,,,,,,,16.451478958129883,0.18126272912423624,0.006109979633401222,4.544063196283246,0.043325090907238795,1,,,,,,,,,435100,001,2025-07-15_10h27.01.014,Continuous_Psychophysics,2022.2.5,None,
1,0,1,0,,,,,,,,,,,16.455778121948242,0.18126272912423624,0.006109979633401222,4.613171175029853,0.5409096493798358,1,,,,,,,,,435100,001,2025-07-15_10h27.01.014,Continuous_Psychophysics,2022.2.5,None,
1,0,1,0,,,,,,,,,,,16.46073293685913,0.18126272912423624,0.004073319755600814,4.334765229523035,0.4519363925055227,1,,,,,,,,,435100,001,2025-07-15_10h27.01.014,Continuous_Psychophysics,2022.2.5,None,
1,0,1,0,,,,,,,,,,,16.472995042800903,0.18126272912423624,0.003054989816700611,4.133599199192273,0.4394366309117688,1,,,,,,,,,435100,001,2025-07-15_10h27.01.014,Continuous_Psychophysics,2022.2.5,None,
1,0,1,0,,,,,,,,,,,16.477532863616943,0.18126272912423624,0.003054989816700611,4.325702021957611,0.40164015137895615,1,,,,,,,,,435100,001,2025-07-15_10h27.01.014,Continuous_Psychophysics,2022.2.5,None,
1,0,1,0,,,,,,,,,,,16.489922046661377,0.18126272912423624,0.002036659877800407,3.7443539632629337,1.016387051340431,1,,,,,,,,,435100,001,2025-07-15_10h27.01.014,Continuous_Psychophysics,2022.2.5,None,
1,0,1,0,,,,,,,,,,,16.494248867034912,0.18126272912423624,0.002036659877800407,3.569936410897127,1.128380694776508,1,,,,,,,,,435100,001,2025-07-15_10h27.01.014,Continuous_Psychophysics,2022.2.5,None,
1,0,1,0,,,,,,,,,,,16.50708818435669,0.18126272912423624,0.002036659877800407,4.053665470018329,1.0008840965880805,1,,,,,,,,,435100,001,2025-07-15_10h27.01.014,Continuous_Psychophysics,2022.2.5,None,
1,0,1,0,,,,,,,,,,,16.510867834091187,0.18126272912423624,0.002036659877800407,4.106786350515864,1.6702165172051338,1,,,,,,,,,435100,001,2025-07-15_10h27.01.014,Continuous_Psychophysics,2022.2.5,None,
1,0,1,0,,,,,,,,,,,16.524144172668457,0.18228105906313646,0.0010183299389002036,4.379122986017601,1.2974997026111423,1,,,,,,,,,435100,001,2025-07-15_10h27.01.014,Continuous_Psychophysics,2022.2.5,None,
1,0,1,0,,,,,,,,,,,16.52892279624939,0.18431771894093688,0.0010183299389002036,4.241657518044552,0.897079516854866,1,,,,,,,,,435100,001,2025-07-15_10h27.01.014,Continuous_Psychophysics,2022.2.5,None,
1,0,1,0,,,,,,,,,,,16.541434049606323,0.18635437881873726,0.0010183299389002036,4.278190955205896,1.1629052384514407,1,,,,,,,,,435100,001,2025-07-15_10h27.01.014,Continuous_Psychophysics,2022.2.5,None,
1,0,1,0,,,,,,,,,,,16.545655965805054,0.18635437881873726,0.0010183299389002036,3.9424443394583446,1.2444355457673657,1,,,,,,,,,435100,001,2025-07-15_10h27.01.014,Continuous_Psychophysics,2022.2.5,None,
1,0,1,0,,,,,,,,,,,16.55853796005249,0.19144602851323828,-0.0010183299389002036,4.416388947039646,1.6702196769496551,1,,,,,,,,,435100,001,2025-07-15_10h27.01.014,Continuous_Psychophysics,2022.2.5,None,
1,0,1,0,,,,,,,,,,,16.563266038894653,0.1945010183299389,-0.0010183299389002036,4.049452700499217,1.9909746866678044,1,,,,,,,,,435100,001,2025-07-15_10h27.01.014,Continuous_Psychophysics,2022.2.5,None,
1,0,1,0,,,,,,,,,,,16.575544118881226,0.1955193482688391,-0.0010183299389002036,4.285727008195394,1.8485879435903363,1,,,,,,,,,435100,001,2025-07-15_10h27.01.014,Continuous_Psychophysics,2022.2.5,None,
1,0,1,0,,,,,,,,,,,16.579864025115967,0.1985743380855397,-0.002036659877800407,4.260659902828746,2.3135817344900955,1,,,,,,,,,435100,001,2025-07-15_10h27.01.014,Continuous_Psychophysics,2022.2.5,None,
1,0,1,0,,,,,,,,,,,16.593037128448486,0.20162932790224034,-0.002036659877800407,4.130046808174161,2.4537995452171693,1,,,,,,,,,435100,001,2025-07-15_10h27.01.014,Continuous_Psychophysics,2022.2.5,None,
1,0,1,0,,,,,,,,,,,16.59776520729065,0.20264765784114053,-0.003054989816700611,4.098108839643009,2.326978345702262,1,,,,,,,,,435100,001,2025-07-15_10h27.01.014,Continuous_Psychophysics,2022.2.5,None,
1,0,1,0,,,,,,,,,,,16.602550983428955,0.20570264765784113,-0.003054989816700611,4.2587234693108655,2.3748427262494807,1,,,,,,,,,435100,001,2025-07-15_10h27.01.014,Continuous_Psychophysics,2022.2.5,None,
1,0,1,0,,,,,,,,,,,16.614651918411255,0.20773930753564154,-0.003054989816700611,4.054144871986814,2.1554654396633457,1,,,,,,,,,435100,001,2025-07-15_10h27.01.014,Continuous_Psychophysics,2022.2.5,None,
1,0,1,0,,,,,,,,,,,16.619468927383423,0.20977596741344195,-0.002036659877800407,4.351351408429015,2.6541600113505357,1,,,,,,,,,435100,001,2025-07-15_10h27.01.014,Continuous_Psychophysics,2022.2.5,None,
1,0,1,0,,,,,,,,,,,16.631721019744873,0.21079429735234215,0.0,5.182066165783671,2.784985989899819,1,,,,,,,,,435100,001,2025-07-15_10h27.01.014,Continuous_Psychophysics,2022.2.5,None,
1,0,1,0,,,,,,,,,,,16.636016130447388,0.21181262729124237,0.0010183299389002036,5.789180952994664,3.046596661849686,1,,,,,,,,,435100,001,2025-07-15_10h27.01.014,Continuous_Psychophysics,2022.2.5,None,
1,0,1,0,,,,,,,,,,,16.648877143859863,0.21283095723014256,0.003054989816700611,5.814620934757245,3.7643493291129584,1,,,,,,,,,435100,001,2025-07-15_10h27.01.014,Continuous_Psychophysics,2022.2.5,None,
1,0,1,0,,,,,,,,,,,16.65268301963806,0.21283095723014256,0.0050916496945010185,5.814620934757245,4.140955229241606,1,,,,,,,,,435100,001,2025-07-15_10h27.01.014,Continuous_Psychophysics,2022.2.5,None,
1,0,1,0,,,,,,,,,,,16.66602396965027,0.21283095723014256,0.006109979633401222,5.8479671790064325,4.287276458377797,1,,,,,,,,,435100,001,2025-07-15_10h27.01.014,Continuous_Psychophysics,2022.2.5,None,
1,0,1,0,,,,,,,,,,,16.669715881347656,0.21283095723014256,0.006109979633401222,5.8479671790064325,4.572497633591433,1,,,,,,,,,435100,001,2025-07-15_10h27.01.014,Continuous_Psychophysics,2022.2.5,None,
1,0,1,0,,,,,,,,,,,16.68331217765808,0.20773930753564154,0.006109979633401222,5.99314096433368,4.574945104166617,1,,,,,,,,,435100,001,2025-07-15_10h27.01.014,Continuous_Psychophysics,2022.2.5,None,
1,0,1,0,,,,,,,,,,,16.688087940216064,0.19653767820773932,0.0050916496945010185,5.99314096433368,4.068724036921918,1,,,,,,,,,435100,001,2025-07-15_10h27.01.014,Continuous_Psychophysics,2022.2.5,None,
1,0,1,0,,,,,,,,,,,16.700570106506348,0.17515274949083504,-0.007128309572301426,5.530194055228375,4.121300913220836,1,,,,,,,,,435100,001,2025-07-15_10h27.01.014,Continuous_Psychophysics,2022.2.5,None,
1,0,1,0,,,,,,,,,,,16.70473003387451,0.17515274949083504,-0.007128309572301426,5.822416929813438,4.266116818053526,1,,,,,,,,,435100,001,2025-07-15_10h27.01.014,Continuous_Psychophysics,2022.2.5,None,
1,0,1,0,,,,,,,,,,,16.71799397468567,0.15478615071283094,-0.018329938900203666,5.615954791395152,4.370316647280244,1,,,,,,,,,435100,001,2025-07-15_10h27.01.014,Continuous_Psychophysics,2022.2.5,None,
1,0,1,0,,,,,,,,,,,16.722259998321533,0.15478615071283094,-0.018329938900203666,5.720305011355776,4.426991352796726,1,,,,,,,,,435100,001,2025-07-15_10h27.01.014,Continuous_Psychophysics,2022.2.5,None,
1,0,1,0,,,,,,,,,,,16.73528289794922,0.14358452138492872,-0.023421588594704685,5.113900003345048,4.7046937874221975,1,,,,,,,,,435100,001,2025-07-15_10h27.01.014,Continuous_Psychophysics,2022.2.5,None,
1,0,1,0,,,,,,,,,,,16.74012279510498,0.1384928716904277,-0.025458248472505093,5.343852566642103,4.48171078966546,1,,,,,,,,,435100,001,2025-07-15_10h27.01.014,Continuous_Psychophysics,2022.2.5,None,
1,0,1,0,,,,,,,,,,,16.744308948516846,0.1384928716904277,-0.025458248472505093,4.82889287529244,4.546538056898931,1,,,,,,,,,435100,001,2025-07-15_10h27.01.014,Continuous_Psychophysics,2022.2.5,None,
1,0,1,0,,,,,,,,,,,16.75695490837097,0.13034623217922606,-0.0274949083503055,5.092268700730423,4.295790227157541,1,,,,,,,,,435100,001,2025-07-15_10h27.01.014,Continuous_Psychophysics,2022.2.5,None,
1,0,1,0,,,,,,,,,,,16.761128902435303,0.13034623217922606,-0.0274949083503055,4.848240732382118,4.029874059482579,1,,,,,,,,,435100,001,2025-07-15_10h27.01.014,Continuous_Psychophysics,2022.2.5,None,
1,0,1,0,,,,,,,,,,,16.774038076400757,0.1334012219959267,-0.015274949083503055,5.126936520141445,4.024608337135166,1,,,,,,,,,435100,001,2025-07-15_10h27.01.014,Continuous_Psychophysics,2022.2.5,None,
1,0,1,0,,,,,,,,,,,16.777740955352783,0.1334012219959267,-0.015274949083503055,4.648798874953277,4.156995675266717,1,,,,,,,,,435100,001,2025-07-15_10h27.01.014,Continuous_Psychophysics,2022.2.5,None,
1,0,1,0,,,,,,,,,,,16.79118585586548,0.14765784114052954,0.0050916496945010185,4.4043889280343,4.274835556578536,1,,,,,,,,,435100,001,2025-07-15_10h27.01.014,Continuous_Psychophysics,2022.2.5,None,
1,0,1,0,,,,,,,,,,,16.79467010498047,0.14765784114052954,0.0050916496945010185,4.449164689417757,3.8452858162045462,1,,,,,,,,,435100,001,2025-07-15_10h27.01.014,Continuous_Psychophysics,2022.2.5,None,
1,0,1,0,,,,,,,,,,,16.808313131332397,0.1629327902240326,0.023421588594704685,4.8491250004134985,4.053354592954937,1,,,,,,,,,435100,001,2025-07-15_10h27.01.014,Continuous_Psychophysics,2022.2.5,None,
1,0,1,0,,,,,,,,,,,16.812954902648926,0.164969450101833,0.0274949083503055,4.9745196208437354,3.9105631888628714,1,,,,,,,,,435100,001,2025-07-15_10h27.01.014,Continuous_Psychophysics,2022.2.5,None,
1,0,1,0,,,,,,,,,,,16.825440883636475,0.17006109979633402,0.035641547861507125,4.991019232961376,4.556683634070766,1,,,,,,,,,435100,001,2025-07-15_10h27.01.014,Continuous_Psychophysics,2022.2.5,None,
1,0,1,0,,,,,,,,,,,16.830182790756226,0.17311608961303462,0.03971486761710794,5.488832333556909,4.139236737770336,1,,,,,,,,,435100,001,2025-07-15_10h27.01.014,Continuous_Psychophysics,2022.2.5,None,
1,0,1,0,,,,,,,,,,,16.842509031295776,0.17515274949083504,0.04378818737270876,5.377513404850876,4.313694932291943,1,,,,,,,,,435100,001,2025-07-15_10h27.01.014,Continuous_Psychophysics,2022.2.5,None,
1,0,1,0,,,,,,,,,,,16.84712505340576,0.17617107942973523,0.04786150712830957,5.209681835737747,4.14796999529872,1,,,,,,,,,435100,001,2025-07-15_10h27.01.014,Continuous_Psychophysics,2022.2.5,None,
1,0,1,0,,,,,,,,,,,16.860013961791992,0.17617107942973523,0.048879837067209775,4.821809245913674,4.011458293908401,1,,,,,,,,,435100,001,2025-07-15_10h27.01.014,Continuous_Psychophysics,2022.2.5,None,
1,0,1,0,,,,,,,,,,,16.864912033081055,0.17617107942973523,0.04989816700610998,4.723110078271963,4.176431907208294,1,,,,,,,,,435100,001,2025-07-15_10h27.01.014,Continuous_Psychophysics,2022.2.5,None,
1,0,1,0,,,,,,,,,,,16.869858980178833,0.17515274949083504,0.05091649694501019,5.1396096178777215,4.097690605072096,1,,,,,,,,,435100,001,2025-07-15_10h27.01.014,Continuous_Psychophysics,2022.2.5,None,
1,0,1,0,,,,,,,,,,,16.88184404373169,0.17311608961303462,0.051934826883910386,5.227772011768256,3.94424518474538,1,,,,,,,,,435100,001,2025-07-15_10h27.01.014,Continuous_Psychophysics,2022.2.5,None,
1,0,1,0,,,,,,,,,,,16.886778116226196,0.17209775967413443,0.05295315682281059,5.186204728203731,3.7214952908638734,1,,,,,,,,,435100,001,2025-07-15_10h27.01.014,Continuous_Psychophysics,2022.2.5,None,
1,0,1,0,,,,,,,,,,,16.89891505241394,0.17006109979633402,0.0560081466395112,4.801437744382082,3.928604158405596,1,,,,,,,,,435100,001,2025-07-15_10h27.01.014,Continuous_Psychophysics,2022.2.5,None,
1,0,1,0,,,,,,,,,,,16.902608156204224,0.1690427698574338,0.06008146639511202,4.519345211948611,3.67164578951596,1,,,,,,,,,435100,001,2025-07-15_10h27.01.014,Continuous_Psychophysics,2022.2.5,None,
1,0,1,0,,,,,,,,,,,16.916048049926758,0.1690427698574338,0.06619144602851323,5.0065300402189035,3.9357301550322217,1,,,,,,,,,435100,001,2025-07-15_10h27.01.014,Continuous_Psychophysics,2022.2.5,None,
1,0,1,0,,,,,,,,,,,16.919811964035034,0.1690427698574338,0.07433808553971487,4.837391780884094,3.7784184065675746,1,,,,,,,,,435100,001,2025-07-15_10h27.01.014,Continuous_Psychophysics,2022.2.5,None,
1,0,1,0,,,,,,,,,,,16.933345079421997,0.17311608961303462,0.0835030549898167,4.439927908865774,3.7218779470384686,1,,,,,,,,,435100,001,2025-07-15_10h27.01.014,Continuous_Psychophysics,2022.2.5,None,
1,0,1,0,,,,,,,,,,,16.938118934631348,0.17820773930753564,0.09572301425661914,4.44804327343087,3.497364401483286,1,,,,,,,,,435100,001,2025-07-15_10h27.01.014,Continuous_Psychophysics,2022.2.5,None,
1,0,1,0,,,,,,,,,,,16.95080804824829,0.18533604887983707,0.11303462321792261,4.906772189349075,3.074598703096955,1,,,,,,,,,435100,001,2025-07-15_10h27.01.014,Continuous_Psychophysics,2022.2.5,None,
1,0,1,0,,,,,,,,,,,16.955206871032715,0.18533604887983707,0.11303462321792261,5.594367628793241,3.0770477285403097,1,,,,,,,,,435100,001,2025-07-15_10h27.01.014,Continuous_Psychophysics,2022.2.5,None,
1,0,1,0,,,,,,,,,,,16.967782974243164,0.1924643584521385,0.1334012219959267,5.641477545847967,3.347552296122704,1,,,,,,,,,435100,001,2025-07-15_10h27.01.014,Continuous_Psychophysics,2022.2.5,None,
1,0,1,0,,,,,,,,,,,16.972293853759766,0.1924643584521385,0.1334012219959267,5.541163313593162,3.1592835198496148,1,,,,,,,,,435100,001,2025-07-15_10h27.01.014,Continuous_Psychophysics,2022.2.5,None,
1,0,1,0,,,,,,,,,,,16.984875917434692,0.1945010183299389,0.14663951120162932,5.359956914818909,3.0232857132309454,1,,,,,,,,,435100,001,2025-07-15_10h27.01.014,Continuous_Psychophysics,2022.2.5,None,
1,0,1,0,,,,,,,,,,,16.98915195465088,0.1945010183299389,0.14663951120162932,4.990234616806188,2.3894821394694303,1,,,,,,,,,435100,001,2025-07-15_10h27.01.014,Continuous_Psychophysics,2022.2.5,None,
1,0,1,0,,,,,,,,,,,17.001957893371582,0.1945010183299389,0.15376782077393075,5.101555301744681,2.4264667074461883,1,,,,,,,,,435100,001,2025-07-15_10h27.01.014,Continuous_Psychophysics,2022.2.5,None,
1,0,1,0,,,,,,,,,,,17.00670886039734,0.1945010183299389,0.15580448065173116,4.624076720179655,2.6201974218017647,1,,,,,,,,,435100,001,2025-07-15_10h27.01.014,Continuous_Psychophysics,2022.2.5,None,
1,0,1,0,,,,,,,,,,,17.010746002197266,0.1945010183299389,0.15580448065173116,4.583931301091278,2.9465058160347826,1,,,,,,,,,435100,001,2025-07-15_10h27.01.014,Continuous_Psychophysics,2022.2.5,None,
1,0,1,0,,,,,,,,,,,17.023366928100586,0.19144602851323828,0.15682281059063136,3.8512922166653816,3.450592243346558,1,,,,,,,,,435100,001,2025-07-15_10h27.01.014,Continuous_Psychophysics,2022.2.5,None,
1,0,1,0,,,,,,,,,,,17.028190851211548,0.19144602851323828,0.15682281059063136,4.019374304907733,3.5037886274149845,1,,,,,,,,,435100,001,2025-07-15_10h27.01.014,Continuous_Psychophysics,2022.2.5,None,
1,0,1,0,,,,,,,,,,,17.04045796394348,0.18737270875763748,0.15885947046843177,4.2830319425552394,3.5079919363822696,1,,,,,,,,,435100,001,2025-07-15_10h27.01.014,Continuous_Psychophysics,2022.2.5,None,
1,0,1,0,,,,,,,,,,,17.043994188308716,0.18737270875763748,0.15885947046843177,4.457946680722206,3.6071987981882883,1,,,,,,,,,435100,001,2025-07-15_10h27.01.014,Continuous_Psychophysics,2022.2.5,None,
1,0,1,0,,,,,,,,,,,17.057507038116455,0.18431771894093688,0.159877800407332,4.758622168953841,3.540611537980145,1,,,,,,,,,435100,001,2025-07-15_10h27.01.014,Continuous_Psychophysics,2022.2.5,None,
1,0,1,0,,,,,,,,,,,17.061058044433594,0.18431771894093688,0.159877800407332,5.127851748040996,3.3324072034722394,1,,,,,,,,,435100,001,2025-07-15_10h27.01.014,Continuous_Psychophysics,2022.2.5,None,
1,0,1,0,,,,,,,,,,,17.074771881103516,0.18329938900203666,0.16089613034623218,5.142378853196123,3.667204636257895,1,,,,,,,,,435100,001,2025-07-15_10h27.01.014,Continuous_Psychophysics,2022.2.5,None,
1,0,1,0,,,,,,,,,,,17.07919478416443,0.18329938900203666,0.16089613034623218,5.3745626502421775,3.6757609894562386,1,,,,,,,,,435100,001,2025-07-15_10h27.01.014,Continuous_Psychophysics,2022.2.5,None,
1,0,1,0,,,,,,,,,,,17.092063903808594,0.18329938900203666,0.16191446028513237,5.296513038627523,3.35184281588382,1,,,,,,,,,435100,001,2025-07-15_10h27.01.014,Continuous_Psychophysics,2022.2.5,None,
1,0,1,0,,,,,,,,,,,17.096686124801636,0.18329938900203666,0.1629327902240326,5.480195881545916,3.8124305949790305,1,,,,,,,,,435100,001,2025-07-15_10h27.01.014,Continuous_Psychophysics,2022.2.5,None,
1,0,1,0,,,,,,,,,,,17.109166145324707,0.18329938900203666,0.1629327902240326,5.346507233004335,3.712073688459751,1,,,,,,,,,435100,001,2025-07-15_10h27.01.014,Continuous_Psychophysics,2022.2.5,None,
1,0,1,0,,,,,,,,,,,17.11426615715027,0.18329938900203666,0.1629327902240326,5.648144020979199,3.8118642239110714,1,,,,,,,,,435100,001,2025-07-15_10h27.01.014,Continuous_Psychophysics,2022.2.5,None,
1,0,1,0,,,,,,,,,,,17.126091957092285,0.18329938900203666,0.1629327902240326,5.467980094712666,3.8522539611125484,1,,,,,,,,,435100,001,2025-07-15_10h27.01.014,Continuous_Psychophysics,2022.2.5,None,
1,0,1,0,,,,,,,,,,,17.130938053131104,0.18329938900203666,0.1629327902240326,4.986150749153072,3.514742745246376,1,,,,,,,,,435100,001,2025-07-15_10h27.01.014,Continuous_Psychophysics,2022.2.5,None,
1,0,1,0,,,,,,,,,,,17.143229007720947,0.18431771894093688,0.1629327902240326,5.562409489436725,3.7726400201452184,1,,,,,,,,,435100,001,2025-07-15_10h27.01.014,Continuous_Psychophysics,2022.2.5,None,
1,0,1,0,,,,,,,,,,,17.147940158843994,0.18431771894093688,0.1629327902240326,5.710563923305821,4.1885142553825,1,,,,,,,,,435100,001,2025-07-15_10h27.01.014,Continuous_Psychophysics,2022.2.5,None,
1,0,1,0,,,,,,,,,,,17.152735948562622,0.18431771894093688,0.1629327902240326,5.22484251714169,4.191694901395623,1,,,,,,,,,435100,001,2025-07-15_10h27.01.014,Continuous_Psychophysics,2022.2.5,None,
1,0,1,0,,,,,,,,,,,17.164793968200684,0.18431771894093688,0.15784114052953158,4.9993241332147065,4.177600261908439,1,,,,,,,,,435100,001,2025-07-15_10h27.01.014,Continuous_Psychophysics,2022.2.5,None,
1,0,1,0,,,,,,,,,,,17.169211864471436,0.18431771894093688,0.15784114052953158,4.745352986387325,4.693844362581791,1,,,,,,,,,435100,001,2025-07-15_10h27.01.014,Continuous_Psychophysics,2022.2.5,None,
1,0,1,0,,,,,,,,,,,17.181800842285156,0.18024439918533605,0.14867617107942974,4.461039342482596,4.857029139639967,1,,,,,,,,,435100,001,2025-07-15_10h27.01.014,Continuous_Psychophysics,2022.2.5,None,
1,0,1,0,,,,,,,,,,,17.18611788749695,0.17718940936863545,0.14052953156822812,4.664172351785261,4.487529279421876,1,,,,,,,,,435100,001,2025-07-15_10h27.01.014,Continuous_Psychophysics,2022.2.5,None,
1,0,1,0,,,,,,,,,,,17.198887825012207,0.17413441955193482,0.1334012219959267,4.27412089924001,4.665733567135615,1,,,,,,,,,435100,001,2025-07-15_10h27.01.014,Continuous_Psychophysics,2022.2.5,None,
1,0,1,0,,,,,,,,,,,17.20307993888855,0.17311608961303462,0.12932790224032586,4.560598745381204,4.3987245031517865,1,,,,,,,,,435100,001,2025-07-15_10h27.01.014,Continuous_Psychophysics,2022.2.5,None,
1,0,1,0,,,,,,,,,,,17.21599578857422,0.1670061099796334,0.11405295315682282,4.684380383631464,4.6482410655013044,1,,,,,,,,,435100,001,2025-07-15_10h27.01.014,Continuous_Psychophysics,2022.2.5,None,
1,0,1,0,,,,,,,,,,,17.220029830932617,0.1670061099796334,0.11405295315682282,4.683981144652751,4.184787685138865,1,,,,,,,,,435100,001,2025-07-15_10h27.01.014,Continuous_Psychophysics,2022.2.5,None,
1,0,1,0,,,,,,,,,,,17.233285188674927,0.16191446028513237,0.09674134419551934,4.841199022665348,4.2957656794746075,1,,,,,,,,,435100,001,2025-07-15_10h27.01.014,Continuous_Psychophysics,2022.2.5,None,
1,0,1,0,,,,,,,,,,,17.23763084411621,0.16191446028513237,0.09674134419551934,4.7867403685958605,4.430382431244146,1,,,,,,,,,435100,001,2025-07-15_10h27.01.014,Continuous_Psychophysics,2022.2.5,None,
1,0,1,0,,,,,,,,,,,17.25028705596924,0.15885947046843177,0.07942973523421588,5.057315523098627,4.339432215847684,1,,,,,,,,,435100,001,2025-07-15_10h27.01.014,Continuous_Psychophysics,2022.2.5,None,
1,0,1,0,,,,,,,,,,,17.254667043685913,0.15885947046843177,0.07942973523421588,4.810623414865281,5.0291804545369425,1,,,,,,,,,435100,001,2025-07-15_10h27.01.014,Continuous_Psychophysics,2022.2.5,None,
1,0,1,0,,,,,,,,,,,17.26778793334961,0.15580448065173116,0.06415478615071284,4.995332873234504,5.37555403929667,1,,,,,,,,,435100,001,2025-07-15_10h27.01.014,Continuous_Psychophysics,2022.2.5,None,
1,0,1,0,,,,,,,,,,,17.271793842315674,0.15580448065173116,0.06415478615071284,4.786435328096115,5.296604426739963,1,,,,,,,,,435100,001,2025-07-15_10h27.01.014,Continuous_Psychophysics,2022.2.5,None,
1,0,1,0,,,,,,,,,,,17.28521704673767,0.15580448065173116,0.05702647657841141,5.680593616707962,5.526836721001488,1,,,,,,,,,435100,001,2025-07-15_10h27.01.014,Continuous_Psychophysics,2022.2.5,None,
1,0,1,0,,,,,,,,,,,17.28957486152649,0.15478615071283094,0.05295315682281059,5.611350048200649,5.219514482124884,1,,,,,,,,,435100,001,2025-07-15_10h27.01.014,Continuous_Psychophysics,2022.2.5,None,
1,0,1,0,,,,,,,,,,,17.293951988220215,0.15478615071283094,0.05295315682281059,5.611350048200649,5.082191401051494,1,,,,,,,,,435100,001,2025-07-15_10h27.01.014,Continuous_Psychophysics,2022.2.5,None,
1,0,1,0,,,,,,,,,,,17.30639100074768,0.15478615071283094,0.04786150712830957,5.085364500783256,4.744655431204078,1,,,,,,,,,435100,001,2025-07-15_10h27.01.014,Continuous_Psychophysics,2022.2.5,None,
1,0,1,0,,,,,,,,,,,17.310736179351807,0.15478615071283094,0.04786150712830957,5.025095995484128,5.464429688898814,1,,,,,,,,,435100,001,2025-07-15_10h27.01.014,Continuous_Psychophysics,2022.2.5,None,
1,0,1,0,,,,,,,,,,,17.323487997055054,0.15478615071283094,0.04684317718940937,5.215409063011418,5.190079100679095,1,,,,,,,,,435100,001,2025-07-15_10h27.01.014,Continuous_Psychophysics,2022.2.5,None,
1,0,1,0,,,,,,,,,,,17.32774305343628,0.15478615071283094,0.04684317718940937,5.679275091540586,5.116083149835141,1,,,,,,,,,435100,001,2025-07-15_10h27.01.014,Continuous_Psychophysics,2022.2.5,None,
1,0,1,0,,,,,,,,,,,17.340687036514282,0.15478615071283094,0.045824847250509164,5.540869790079783,4.7967486301324165,1,,,,,,,,,435100,001,2025-07-15_10h27.01.014,Continuous_Psychophysics,2022.2.5,None,
1,0,1,0,,,,,,,,,,,17.344348907470703,0.15478615071283094,0.045824847250509164,5.96745928940959,4.331390531876665,1,,,,,,,,,435100,001,2025-07-15_10h27.01.014,Continuous_Psychophysics,2022.2.5,None,
1,0,1,0,,,,,,,,,,,17.357492923736572,0.15478615071283094,0.045824847250509164,5.9242123876045225,4.396779051601126,1,,,,,,,,,435100,001,2025-07-15_10h27.01.014,Continuous_Psychophysics,2022.2.5,None,
1,0,1,0,,,,,,,,,,,17.36029601097107,0.15478615071283094,0.045824847250509164,5.9242123876045225,4.690048011574568,1,,,,,,,,,435100,001,2025-07-15_10h27.01.014,Continuous_Psychophysics,2022.2.5,None,
1,0,1,0,,,,,,,,,,,17.374661207199097,0.15478615071283094,0.045824847250509164,5.628173038197773,4.541783077582223,1,,,,,,,,,435100,001,2025-07-15_10h27.01.014,Continuous_Psychophysics,2022.2.5,None,
1,0,1,0,,,,,,,,,,,17.377552032470703,0.15478615071283094,0.045824847250509164,5.287043186117505,4.5755758166903036,1,,,,,,,,,435100,001,2025-07-15_10h27.01.014,Continuous_Psychophysics,2022.2.5,None,
1,0,1,0,,,,,,,,,,,17.392148971557617,0.15478615071283094,0.04684317718940937,5.7666773749050915,4.483400280683197,1,,,,,,,,,435100,001,2025-07-15_10h27.01.014,Continuous_Psychophysics,2022.2.5,None,
1,0,1,0,,,,,,,,,,,17.396502017974854,0.15478615071283094,0.048879837067209775,5.7666773749050915,4.498840815466164,1,,,,,,,,,435100,001,2025-07-15_10h27.01.014,Continuous_Psychophysics,2022.2.5,None,
1,0,1,0,,,,,,,,,,,17.40936589241028,0.15478615071283094,0.04989816700610998,5.550811735625762,4.637752485680035,1,,,,,,,,,435100,001,2025-07-15_10h27.01.014,Continuous_Psychophysics,2022.2.5,None,
1,0,1,0,,,,,,,,,,,17.413998126983643,0.15478615071283094,0.051934826883910386,5.397065486575588,4.246335299451492,1,,,,,,,,,435100,001,2025-07-15_10h27.01.014,Continuous_Psychophysics,2022.2.5,None,
1,0,1,0,,,,,,,,,,,17.426609992980957,0.15682281059063136,0.0539714867617108,5.521477513387319,4.1215642587526915,1,,,,,,,,,435100,001,2025-07-15_10h27.01.014,Continuous_Psychophysics,2022.2.5,None,
1,0,1,0,,,,,,,,,,,17.43130588531494,0.15784114052953158,0.05702647657841141,5.349833097939705,3.8051694748504197,1,,,,,,,,,435100,001,2025-07-15_10h27.01.014,Continuous_Psychophysics,2022.2.5,None,
1,0,1,0,,,,,,,,,,,17.435862064361572,0.159877800407332,0.06109979633401222,5.074105863542559,3.603284804310487,1,,,,,,,,,435100,001,2025-07-15_10h27.01.014,Continuous_Psychophysics,2022.2.5,None,
1,0,1,0,,,,,,,,,,,17.448165893554688,0.16089613034623218,0.062118126272912425,4.9616030992658855,3.7540172037321273,1,,,,,,,,,435100,001,2025-07-15_10h27.01.014,Continuous_Psychophysics,2022.2.5,None,
1,0,1,0,,,,,,,,,,,17.4529128074646,0.1629327902240326,0.06517311608961303,4.787233703412335,3.9271722240063074,1,,,,,,,,,435100,001,2025-07-15_10h27.01.014,Continuous_Psychophysics,2022.2.5,None,
1,0,1,0,,,,,,,,,,,17.465406894683838,0.16395112016293278,0.06822810590631365,5.061881245606415,4.35604498593437,1,,,,,,,,,435100,001,2025-07-15_10h27.01.014,Continuous_Psychophysics,2022.2.5,None,
1,0,1,0,,,,,,,,,,,17.470062971115112,0.1659877800407332,0.07026476578411406,5.2493893696316025,4.212830172196018,1,,,,,,,,,435100,001,2025-07-15_10h27.01.014,Continuous_Psychophysics,2022.2.5,None,
1,0,1,0,,,,,,,,,,,17.482649087905884,0.1680244399185336,0.07433808553971487,5.35893685690474,3.98420577024799,1,,,,,,,,,435100,001,2025-07-15_10h27.01.014,Continuous_Psychophysics,2022.2.5,None,
1,0,1,0,,,,,,,,,,,17.487526893615723,0.1680244399185336,0.07433808553971487,5.1062045419928594,4.0681139700566495,1,,,,,,,,,435100,001,2025-07-15_10h27.01.014,Continuous_Psychophysics,2022.2.5,None,
1,0,1,0,,,,,,,,,,,17.499746084213257,0.17311608961303462,0.07942973523421588,5.195132092333603,4.303024991243756,1,,,,,,,,,435100,001,2025-07-15_10h27.01.014,Continuous_Psychophysics,2022.2.5,None,
1,0,1,0,,,,,,,,,,,17.50407099723816,0.17311608961303462,0.07942973523421588,5.914796993966847,4.548255370262432,1,,,,,,,,,435100,001,2025-07-15_10h27.01.014,Continuous_Psychophysics,2022.2.5,None,
1,0,1,0,,,,,,,,,,,17.517040967941284,0.17718940936863545,0.0835030549898167,5.914796993966847,4.808815489662292,1,,,,,,,,,435100,001,2025-07-15_10h27.01.014,Continuous_Psychophysics,2022.2.5,None,
1,0,1,0,,,,,,,,,,,17.521232843399048,0.17718940936863545,0.0835030549898167,5.310963197805544,4.612015176684785,1,,,,,,,,,435100,001,2025-07-15_10h27.01.014,Continuous_Psychophysics,2022.2.5,None,
1,0,1,0,,,,,,,,,,,17.534059047698975,0.18126272912423624,0.08859470468431772,5.134778825369466,4.263916557489358,1,,,,,,,,,435100,001,2025-07-15_10h27.01.014,Continuous_Psychophysics,2022.2.5,None,
1,0,1,0,,,,,,,,,,,17.538254022598267,0.18126272912423624,0.08859470468431772,4.600591906110765,4.284915711150409,1,,,,,,,,,435100,001,2025-07-15_10h27.01.014,Continuous_Psychophysics,2022.2.5,None,
1,0,1,0,,,,,,,,,,,17.551408052444458,0.18329938900203666,0.09266802443991853,4.181089110844699,5.143065505120768,1,,,,,,,,,435100,001,2025-07-15_10h27.01.014,Continuous_Psychophysics,2022.2.5,None,
1,0,1,0,,,,,,,,,,,17.556273937225342,0.18533604887983707,0.09470468431771895,3.6576036619037504,4.823547572635754,1,,,,,,,,,435100,001,2025-07-15_10h27.01.014,Continuous_Psychophysics,2022.2.5,None,
1,0,1,0,,,,,,,,,,,17.56070899963379,0.18533604887983707,0.09470468431771895,4.093247709032576,4.744664383858701,1,,,,,,,,,435100,001,2025-07-15_10h27.01.014,Continuous_Psychophysics,2022.2.5,None,
1,0,1,0,,,,,,,,,,,17.572739124298096,0.18635437881873726,0.09775967413441955,3.8770490672561317,5.292104964083554,1,,,,,,,,,435100,001,2025-07-15_10h27.01.014,Continuous_Psychophysics,2022.2.5,None,
1,0,1,0,,,,,,,,,,,17.57817006111145,0.18635437881873726,0.09775967413441955,3.6805217124113856,5.607544181822246,1,,,,,,,,,435100,001,2025-07-15_10h27.01.014,Continuous_Psychophysics,2022.2.5,None,
1,0,1,0,,,,,,,,,,,17.58996081352234,0.18737270875763748,0.09877800407331976,3.8924809184085394,4.8564483042102315,1,,,,,,,,,435100,001,2025-07-15_10h27.01.014,Continuous_Psychophysics,2022.2.5,None,
1,0,1,0,,,,,,,,,,,17.594377994537354,0.18737270875763748,0.09877800407331976,3.6688908200362116,5.112153481069334,1,,,,,,,,,435100,001,2025-07-15_10h27.01.014,Continuous_Psychophysics,2022.2.5,None,
1,0,1,0,,,,,,,,,,,17.607465028762817,0.18839103869653767,0.09877800407331976,3.9429974106071626,4.874039138471848,1,,,,,,,,,435100,001,2025-07-15_10h27.01.014,Continuous_Psychophysics,2022.2.5,None,
1,0,1,0,,,,,,,,,,,17.611074924468994,0.18839103869653767,0.09877800407331976,3.2323357486261663,4.632383304851247,1,,,,,,,,,435100,001,2025-07-15_10h27.01.014,Continuous_Psychophysics,2022.2.5,None,
1,0,1,0,,,,,,,,,,,17.624474048614502,0.18839103869653767,0.09877800407331976,3.6380612250434425,4.456970277324788,1,,,,,,,,,435100,001,2025-07-15_10h27.01.014,Continuous_Psychophysics,2022.2.5,None,
1,0,1,0,,,,,,,,,,,17.627954959869385,0.18839103869653767,0.09877800407331976,3.187815354257155,4.214341076454133,1,,,,,,,,,435100,001,2025-07-15_10h27.01.014,Continuous_Psychophysics,2022.2.5,None,
1,0,1,0,,,,,,,,,,,17.641589879989624,0.18839103869653767,0.09775967413441955,2.8194174990054,3.791355092843999,1,,,,,,,,,435100,001,2025-07-15_10h27.01.014,Continuous_Psychophysics,2022.2.5,None,
1,0,1,0,,,,,,,,,,,17.646121978759766,0.1894093686354379,0.09674134419551934,3.200336251196111,4.0433681788107565,1,,,,,,,,,435100,001,2025-07-15_10h27.01.014,Continuous_Psychophysics,2022.2.5,None,
1,0,1,0,,,,,,,,,,,17.65885901451111,0.1894093686354379,0.09368635437881874,3.5074169213512403,4.2172380507836005,1,,,,,,,,,435100,001,2025-07-15_10h27.01.014,Continuous_Psychophysics,2022.2.5,None,
1,0,1,0,,,,,,,,,,,17.66319489479065,0.1894093686354379,0.09266802443991853,3.879047019662135,4.189826511274361,1,,,,,,,,,435100,001,2025-07-15_10h27.01.014,Continuous_Psychophysics,2022.2.5,None,
1,0,1,0,,,,,,,,,,,17.67591905593872,0.1894093686354379,0.09063136456211812,4.107453207940554,4.191031460952806,1,,,,,,,,,435100,001,2025-07-15_10h27.01.014,Continuous_Psychophysics,2022.2.5,None,
1,0,1,0,,,,,,,,,,,17.68047785758972,0.1894093686354379,0.08859470468431772,3.6843951267512587,4.474732694248215,1,,,,,,,,,435100,001,2025-07-15_10h27.01.014,Continuous_Psychophysics,2022.2.5,None,
1,0,1,0,,,,,,,,,,,17.69321894645691,0.1894093686354379,0.08757637474541752,3.3280649064489314,4.029364705536334,1,,,,,,,,,435100,001,2025-07-15_10h27.01.014,Continuous_Psychophysics,2022.2.5,None,
1,0,1,0,,,,,,,,,,,17.69753122329712,0.1894093686354379,0.08655804480651731,3.376695882971171,3.9354285470739017,1,,,,,,,,,435100,001,2025-07-15_10h27.01.014,Continuous_Psychophysics,2022.2.5,None,
1,0,1,0,,,,,,,,,,,17.710290908813477,0.1894093686354379,0.0855397148676171,3.344898285945437,3.5213884898651817,1,,,,,,,,,435100,001,2025-07-15_10h27.01.014,Continuous_Psychophysics,2022.2.5,None,
1,0,1,0,,,,,,,,,,,17.71485686302185,0.18839103869653767,0.0855397148676171,3.2841618406479043,3.6015570737696554,1,,,,,,,,,435100,001,2025-07-15_10h27.01.014,Continuous_Psychophysics,2022.2.5,None,
1,0,1,0,,,,,,,,,,,17.71973490715027,0.18839103869653767,0.0855397148676171,3.830516189567387,3.5779062098582988,1,,,,,,,,,435100,001,2025-07-15_10h27.01.014,Continuous_Psychophysics,2022.2.5,None,
1,0,1,0,,,,,,,,,,,17.73183584213257,0.18737270875763748,0.0855397148676171,3.8976657076824224,3.587755802084544,1,,,,,,,,,435100,001,2025-07-15_10h27.01.014,Continuous_Psychophysics,2022.2.5,None,
1,0,1,0,,,,,,,,,,,17.736743927001953,0.18737270875763748,0.0855397148676171,3.2867888011108284,3.740143386503945,1,,,,,,,,,435100,001,2025-07-15_10h27.01.014,Continuous_Psychophysics,2022.2.5,None,
1,0,1,0,,,,,,,,,,,17.748945951461792,0.18635437881873726,0.08655804480651731,3.4545909058382622,3.7176113405972346,1,,,,,,,,,435100,001,2025-07-15_10h27.01.014,Continuous_Psychophysics,2022.2.5,None,
1,0,1,0,,,,,,,,,,,17.75287389755249,0.18635437881873726,0.09266802443991853,3.3642925502741994,3.955544313309589,1,,,,,,,,,435100,001,2025-07-15_10h27.01.014,Continuous_Psychophysics,2022.2.5,None,
1,0,1,0,,,,,,,,,,,17.76603102684021,0.18737270875763748,0.10896130346232179,3.1169419204863598,3.9893472082326147,1,,,,,,,,,435100,001,2025-07-15_10h27.01.014,Continuous_Psychophysics,2022.2.5,None,
1,0,1,0,,,,,,,,,,,17.77014183998108,0.18737270875763748,0.10896130346232179,2.622869334391078,4.119761365385607,1,,,,,,,,,435100,001,2025-07-15_10h27.01.014,Continuous_Psychophysics,2022.2.5,None,
1,0,1,0,,,,,,,,,,,17.783193111419678,0.1955193482688391,0.13441955193482688,2.5304774956185057,3.880392937193295,1,,,,,,,,,435100,001,2025-07-15_10h27.01.014,Continuous_Psychophysics,2022.2.5,None,
1,0,1,0,,,,,,,,,,,17.787424087524414,0.1955193482688391,0.13441955193482688,2.503159811318225,3.7720852346553317,1,,,,,,,,,435100,001,2025-07-15_10h27.01.014,Continuous_Psychophysics,2022.2.5,None,
1,0,1,0,,,,,,,,,,,17.800509929656982,0.20162932790224034,0.15376782077393075,2.458735611550819,3.923379207216671,1,,,,,,,,,435100,001,2025-07-15_10h27.01.014,Continuous_Psychophysics,2022.2.5,None,
1,0,1,0,,,,,,,,,,,17.804683923721313,0.20162932790224034,0.15376782077393075,2.4819251051397786,3.536881885271089,1,,,,,,,,,435100,001,2025-07-15_10h27.01.014,Continuous_Psychophysics,2022.2.5,None,
1,0,1,0,,,,,,,,,,,17.81815814971924,0.20366598778004075,0.17209775967413443,2.370596259178348,3.9460162632761584,1,,,,,,,,,435100,001,2025-07-15_10h27.01.014,Continuous_Psychophysics,2022.2.5,None,
1,0,1,0,,,,,,,,,,,17.822537899017334,0.20366598778004075,0.17820773930753564,2.60971215396778,3.482195561320358,1,,,,,,,,,435100,001,2025-07-15_10h27.01.014,Continuous_Psychophysics,2022.2.5,None,
1,0,1,0,,,,,,,,,,,17.8353431224823,0.20366598778004075,0.18228105906313646,2.3289090854658507,4.00094514965694,1,,,,,,,,,435100,001,2025-07-15_10h27.01.014,Continuous_Psychophysics,2022.2.5,None,
1,0,1,0,,,,,,,,,,,17.84005308151245,0.20162932790224034,0.18431771894093688,2.7268974040405194,3.9401447823412794,1,,,,,,,,,435100,001,2025-07-15_10h27.01.014,Continuous_Psychophysics,2022.2.5,None,
1,0,1,0,,,,,,,,,,,17.84404492378235,0.20162932790224034,0.18431771894093688,2.7478625729395327,3.91484619088179,1,,,,,,,,,435100,001,2025-07-15_10h27.01.014,Continuous_Psychophysics,2022.2.5,None,
1,0,1,0,,,,,,,,,,,17.8568377494812,0.1924643584521385,0.18737270875763748,2.833106753730109,4.211278748972418,1,,,,,,,,,435100,001,2025-07-15_10h27.01.014,Continuous_Psychophysics,2022.2.5,None,
1,0,1,0,,,,,,,,,,,17.860995054244995,0.1924643584521385,0.18737270875763748,2.763437744933951,4.295560385324732,1,,,,,,,,,435100,001,2025-07-15_10h27.01.014,Continuous_Psychophysics,2022.2.5,None,
1,0,1,0,,,,,,,,,,,17.87394881248474,0.18126272912423624,0.18737270875763748,3.3481297350082273,4.236378957106015,1,,,,,,,,,435100,001,2025-07-15_10h27.01.014,Continuous_Psychophysics,2022.2.5,None,
1,0,1,0,,,,,,,,,,,17.878202199935913,0.18126272912423624,0.18737270875763748,3.0208450140695158,4.120831402669344,1,,,,,,,,,435100,001,2025-07-15_10h27.01.014,Continuous_Psychophysics,2022.2.5,None,
1,0,1,0,,,,,,,,,,,17.890980005264282,0.17311608961303462,0.18737270875763748,3.2372019894139585,3.9550230142639493,1,,,,,,,,,435100,001,2025-07-15_10h27.01.014,Continuous_Psychophysics,2022.2.5,None,
1,0,1,0,,,,,,,,,,,17.89561104774475,0.17006109979633402,0.18737270875763748,3.028294377644293,4.63357833539911,1,,,,,,,,,435100,001,2025-07-15_10h27.01.014,Continuous_Psychophysics,2022.2.5,None,
1,0,1,0,,,,,,,,,,,17.908139944076538,0.1659877800407332,0.18737270875763748,2.4529823906950314,4.62499508398768,1,,,,,,,,,435100,001,2025-07-15_10h27.01.014,Continuous_Psychophysics,2022.2.5,None,
1,0,1,0,,,,,,,,,,,17.91283392906189,0.1629327902240326,0.18737270875763748,2.214001690700724,4.17720335480231,1,,,,,,,,,435100,001,2025-07-15_10h27.01.014,Continuous_Psychophysics,2022.2.5,None,
1,0,1,0,,,,,,,,,,,17.92521095275879,0.16089613034623218,0.18737270875763748,2.582368832770688,4.064957070406065,1,,,,,,,,,435100,001,2025-07-15_10h27.01.014,Continuous_Psychophysics,2022.2.5,None,
1,0,1,0,,,,,,,,,,,17.929874897003174,0.15885947046843177,0.18737270875763748,2.9033561610435066,3.7815372989787446,1,,,,,,,,,435100,001,2025-07-15_10h27.01.014,Continuous_Psychophysics,2022.2.5,None,
1,0,1,0,,,,,,,,,,,17.942803859710693,0.15784114052953158,0.18737270875763748,2.7600269960288406,4.372343605821853,1,,,,,,,,,435100,001,2025-07-15_10h27.01.014,Continuous_Psychophysics,2022.2.5,None,
1,0,1,0,,,,,,,,,,,17.94768190383911,0.15682281059063136,0.18737270875763748,2.7985123537306893,4.827566464421131,1,,,,,,,,,435100,001,2025-07-15_10h27.01.014,Continuous_Psychophysics,2022.2.5,None,
1,0,1,0,,,,,,,,,,,17.95259690284729,0.15580448065173116,0.18635437881873726,2.539792902703989,5.1727882364198905,1,,,,,,,,,435100,001,2025-07-15_10h27.01.014,Continuous_Psychophysics,2022.2.5,None,
1,0,1,0,,,,,,,,,,,17.96466302871704,0.15478615071283094,0.18533604887983707,2.443255876933563,5.012248337262311,1,,,,,,,,,435100,001,2025-07-15_10h27.01.014,Continuous_Psychophysics,2022.2.5,None,
1,0,1,0,,,,,,,,,,,17.969275951385498,0.15376782077393075,0.18329938900203666,2.648525583491527,5.145814702015055,1,,,,,,,,,435100,001,2025-07-15_10h27.01.014,Continuous_Psychophysics,2022.2.5,None,
1,0,1,0,,,,,,,,,,,17.981081008911133,0.15173116089613034,0.18024439918533605,2.0343810991873394,4.941157525225052,1,,,,,,,,,435100,001,2025-07-15_10h27.01.014,Continuous_Psychophysics,2022.2.5,None,
1,0,1,0,,,,,,,,,,,17.98602294921875,0.14969450101832993,0.17718940936863545,2.360594489945397,4.340814659856448,1,,,,,,,,,435100,001,2025-07-15_10h27.01.014,Continuous_Psychophysics,2022.2.5,None,
1,0,1,0,,,,,,,,,,,17.99861979484558,0.14663951120162932,0.17209775967413443,2.107511683162959,4.3724724682972305,1,,,,,,,,,435100,001,2025-07-15_10h27.01.014,Continuous_Psychophysics,2022.2.5,None,
1,0,1,0,,,,,,,,,,,18.003354787826538,0.14358452138492872,0.1680244399185336,2.400244565571134,4.3985561191878455,1,,,,,,,,,435100,001,2025-07-15_10h27.01.014,Continuous_Psychophysics,2022.2.5,None,
1,0,1,0,,,,,,,,,,,18.01580500602722,0.13747454175152748,0.15784114052953158,1.9208074010239582,4.31825213720088,1,,,,,,,,,435100,001,2025-07-15_10h27.01.014,Continuous_Psychophysics,2022.2.5,None,
1,0,1,0,,,,,,,,,,,18.01991605758667,0.13747454175152748,0.15784114052953158,1.9039973661545848,3.9471493773128286,1,,,,,,,,,435100,001,2025-07-15_10h27.01.014,Continuous_Psychophysics,2022.2.5,None,
1,0,1,0,,,,,,,,,,,18.032794952392578,0.13034623217922606,0.14867617107942974,1.89692835819735,3.917897147182776,1,,,,,,,,,435100,001,2025-07-15_10h27.01.014,Continuous_Psychophysics,2022.2.5,None,
1,0,1,0,,,,,,,,,,,18.03722596168518,0.13034623217922606,0.14867617107942974,1.5796628145351916,3.741000554224687,1,,,,,,,,,435100,001,2025-07-15_10h27.01.014,Continuous_Psychophysics,2022.2.5,None,
1,0,1,0,,,,,,,,,,,18.050071954727173,0.12525458248472504,0.14358452138492872,1.7356206890529804,3.8836465199974777,1,,,,,,,,,435100,001,2025-07-15_10h27.01.014,Continuous_Psychophysics,2022.2.5,None,
1,0,1,0,,,,,,,,,,,18.054532051086426,0.12525458248472504,0.14358452138492872,1.8337010673397323,4.190414341874933,1,,,,,,,,,435100,001,2025-07-15_10h27.01.014,Continuous_Psychophysics,2022.2.5,None,
1,0,1,0,,,,,,,,,,,18.0677170753479,0.12118126272912423,0.1395112016293279,1.7174338720297728,4.046189683990009,1,,,,,,,,,435100,001,2025-07-15_10h27.01.014,Continuous_Psychophysics,2022.2.5,None,
1,0,1,0,,,,,,,,,,,18.071830987930298,0.12118126272912423,0.1395112016293279,1.6444505581551065,4.144016330837426,1,,,,,,,,,435100,001,2025-07-15_10h27.01.014,Continuous_Psychophysics,2022.2.5,None,
1,0,1,0,,,,,,,,,,,18.084903955459595,0.11710794297352342,0.13747454175152748,1.6756102400850754,4.308545494761587,1,,,,,,,,,435100,001,2025-07-15_10h27.01.014,Continuous_Psychophysics,2022.2.5,None,
1,0,1,0,,,,,,,,,,,18.08944582939148,0.11507128309572301,0.13747454175152748,1.1830127689184593,5.0640821213827225,1,,,,,,,,,435100,001,2025-07-15_10h27.01.014,Continuous_Psychophysics,2022.2.5,None,
1,0,1,0,,,,,,,,,,,18.102138996124268,0.11405295315682282,0.13747454175152748,1.289828666516631,5.006947511632327,1,,,,,,,,,435100,001,2025-07-15_10h27.01.014,Continuous_Psychophysics,2022.2.5,None,
1,0,1,0,,,,,,,,,,,18.10659098625183,0.11303462321792261,0.13747454175152748,1.3341391617237977,5.260705934009399,1,,,,,,,,,435100,001,2025-07-15_10h27.01.014,Continuous_Psychophysics,2022.2.5,None,
1,0,1,0,,,,,,,,,,,18.110852003097534,0.11303462321792261,0.13747454175152748,1.2800339878815985,5.175889647850393,1,,,,,,,,,435100,001,2025-07-15_10h27.01.014,Continuous_Psychophysics,2022.2.5,None,
1,0,1,0,,,,,,,,,,,18.1234450340271,0.109979633401222,0.1384928716904277,1.7661848704162397,4.928814580965079,1,,,,,,,,,435100,001,2025-07-15_10h27.01.014,Continuous_Psychophysics,2022.2.5,None,
1,0,1,0,,,,,,,,,,,18.127826929092407,0.109979633401222,0.1384928716904277,2.0479260927469154,4.708475483888369,1,,,,,,,,,435100,001,2025-07-15_10h27.01.014,Continuous_Psychophysics,2022.2.5,None,
1,0,1,0,,,,,,,,,,,18.1408371925354,0.10896130346232179,0.14052953156822812,2.2888414390786758,4.354394945777436,1,,,,,,,,,435100,001,2025-07-15_10h27.01.014,Continuous_Psychophysics,2022.2.5,None,
1,0,1,0,,,,,,,,,,,18.14453387260437,0.10896130346232179,0.14052953156822812,2.4181497437248445,4.161859773866934,1,,,,,,,,,435100,001,2025-07-15_10h27.01.014,Continuous_Psychophysics,2022.2.5,None,
1,0,1,0,,,,,,,,,,,18.158082008361816,0.10692464358452139,0.1415478615071283,2.398256615404306,3.901836316381938,1,,,,,,,,,435100,001,2025-07-15_10h27.01.014,Continuous_Psychophysics,2022.2.5,None,
1,0,1,0,,,,,,,,,,,18.162449836730957,0.10590631364562118,0.1415478615071283,2.1987476536781134,3.3178819880914747,1,,,,,,,,,435100,001,2025-07-15_10h27.01.014,Continuous_Psychophysics,2022.2.5,None,
1,0,1,0,,,,,,,,,,,18.175145864486694,0.10488798370672098,0.1415478615071283,1.9334833925825339,3.0232394647050196,1,,,,,,,,,435100,001,2025-07-15_10h27.01.014,Continuous_Psychophysics,2022.2.5,None,
1,0,1,0,,,,,,,,,,,18.179131984710693,0.10386965376782077,0.1415478615071283,1.942222469156204,2.2807046115504606,1,,,,,,,,,435100,001,2025-07-15_10h27.01.014,Continuous_Psychophysics,2022.2.5,None,
1,0,1,0,,,,,,,,,,,18.19229793548584,0.10285132382892057,0.1415478615071283,1.976861700669637,2.1760109344182457,1,,,,,,,,,435100,001,2025-07-15_10h27.01.014,Continuous_Psychophysics,2022.2.5,None,
1,0,1,0,,,,,,,,,,,18.1972758769989,0.10081466395112017,0.1415478615071283,1.6563752015903792,2.4394875022321885,1,,,,,,,,,435100,001,2025-07-15_10h27.01.014,Continuous_Psychophysics,2022.2.5,None,
1,0,1,0,,,,,,,,,,,18.20944881439209,0.09979633401221996,0.1415478615071283,1.208685275023798,2.4084193674677516,1,,,,,,,,,435100,001,2025-07-15_10h27.01.014,Continuous_Psychophysics,2022.2.5,None,
1,0,1,0,,,,,,,,,,,18.21429991722107,0.09775967413441955,0.1415478615071283,1.1150980326202125,2.8173074925705346,1,,,,,,,,,435100,001,2025-07-15_10h27.01.014,Continuous_Psychophysics,2022.2.5,None,
1,0,1,0,,,,,,,,,,,18.219910860061646,0.09674134419551934,0.1415478615071283,1.4007956548421903,2.3304696473633615,1,,,,,,,,,435100,001,2025-07-15_10h27.01.014,Continuous_Psychophysics,2022.2.5,None,
1,0,1,0,,,,,,,,,,,18.23091411590576,0.09470468431771895,0.1415478615071283,1.38475568769833,2.117704800807122,1,,,,,,,,,435100,001,2025-07-15_10h27.01.014,Continuous_Psychophysics,2022.2.5,None,
1,0,1,0,,,,,,,,,,,18.2373948097229,0.09368635437881874,0.1415478615071283,1.4313565496251939,2.3157486605273316,1,,,,,,,,,435100,001,2025-07-15_10h27.01.014,Continuous_Psychophysics,2022.2.5,None,
1,0,1,0,,,,,,,,,,,18.248239994049072,0.09164969450101833,0.1415478615071283,1.3960520082172405,2.4355646593381,1,,,,,,,,,435100,001,2025-07-15_10h27.01.014,Continuous_Psychophysics,2022.2.5,None,
1,0,1,0,,,,,,,,,,,18.252713918685913,0.09164969450101833,0.1415478615071283,1.6494331205998805,2.6997068139466087,1,,,,,,,,,435100,001,2025-07-15_10h27.01.014,Continuous_Psychophysics,2022.2.5,None,
1,0,1,0,,,,,,,,,,,18.265295028686523,0.08757637474541752,0.1415478615071283,1.5768091266622277,2.8856275782064342,1,,,,,,,,,435100,001,2025-07-15_10h27.01.014,Continuous_Psychophysics,2022.2.5,None,
1,0,1,0,,,,,,,,,,,18.27004599571228,0.0855397148676171,0.1415478615071283,0.7310364699471184,2.5145730931053665,1,,,,,,,,,435100,001,2025-07-15_10h27.01.014,Continuous_Psychophysics,2022.2.5,None,
1,0,1,0,,,,,,,,,,,18.282426118850708,0.0814663951120163,0.14052953156822812,0.520570089959217,2.4814176674391746,1,,,,,,,,,435100,001,2025-07-15_10h27.01.014,Continuous_Psychophysics,2022.2.5,None,
1,0,1,0,,,,,,,,,,,18.286086797714233,0.0814663951120163,0.14052953156822812,0.6807215449935089,2.8629733279721568,1,,,,,,,,,435100,001,2025-07-15_10h27.01.014,Continuous_Psychophysics,2022.2.5,None,
1,0,1,0,,,,,,,,,,,18.29961585998535,0.07841140529531568,0.1384928716904277,0.4371066019670298,2.613799313099897,1,,,,,,,,,435100,001,2025-07-15_10h27.01.014,Continuous_Psychophysics,2022.2.5,None,
1,0,1,0,,,,,,,,,,,18.304187774658203,0.07841140529531568,0.1384928716904277,0.28900290532184814,2.6192748363346405,1,,,,,,,,,435100,001,2025-07-15_10h27.01.014,Continuous_Psychophysics,2022.2.5,None,
1,0,1,0,,,,,,,,,,,18.316768884658813,0.07433808553971487,0.1384928716904277,0.22741178760939476,2.3771355838635135,1,,,,,,,,,435100,001,2025-07-15_10h27.01.014,Continuous_Psychophysics,2022.2.5,None,
1,0,1,0,,,,,,,,,,,18.321285009384155,0.07433808553971487,0.1384928716904277,0.766284853236094,2.090447602319731,1,,,,,,,,,435100,001,2025-07-15_10h27.01.014,Continuous_Psychophysics,2022.2.5,None,
1,0,1,0,,,,,,,,,,,18.334635019302368,0.07230142566191446,0.13747454175152748,0.4002006633651319,1.8531743080193694,1,,,,,,,,,435100,001,2025-07-15_10h27.01.014,Continuous_Psychophysics,2022.2.5,None,
1,0,1,0,,,,,,,,,,,18.339588165283203,0.07128309572301425,0.13747454175152748,0.33899714868499575,1.8530214702094185,1,,,,,,,,,435100,001,2025-07-15_10h27.01.014,Continuous_Psychophysics,2022.2.5,None,
1,0,1,0,,,,,,,,,,,18.344244956970215,0.07128309572301425,0.13747454175152748,0.3989188548870147,1.6927759779130191,1,,,,,,,,,435100,001,2025-07-15_10h27.01.014,Continuous_Psychophysics,2022.2.5,None,
1,0,1,0,,,,,,,,,,,18.356385946273804,0.06924643584521385,0.13747454175152748,0.4790152980644863,1.8044863710387735,1,,,,,,,,,435100,001,2025-07-15_10h27.01.014,Continuous_Psychophysics,2022.2.5,None,
1,0,1,0,,,,,,,,,,,18.360974073410034,0.06924643584521385,0.13747454175152748,-0.19359655900278128,1.8402173059631084,1,,,,,,,,,435100,001,2025-07-15_10h27.01.014,Continuous_Psychophysics,2022.2.5,None,
1,0,1,0,,,,,,,,,,,18.37346601486206,0.06822810590631365,0.13747454175152748,0.10601184446792994,1.2141079571935252,1,,,,,,,,,435100,001,2025-07-15_10h27.01.014,Continuous_Psychophysics,2022.2.5,None,
1,0,1,0,,,,,,,,,,,18.381349086761475,0.06720977596741344,0.13747454175152748,-0.2622454519439651,0.9246512576050809,1,,,,,,,,,435100,001,2025-07-15_10h27.01.014,Continuous_Psychophysics,2022.2.5,None,
1,0,1,0,,,,,,,,,,,18.385639905929565,0.06720977596741344,0.13747454175152748,-0.60930986173542,0.8327908471163018,1,,,,,,,,,435100,001,2025-07-15_10h27.01.014,Continuous_Psychophysics,2022.2.5,None,
1,0,1,0,,,,,,,,,,,18.39859104156494,0.06619144602851323,0.13747454175152748,-0.715475624206971,0.8595644536286062,1,,,,,,,,,435100,001,2025-07-15_10h27.01.014,Continuous_Psychophysics,2022.2.5,None,
1,0,1,0,,,,,,,,,,,18.402134895324707,0.06619144602851323,0.13747454175152748,-0.9583315326118537,0.9542854858352571,1,,,,,,,,,435100,001,2025-07-15_10h27.01.014,Continuous_Psychophysics,2022.2.5,None,
1,0,1,0,,,,,,,,,,,18.415640115737915,0.06517311608961303,0.13747454175152748,-0.8019420201448773,1.1420664488090548,1,,,,,,,,,435100,001,2025-07-15_10h27.01.014,Continuous_Psychophysics,2022.2.5,None,
1,0,1,0,,,,,,,,,,,18.41885805130005,0.06517311608961303,0.13747454175152748,-0.851294220331311,0.6450513454642928,1,,,,,,,,,435100,001,2025-07-15_10h27.01.014,Continuous_Psychophysics,2022.2.5,None,
1,0,1,0,,,,,,,,,,,18.432811975479126,0.06313645621181263,0.1364562118126273,-0.7334931385897263,1.20533697699434,1,,,,,,,,,435100,001,2025-07-15_10h27.01.014,Continuous_Psychophysics,2022.2.5,None,
1,0,1,0,,,,,,,,,,,18.437278032302856,0.06109979633401222,0.13441955193482688,-0.5697937830639614,1.10934325656186,1,,,,,,,,,435100,001,2025-07-15_10h27.01.014,Continuous_Psychophysics,2022.2.5,None,
1,0,1,0,,,,,,,,,,,18.449624061584473,0.059063136456211814,0.13136456211812628,-0.7545678487245779,1.7194261931069899,1,,,,,,,,,435100,001,2025-07-15_10h27.01.014,Continuous_Psychophysics,2022.2.5,None,
1,0,1,0,,,,,,,,,,,18.453958988189697,0.0560081466395112,0.12830957230142567,-1.1974881300711628,2.312574482021592,1,,,,,,,,,435100,001,2025-07-15_10h27.01.014,Continuous_Psychophysics,2022.2.5,None,
1,0,1,0,,,,,,,,,,,18.4666428565979,0.05295315682281059,0.12321792260692464,-1.0388221432884874,2.510676009703305,1,,,,,,,,,435100,001,2025-07-15_10h27.01.014,Continuous_Psychophysics,2022.2.5,None,
1,0,1,0,,,,,,,,,,,18.46952795982361,0.04786150712830957,0.11914460285132383,-1.2652998079823534,2.573748176709229,1,,,,,,,,,435100,001,2025-07-15_10h27.01.014,Continuous_Psychophysics,2022.2.5,None,
1,0,1,0,,,,,,,,,,,18.483718872070312,0.04378818737270876,0.11303462321792261,-1.3603431584551773,2.4765949702893515,1,,,,,,,,,435100,001,2025-07-15_10h27.01.014,Continuous_Psychophysics,2022.2.5,None,
1,0,1,0,,,,,,,,,,,18.488015174865723,0.03971486761710794,0.1079429735234216,-1.3930517814926355,2.161464275370307,1,,,,,,,,,435100,001,2025-07-15_10h27.01.014,Continuous_Psychophysics,2022.2.5,None,
1,0,1,0,,,,,,,,,,,18.50133490562439,0.035641547861507125,0.10285132382892057,-0.9562943828503029,2.3653208986917864,1,,,,,,,,,435100,001,2025-07-15_10h27.01.014,Continuous_Psychophysics,2022.2.5,None,
1,0,1,0,,,,,,,,,,,18.506045818328857,0.031568228105906315,0.09877800407331976,-1.1779962566215485,2.3054178041311753,1,,,,,,,,,435100,001,2025-07-15_10h27.01.014,Continuous_Psychophysics,2022.2.5,None,
1,0,1,0,,,,,,,,,,,18.518562078475952,0.03054989816700611,0.09674134419551934,-1.0152150447458315,2.288794479618691,1,,,,,,,,,435100,001,2025-07-15_10h27.01.014,Continuous_Psychophysics,2022.2.5,None,
1,0,1,0,,,,,,,,,,,18.52311611175537,0.0274949083503055,0.09368635437881874,-1.0038821230536927,2.56103136118101,1,,,,,,,,,435100,001,2025-07-15_10h27.01.014,Continuous_Psychophysics,2022.2.5,None,
1,0,1,0,,,,,,,,,,,18.52768111228943,0.024439918533604887,0.09164969450101833,-0.5900912211336833,2.1017823686208645,1,,,,,,,,,435100,001,2025-07-15_10h27.01.014,Continuous_Psychophysics,2022.2.5,None,
1,0,1,0,,,,,,,,,,,18.53997302055359,0.02240325865580448,0.08961303462321792,-0.2591527049162542,1.7819019085626073,1,,,,,,,,,435100,001,2025-07-15_10h27.01.014,Continuous_Psychophysics,2022.2.5,None,
1,0,1,0,,,,,,,,,,,18.544304132461548,0.020366598778004074,0.08757637474541752,-0.18526295169923046,1.6583573225845967,1,,,,,,,,,435100,001,2025-07-15_10h27.01.014,Continuous_Psychophysics,2022.2.5,None,
1,0,1,0,,,,,,,,,,,18.55715775489807,0.017311608961303463,0.0845213849287169,-0.12012385029204738,1.7601190761376417,1,,,,,,,,,435100,001,2025-07-15_10h27.01.014,Continuous_Psychophysics,2022.2.5,None,
1,0,1,0,,,,,,,,,,,18.560892820358276,0.017311608961303463,0.0845213849287169,-0.5400207682002298,2.049613216915429,1,,,,,,,,,435100,001,2025-07-15_10h27.01.014,Continuous_Psychophysics,2022.2.5,None,
1,0,1,0,,,,,,,,,,,18.574172973632812,0.013238289205702648,0.0814663951120163,-0.4228711853420272,1.6674545003545975,1,,,,,,,,,435100,001,2025-07-15_10h27.01.014,Continuous_Psychophysics,2022.2.5,None,
1,0,1,0,,,,,,,,,,,18.578593015670776,0.013238289205702648,0.0814663951120163,-0.9525503153429069,1.7765145193281235,1,,,,,,,,,435100,001,2025-07-15_10h27.01.014,Continuous_Psychophysics,2022.2.5,None,
1,0,1,0,,,,,,,,,,,18.59131693840027,0.010183299389002037,0.07739307535641547,0.016955703382863452,1.5706533941678897,1,,,,,,,,,435100,001,2025-07-15_10h27.01.014,Continuous_Psychophysics,2022.2.5,None,
1,0,1,0,,,,,,,,,,,18.5954909324646,0.010183299389002037,0.07739307535641547,0.18664598466343524,1.8994779987830672,1,,,,,,,,,435100,001,2025-07-15_10h27.01.014,Continuous_Psychophysics,2022.2.5,None,
1,0,1,0,,,,,,,,,,,18.60872507095337,0.006109979633401222,0.07331975560081466,0.12826412065707465,1.3421281255085105,1,,,,,,,,,435100,001,2025-07-15_10h27.01.014,Continuous_Psychophysics,2022.2.5,None,
1,0,1,0,,,,,,,,,,,18.612798929214478,0.006109979633401222,0.07331975560081466,0.23418721488880395,1.7836435435257785,1,,,,,,,,,435100,001,2025-07-15_10h27.01.014,Continuous_Psychophysics,2022.2.5,None,
1,0,1,0,,,,,,,,,,,18.62580394744873,0.0010183299389002036,0.06822810590631365,0.033716049385379615,2.0934028860171874,1,,,,,,,,,435100,001,2025-07-15_10h27.01.014,Continuous_Psychophysics,2022.2.5,None,
1,0,1,0,,,,,,,,,,,18.630309104919434,-0.002036659877800407,0.06619144602851323,-0.155825320359528,1.5891107665367665,1,,,,,,,,,435100,001,2025-07-15_10h27.01.014,Continuous_Psychophysics,2022.2.5,None,
1,0,1,0,,,,,,,,,,,18.642849922180176,-0.003054989816700611,0.06517311608961303,-0.16065566789619048,1.688636584376337,1,,,,,,,,,435100,001,2025-07-15_10h27.01.014,Continuous_Psychophysics,2022.2.5,None,
1,0,1,0,,,,,,,,,,,18.647413969039917,-0.0050916496945010185,0.062118126272912425,-0.40806230744496774,1.3812196904618923,1,,,,,,,,,435100,001,2025-07-15_10h27.01.014,Continuous_Psychophysics,2022.2.5,None,
1,0,1,0,,,,,,,,,,,18.66000509262085,-0.007128309572301426,0.06008146639511202,-0.11677407488564862,1.241623518706154,1,,,,,,,,,435100,001,2025-07-15_10h27.01.014,Continuous_Psychophysics,2022.2.5,None,
1,0,1,0,,,,,,,,,,,18.664944171905518,-0.008146639511201629,0.05804480651731161,-0.11188553731019985,1.216044456842296,1,,,,,,,,,435100,001,2025-07-15_10h27.01.014,Continuous_Psychophysics,2022.2.5,None,
1,0,1,0,,,,,,,,,,,18.66914987564087,-0.008146639511201629,0.05804480651731161,-0.10060260580590834,0.9352580933264891,1,,,,,,,,,435100,001,2025-07-15_10h27.01.014,Continuous_Psychophysics,2022.2.5,None,
1,0,1,0,,,,,,,,,,,18.681734800338745,-0.01120162932790224,0.054989816700611,-0.102187300312571,1.284264122717289,1,,,,,,,,,435100,001,2025-07-15_10h27.01.014,Continuous_Psychophysics,2022.2.5,None,
1,0,1,0,,,,,,,,,,,18.686439990997314,-0.012219959266802444,0.0539714867617108,0.30567439086812903,1.3433067970070869,1,,,,,,,,,435100,001,2025-07-15_10h27.01.014,Continuous_Psychophysics,2022.2.5,None,
1,0,1,0,,,,,,,,,,,18.698837995529175,-0.013238289205702648,0.0539714867617108,-0.040851490112930156,1.813621460024953,1,,,,,,,,,435100,001,2025-07-15_10h27.01.014,Continuous_Psychophysics,2022.2.5,None,
1,0,1,0,,,,,,,,,,,18.70305609703064,-0.013238289205702648,0.05295315682281059,0.26833324289686544,1.7594913302164032,1,,,,,,,,,435100,001,2025-07-15_10h27.01.014,Continuous_Psychophysics,2022.2.5,None,
1,0,1,0,,,,,,,,,,,18.71606993675232,-0.014256619144602852,0.05295315682281059,0.2895091013420632,1.817414932193593,1,,,,,,,,,435100,001,2025-07-15_10h27.01.014,Continuous_Psychophysics,2022.2.5,None,
1,0,1,0,,,,,,,,,,,18.71902298927307,-0.014256619144602852,0.05295315682281059,0.26289645933983175,1.4693083958620858,1,,,,,,,,,435100,001,2025-07-15_10h27.01.014,Continuous_Psychophysics,2022.2.5,None,
1,0,1,0,,,,,,,,,,,18.733189821243286,-0.015274949083503055,0.051934826883910386,0.7742003938935007,1.302215036712984,1,,,,,,,,,435100,001,2025-07-15_10h27.01.014,Continuous_Psychophysics,2022.2.5,None,
1,0,1,0,,,,,,,,,,,18.737718105316162,-0.016293279022403257,0.051934826883910386,0.5546806408533701,1.6005768993094804,1,,,,,,,,,435100,001,2025-07-15_10h27.01.014,Continuous_Psychophysics,2022.2.5,None,
1,0,1,0,,,,,,,,,,,18.75043511390686,-0.016293279022403257,0.051934826883910386,0.4618008641091044,1.5916397808398437,1,,,,,,,,,435100,001,2025-07-15_10h27.01.014,Continuous_Psychophysics,2022.2.5,None,
1,0,1,0,,,,,,,,,,,18.754765033721924,-0.017311608961303463,0.051934826883910386,0.5825105632175049,1.7993010866623873,1,,,,,,,,,435100,001,2025-07-15_10h27.01.014,Continuous_Psychophysics,2022.2.5,None,
1,0,1,0,,,,,,,,,,,18.767515897750854,-0.018329938900203666,0.05091649694501019,0.6383923819005252,1.4534819903082927,1,,,,,,,,,435100,001,2025-07-15_10h27.01.014,Continuous_Psychophysics,2022.2.5,None,
1,0,1,0,,,,,,,,,,,18.772286891937256,-0.019348268839103868,0.05091649694501019,1.4508436492991268,1.194438563516563,1,,,,,,,,,435100,001,2025-07-15_10h27.01.014,Continuous_Psychophysics,2022.2.5,None,
1,0,1,0,,,,,,,,,,,18.78486919403076,-0.019348268839103868,0.05091649694501019,0.8557008535771774,1.048691195360654,1,,,,,,,,,435100,001,2025-07-15_10h27.01.014,Continuous_Psychophysics,2022.2.5,None,
1,0,1,0,,,,,,,,,,,18.7894389629364,-0.020366598778004074,0.04989816700610998,0.570240308351081,0.4411617025601162,1,,,,,,,,,435100,001,2025-07-15_10h27.01.014,Continuous_Psychophysics,2022.2.5,None,
1,0,1,0,,,,,,,,,,,18.794487953186035,-0.021384928716904276,0.04989816700610998,1.18716958168345,0.7255845964295946,1,,,,,,,,,435100,001,2025-07-15_10h27.01.014,Continuous_Psychophysics,2022.2.5,None,
1,0,1,0,,,,,,,,,,,18.806596994400024,-0.02240325865580448,0.04989816700610998,1.1793879514155658,0.8383224073940939,1,,,,,,,,,435100,001,2025-07-15_10h27.01.014,Continuous_Psychophysics,2022.2.5,None,
1,0,1,0,,,,,,,,,,,18.811156034469604,-0.02240325865580448,0.04989816700610998,1.435565768096635,1.157769054848634,1,,,,,,,,,435100,001,2025-07-15_10h27.01.014,Continuous_Psychophysics,2022.2.5,None,
1,0,1,0,,,,,,,,,,,18.82340979576111,-0.023421588594704685,0.04989816700610998,1.1247925696508654,1.3755967839791265,1,,,,,,,,,435100,001,2025-07-15_10h27.01.014,Continuous_Psychophysics,2022.2.5,None,
1,0,1,0,,,,,,,,,,,18.82718586921692,-0.023421588594704685,0.04989816700610998,1.617625758858496,0.9852230247193985,1,,,,,,,,,435100,001,2025-07-15_10h27.01.014,Continuous_Psychophysics,2022.2.5,None,
1,0,1,0,,,,,,,,,,,18.840426921844482,-0.024439918533604887,0.04989816700610998,2.048130191947766,1.029006027416752,1,,,,,,,,,435100,001,2025-07-15_10h27.01.014,Continuous_Psychophysics,2022.2.5,None,
1,0,1,0,,,,,,,,,,,18.84362006187439,-0.024439918533604887,0.04989816700610998,1.828282528888902,1.2822111514092729,1,,,,,,,,,435100,001,2025-07-15_10h27.01.014,Continuous_Psychophysics,2022.2.5,None,
1,0,1,0,,,,,,,,,,,18.85747981071472,-0.024439918533604887,0.04989816700610998,1.8097447119409298,1.428500228748735,1,,,,,,,,,435100,001,2025-07-15_10h27.01.014,Continuous_Psychophysics,2022.2.5,None,
1,0,1,0,,,,,,,,,,,18.86064314842224,-0.024439918533604887,0.04989816700610998,1.6604799949887368,1.0524565908874914,1,,,,,,,,,435100,001,2025-07-15_10h27.01.014,Continuous_Psychophysics,2022.2.5,None,
1,0,1,0,,,,,,,,,,,18.874260902404785,-0.024439918533604887,0.04989816700610998,1.5903019367396185,1.13044097506476,1,,,,,,,,,435100,001,2025-07-15_10h27.01.014,Continuous_Psychophysics,2022.2.5,None,
1,0,1,0,,,,,,,,,,,18.876589059829712,-0.024439918533604887,0.04989816700610998,1.256583765892804,0.991264474195913,1,,,,,,,,,435100,001,2025-07-15_10h27.01.014,Continuous_Psychophysics,2022.2.5,None,
1,0,1,0,,,,,,,,,,,18.891143798828125,-0.024439918533604887,0.04989816700610998,1.5087493926113824,1.1733278928225874,1,,,,,,,,,435100,001,2025-07-15_10h27.01.014,Continuous_Psychophysics,2022.2.5,None,
1,0,1,0,,,,,,,,,,,18.89347505569458,-0.024439918533604887,0.04989816700610998,1.421462734176372,0.5989435182654064,1,,,,,,,,,435100,001,2025-07-15_10h27.01.014,Continuous_Psychophysics,2022.2.5,None,
1,0,1,0,,,,,,,,,,,18.908225059509277,-0.024439918533604887,0.04989816700610998,1.766696727791699,0.30370144963976936,1,,,,,,,,,435100,001,2025-07-15_10h27.01.014,Continuous_Psychophysics,2022.2.5,None,
1,0,1,0,,,,,,,,,,,18.910308122634888,-0.024439918533604887,0.04989816700610998,1.158601285816573,0.5804898794062299,1,,,,,,,,,435100,001,2025-07-15_10h27.01.014,Continuous_Psychophysics,2022.2.5,None,
1,0,1,0,,,,,,,,,,,18.924875020980835,-0.024439918533604887,0.04989816700610998,1.3409323475308041,0.564349857192854,1,,,,,,,,,435100,001,2025-07-15_10h27.01.014,Continuous_Psychophysics,2022.2.5,None,
1,0,1,0,,,,,,,,,,,18.927170991897583,-0.024439918533604887,0.04989816700610998,1.0903849492748892,0.984041228256801,1,,,,,,,,,435100,001,2025-07-15_10h27.01.014,Continuous_Psychophysics,2022.2.5,None,
1,0,1,0,,,,,,,,,,,18.94206404685974,-0.024439918533604887,0.04989816700610998,1.1523412091593752,0.8652046975134637,1,,,,,,,,,435100,001,2025-07-15_10h27.01.014,Continuous_Psychophysics,2022.2.5,None,
1,0,1,0,,,,,,,,,,,18.944382905960083,-0.024439918533604887,0.04989816700610998,0.44988595141389653,1.33167522750256,1,,,,,,,,,435100,001,2025-07-15_10h27.01.014,Continuous_Psychophysics,2022.2.5,None,
1,0,1,0,,,,,,,,,,,18.96060276031494,-0.023421588594704685,0.04989816700610998,0.2559467720150555,0.9194831269987949,1,,,,,,,,,435100,001,2025-07-15_10h27.01.014,Continuous_Psychophysics,2022.2.5,None,
1,0,1,0,,,,,,,,,,,18.964539766311646,-0.023421588594704685,0.04989816700610998,0.26321016263301106,0.9582021079628814,1,,,,,,,,,435100,001,2025-07-15_10h27.01.014,Continuous_Psychophysics,2022.2.5,None,
1,0,1,0,,,,,,,,,,,18.978333950042725,-0.02240325865580448,0.04989816700610998,0.5418560987169629,1.425018293560131,1,,,,,,,,,435100,001,2025-07-15_10h27.01.014,Continuous_Psychophysics,2022.2.5,None,
1,0,1,0,,,,,,,,,,,18.98228406906128,-0.02240325865580448,0.04989816700610998,0.2906928483781567,1.6118884543737748,1,,,,,,,,,435100,001,2025-07-15_10h27.01.014,Continuous_Psychophysics,2022.2.5,None,
1,0,1,0,,,,,,,,,,,18.98484706878662,-0.02240325865580448,0.04989816700610998,0.0868369375112211,1.9173380915922236,1,,,,,,,,,435100,001,2025-07-15_10h27.01.014,Continuous_Psychophysics,2022.2.5,None,
1,0,1,0,,,,,,,,,,,18.998673915863037,-0.020366598778004074,0.04989816700610998,0.16642381581169746,2.390765544979942,1,,,,,,,,,435100,001,2025-07-15_10h27.01.014,Continuous_Psychophysics,2022.2.5,None,
1,0,1,0,,,,,,,,,,,19.00169014930725,-0.019348268839103868,0.04989816700610998,0.12282654742457798,2.4461485641522995,1,,,,,,,,,435100,001,2025-07-15_10h27.01.014,Continuous_Psychophysics,2022.2.5,None,
1,0,1,0,,,,,,,,,,,19.01555895805359,-0.018329938900203666,0.04989816700610998,0.4734355488686471,2.0703918433673985,1,,,,,,,,,435100,001,2025-07-15_10h27.01.014,Continuous_Psychophysics,2022.2.5,None,
1,0,1,0,,,,,,,,,,,19.018549919128418,-0.015274949083503055,0.04989816700610998,0.11865254916890644,2.12143142837117,1,,,,,,,,,435100,001,2025-07-15_10h27.01.014,Continuous_Psychophysics,2022.2.5,None,
1,0,1,0,,,,,,,,,,,19.03243398666382,-0.014256619144602852,0.04989816700610998,0.11911525051394113,2.3060865965887802,1,,,,,,,,,435100,001,2025-07-15_10h27.01.014,Continuous_Psychophysics,2022.2.5,None,
1,0,1,0,,,,,,,,,,,19.03496503829956,-0.01120162932790224,0.04989816700610998,-0.07770798532555974,2.100799681488565,1,,,,,,,,,435100,001,2025-07-15_10h27.01.014,Continuous_Psychophysics,2022.2.5,None,
1,0,1,0,,,,,,,,,,,19.049383878707886,-0.008146639511201629,0.04989816700610998,-0.009786339920852566,2.487753994627965,1,,,,,,,,,435100,001,2025-07-15_10h27.01.014,Continuous_Psychophysics,2022.2.5,None,
1,0,1,0,,,,,,,,,,,19.05180597305298,-0.004073319755600814,0.04989816700610998,0.00181605164015043,2.556122015098108,1,,,,,,,,,435100,001,2025-07-15_10h27.01.014,Continuous_Psychophysics,2022.2.5,None,
1,0,1,0,,,,,,,,,,,19.067501068115234,0.002036659877800407,0.04989816700610998,0.2446552233432836,2.3769862368663786,1,,,,,,,,,435100,001,2025-07-15_10h27.01.014,Continuous_Psychophysics,2022.2.5,None,
1,0,1,0,,,,,,,,,,,19.070202112197876,0.002036659877800407,0.04989816700610998,0.07823722348790249,1.9897585826043929,1,,,,,,,,,435100,001,2025-07-15_10h27.01.014,Continuous_Psychophysics,2022.2.5,None,
1,0,1,0,,,,,,,,,,,19.084882974624634,0.008146639511201629,0.04989816700610998,-0.1709121103932928,2.094085730017658,1,,,,,,,,,435100,001,2025-07-15_10h27.01.014,Continuous_Psychophysics,2022.2.5,None,
1,0,1,0,,,,,,,,,,,19.08748483657837,0.008146639511201629,0.04989816700610998,-0.14265719615398548,1.910540053146353,1,,,,,,,,,435100,001,2025-07-15_10h27.01.014,Continuous_Psychophysics,2022.2.5,None,
1,0,1,0,,,,,,,,,,,19.102349042892456,0.013238289205702648,0.04989816700610998,0.09779506919417402,1.9830086109204053,1,,,,,,,,,435100,001,2025-07-15_10h27.01.014,Continuous_Psychophysics,2022.2.5,None,
1,0,1,0,,,,,,,,,,,19.105361938476562,0.013238289205702648,0.04989816700610998,0.15969684275135415,1.9795842820922862,1,,,,,,,,,435100,001,2025-07-15_10h27.01.014,Continuous_Psychophysics,2022.2.5,None,
1,0,1,0,,,,,,,,,,,19.119730949401855,0.018329938900203666,0.048879837067209775,0.37848074725392167,1.9305236166176247,1,,,,,,,,,435100,001,2025-07-15_10h27.01.014,Continuous_Psychophysics,2022.2.5,None,
1,0,1,0,,,,,,,,,,,19.122797966003418,0.018329938900203666,0.048879837067209775,0.5027634380324976,1.7446398824968457,1,,,,,,,,,435100,001,2025-07-15_10h27.01.014,Continuous_Psychophysics,2022.2.5,None,
1,0,1,0,,,,,,,,,,,19.137221097946167,0.021384928716904276,0.048879837067209775,0.365794001791974,2.029317573588641,1,,,,,,,,,435100,001,2025-07-15_10h27.01.014,Continuous_Psychophysics,2022.2.5,None,
1,0,1,0,,,,,,,,,,,19.14060688018799,0.023421588594704685,0.048879837067209775,0.2018027579803313,2.494210720203854,1,,,,,,,,,435100,001,2025-07-15_10h27.01.014,Continuous_Psychophysics,2022.2.5,None,
1,0,1,0,,,,,,,,,,,19.14361810684204,0.023421588594704685,0.048879837067209775,-0.2907779522198982,2.4901387490909945,1,,,,,,,,,435100,001,2025-07-15_10h27.01.014,Continuous_Psychophysics,2022.2.5,None,
1,0,1,0,,,,,,,,,,,19.157107830047607,0.025458248472505093,0.04786150712830957,0.12482312744255886,2.3838003256203404,1,,,,,,,,,435100,001,2025-07-15_10h27.01.014,Continuous_Psychophysics,2022.2.5,None,
1,0,1,0,,,,,,,,,,,19.159898042678833,0.025458248472505093,0.04786150712830957,0.01969995241356305,2.1128582759717096,1,,,,,,,,,435100,001,2025-07-15_10h27.01.014,Continuous_Psychophysics,2022.2.5,None,
1,0,1,0,,,,,,,,,,,19.17576813697815,0.026476578411405296,0.04684317718940937,-0.7850844283443729,2.309758924945871,1,,,,,,,,,435100,001,2025-07-15_10h27.01.014,Continuous_Psychophysics,2022.2.5,None,
1,0,1,0,,,,,,,,,,,19.179626941680908,0.026476578411405296,0.04684317718940937,-0.915867229276839,2.334285362625578,1,,,,,,,,,435100,001,2025-07-15_10h27.01.014,Continuous_Psychophysics,2022.2.5,None,
1,0,1,0,,,,,,,,,,,19.19330096244812,0.0274949083503055,0.045824847250509164,-1.2842808116534994,2.1490341944063975,1,,,,,,,,,435100,001,2025-07-15_10h27.01.014,Continuous_Psychophysics,2022.2.5,None,
1,0,1,0,,,,,,,,,,,19.197674989700317,0.0274949083503055,0.04480651731160896,-1.267669817904394,2.383955273829335,1,,,,,,,,,435100,001,2025-07-15_10h27.01.014,Continuous_Psychophysics,2022.2.5,None,
1,0,1,0,,,,,,,,,,,19.21091604232788,0.028513238289205704,0.04480651731160896,-1.355003370055476,3.0256637668578,1,,,,,,,,,435100,001,2025-07-15_10h27.01.014,Continuous_Psychophysics,2022.2.5,None,
1,0,1,0,,,,,,,,,,,19.21507501602173,0.028513238289205704,0.04378818737270876,-1.310314137702381,3.0735806819914404,1,,,,,,,,,435100,001,2025-07-15_10h27.01.014,Continuous_Psychophysics,2022.2.5,None,
1,0,1,0,,,,,,,,,,,19.219041109085083,0.028513238289205704,0.04378818737270876,-0.9788998924837184,2.9437060937714294,1,,,,,,,,,435100,001,2025-07-15_10h27.01.014,Continuous_Psychophysics,2022.2.5,None,
1,0,1,0,,,,,,,,,,,19.232547998428345,0.028513238289205704,0.04378818737270876,-1.2177645615021622,3.0435886220310766,1,,,,,,,,,435100,001,2025-07-15_10h27.01.014,Continuous_Psychophysics,2022.2.5,None,
1,0,1,0,,,,,,,,,,,19.2365140914917,0.028513238289205704,0.04378818737270876,-1.5610287100574325,3.095854374981803,1,,,,,,,,,435100,001,2025-07-15_10h27.01.014,Continuous_Psychophysics,2022.2.5,None,
1,0,1,0,,,,,,,,,,,19.249776124954224,0.028513238289205704,0.04378818737270876,-1.4539908686798084,3.3863403895732502,1,,,,,,,,,435100,001,2025-07-15_10h27.01.014,Continuous_Psychophysics,2022.2.5,None,
1,0,1,0,,,,,,,,,,,19.254186868667603,0.028513238289205704,0.04378818737270876,-1.7745511646775034,3.1459229650029625,1,,,,,,,,,435100,001,2025-07-15_10h27.01.014,Continuous_Psychophysics,2022.2.5,None,
1,0,1,0,,,,,,,,,,,19.267793893814087,0.028513238289205704,0.04378818737270876,-1.4426679777882396,2.7958720681441456,1,,,,,,,,,435100,001,2025-07-15_10h27.01.014,Continuous_Psychophysics,2022.2.5,None,
1,0,1,0,,,,,,,,,,,19.27244210243225,0.0274949083503055,0.04378818737270876,-1.5217169779589144,2.9755074030820716,1,,,,,,,,,435100,001,2025-07-15_10h27.01.014,Continuous_Psychophysics,2022.2.5,None,
1,0,1,0,,,,,,,,,,,19.285456895828247,0.0274949083503055,0.04480651731160896,-1.562218262576467,2.745805209038351,1,,,,,,,,,435100,001,2025-07-15_10h27.01.014,Continuous_Psychophysics,2022.2.5,None,
1,0,1,0,,,,,,,,,,,19.29033899307251,0.026476578411405296,0.045824847250509164,-1.1210160762928334,3.147632104968648,1,,,,,,,,,435100,001,2025-07-15_10h27.01.014,Continuous_Psychophysics,2022.2.5,None,
1,0,1,0,,,,,,,,,,,19.29514503479004,0.025458248472505093,0.04684317718940937,-1.5968727287206943,3.0844028668568053,1,,,,,,,,,435100,001,2025-07-15_10h27.01.014,Continuous_Psychophysics,2022.2.5,None,
1,0,1,0,,,,,,,,,,,19.307559967041016,0.024439918533604887,0.04786150712830957,-1.423134442097887,3.1943457272771,1,,,,,,,,,435100,001,2025-07-15_10h27.01.014,Continuous_Psychophysics,2022.2.5,None,
1,0,1,0,,,,,,,,,,,19.311269760131836,0.024439918533604887,0.04786150712830957,-1.5092746425120598,3.455863450126901,1,,,,,,,,,435100,001,2025-07-15_10h27.01.014,Continuous_Psychophysics,2022.2.5,None,
1,0,1,0,,,,,,,,,,,19.32467293739319,0.023421588594704685,0.048879837067209775,-1.2788895360829877,3.0276759079736855,1,,,,,,,,,435100,001,2025-07-15_10h27.01.014,Continuous_Psychophysics,2022.2.5,None,
1,0,1,0,,,,,,,,,,,19.329203844070435,0.02240325865580448,0.048879837067209775,-0.9989841621178328,3.1905249688899606,1,,,,,,,,,435100,001,2025-07-15_10h27.01.014,Continuous_Psychophysics,2022.2.5,None,
1,0,1,0,,,,,,,,,,,19.341980934143066,0.02240325865580448,0.048879837067209775,-0.9147608418487989,3.7096996812062066,1,,,,,,,,,435100,001,2025-07-15_10h27.01.014,Continuous_Psychophysics,2022.2.5,None,
1,0,1,0,,,,,,,,,,,19.346654891967773,0.021384928716904276,0.04989816700610998,-0.8934869873702931,3.7402867600506156,1,,,,,,,,,435100,001,2025-07-15_10h27.01.014,Continuous_Psychophysics,2022.2.5,None,
1,0,1,0,,,,,,,,,,,19.359065055847168,0.020366598778004074,0.05091649694501019,-0.6029519791986568,3.8991156086097742,1,,,,,,,,,435100,001,2025-07-15_10h27.01.014,Continuous_Psychophysics,2022.2.5,None,
1,0,1,0,,,,,,,,,,,19.36353898048401,0.020366598778004074,0.05091649694501019,-0.30659531834746734,4.344400986493438,1,,,,,,,,,435100,001,2025-07-15_10h27.01.014,Continuous_Psychophysics,2022.2.5,None,
1,0,1,0,,,,,,,,,,,19.376376152038574,0.019348268839103868,0.05091649694501019,-0.6623945860124385,4.3511454402800025,1,,,,,,,,,435100,001,2025-07-15_10h27.01.014,Continuous_Psychophysics,2022.2.5,None,
1,0,1,0,,,,,,,,,,,19.380863904953003,0.019348268839103868,0.05091649694501019,-0.13087185681325586,4.335449863309061,1,,,,,,,,,435100,001,2025-07-15_10h27.01.014,Continuous_Psychophysics,2022.2.5,None,
1,0,1,0,,,,,,,,,,,19.38607883453369,0.019348268839103868,0.051934826883910386,-0.6090767930299184,4.289376627888038,1,,,,,,,,,435100,001,2025-07-15_10h27.01.014,Continuous_Psychophysics,2022.2.5,None,
1,0,1,0,,,,,,,,,,,19.39824414253235,0.019348268839103868,0.051934826883910386,-0.08479581561249039,4.428540641554916,1,,,,,,,,,435100,001,2025-07-15_10h27.01.014,Continuous_Psychophysics,2022.2.5,None,
1,0,1,0,,,,,,,,,,,19.402577877044678,0.019348268839103868,0.051934826883910386,0.25913569232314526,5.027629474246516,1,,,,,,,,,435100,001,2025-07-15_10h27.01.014,Continuous_Psychophysics,2022.2.5,None,
1,0,1,0,,,,,,,,,,,19.41503596305847,0.019348268839103868,0.05295315682281059,-0.08109088279403814,4.942545905423695,1,,,,,,,,,435100,001,2025-07-15_10h27.01.014,Continuous_Psychophysics,2022.2.5,None,
1,0,1,0,,,,,,,,,,,19.419627904891968,0.019348268839103868,0.05295315682281059,0.026704228514565928,5.738591997532971,1,,,,,,,,,435100,001,2025-07-15_10h27.01.014,Continuous_Psychophysics,2022.2.5,None,
1,0,1,0,,,,,,,,,,,19.432398080825806,0.018329938900203666,0.05295315682281059,-0.17225892554523348,5.4256710055568425,1,,,,,,,,,435100,001,2025-07-15_10h27.01.014,Continuous_Psychophysics,2022.2.5,None,
1,0,1,0,,,,,,,,,,,19.435781955718994,0.018329938900203666,0.05295315682281059,-0.03558662222045178,5.038459737762829,1,,,,,,,,,435100,001,2025-07-15_10h27.01.014,Continuous_Psychophysics,2022.2.5,None,
1,0,1,0,,,,,,,,,,,19.449713945388794,0.017311608961303463,0.0539714867617108,0.31008904975150614,4.871692859607963,1,,,,,,,,,435100,001,2025-07-15_10h27.01.014,Continuous_Psychophysics,2022.2.5,None,
1,0,1,0,,,,,,,,,,,19.454360961914062,0.017311608961303463,0.0539714867617108,0.006588226465252589,4.627942804613704,1,,,,,,,,,435100,001,2025-07-15_10h27.01.014,Continuous_Psychophysics,2022.2.5,None,
1,0,1,0,,,,,,,,,,,19.466662883758545,0.017311608961303463,0.054989816700611,0.4052224305733671,4.380457265978694,1,,,,,,,,,435100,001,2025-07-15_10h27.01.014,Continuous_Psychophysics,2022.2.5,None,
1,0,1,0,,,,,,,,,,,19.471193075180054,0.016293279022403257,0.054989816700611,0.22890271172469778,4.777790179402802,1,,,,,,,,,435100,001,2025-07-15_10h27.01.014,Continuous_Psychophysics,2022.2.5,None,
1,0,1,0,,,,,,,,,,,19.48374915122986,0.015274949083503055,0.0560081466395112,0.2502680507668081,4.5470212806650725,1,,,,,,,,,435100,001,2025-07-15_10h27.01.014,Continuous_Psychophysics,2022.2.5,None,
1,0,1,0,,,,,,,,,,,19.488430976867676,0.014256619144602852,0.05702647657841141,0.17441064756140306,4.4211331107201755,1,,,,,,,,,435100,001,2025-07-15_10h27.01.014,Continuous_Psychophysics,2022.2.5,None,
1,0,1,0,,,,,,,,,,,19.500854015350342,0.013238289205702648,0.05702647657841141,0.3506280784774416,4.155350559254492,1,,,,,,,,,435100,001,2025-07-15_10h27.01.014,Continuous_Psychophysics,2022.2.5,None,
1,0,1,0,,,,,,,,,,,19.505284070968628,0.012219959266802444,0.05804480651731161,0.20520859949501044,4.099646534920803,1,,,,,,,,,435100,001,2025-07-15_10h27.01.014,Continuous_Psychophysics,2022.2.5,None,
1,0,1,0,,,,,,,,,,,19.51832914352417,0.01120162932790224,0.059063136456211814,0.13805975502687895,3.6790594681240782,1,,,,,,,,,435100,001,2025-07-15_10h27.01.014,Continuous_Psychophysics,2022.2.5,None,
1,0,1,0,,,,,,,,,,,19.52305293083191,0.009164969450101833,0.06008146639511202,0.8460468705798875,4.0215363383305265,1,,,,,,,,,435100,001,2025-07-15_10h27.01.014,Continuous_Psychophysics,2022.2.5,None,
1,0,1,0,,,,,,,,,,,19.5277419090271,0.008146639511201629,0.06109979633401222,0.5751205136769035,4.407711227087445,1,,,,,,,,,435100,001,2025-07-15_10h27.01.014,Continuous_Psychophysics,2022.2.5,None,
1,0,1,0,,,,,,,,,,,19.540035009384155,0.006109979633401222,0.06313645621181263,0.7586843725910393,4.871941357756571,1,,,,,,,,,435100,001,2025-07-15_10h27.01.014,Continuous_Psychophysics,2022.2.5,None,
1,0,1,0,,,,,,,,,,,19.544227123260498,0.0050916496945010185,0.06517311608961303,0.9357414335549565,5.2058486638065915,1,,,,,,,,,435100,001,2025-07-15_10h27.01.014,Continuous_Psychophysics,2022.2.5,None,
1,0,1,0,,,,,,,,,,,19.557141065597534,0.004073319755600814,0.06720977596741344,0.9433342509442557,5.207750458345631,1,,,,,,,,,435100,001,2025-07-15_10h27.01.014,Continuous_Psychophysics,2022.2.5,None,
1,0,1,0,,,,,,,,,,,19.56181502342224,0.003054989816700611,0.06924643584521385,0.980386441313009,4.423736910575803,1,,,,,,,,,435100,001,2025-07-15_10h27.01.014,Continuous_Psychophysics,2022.2.5,None,
1,0,1,0,,,,,,,,,,,19.574177980422974,0.002036659877800407,0.07230142566191446,1.4148177508266548,4.579001333243233,1,,,,,,,,,435100,001,2025-07-15_10h27.01.014,Continuous_Psychophysics,2022.2.5,None,
1,0,1,0,,,,,,,,,,,19.577516078948975,0.002036659877800407,0.07535641547861507,1.33198958983969,4.416237116821054,1,,,,,,,,,435100,001,2025-07-15_10h27.01.014,Continuous_Psychophysics,2022.2.5,None,
1,0,1,0,,,,,,,,,,,19.59157395362854,0.002036659877800407,0.07942973523421588,2.2275401394240406,4.24614411850129,1,,,,,,,,,435100,001,2025-07-15_10h27.01.014,Continuous_Psychophysics,2022.2.5,None,
1,0,1,0,,,,,,,,,,,19.596441984176636,0.002036659877800407,0.0814663951120163,2.4799932546633605,4.702663771589781,1,,,,,,,,,435100,001,2025-07-15_10h27.01.014,Continuous_Psychophysics,2022.2.5,None,
1,0,1,0,,,,,,,,,,,19.609158992767334,0.002036659877800407,0.08757637474541752,2.3878957518632142,4.7880977309281025,1,,,,,,,,,435100,001,2025-07-15_10h27.01.014,Continuous_Psychophysics,2022.2.5,None,
1,0,1,0,,,,,,,,,,,19.613797187805176,0.002036659877800407,0.08757637474541752,2.4024761286973417,4.801524153666096,1,,,,,,,,,435100,001,2025-07-15_10h27.01.014,Continuous_Psychophysics,2022.2.5,None,
1,0,1,0,,,,,,,,,,,19.62611413002014,0.002036659877800407,0.09674134419551934,2.552942916152326,5.299426879317099,1,,,,,,,,,435100,001,2025-07-15_10h27.01.014,Continuous_Psychophysics,2022.2.5,None,
1,0,1,0,,,,,,,,,,,19.630903005599976,0.002036659877800407,0.09674134419551934,1.9665299161337928,5.562058704152528,1,,,,,,,,,435100,001,2025-07-15_10h27.01.014,Continuous_Psychophysics,2022.2.5,None,
1,0,1,0,,,,,,,,,,,19.63584303855896,0.002036659877800407,0.10081466395112017,1.996539853072629,5.5950031698259926,1,,,,,,,,,435100,001,2025-07-15_10h27.01.014,Continuous_Psychophysics,2022.2.5,None,
1,0,1,0,,,,,,,,,,,19.648104906082153,0.002036659877800407,0.10285132382892057,1.8884281150519076,5.355015961444072,1,,,,,,,,,435100,001,2025-07-15_10h27.01.014,Continuous_Psychophysics,2022.2.5,None,
1,0,1,0,,,,,,,,,,,19.652649879455566,0.002036659877800407,0.10285132382892057,1.6601570048262841,5.252145181812161,1,,,,,,,,,435100,001,2025-07-15_10h27.01.014,Continuous_Psychophysics,2022.2.5,None,
1,0,1,0,,,,,,,,,,,19.664767026901245,0.002036659877800407,0.10285132382892057,1.5777984080857228,4.846295674897174,1,,,,,,,,,435100,001,2025-07-15_10h27.01.014,Continuous_Psychophysics,2022.2.5,None,
1,0,1,0,,,,,,,,,,,19.669224977493286,0.002036659877800407,0.10285132382892057,1.8522247948240498,4.791195018432317,1,,,,,,,,,435100,001,2025-07-15_10h27.01.014,Continuous_Psychophysics,2022.2.5,None,
1,0,1,0,,,,,,,,,,,19.68203377723694,0.002036659877800407,0.10285132382892057,1.9298884820241373,5.175735792503962,1,,,,,,,,,435100,001,2025-07-15_10h27.01.014,Continuous_Psychophysics,2022.2.5,None,
1,0,1,0,,,,,,,,,,,19.685736894607544,0.002036659877800407,0.10285132382892057,1.7103753076010249,5.202132945294043,1,,,,,,,,,435100,001,2025-07-15_10h27.01.014,Continuous_Psychophysics,2022.2.5,None,
1,0,1,0,,,,,,,,,,,19.699098825454712,0.002036659877800407,0.10285132382892057,1.3649210223268933,5.261800977844411,1,,,,,,,,,435100,001,2025-07-15_10h27.01.014,Continuous_Psychophysics,2022.2.5,None,
1,0,1,0,,,,,,,,,,,19.702152967453003,0.002036659877800407,0.10285132382892057,1.7408960136703802,4.991633810334106,1,,,,,,,,,435100,001,2025-07-15_10h27.01.014,Continuous_Psychophysics,2022.2.5,None,
1,0,1,0,,,,,,,,,,,19.716208934783936,0.002036659877800407,0.10285132382892057,1.8050058501672832,5.292504479638287,1,,,,,,,,,435100,001,2025-07-15_10h27.01.014,Continuous_Psychophysics,2022.2.5,None,
1,0,1,0,,,,,,,,,,,19.720527172088623,0.002036659877800407,0.10285132382892057,1.2458302157656094,5.8430350075007205,1,,,,,,,,,435100,001,2025-07-15_10h27.01.014,Continuous_Psychophysics,2022.2.5,None,
1,0,1,0,,,,,,,,,,,19.733672857284546,0.002036659877800407,0.10285132382892057,1.3926242116945324,5.795068810676654,1,,,,,,,,,435100,001,2025-07-15_10h27.01.014,Continuous_Psychophysics,2022.2.5,None,
1,0,1,0,,,,,,,,,,,19.738116979599,0.002036659877800407,0.10285132382892057,1.246902896643371,5.825986846205415,1,,,,,,,,,435100,001,2025-07-15_10h27.01.014,Continuous_Psychophysics,2022.2.5,None,
1,0,1,0,,,,,,,,,,,19.75104784965515,0.002036659877800407,0.10285132382892057,0.8984002898121888,5.4844625548413175,1,,,,,,,,,435100,001,2025-07-15_10h27.01.014,Continuous_Psychophysics,2022.2.5,None,
1,0,1,0,,,,,,,,,,,19.755819082260132,0.002036659877800407,0.10285132382892057,0.8295937849602267,5.496787180410191,1,,,,,,,,,435100,001,2025-07-15_10h27.01.014,Continuous_Psychophysics,2022.2.5,None,
1,0,1,0,,,,,,,,,,,19.76808190345764,0.002036659877800407,0.10285132382892057,0.9406011006734775,5.725615674529697,1,,,,,,,,,435100,001,2025-07-15_10h27.01.014,Continuous_Psychophysics,2022.2.5,None,
1,0,1,0,,,,,,,,,,,19.7725989818573,0.002036659877800407,0.10285132382892057,0.5858444468439392,5.584821099886269,1,,,,,,,,,435100,001,2025-07-15_10h27.01.014,Continuous_Psychophysics,2022.2.5,None,
1,0,1,0,,,,,,,,,,,19.785383939743042,0.002036659877800407,0.10285132382892057,0.4211344424108071,5.676517172275959,1,,,,,,,,,435100,001,2025-07-15_10h27.01.014,Continuous_Psychophysics,2022.2.5,None,
1,0,1,0,,,,,,,,,,,19.790157079696655,0.002036659877800407,0.10285132382892057,0.3099919884669148,5.789780747799934,1,,,,,,,,,435100,001,2025-07-15_10h27.01.014,Continuous_Psychophysics,2022.2.5,None,
1,0,1,0,,,,,,,,,,,19.794409036636353,0.002036659877800407,0.10285132382892057,0.10091441646498397,5.789780747799934,1,,,,,,,,,435100,001,2025-07-15_10h27.01.014,Continuous_Psychophysics,2022.2.5,None,
1,0,1,0,,,,,,,,,,,19.807035207748413,0.002036659877800407,0.10285132382892057,-0.23477477545582956,5.800775509326243,1,,,,,,,,,435100,001,2025-07-15_10h27.01.014,Continuous_Psychophysics,2022.2.5,None,
1,0,1,0,,,,,,,,,,,19.81099009513855,0.002036659877800407,0.10285132382892057,0.13244844490300214,5.762875746580886,1,,,,,,,,,435100,001,2025-07-15_10h27.01.014,Continuous_Psychophysics,2022.2.5,None,
1,0,1,0,,,,,,,,,,,19.82419776916504,0.002036659877800407,0.10285132382892057,-0.41759876401797513,5.215585081625166,1,,,,,,,,,435100,001,2025-07-15_10h27.01.014,Continuous_Psychophysics,2022.2.5,None,
1,0,1,0,,,,,,,,,,,19.827749967575073,0.002036659877800407,0.10285132382892057,-0.2628979044731796,5.383303825876826,1,,,,,,,,,435100,001,2025-07-15_10h27.01.014,Continuous_Psychophysics,2022.2.5,None,
1,0,1,0,,,,,,,,,,,19.8414249420166,0.002036659877800407,0.10285132382892057,0.15817363771138343,5.289903319574801,1,,,,,,,,,435100,001,2025-07-15_10h27.01.014,Continuous_Psychophysics,2022.2.5,None,
1,0,1,0,,,,,,,,,,,19.846127033233643,0.002036659877800407,0.10285132382892057,0.4952045937637183,5.014875874855776,1,,,,,,,,,435100,001,2025-07-15_10h27.01.014,Continuous_Psychophysics,2022.2.5,None,
1,0,1,0,,,,,,,,,,,19.858561038970947,0.002036659877800407,0.10285132382892057,0.5815813149078035,4.686569069067595,1,,,,,,,,,435100,001,2025-07-15_10h27.01.014,Continuous_Psychophysics,2022.2.5,None,
1,0,1,0,,,,,,,,,,,19.863070964813232,0.002036659877800407,0.10285132382892057,0.4704952070492774,4.722584808670679,1,,,,,,,,,435100,001,2025-07-15_10h27.01.014,Continuous_Psychophysics,2022.2.5,None,
1,0,1,0,,,,,,,,,,,19.8759868144989,0.002036659877800407,0.10285132382892057,0.6314878138319577,4.804863431491461,1,,,,,,,,,435100,001,2025-07-15_10h27.01.014,Continuous_Psychophysics,2022.2.5,None,
1,0,1,0,,,,,,,,,,,19.880831956863403,0.002036659877800407,0.10285132382892057,0.683812413536233,4.952705685532344,1,,,,,,,,,435100,001,2025-07-15_10h27.01.014,Continuous_Psychophysics,2022.2.5,None,
1,0,1,0,,,,,,,,,,,19.88566493988037,0.002036659877800407,0.10285132382892057,0.5618661249819658,4.858095241944172,1,,,,,,,,,435100,001,2025-07-15_10h27.01.014,Continuous_Psychophysics,2022.2.5,None,
1,0,1,0,,,,,,,,,,,19.897505044937134,0.002036659877800407,0.10285132382892057,0.28380855083842016,5.218394269753429,1,,,,,,,,,435100,001,2025-07-15_10h27.01.014,Continuous_Psychophysics,2022.2.5,None,
1,0,1,0,,,,,,,,,,,19.902746200561523,0.002036659877800407,0.10285132382892057,0.4963782967484245,5.079545580122078,1,,,,,,,,,435100,001,2025-07-15_10h27.01.014,Continuous_Psychophysics,2022.2.5,None,
1,0,1,0,,,,,,,,,,,19.914825916290283,0.004073319755600814,0.1109979633401222,0.5988585612230385,5.081500308294328,1,,,,,,,,,435100,001,2025-07-15_10h27.01.014,Continuous_Psychophysics,2022.2.5,None,
1,0,1,0,,,,,,,,,,,19.919127941131592,0.004073319755600814,0.1109979633401222,0.3425694051836824,4.777879129338955,1,,,,,,,,,435100,001,2025-07-15_10h27.01.014,Continuous_Psychophysics,2022.2.5,None,
1,0,1,0,,,,,,,,,,,19.9320809841156,0.009164969450101833,0.12423625254582485,-0.15106621354533978,4.819633019939951,1,,,,,,,,,435100,001,2025-07-15_10h27.01.014,Continuous_Psychophysics,2022.2.5,None,
1,0,1,0,,,,,,,,,,,19.93558692932129,0.009164969450101833,0.12423625254582485,-0.28465261785608587,4.9480921246096825,1,,,,,,,,,435100,001,2025-07-15_10h27.01.014,Continuous_Psychophysics,2022.2.5,None,
1,0,1,0,,,,,,,,,,,19.949072122573853,0.016293279022403257,0.14358452138492872,-0.22474494721942945,4.702660562165508,1,,,,,,,,,435100,001,2025-07-15_10h27.01.014,Continuous_Psychophysics,2022.2.5,None,
1,0,1,0,,,,,,,,,,,19.953552961349487,0.016293279022403257,0.14358452138492872,-0.25629325632226174,5.304411814002427,1,,,,,,,,,435100,001,2025-07-15_10h27.01.014,Continuous_Psychophysics,2022.2.5,None,
1,0,1,0,,,,,,,,,,,19.966434001922607,0.024439918533604887,0.164969450101833,0.15996410252725224,5.312989758573588,1,,,,,,,,,435100,001,2025-07-15_10h27.01.014,Continuous_Psychophysics,2022.2.5,None,
1,0,1,0,,,,,,,,,,,19.97064185142517,0.024439918533604887,0.164969450101833,0.3569197887168615,5.531963026371289,1,,,,,,,,,435100,001,2025-07-15_10h27.01.014,Continuous_Psychophysics,2022.2.5,None,
1,0,1,0,,,,,,,,,,,19.983437061309814,0.0274949083503055,0.17820773930753564,-0.18688936290784164,5.782270191311676,1,,,,,,,,,435100,001,2025-07-15_10h27.01.014,Continuous_Psychophysics,2022.2.5,None,
1,0,1,0,,,,,,,,,,,19.987653017044067,0.0274949083503055,0.17820773930753564,-0.032972758356689974,5.863100499876355,1,54.96956595801748,19.988169957883656,,,,,,,435100,001,2025-07-15_10h27.01.014,Continuous_Psychophysics,2022.2.5,None,
1,0,1,0,,,,,,,,,,,,,,,,,,,[0.009164969450101833],[-0.009164969450101833],[1],[0],[0],[2.5759852500632405],435100,001,2025-07-15_10h27.01.014,Continuous_Psychophysics,2022.2.5,None,
